ชื่ออาหาร,วิธีทำ
ขนมผิง,"1 มาเตรียมส่วนประกอบกันก่อนเลยไปคะ

2
นำน้ำกะทิ +น้ำตาลทราย มาตั้งไฟให้น้ำตาลละลายนะคะ

3
แล้วเรามาคั่วแป้งมันให้สุกคะ

4
พอแป้งมันเย็นตัวแล้ว นำไข่แดงมานวดกับแป้งคะ นวดให้เข้ากันดี

5
ตามด้วยน้ำกะทิ ค่อยๆใส่ไปทีละนิด แล้วนวดๆๆๆๆคะ

6
พอนวดได้ที่แล้ว พักแป้ง 1 คืนนะคะ

7
พอครบ 1 คืน นำแป้งออกมานวดอีกรอบ แล้วปั้นเป็นก้อนเล็กๆ 8 
แล้วนำไปเรียงที่ถาดอบ ห่างกันประมาณ 1 นิ้ว อบไฟ 180 องศา ประมาณ 10-12 นาที เปิดพักลมบน-ล่าง

9
พออบขนมเสร็นเรียบร้อยแล้วนำไปอบควันเทียนอีก ประมาณ 1 วัน ก็รับประทานได้แล้ว"
ไข่หวานต้นหอมญี่ปุ่น,"ซอยต้นหอมญี่ปุ่นอินทรีย์ เป็นเส้นบาง ๆ เตรียมไว้
ตอกไข่ใส่ถ้วย ตีไข่ให้พอแตก ปรุงรสด้วยโชยุ มิริน และน้ำตาลทราย เติมน้ำสะอาด แล้วคนให้เข้ากันดี กรองไข่ผ่านกระชอนเพื่อให้ได้ไข่เนื้อเนียน จากนั้นใส่ aro ต้นหอมญี่ปุ่นอินทรีย์ ที่ซอยไว้ แล้วคนให้เข้ากัน ตั้งกระทะเทฟลอนโดยใช้ไฟอ่อน ๆ นำน้ำมันพืชเช็ดให้ทั่วกระทะ พอกระทะร้อน ยกกระทะขึ้นจากเตา จากนั้นตักไข่ใส่ลงไปพอให้ไข่เคลือบเป็นแผ่นบาง ๆ ทั่วกระทะ
เมื่อไข่เริ่มเซตตัวดีใช้พายปาดขอบด้านข้าง ค่อย ๆ ม้วนไข่หวานจนเกือบสุดขอบกระทะ จากนั้นใช้พายช่วยประคองไข่ม้วน ให้ถอยหลังมาจุดเริ่มต้น
เช็ดกระทะด้วยน้ำมันอีกครั้งให้กระทะสะอาด ตักไข่ใส่ลงไป รอไข่เซตตัวแล้วม้วนต่อจนจบ ทำซ้ำจนไข่หมดหรือได้ความหนาตามต้องการ
เมื่อไข่หวานได้ความหนาตามต้องการแล้ว ตะแคงกระทะไปมาให้ครบทุกด้านเพื่อจัดทรงให้เป็นชิ้นสี่เหลี่ยม และให้เนื้อไข่หวานแน่นดี 
หั่นไข่หวานต้นหอมญี่ปุ่นเป็นชิ้นพอดีคำ ใส่จานเสิร์ฟคู่กับ aro ต้นหอมญี่ปุ่นอินทรีย์ ซอยให้สวยงาม"
ข้าวไข่ข้นกุ้ง เนื้อนุ่มละมุนลิ้น,"1
นำไข่ตอกใส่ชาม แล้วตามด้วยนมสดพร่องมันเนย หรือจะเป็นนมสดแบบธรรมดาก็ได้ จากนั้นปรุงรสด้วยซีอิ๊วขาว
หากใครทานคลีนให้เปลี่ยนจากซีอิ๊วขาวเป็นเกลือแทนค่ะ

2
ใส่น้ำมันลงบนกระทะ ตั้งไฟให้กลาง จากนั้นเทไข่ที่เตรียมไว้ลงไป

3
ใช้ตะหลิวหรือช้อน ค่อยๆตะล่อมไข่เข้าไปตรงกลาง เพื่อให้เนื้อไข่ที่ยังไม่สุก ไหลออกมา

4
เมื่อไข่เริ่มสุก ให้ใส่กุ้งที่ลวกไว้แล้ว ลงไปบนไข่ กุ้งจะใส่ทั้งตัวหรือหั่นเป็นชิ้นเล็กๆก็ได้ค่ะ
เคล็ดลับ: ต้องคอยสังเกตอย่าให้ไข่สุกมากจนเกินไป ไม่เช่นนั้นจะกลายเป็นไข่เจียวแทนนะจ๊ะ ^^

5
นำไข่ข้นกุ้งโป๊ะลงไปบนข้าวสวยร้อนๆๆ พร้อมเสริฟ์แล้วค่ะ"
ข้าวไข่ข้นกิมจิเบคอนกรอบ,"ตอกไข่ใส่ในชามผสม เติมโคชูจังลงไป ตามด้วยน้ำมันหอย น้ำปลา และกิมจิ จากนั้นคนให้เข้ากัน พักไว้ นำเบคอนใส่ลงในกระทะ ตั้งไฟกลาง ทอดจนสุกกรอบ พักไว้
ในกระทะใบเดิม ทอดไข่ข้นในน้ำมันเบคอนจนได้ความสุกตามที่ต้องการ นำไข่ข้นวางบนข้าวสวย โรยด้วยเบคอน และต้นหอม พร้อมเสิร์ฟ"
ไข่พะโล้โบราณ สูตรไม่ง้อเครื่องยาจีน,"1
นำไข่ไก่มาล้างเปลือกให้สะอาด แล้วนำไปต้ม 10 นาที ให้ใส่เกลือลงไปด้วย 1 ช้อนจะได้ปอกง่าย

พอครบ 10 นาที เทน้ำออกแล้วนำไข่ไปแช่ทิ้งไว้ในน้ำเย็น

ไข่เย็นแล้วค่อยๆแกะเปลือกออก

เคล็ดลับ: ใช้ไข่เป็ดจะยิ่งอร่อย

2
เอาหมูสามชั้นมาล้างให้สะอาด หั่นชิ้นสี่เหลี่ยมลูกเต๋า ให้หนาหน่อย เพราะเวลาต้มแล้วจะหดลงอีก
3
เอาพริกไทย กระเทียม รากผักชี เอาไปตำรวมกัน

4
ตำจนละเอียดเป็นสามเกลอ

5
ตั้งกระทะหรือว่าหม้อสำหรับต้มก้อได้ค่ะ

ใส่น้ำมันลงไป พอน้ำมันร้อนให้เอาสามเกลอลงไปผัดให้หอมเลย

6
จากนั้นเติมน้ำตาลปีบลงไป ค่อยๆเติมก้อได้นะคะ ระวังจะหวาน ค่อยๆผัดใช้ไฟอ่อนจะเขี้ยวเป็นสีน้ำตาลสวยๆ

7
จากนั้นนำหมูสามชั้นที่หั่นเตรียมไว้ลงไปผัดจนหมูเริ่มสุก

8
ค่อยๆเติมนำลงไปให้ท้วมหมู จากนั้นเปิดไฟกลาง ต้มต่อ 1 ชม. ให้หมูนุ่ม

9
เติมไข่ลงไป ปรุงรสด้วยซีอิ้วขาว ผงปรุงรส ถ้าสียังไม่เข้ม เติมซี้อิ่วดำลงไปเล็กน้อย ต้มต่ออีกครึ่งชม. จากนั้นชิมรสตามชอบใจ"
พิซซ่าไข่ขาว,"ตั้งกระทะใส่น้ำมันพืช นำควินัวลงไปผัดสักครู่
จากนั้นใส่ เอโร่ ไข่ขาวเหลวพาสเจอร์ไรซ์แช่เย็น ลงกระทะ
รอจนไข่ขาวสุกเซ็ตตัวดี ปิดเตา แล้วยกขึ้น ทาซอสพิซซ่าให้ทั่วไข่ขาว เว้นตรงขอบไว้เล็กน้อย
โรยชีสมอสซาเรลล่าให้ทั่ว จากนั้นวางเห็ดแชมปิญอง พริกหวานสามสี และมะเขือเทศ
วางเชดด้าชีสตรงกลาง แล้วโรยมอสเซอเรลล่าชีสให้ทั่วอีกครั้ง วอร์มเตาอบที่อุณหภูมิ 180 องศาเซลเซียส แล้วนำพิซซ่าไข่ขาวเข้าอบทั้งกระทะเป็นเวลา 10 นาที
เมื่อชีสละลายขึ้นสีสวย นำออกจากเตาอบ วางใบโหระพา แล้วตัดชิ้นหั่นเสิร์ฟ "
ไข่ลูกเขย,"1
นำไข่เป็ดลงหม้อ ใส่น้ำพอท่วม ใส่เกลือนิดหน่อย เปิดไฟแรง
จับเวลาอีก 5 นาที

แล้วน้ำไข่มาแช่น้ำเย็นจัดๆทันทีอีก 10 นาที
2
นำไข่ที่แกะเปลือกออก ลงทอดด้วยไฟปานกลางประมาณ 1 นาที กลับไปมา ให้เหลืองดูน่ารับประทาน

หั่นไข่เป็น 2 ซีก จัดเรียงบนจาน
3
ทำน้ำราด

นำน้ำมันที่ทอดไข่ เหลือในกระทะสัก 1 ช้อนโต๊ะ

เปิดไฟอ่อนสุด นำน้ำตาลมะพร้าวลงกวนในน้ำมันก่อนสุด
ให้สีออกเข้มๆ แล้วใส่น้ำมะขามเปียกกับน้ำปลา ลงในกระทะ เปิดไฟอ่อนเคียวต่ออีก 10-12 นาที

*น้ำราดเริ่มเหนี่ยวนิดๆ นำมาราดไข่

โรยหน้าด้วยหอมเจียว ตามด้วยพริกทอด แต่หน้าด้วยผักชี
4
ทำน้ำราด การทำน้ำราดคือ เอาน้ำมันที่ทอดไข่ เหลือในกระทะสัก 3 ช้อนโต๊ะ เปิดไฟอ่อนสุด อย่าแรง นำน้ำตาลมะพร้าวลงกวนในน้ำมันก่อนสุด ให้สีออกเข้มๆ อย่าไหม้ แล้วเอาน้ำมะขามเปียกกับน้ำปลาดี ลงคนในกระทะ เปิดไฟอ่อนเคียวต่ออีก 10-12 นาที จนน้ำราดเริ่มเหนี่ยวนิดๆ นำมาราดไข่ แล้วเอาหอมเจียวโรย ตามด้วยพริกทอด แต่หน้าด้วยผักชี เป็นอันเสร็จ
5
เมนูไข่เปรี้ยวหวานโดนใจ กินได้ทั้งครอบครัว"
ไข่เจียวสามเกลอ,"สับไข่เค็มและไข่เยี่ยวม้าเตรียมไว้ ตอกไข่ไก่ใส่ชาม ใส่กุ้งสับและหมูสับ ตามด้วยไข่เค็ม ไข่เยี่ยวม้าที่สับแล้วลงไป
ปรุงรสด้วยน้ำปลาและผงปรุงรส ตั้งกระทะ ใส่น้ำมัน เมื่อน้ำมันร้อนก็ใส่ส่วนผสมลงไป
เจียวไข่จนสุก เสิร์ฟคู่กับข้าวสวยและซอสพริก "
ไข่แดงดองน้ำปลากวน,"1
ตั้งหม้อทำน้ำปลากวนใส่ส่วนผสม น้ำเปล่า น้ำปลาเมกาเชฟ น้ำตาลมะพร้าว น้ำตาลทราย เปิดไฟกลาง คนให้ส่วนผสมละลายให้หมด และตั้งให้เดือดสักครู่แล้วพักไว้ให้เย็น
2
ตอกไข่ ช้อนเอาแต่ไข่แดง ใส่ภาชนะที่มีฝาปิด เพื่อนำน้ำปลากวนที่เตรียมไว้มาเทใส่

3
เมื่อน้ำปลาหายร้อนแล้ว แนะนำให้เป็นอุณหภูมิห้องนะครับ เดี๋ยวไข่จะสุก นำน้ำปลาเทใส่ลงไปในภาชนะที่ใส่ไข่แดงเตรียมไว้

4
ปิดฝาแช่ตู้เย็นไว้ 1 คืน เช้ามานำมาเปิดฝาแล้วกลับด้านไข่เอาด้านที่ยังไม่โดนน้ำลง และแช่เย็นต่อไปอีกประมาณ 6 ชม.
5
ก็จะได้ไข่แดงดองน้ำปลากวน ทานพร้อมข้าวสวย และน้ำจิ้มซีฟู๊ด มันจะอร่อยมาก"
เบคอนคัพไข่ชีส,"วอร์มเตาอบที่อุณหภูมิที่ 180 องศาเซลเซียส เป็นเวลา 15 นาที
หั่นตัดแต่งเบคอนและตัดให้ความยาวพอดีกับพิมพ์อบ หั่นเบคอนในแนวข้างไม่ให้ขาดออกจากกัน
จัดเรียงเบคอนลงในพิมพ์อบให้สวยงาม ตอก ไข่ไก่ออร์แกนิค ตรา เอโร่ ใส่ลงไป ปรุงรสด้วยเกลือและพริกไทยเล็กน้อย
นำเข้าอบในพิมพ์เป็นเวลา 10-15 นาที จากนั้นโรยด้วยชีสมอซซาเรลล่า
จากนั้นใช้ไฟเบิร์นให้ชีสละลายให้สวยงาม นำออกจากเตาจัดใส่จาน แล้วโรยตกแต่งด้วยต้นหอมซอย พร้อมเสิร์ฟ"
ไข่เป็ดต้มยางมะตูม,"1
ล้างไข่เป็ดที่จะต้มให้สะอาด
2
ตั้งหม้อ กะปริมาณน้ำให้ท่วมไข่
3
ตั้งน้ำให้เดือดปุดๆใส่เกลือลงไป
4
พอน้ำเดือดใส่ไข่ลงไปจับเวลา 7
5
เตรียมน้ำเย็นใส่กะละมังไว้
6
ครบ7นาทีตักไข่ออกใส่กะละมังที่เตรียมน้ำเย็นไว้ ทุบๆเปลือกไข่ค่อยๆปอก ผ่าไข่ออกมาจะได้ไข่ต้มยางมะตูมเยิ้มๆ
เคล็ดลับ: หากตักไข่ออกมาใส่น้ำที่เตรียมไว้ยังร้อนอยู่ให้เปลี่ยนน้ำใหม่อีกทีจนไข่เย็นทั้งฟอง"
ไข่ต้มดองซีอิ๊ว,"ตั้งน้ำสะอาดให้เดือด จากนั้นนำไข่ไก่ลงไปต้ม จับเวลา 7 นาที
นำไข่ไก่ขึ้นมาน็อกในน้ำเย็นแล้วปอกเปลือก ตั้งน้ำสะอาดให้ร้อน นำซีอิ๊วญี่ปุ่น และมิรินใส่ลงไป
รอจนน้ำดองเดือด ตั้งพักไว้ให้เย็น แล้วนำไข่ต้มลงไปดอง
โรยด้วยพริกจินดาเขียวและแดงซอย กระเทียมซอย ดองไว้ประมาณ 3 ชั่วโมง นำไข่ดองมาจัดใส่ถ้วยเสิร์ฟ โรยด้วยงาขาวก่อนจัดเสิร์ฟ "
ไชโป๊วผัดไข่,"1
ล้างหัวไชโป๊วพอประมาณ เพื่อล้างความเค็มบางส่วน ผึ่งให้สะเด็ดน้ำ
2
ตั้งกระทะใส่น้ำมัน ใช้ไฟกลาง ๆ รอจนน้ำมันร้อนใส่กระเทียมลงไปเจียวให้หอม
3
ตามด้วยไชโป๊วลงไปผัดให้เข้ากัน ผัดจนไชโป๊วสุกพอง เปลี่ยนสีเล็กน้อย
4
ชิมไชโป๊ว...หากไม่หวานให้เติมน้ำตาลทรายลงไปเล็กน้อย และหากรสชาติยังเค็มไม่พอ ให้เหยาะซีอิ๊วขาวลงไป
5
จากนั้นตอกไข่ใส่ลงตรงกลาง รอให้ไข่สุก ค่อยกลับไข่อีกด้าน แล้วผัดไปมาจนไข่สุก...จัดใส่จานพร้อมรับประทานได้เลยค่ะ "
ข้าวผัดอเมริกันไข่ข้น,"หมักน่องไก่มาด้วยเกลือพริกไทย นวดให้เข้าเนื้อ
หั่นปลายไส้กรอกเป็นกากบาทเตรียมไว้
นำน่องไก่ที่หมักไว้มาคลุกกับแป้งทอดกรอบ เคาะเศษแป้งออกก่อนทอดเล็กน้อย
ทอดไก่และไส้กรอกไปให้สุกกรอบ แล้วนำขึ้นพักไว้ ตั้งกระทะ ใส่เนยจืด กระเทียม และหอมหัวใหญ่ลงไปผัดจนหอมหัวใหญ่เริ่มสุกใส
ใส่ข้าวหอมมะลิแช่เย็นลงไปผัด ใช้ตะหลิวบี้ ๆ กด ๆ ข้าวให้กระจายตัว ผัดให้เนยเคลือบเมล็ดข้าวทั่ว ๆ
ปรุงรสด้วย ซอสมะเขือเทศ ซีอิ๊วขาว น้ำตาลทราย เกลือ และพริกไทย ผัดให้ทุกอย่างเข้ากันดี
ใส่ผักสามสี และลูกเกด คลุกเคล้าให้เข้ากันแล้วยกขึ้นจากเตา ตอกไก่ใส่ชามผสม ปรุงรสด้วยเกลือ และพริกไทย ตีผสมให้เข้ากัน
จากนั้นใส่นมสดแล้วตีผสมอีกครั้ง
ตั้งกระทะใช้ไฟอ่อน ใส่เนยลงไป รอจนเนยละลาย
ใส่ส่วนผสมไข่ที่ตีไว้ลงไป คนอย่างสม่ำเสมอ คอยระวังอย่าให้ไฟแรงเกินไป
เมื่อรู้สึกว่าเนื้อไข่เริ่มเป็นครีม ให้รีบยกขึ้นจากเตาได้เลย
จัดเสิร์ฟ ข้าวผัด ของทอด และไข่ข้น วางให้สวยงาม"
ก๋วยเตี๋ยวคั่วไก่ แบบง่าย,"1
ก่อนอื่นเริ่มต้นด้วยการหมักไก่กันก่อน นำเนื้อไก่มาหั่นเป็นชิ้นพอดีคำหมักกับซีอิ๊วขาว พริกไทยลงไปแป้งมัน หมักทิ้งไว้ 1-2ชั่วโมง
เคล็ดลับ: (หรือถ้ามีเวลาหมักนานกว่านี้ก็ยิ่งดีเพื่อให้เครื่องปรุงซึมเข้าไปในเนื้อไก่)

2
มาดูส่วนผสมกันค่ะ มีไม่เยอะ สูตรนี้ทำให้เด็กๆทานเลยจะไม่ได้ใส่หมึกกรอบ กับตั้งฉ่าย
เคล็ดลับ: ถ้ามีหมึกกรอบ และตั้งฉ่ายมีก็สามารถใส่เพิ่มลงไปได้นะคะ

3
ตั้งกระทะใส่น้ำมัน พอน้ำมันร้อนใส่ไก่ที่หมักไว้ลงไปผัดให้สุก

4
จากนั้นก็ตอกไข่ใส่ลงไปยีไข่ผัดใหเข้ากันจนไข่สุก 

5
จากนั้นใส่เส้นใหญ่ลงไปผัด ปรุงรสด้วยซีอิ๊วขาว เกลือ น้ำตาลทราย และพริกไทยป่น ผัดคลุกเคล้าให้เข้ากัน

6
โรยด้วยต้นหอมซอย และผักซีตักใส่จานพร้อมเสริฟค่ะ"
ไข่เจียวทรงเครื่องซอสมันกุ้ง,"ตอกไข่ใส่ชามผสม ปรุงรสด้วย น้ำปลา และซอสปรุงรส ตีผสมให้เข้ากัน แบ่งไข่ออกมาเล็กน้อย ไว้ทำไข่กรอบโรยหน้า
ใส่เนื้อกุ้งสับลงในชามผสมไข่ คนให้เข้ากัน
ตั้งกระทะ ใส่น้ำมันเล็กน้อย เทไข่ลงไป คอยคนให้เนื้อไข่มีความครีมข้น ๆ
ตักไข่บริเวณรอบ ๆ มาวางลงตรงกลางเพื่อขึ้นรูปไข่ให้เป็นก้อน ทำซ้ำไปเรื่อย ๆ จนได้รูปทรงที่ต้องการ
ใส่น้ำมันเพิ่ม ให้พอสำหรับทอดไข่ทั้งก้อน ทอดจนได้สีเหลืองทองตามต้องการแล้วยกขึ้นพักไว้ ตั้งกระทะสำหรับทำน้ำราด ใส่น้ำมันเล็กน้อย แล้วใส่มันหัวกุ้งลงไปผัด ตามด้วยกุ้งสด
เมื่อกุ้งเริ่มสุกจึงเติมน้ำสต็อกไก่
ปรุงรสด้วย ซีอิ๊วขาว น้ำตาลทราย เมื่อเริ่มเดือดใส่ผักสามสีตามลงไป
ใส่แป้งข้าวโพดผสมน้ำ จากนั้นคนให้ตัวน้ำราดข้นหนืด ใส่ผงฟูลงในส่วนผสมไข่ที่แบ่งไว้ แล้วนำไปทอดให้ขึ้นฟูกรอบ
ราดน้ำราดที่ทำไว้ลงบนไข่เจียวก้อน ออนท็อปด้วยไข่กรอบ และโรยด้วยต้นหอมซอยปิดท้าย "
ไข่ดองน้ำปลาแบบง่ายกว่านี้ไม่มีอีกแล้ว,"1
ขั้นตอนแรก ตั้งไฟอ่อนใส่น้ำปลากับน้ำเปล่าที่เตรียมไว้ลงไปค่ะ

2
ขั้นตอนที่2 เติมน้ำตาลปี้บ แล้วคนให้น้ำตาลละลายเข้ากัน
เคล็ดลับ: คอยคนอยู่เรื่อยๆน้ำตาลจะละลายไวค่ะ

3
เพิ่มเติมรูปภาพขั้นตอน2ค่าา

4
ขั้นตอนที่3 น้ำตาลละลายเข้ากันแล้วพักไว้ให้เย็นค่ะ
เคล็ดลับ: น้ำตาลที่ละลายเข้ากับน้ำปลาจะมีสีเข้มขึ้นค่ะ

5
ขั้นตอนที่4 ตอกไข่ไก่สด เอาแต่ไข่แดงค่ะ

เพิ่มเติมสำคัญ ไข่ที่ใช้จะต้องเป็นไข่ปลอดเชื้อ salmonella นะคะ
เคล็ดลับ: ถ้าใช้มือจะสามารถเอาไข่ขาวออกได้หมดกว่าค่ะ

6
ขั้นตอนที่5 นำน้ำปลาที่พักไว้เย็นแล้วมา ตักไข่แดงใส่ลงไปค่ะ
เคล็ดลับ: ใส่ครบแล้วก็คนเล็กน้อย

7
ขั้นตอนที่6 ใส่พริกกับต้นหอมซอยลงไปค่ะ

8
ขั้นตอนสุดท้าย คนเล็กน้อยปิดฝาเข้าแช่ตู้เย็น 24 ชั่มโมง"
เทนชินฮัง,"ตั้งหม้อใบเล็กบนเตา ใช้ไฟกลาง ใส่เนยจืดลงไป รอจนเนยละลาย
ใส่โชยุ น้ำสต๊อกไก่ น้ำตาลทราย เกลือ พริกไทย น้ำส้มสายชูข้าว และน้ำมันงา ลงไปคนผสมให้เข้ากัน
เมื่อส่วนผสมเดือด เทแป้งมันละลายน้ำลงไป คนให้น้ำราดเริ่มข้นหนืด แล้วยกขึ้นพักไว้ นำปูอัดมาขูดด้วยส้อม เป็นเส้น ๆ เตรียมไว้
ตอกไข่ใส่ชามผสม ปรุงรสด้วย มายองเนส ซุปดาชิ เกลือ และพริกไทย ตีผสมให้เข้ากัน
ใส่ปูอัดฉีกลงไป คนให้เข้ากันดี
ตั้งกระทะ ใส่น้ำมันพืช ใช้ไฟกลาง ไม่ต้องรอจนกระทะร้อนจัด ใส่ไข่ที่ตีไว้ลงไป
ค่อย ๆ คนให้ไข่เป็นเนื้อครีมปรับเป็นไฟอ่อน ปิดฝาไว้สักครู่
เมื่อไข่เริ่มสุกเซตตัว ให้ยกขึ้นจากเตา
วางไข่ที่ทำไว้ลงเสิร์ฟบนข้าวญี่ปุ่น ราดด้วยน้ำราดที่เตรียมไว้
ตักถั่วลันเตาวางบนหน้า เพียงเท่านี้ก็พร้อมเสิร์ฟ"
แตงกวาผัดไข่,"ตั้งกระทะใส่น้ำมัน ตามด้วยกระะทียมเจียวจนเหลือง ใส่แตงกวาลงไปผัด เติมน้ำนิดหน่อย
2
ปรุงรสด้วย น้ำตาลทราย ผงปรุงรส น้ำมันหอย น้ำปลา ซีอิ้วปรุงรส และ พริกไทย ชิมรสตามชอบ
3
เปิดไฟแรง ตอกไข่ลงไป ค่อยๆ ขยี้ไข่ให้กระจาย ผัดจนไข่สุกทั่วดี ปิดแก๊ส ตักใส่จานพร้อมเสิร์ฟ"
ดอกมะลิผัดไข่,"สับกระเทียมให้พอหยาบ พักไว้
ตั้งกระทะเหล็กให้ร้อน ใส่น้ำมันแล้วร่อนให้ทั่วกระทะ ใส่กระเทียมลงไปผัด ตามด้วยไข่ ผัดให้ให้พอครีม ๆ ไม่ต้องสุกมาก ผัดให้เข้ากันแล้วตักใส่จาน ตกแต่งด้วยผักชีก็พร้อมเสิร์ฟ"
ปีกไก่ทอดน้ำปลา,"1
หมักปีกไก่ กับซีอิ้วขาว กับ น้ำปลา อย่างละ 2 ช้อน ทิ้งไว้ 2 ชั่วโมง

พอจะนำออกมาทอดให้ใส่แป้งทอดกรอบ ผสมกับน้ำเย็นคลุกๆให่เข้ากัน

2
ตั้งน้ำมันให้เดือด ปริมาณน้ำมันต้องเทให้ท้วมเนื้อไก่

3
ทอดไฟกลางถึงแรง"
ไก่ย่างจิ้มแจ่ว,"นำไก่ใส่ชามผสม ใส่สามเกลอลงไป ตามด้วยน้ำมันหอย ซีอิ๊วขาว และผงปรุงรส
คลุกเคล้าให้เข้ากัน หมักไว้ 30 นาที นำไก่ใส่ในหม้อทอด ทาน้ำมันลงบนหนังไก่ อบอุณภูมิ 165 องศาเซลเซียส 10 นาที
เมื่อครบเวลา ทาน้ำมันบนหนังไก่อีกครั้ง อบอุณภูมิ 165 องศาเซลเซียส 10 นาทีอีกครั้งหนึ่ง ครบเวลานำออกมาพักให้หนังกรอบ ในชามผสมใส่น้ำปลาและน้ำตาลปี๊บ คนให้ละลายเข้ากัน บีบมะนาวลงไป จากนั้นเติมพริกป่น หอมแดงและผักชีฝรั่ง คนจนเข้ากัน
หั่นไก่เป็นชิ้นตามชอบ เสิร์ฟพร้อมน้ำจิ้มแจ่วที่ทำเตรียมไว้ "
บาร์บีคิว สูตรทำขาย และทำกิน,"1 เตรียมส่วนผสม วัตถุดิบให้พร้อม
ล้างให้สะอาดก่อนทำ
เคล็ดลับ: ใช้วัตถุดิบที่มีคุณภาพยิ่งอร่อย พริกหยวกผ่าครึ่งและล้างเอาเม็ดออกให้สะอาดจะช่วยลดความเผ็ดและกินง่ายขึ้น สับปะรดใช้สับปะรดเนื้อสองจะไม่หวานและช่ำมากเนื้อจะแน่นเสียบง่าย

2
ผสมน้ำหมักตามส่วนผสมที่บอกทั้งหมดคนให้เข้ากันเทลงไปในเนื้อหมู .ไก่ . เนื้อ ตามต้องการ ในปริมาณ 4 กิโลกรัม หมักและนวดให้เข้ากัน หมักทิ้งไว้ในตู้เย็นอุณหภูมิเย็นจัด หมักข้ามวัน ไม่ต่ำกว่า 8 ชั่วโมง
เคล็ดลับ: ยิ่งหมักนานยิ่งนุ่มเข้าเนื้อ ผสมส่วนติดมันจะหอมเวลาย่าง ทำซอสทาจะประหยัดซอสมากกว่าถ้าทำขาย หมักให้ถึงเครื่องไม่ต้องใส่ซอสเยอะก็อร่อย

3
เวลาผ่านไปเสียบไม้ด้วยผักสามัญประจำบาร์บีคิว
เน้นประหยัดใช้ของถูก
สับปะรดเนื้อ2อมเปรี้ยวเนื้อแน่นหั่นง่ายเสียบง่าย
พริกหยวกพริกชี้ฟ้าแดงใหญ่หั่นและผ่าครึ่ง
ล้างและเอาเม็ดออกให้หมดเพื่อได้ไม่เผ็ดมาก
หอมใหญ่.มะเขือเทศ . ว่าไป
ใช้ไม้เบอร์ 9 กำลังสวย
เคล็ดลับ: เสียบขาย เน้นการหั่นให้เป็นสี่เหลี่ยมเต๋ากำลังสวย เนื้อไก่จะยุ่ยและเลยง่ายควรใช้ส่วนอกจะแน่นกว่า หั่นให้หนากว่าเนื้อหมู เนื้อหมูส่วนสะโพกจะถูกสุดค่อนข้างจะมีเนื้อเหนียวแต่ถ้าทำขายหมักนานๆรับรองนุ่มไม่แพ้กันแถมลดต้นทุน ผสมสันคอหรือส่วนมันเล็กน้อยไว้เสียบแซมๆได้ความหอม

4
ย่างด้วยไฟกลาง
ให้สุกหอมทีละหน้า ทาเนย ให้หอม โรยพริกไทย
มากน้อยตามชอบ ก่อนเอาขึ้นจากเตา
ทาซอสบาร์บีคิวให้ชุ่มช่ำ ทั้งสองด้าน
อร่อยเลยจ้า

5
ทำซอส 1ครั้ง สำหรับประมาณ 150 ไม้

กระเทียมหอมแดง 15 กลีบ โขลกให้ละเอียด
เนย 1 ช้อนโต๊ะพูนๆ
น้ำมันพืชเล็กน้อย
ซอสบาร์บีคิว 1 ถ้วยตวง
ซอสพริก 1 ถ้วยตวง
ซอสมะเขือเทศ 1 ถ้วยครึ่ง
น้ำเปล่า 1 ถ้วยตวง
น้ำตาลทราย 6 ช้อนโต๊ะ
เกลือ 2 - 3 ช้อน โต๊ะ บางๆ
พริกป่นละเอียด

ตั้งกะทะไฟอ่อน ใส่เนยและน้ำมันพืชลงไป
ละลายดีใส่กระเทียมลงไปคั่วให้หอมเหลือง
กลิ่นมาใส่ซอสสามอย่างรวมกัน
ใส่พริกไทย พริกป่น ลงไปคลุกเคล้าให้เดือดหนึ่งครั้ง ปิดไฟเสร็จเรื่องซอส
ที่ไม่ปรุงเพราะชมรสกลมกล่อมแล้วไม่ต้องปรุงไรเพิ่มเลยคะ
(ถ้าข้นไปก็ผสมน้ำปรุงรสเพิ่มเติมตามสะดวก)
เคล็ดลับ: ผสมให้ซอสเดือดและชิมรสชาติตามชอบ"
ปีกกลางไก่พาร์เมซานกระเทียม,"นำปีกกลางไก่ จากโลตัส มาทำความสะอาดเรียบร้อย
จากนั้นนำไปปรุงรสด้วยผงกระเทียม เกลือ และพริกไทย จากนั้นคลุกแป้งทอดกรอบ
นำปีกกลางไก่ลงทอดในน้ำมันให้สุกจากนั้นพักไว้ ละลายเนย ใส่กระเทียมสับ และชีสพาร์เมซาน เคล้าให้เข้ากัน
นำปีกกลางไ์ก่ที่ทอดไว้ ลงคลุกเคล้าให้เนยได้สัมผัสทุกชิ้นปีกไก่ทอด โรยด้วยพาร์เมซานชีส จากนั้นเสิร์ฟพร้อมเลมอนหั่นซักให้สวยงาม"
ขนมจีนน้ำยากะทิตีนไก่,"1.ต้มไก้
2.ตั้งเตานำกะทิตั้งไฟปานกลาง
3.ใส่พริกแกง และกระชายโคลกเขี้ยวให้แตกมัน
4.ใส่เครื่องปรุงที่ตักเตรียมไว้
-น้ำตาล 3 ช้อนโต๊ะ
-เกลือ 1 ช้อนโต๊ะ
-รสดี 1 ช้อนโต๊ะ
5.ใส่ไก่บด เขี้ยวให้สุก
6.เทน้ำสต๊อกไก่ที่พักไว้ลงในหม้อต้มจนเดือด
7.ใส่ลูกชิ้น/เลือด/ตีนไก่
8.โรดใบมะกรูดฉีก
9.พร้อมรับทานเจ้าค่ะ"
เคบับไก่,"เตรียมวัตถุดิบหมักไก่
นำผงยี่หร่า ผงลูกผักชี ผงกะหรี่ ผงปาปริก้า พริกไทยดำตำ ผงมาซาล่า กระเทียม และหอมหัวใหญ่ ใส่ในชามผสม คนให้เข้ากัน จากนั้นนำไปคลุกในเนื้อไก่ หมักทิ้งไว้ 1 ชั่วโมง
นำ โยเกิร์ต กระเทียม มายองเนส และพริกไทย ใส่ในเครื่องปั่น ปั่นให้เข้ากัน ทำซอสชีสและย่างไก่
ตั้งกระทะ ใส่เนยลงไป พอเนยละลาย ใส่แป้งข้าวโพด คนจนแป้งสุก จากนั้นทยอยใส่นมจืดลงไป ตามด้วยชีส คนให้เข้ากันดี
เมื่อหมักครบเวลาแล้ว นำไก่ปิ้งบนกระทะ เมื่อไก่สุก นำมาหั่นเป็นชิ้นตามชอบ ปิ้งแผ่นแป้งบนกระทะเล็กน้อย จากนั้นใส่ผักต่าง ๆ ลงไป ตามด้วยไก่และซอสต่าง ๆ ห่อปิดแป้ง พร้อมเสิร์ฟ"
แกงไก่เส้นร้อน(วุ้นเส้น),"1นำวุ้นเส้นแช่น้ำจนนิ่มหั่นเป็นท่อนยาวๆ 2.สับไก่เป็นชิ้นๆ ทั้งกระดูก. 3.ตำหัวหอมที่หั่น เกลือ ตะไคร้ซอย พริกขี้หนูแห้ง พริกขี้หนูสด ตักพักไว้ 4.นำหม้อตั้งไฟ นำเครื่องที่ตำลงผัดให้สุกหอม ตามด้วยไก่ ตะไคร้หั่นท่อน ใบมะกรูด ผัดให้เข้ากัน 5.เติมน้ำเปล่าหรือน้ำซุป เคี่ยวต่อให้ไก่สุก 6.ใส่วุ้นเส้น 7.ปรุงรสด้วยน้ำปลา ถ้ารสถูกปากแล้ว ใส่ต้นหอม ใบแมงลัก ปิดไฟ ยกลง
เคล็ดลับ: 1.สูตรนี้รสจะเผ็ดร้อน ในรูปยังแอบใส่พริกขี้หนูสวนเพิ่ม ถ้าไม่ทานเผ็ดมาก ใส่พริกแห้งแค่ 6 เม็ด พริกขี้หนูสดสีแดง 2 เม็ดพอ 2.ถ้าใครชอบปลาร้า ใส่น้ำปลาร้าก่อนใส่น้ำปลา จะแซ่บมาก แต่อาจจะต้องลดปริมาณน้ำปลาลง"
ไก่กรอบซอสน้ำปลาภูเขาไฟ,"หมักสะโพกไก่กับผงปรุงรส และน้ำปลา ให้พอมีกลิ่นรส
นวดเคล้าให้ส่วนผสมเข้าเนื้อ พักไว้ 20 นาที ทำซอส
ตั้งหม้อใส่ น้ำตาลมะพร้าว น้ำเปล่า และน้ำปลา
ใช้ไฟแรงจนน้ำเริ่มเดือด ปรับเป็นไฟอ่อน เคี่ยวจนตัวซอสเริ่มมีความหนืด จึงยกขึ้นพักไว้ ทอดไก่
ตั้งกระทะใส่น้ำมัน ใช้ไฟแรงจนน้ำมันอุณหภูมิ 170 องศาเซลเซียส
นำสะโพกไก่ที่หมักไว้มาคลุกกับแป้งทอดกรอบให้ทั่วชิ้น เคาะเศษแป้งส่วนเกินออก แล้วนำลงทอด
เมื่อนำไก่ลงทอดแล้ว ปรับเป็นไฟกลาง ทอดจนชิ้นไก่เหลืองทองสวยงาม ตักขึ้นสะเด็ดน้ำมัน
จัดเสิร์ฟไก่ทอดบนข้าวในถ้วย ซ้อนทับกันทั้ง 4 ชิ้น
จัดเสิร์ฟโดยราดซอสน้ำปลาที่ทำเตรียมไว้ (วางถ้วยเสิร์ฟบนจานสำหรับรองซอส) "
ซุปไก่อย่างง่าย,"1. ล้างน่องไก่ โดยการขยำน่องไก่กับเกลือ 1 ช้อนโต๊ะ มันฝรั่ง ปอกเปลือกหั่นเต๋าชิ้นหนา 1×1 นิ้ว
 แครอทปอกเปลือก หั่นชิ้นหนา 1.5 เซนติเมตร
 หอมหัวใหญ่ (หอมซุป) ปอกเปลือก ผ่าครึ่งตามยาว
 มะเขือเทศสีดา ล้างให้สะอาด พักไว้ ถ้าใช้มะเขือเทศท้อ ล้างให้สะอาด ผ่า 4 ส่วน

2
ตั้งน้ำ/น้ำซุป พอน้ำเริ่มเดือดใส่น่องไก่บน ลงในหม้อ ต้มด้วยไฟกลาง
เคล็ดลับ: ใส่ใก่ตอนน้ำยังไม่เดือด จะทำให้เลือดไก่ไม่ซึมออกมา น้ำซุปจะใส ไม่ขุ่น

3
ต้มไปสักพัก ให้หมั่นช้อนฟองและคราบไขมันออก
เคล็ดลับ: ถ้าไม่ช้อนฟองออก น้ำแกงจะมัน ไม่ใส่ ไม่น่ารับประทาน และจะทำให้น้ำแกงเสียง่าย

4
พอช้อนมันได้สักพัก ให้ใส่มันฝรั่ง

5
หลังจากต้มไปประมาณ 5 นาที ใส่แครอทตามลงไป

6
หลังจากต้มไปประมาณ 5 นาที ใส่หอมหัวใหญ่ลงไป

7
หลังต้มได้ 5 นาที ใส่มะเขือเทศลงไป

8
พอใส่มะเขือเทศลงไปแล้ว ให้ปิดฝาและลดไฟลงเหลือไฟอ่อน เคี่ยวต่อประมาณ 20-30 นาที

9
หลังจากเคี่ยวไปแล้วสัก 20 นาที ผักและไก่จะสุกนุ่มกำลังดี ตอนนี้ปรุงรสด้วยเกลือ ถ้าชอบรสเข้มข้นใส่ซอสปรุงรสหรือซีอิ้วขาว แต่ไม่ใช้น้ำปลา เพราะจะคาว
เคล็ดลับ: ถ้าใช้น้ำซุปก็ไม่ต้องปรุงรสมาก วิธีทำน้ำซุปมีดังนี้ โครงไก่ 2 โครง (ล้างเลือดและไขมันออกให้มากที่สุด) เกลือ 1-2 ช้อนโต๊ะ น้ำตาลกรวด 50 กรัม รากผักชี 4-5 ราก กระเทียมจีนบุบ 10 กลีบ พริกไทยเม็ด 2 ช้อนชา น้ำเปล่า 2 ลิตร วิธีทำ คือ ตั้งน้ำ 2 ลิตรในหม้อ และใส่โครงไก่ลงไปเลย และตามด้วยเครื่องปรุงทั้งหมดลงไป ปิดฝา เคี่ยวด้วยไฟกลาง 30 นาที เมื่อครบเวลา เปิดฝา ช้อนฟองและไขมันออก หรี่ไฟลง เผยอปากหม้อไว้ หมั่นช้อนฟองและไขมันจนหมด เคี่ยวต่อไปอีกประมาณ 1 ชั่วโมง จนผักและโครงไก่เละเปื่อย ปิดไฟ และกรองน้ำซุปด้วยผ้าขาวบาง พักไว้ให้เย็น ก็จะได้น้ำซุปมาตรฐานไว้ประกอบอาหารอื่นๆ

10
เมื่อทุกอย่างสุกเปื่อย ก็ตักเสิร์ฟได้เลย โรยหน้าด้วยใบคื่นไฉ่ โรยพริกไทย เสิร์ฟได้"
ตีนไก่ใต้น้ำ,"โขลกพริกจินดาแดงให้พอแหลก ตามด้วยข่า ตะไคร้ กระเทียม และหอมแดง โขลกจนส่วนผสมเข้ากันดี แล้วพักไว้
 นำตีนไก่เทใส่ลงหม้อ ตามด้วยเครื่องแกงที่โขลกไว้
ปรุงรสด้วยน้ำปลา ผงปรุงรส และน้ำปลาร้า 
นำขึ้นตั้งบนเตาถ่านใช้ไฟปานกลาง จากนั้นนำหม้ออีกใบ ใส่น้ำวางด้านบน ตุ๋นไปเรื่อย ๆ เมื่อตีนไก่เริ่มเปื่อย ใส่ใบมะกรูดลงไป ตามด้วยผักชีลาวและต้นหอม
รอจนทุกอย่างสุกดี ตักใส่จานเสิร์ฟ"
ปีกไก่ทอดไร้น้ำมัน,"1
หมักไก่ด้วย น้ำปลา เกลือ หมักทิ้งไว้ซัก1-2ช.ม. จะได้เข้าเนื้อ

2
นำปีกไก่ใส่ลงหม้อทอดลม ครั้งละ 5-6ชิ้น ความร้อนจะได้กระจายทั่วถึง ปรับความร้อนสูงสุด 200 และหมุนเวลา 18-20นาที พอผ่านไปซัก10นาที ดึงตะแกรงออกมาละเอาที่หนีบ พลิกไก่อีกด้าน ละก็ทอดด้วยหม้อลมต่อ

3
ทานเดี่ยวๆก็เค็มๆอร่อยดี หรือใครอยากจิ้มซอสก็ตามชอบค่ะ

4
อาจจะแห้งกว่าทอดปกติหน่อยค่ะ เพราะเครื่องนี้จะรีดน้ำมันจากเนื้อทุกชนิดออก แต่กรอบเหมือนเอาไปทอดเลยค่ะ"
ไก่กระวานผัดเผ็ด,"โขลกข่าให้แหลก จากนั้นโขลกตะไคร้ไปพร้อมเกลือ เพื่อไม่ให้น้ำกระเด็น
ตามด้วยโขลกผิวมะกรูด กระเทียมไทย พริกขี้หนูสวน และกะปิให้เข้ากัน หั่นหน่อกระวานแฉลบบาง ๆ เพื่อให้เคี้ยวง่าย แช่น้ำเตรียมไว้
แล้วสับไก่ให้เป็นชิ้นพอดีคำ ตั้งกระทะใส่น้ำมัน จากนั้นนำพริกแกงที่โขลกไว้ลงไปผัดให้หอม ใส่ไก่ลงไปผัด
เมื่อไก่เริ่มสุก ใส่กระวานลงไป ปรุงรสด้วยน้ำปลา เมื่อทุกอย่างเดือดดีใส่ใบมะกรูด และพริกชี้ฟ้าหั่นแฉลบ
ผัดให้ทุกอย่างสุกเข้ากัน จากนั้นจัดเสิร์ฟเคียงข้าวสวย "
ก๋วยเตี๋ยวคั่วไก่ แบบง่าย แต่อร่อย,"1
ก่อนอื่นเริ่มต้นด้วยการหมักไก่กันก่อน นำเนื้อไก่มาหั่นเป็นชิ้นพอดีคำหมักกับซีอิ๊วขาว พริกไทยลงไปแป้งมัน หมักทิ้งไว้ 1-2ชั่วโมง
เคล็ดลับ: (หรือถ้ามีเวลาหมักนานกว่านี้ก็ยิ่งดีเพื่อให้เครื่องปรุงซึมเข้าไปในเนื้อไก่)

2
มาดูส่วนผสมกันค่ะ มีไม่เยอะ สูตรนี้ทำให้เด็กๆทานเลยจะไม่ได้ใส่หมึกกรอบ กับตั้งฉ่าย
เคล็ดลับ: ถ้ามีหมึกกรอบ และตั้งฉ่ายมีก็สามารถใส่เพิ่มลงไปได้นะคะ

3
ตั้งกระทะใส่น้ำมัน พอน้ำมันร้อนใส่ไก่ที่หมักไว้ลงไปผัดให้สุก

4
จากนั้นก็ตอกไข่ใส่ลงไปยีไข่ผัดใหเข้ากันจนไข่สุก 

5
จากนั้นใส่เส้นใหญ่ลงไปผัด ปรุงรสด้วยซีอิ๊วขาว เกลือ น้ำตาลทราย และพริกไทยป่น ผัดคลุกเคล้าให้เข้ากัน

6
โรยด้วยต้นหอมซอย และผักซีตักใส่จานพร้อมเสริฟค่ะ"
ไก่ต้มหน่อกระวาน,"โขลกรากผักชีและพริกไทยให้เข้ากันพักไว้
ฝานหน่อกระวานเป็นแผ่นบาง ๆ และทุบตะไคร้และหอมแดงเตรียมไว้
จากนั้นสับไก่เป็นชิ้นรอลงต้ม ตั้งน้ำให้เดือด นำรากผักชีและพริกไทยที่โขลกไว้ลงไป ตามด้วยตะไคร้ หอมแดง และไก่ที่สับชิ้นไว้
จากนั้นปรุงรสด้วยน้ำตาลทรายและน้ำปลา ต้มจนไก่เริ่มนุ่ม เมื่อไก่นุ่มดี ใส่กระวานที่หั่นเตรียมไว้ รอจนน้ำเดือดอีกครั้งใส่ใบมะกรูด พริกขี้หนูบุบ ผักชีใบเลื่อย
จากนั้นปิดไฟบีบมะนาว เสิร์ฟร้อน"
พะโล้ไข่เป็ดต้มแซ่บ,"ตั้งน้ำสะอาดให้เดือด จากนั้นนำไข่เป็ดลงไปต้ม จับเวลา 7 นาที แล้วนำไข่เป็ดขึ้นน็อกในน้ำเย็น
ปอกเปลือกให้เรียบร้อย แล้วพักไว้ ตั้งกระทะใส่น้ำมันเล็กน้อย นำอบเชย โป๊ยกั๊ก และรากผักชีลงไปผัดให้หอม
ตามด้วยปีกบนไก่และปีกกลางไก่ลงไปผัดให้พอผิวตึง
ใส่น้ำตาลมะพร้าวลงไปเคี่ยว จนขึ้นสีเป็นสีน้ำตาลเข้มเกือบดำจึงค่อยเติมน้ำสะอาดลงไป
ปรุงรสด้วยเกลือและน้ำปลา เคี่ยวทิ้งไว้ประมาณ 30 นาที หรือจนไก่เปื่อยนิ่ม
ค่อยใส่ไข่เป็ดที่ต้มไว้ลงไป เคี่ยวต่ออีกประมาณ 15 นาที ปรุงรสน้ำแกงด้วยพริกขี้หนู พริกจินดาโขลก และปิดไฟเติมน้ำมะนาว
คนให้ส่วนผสมเข้ากัน ตักใส่ถ้วย ตกแต่งด้วยผักชีก่อนจัดเสิร์ฟ "
ผัดเผ็ดไก่บ้าน,"1
เตรียมส่วนผสมให้เรียบร้อย

2
ตั้งไฟใส่น้ำมันให้ร้อนใส่พริกแกงลงไปผัดให้ส่งกลิ่นหอม

3
ใส่ไก่บ้าน​ เติมน้ำเปล่า​ ปรุงรสด้วยน้ำปลา​ ซอส​ น้ำตาล​ ตั้งไฟไปเรื่อยจนไก่พอสุก

4
ไก่พอสุกแล้ว​ ใส่ใบมะกรูด​ ผัดให้เข้ากันสักพัก​ ใส่ใบกะเพราลงไป​ ผัดให้เข้ากันเป็นอันเสร็จใส่จานพร้อมทานจ้า

5
เสริฟ"
ไก่นึ่งเมือง,"โขลกพริกแกงตามความแห้งของวัตถุดิบ เริ่มจากนำพริกแห้ง และเกลือใส่ลงในครก
หลังจากนั่นค่อย ๆ โขลกทีละอย่างให้ละเอียดตามลำดับต่อไปนี้ ลูกผักชี ตะไคร้ ข่า ขมิ้น รากผักชีโขลก กระเทียม และหอมแดง
เมื่อเนื้อพริกแกงเริ่มละเอียดเข้ากันดี ปรุงรสด้วยกะปิ และน้ำปลาร้า ใช้สากบี้กะปิจนเข้าเนื้อกับเครื่องแกง
ซอยใบมะกรูด ใส่ลงไปในครก แล้วคลุกเคล้าให้เข้ากัน นำพริกแกงที่โขลกมาทาให้ทั่วตัวไก่บ้าน ทั้งข้างนอกและข้างใน ด้านในสามารถใส่เครื่องในไว้แล้วยัดเครื่องแกงเข้าไปได้ หมักพักไว้ 30 นาที
นำลังถึงใส่น้ำตั้งไฟ ใช่ลังถึงสามชั้น โดยชั้นกลางจะใส่ภาชนะสำหรับรองน้ำจากตัวไก่เอาไว้
ชั้นบนสุดรองพื้นด้วย ต้นตะไคร้บุบ ใบมะกรูด แล้ววางไก่ลงไป ปิดฝานึ่ง 45 นาที เมื่อครบเวลานำไก่ขึ้นจากลังถึง ตักพริกแกงที่ยัดในท้องไก่ออกมาใส่ถ้วย ใส่ผักชีซอย
ปรุงรสด้วยน้ำปลาเล็กน้อย แล้วตักน้ำนึ่งไก่ลงไปผสมให้พอขลุกขลิก เอาไว้เสิร์ฟเป็นน้ำจิ้ม
ส่วนน้ำนึ่งไก่ที่เหลือสามารถเอามาเสิร์ฟเป็นน้ำซุปได้อีกด้วย"
ข้าวต้มหมูสับ,"1
นำข้าวสวย(ข้าวเย็น)ใส่หม้อ เติมน้ำเปล่า พอท่วมข้าว ต้มให้ข้าวนิ่ม ถ้าชอบข้าวต้มเละๆ ก็ให้ต้มนานหน่อย ถ้าน้ำแห้งใส่น้ำเปล่าเพิ่มได้

2
ตำรากผักชี+กระเทียม+พริกไทย ให้ละเอียด

3
ใส่หมูสับลงคลุกเคล้าให้เข้ากัน ปรุงรสด้วยน้ำปลา 1 ช้อนโต๊ะ

4
นำน้ำเปล่าใส่หม้อตั้งไฟ ใส่คนอร์ซุปก้อนหมู ลงต้มให้ละลาย

5
นำหมูสับ มาปั้นเป็นก้อนกลมๆขนาดเท่าๆกัน ใส่ลงในหม้อน้ำซุป ต้มจนหมูสุก หมั่นช้อนฟองออก ชิมน้ำซุปถ้าชอบเค็มนิดๆ ใส่น้ำปลาหรือซีอิ้วขาว เพิ่มได้

6
ตักข้าวต้มที่ใส่ถ้วยที่จะรับประทาน"
โทสต์อะโวคาโดไข่ดาวน้ำ,"ใส่อะโวดาโดลงไปในชามผสม ใช้ส้อมบดอะโวคาโด
จากนั้นเติมมะเขือเทศสับ หอมแดงสับ ผักชีสับ น้ำเลมอน พริกไทย และเกลือลงไป คลุกให้เข้ากัน พักไว้ นำขนมปังมาทาเนย แล้วปิ้งบนกระทะ พักไว้
นำหม้อมาตั้งไฟ เมื่อน้ำเดือดแล้ว ให้คนเล็กน้อย จากนั้นค่อย ๆ ใส่ไข่ลงไป
เมื่อได้ความสุกที่ต้องการ ช้อนขึ้นมาพักไว้"
ข้าวต้มหมูสับ,"1
เทน้ำต้มสุกให้เดือด เเล้วใส่คนอร์ปรุงรสเเล้วใส่ข้าวสวย ต้มจนเปือย
2
ใส่หมูสับต้มจนสุก ปรุงรสด้วย น้ำตาล เเละ ซีอิ๋ว
3
เทใส่ถ้วยโรยต้นหอมเเละผักชี"
โจ๊กต้มยำทะเล,"ตั้งน้ำสะอาดให้เดือด ใส่เปลือกกุ้ง ข่า ตะไคร้ ใบมะกรูด พริกจินดาแดงลงไป 
เคี่ยวประมาณ 10 นาทีหรือจนปริมาณน้ำลดลง
โดยระหว่างเคี่ยวให้ทยอยช้อนฟองออก หลังจากนั้นช้อนทุกอย่างออกจากหม้อให้เหลือแต่น้ำซุป ปรุงรสน้ำซุปด้วยพริกเผา น้ำปลา และน้ำมะนาว แล้วพักไว้
นำข้าวสวยไปปั่นกับน้ำสะอาดให้พอแหลก แล้วนำมาใส่ในน้ำซุป
เคี่ยวให้ส่วนผสมทุกอย่างเข้ากัน ใส่หมึก และกุ้งลงในโจ๊ก เมื่อทุกอย่างสุกดี ตักใส่ถ้วยเสิร์ฟ
ตกแต่งให้สวยงามด้วยเครื่องสมุนไพรและผักชี "
โจ๊กหมู,"1
เริ่มจากหมักหมูเด้งกันก่อน มาดูส่วนผสมทั้งหมดกันค่ะ
เคล็ดลับ: หมูที่หมักสามารถนำไปทำเมนูอื่นได้อีก เช่น แกงจืด

2
นำส่วนผสมทุกอย่างมาคลุกเคล้ากับหมูสับ. จากนั้นนำหมูที่คลุกไว้ลงไปนวดในครกจนได้เนื้อหมูเด้งๆ หมักเก็บไว้ในตู้เย็น
เคล็ดลับ: ทำหมักไว้ตอนกลางคืน เช้าเอาออกมาทำ

3
เตรียมส่วนผสมและเครื่องปรุงในการทำโจ๊ก
เคล็ดลับ: ใช้ข้าวหอมมะลิ และข้าวเหนียวเอาไปปั่นให้พอละเอียดทำให้สุกง่าย เนื้อเนียน

4
ตั้งหม้อต้มน้ำให้เดือดใส่ข้าวหอมมะลิบดและข้าวเหนียวบดลงไปตุ๋น หมั่นคนๆบ่อยไม่งั้นข้าวจะไหม้ติดก้นหม้อ ใช้เวลาประมาณ 30นาที ตุ๋นจนข้าวสุกเนื้อเนียนปิดเตา

5
จากนั้นทำน้ำซุปต่อ ตั้งหม้อต้มน้ำ ใส่รากผักชีและเห็ดหอมลงไป รอให้เดือดใส่ขิงหั่นแว่น ปรุงรสด้วยซีอิ๊วขาวเห็ดหอม และคนอร์ซอสข้น รอให้เดือดอีกรอบ

6
ปั้นหมูเด้งเป็นก้อนๆพอดีคำ ใส่หมูเด้งลงไปต้มจนสุก
เคล็ดลับ: อย่าลืมช้อนฟองออกจะทำให้ได้น้ำซุปใส

7
ตักหมูเด้งออกให้เหลือแต่น้ำซุป. ตักข้าวที่ตุ๋นไว้ใส่กับน้ำซุปคนให้เข้ากัน

8
ตักใส่ชาม ตอกใข่ลวก โรยต้นหอมผักชี ขิงซอย หมูเด้งพร้อมจัดเสริฟอาหารเช้า อร่อยๆ"
เกี๊ยวน้ำสูตร มัดใจสามี,"1
รากผักชี กระเทียม พริกไทยเม็ดโขลกด้วยกันจนละเอียด
เคล็ดลับ: 3อย่างนี้โขลกรวมกันเรียกว่า สามเกลอ
2
นำสามเกลอที่โขลกรวมกัน ผสมกับหมูบด ปรุงรสด้วยซีอิ๊วขาว ซอสหอยนางรม ซอสฝาเขียว น้ำมันงา คลุกเคล้าให้เข้ากัน หมักไว้ 1ชม.
3
นำหมูบดที่หมักไว้ ออกมาห่อเกี๊ยว โดยใช้น้ำเปล่าเล็กน้อยแต้มตรงแป้งให้ติดกัน ส่วนวิธีการห่อตามใจชอบเลยค่ะ ส่วนเราชอบห่อแบบเกี๊ยวซ่า

4
ตั้งน้ำเปล่าให้เดือดใช้ไฟกลาง นำเกี๊ยวลงไปต้ม จนสุกลอยขึ้นมา ต้มต่ออีก3นาที ตักพักบนจาน คลุกน้ำมันงาเล็กน้อย
5
ทำน้ำซุป ตั้งน้ำให้เดือด ใส่กระเทียมบุบ รากผักชี พริกไทยเม็ดบุบ รสดีซุปก้อน ปรุงรสซอสฝาเขียว น้ำตาลทราย ชิมรสตามชอบ
เคล็ดลับ: น้ำซุปตรงนี้ถ้าใครมีเวลาต้มซุปกระดูกจะเข้มข้น และอร่อยไปอีกแบบค่ะ
6
จัดจานใส่เกี๊ยวลวกไปลง เติมน้ำซุป โรยคื่นฉ่ายซอย พริกไทยป่น เป็นอันเรียบร้อยค่ะ"
ชุดอาหารเช้า,"ทอดไข่ดาว ให้ได้ความสุกตามชอบ
ต้มไข่ลวก โดยนำไข่ไก่ลงไปต้มเป็นเวลา 5 นาที จากนั้นตักขึ้นน็อกในน้ำเย็น เพื่อหยุดความสุก ทอดไข่ขยี้โดยตอกไข่ใส่กระทะ จากนั้นนำทัพพีคนให้ไข่แดงแตก ปรุงรสด้วยซอสจิ้มและเหยาะ จากนั้นพักไว้ นำเบคอน ไส้กรอก และแฮมมาทอดให้สุก พักไว้
จัดวางไข่ดาวและไข่ขยี้ลงในชามเสิร์ฟ ตอกไข่ลวกลงในถ้วยเสิร์ฟ จากนั้นนำเบคอน ไส้กรอกและแฮมที่พักไว้"
ไข่คน Scrambled egg,"ตอกไข่ใส่ชามตีทิ้งไว้

2
ใส่เนยลงไปในหม้อ ใช้ไฟกลาง พอเนยละลายเล็กน้อยก็ใส่ไข่ลงไปได้เลย

3
ใช้พายคนตลอด และ หมั่นยกขึ้นลงระหว่าง พื้นที่เย็น และ ร้อน ทำไปเรื่อยๆ จนไข่เริ่มจับตัวเป็นก้อน
เคล็ดลับ: แนะนำใช้พายคนตลอดเพื่อไม่ให้ไข่ติดก้นหม้อ และ ยกสลับที่เย็นร้อน เพื่อไม่ให้ไข่ไหม้

4
พอไข่เริ่มจับตัวก็ได้ที่แล้วค่ะ นำไปทานกับขนมปัง หรือ ราดข้าว ใส่เนื้อที่ชอบลงไปก็ได้นะคะ โรยพริกไทยเกลือเล็กน้อยก็ทานได้แล้วค่ะ"
ไข่เบคอนซ่อนชีส,"ตอกไข่ใส่ถ้วยผสม ปรุงรสด้วยเกลือพริกไทย และตีให้เข้ากัน
เตรียมกระทะสำหรับทำไข่หวาน ตั้งไฟให้พอร้อน แล้วเทไข่ที่ตีไว้ลงไป
เมื่อไข่เริ่มสุก จึงค่อย ๆ ม้วนให้ไข่เริ่มเป็นทรง แล้วจึงใส่ไข่เพิ่มลงไป ทำไปเรื่อย ๆ จนไข่เริ่มฟูหนา จึงตักขึ้น
TIPS : ไม่จำเป็นต้องสวยเนียนกริ๊บแบบไข่หวานญี่ปุ่น เพราะเราจะเอาไปห่อเบคอนอีกทีหนึ่งอยู่ดี นำไข่ที่ทำไว้มาผ่าครึ่งตามแนวนอน แล้ววางด้วย ชีสมอสซาเรลลา และ ชีสเชดดาร์ เลือกใช้แบบเป็นแผ่นจะสะดวกมากกว่าแบบขูด
จัดเรียงเบคอนให้เป็นแนว เตรียมไว้สำหรับห่อ แล้วนำไข่ไส้ชีสมาห่อด้วยเบคอนให้ครบทั้งสองด้าน ตั้งกระทะ นำเจ้าไข่เบคอนซ่อนชีสที่เราห่อมาอย่างสวยลงไปจี่จนเบคอนให้สีสวยทุกด้าน
เมื่อจี่เบคอนจนสุกกรอบทุกด้านแล้ว นำขึ้นจากกระทะ ผ่าครึ่งพร้อมเสิร์ฟ
TIPS : ช่วงจี่บนกระทะให้หยิบจับอย่างเบามือ เนื่องจากเบคอนที่ยังไม่สุก จะสามารถหลุดออกจากชิ้นอาหารได้ง่าย ดังนั้นควรทำให้ด้านของเบคอนที่ถูกปล่อยลอยชายไว้สุกกรอบเสียก่อนเป็นอันดับแรก เพื่อป้องกันเบคอนหลุดออก"
เบอร์เกอร์หมูชุ่มฉ่ำ,"1
นำหัวหอมใหญ่สับเกือบละเอียดไปผัดกับเนยเค็ม ประมาณ1ช้อน ให้หอม

2
ใส่ซอสมะเขือเทศ กับผงโอริกาโน่ลงไป ผัดต่อให้ซอสเข้ากัน

3
นำหอมที่ผัดขึ้นพักให้เย็น

4
เมื่อหอมเย็นแล้ว ใส่หมูบด ซอสหอยนางรม ไข่แดง น้ำตาล พริกไทย

5
คลุกเคล้าส่วนผสมทั้งหมดให้เข้ากัน

6
นำหมูที่คลุกได้ที่ มาปั้นเป็นก้อน
เคล็ดลับ: ใส่พลาสติกแรป เป็นก้อนๆ ง่ายดีค่ะ

7
ถ้ายังไม่รับประทาน สามารถนำเข้าตู้เย็นแช่ฟรีซไว้ ได้ค่ะ

8
ถ้าจะกินแล้วก็นำหมูไส้เบอร์เกอร์ที่เตรียมไว้ มาทำให้สุก โดย ตั้งกระทะให้ร้อน ใส่น้ำมัน 1ช้อน แล้วใส่หมูลงไป
เคล็ดลับ: ให้เติมน้ำเปล่า หรือน้ำซุปลงไป ระหว่างรอให้หมูสุก หมูจะได้นุ่ม แต่ถ้าใครกลัวอ้วน ให้ใส่แต่น้ำเลยค่ะ ไม่ต้องใส่น้ำมัน

9
นำขนมปังเบอร์เกอร์ มาทาเนย แล้วนำไปจี่ในกระทะ

10
ระหว่างรอหมูสุก ก็นำหอมหั่นแว่น มาจี่ด้วย
เคล็ดลับ: จะได้น้ำจากหมู มาทำให้หอมอร่อยขึ้น

11
เมื่อหมูสุกแล้ว นำมาประกอบร่างเบอร์เกอร์

12
ทาซอสมายองเนส หรือซอสตามชอบ ที่ขนมปัง ใส่ผักสลัด หัวหอมแว่นที่จี่แล้ว มะเขือเทศแว่น หมู ชีสแผ่น ปิดด้วยฝาขนมปัง เสร็จแล้ว
เคล็ดลับ: ใครชอบซอสเยอะๆ สามารถใส่ได้เยอะๆเลยค่ะ

13
เสร็จแล้ว น่ารับประทานมาก
เคล็ดลับ: หรือสามารถ กินไส้เบอร์เกอร์เฉยๆได้ ถ้าไม่มีขนมปัง"
แซนด์วิชเนื้อย่างอะโวคาโด,"หมักเนื้อเสือร้องไห้
ผสมน้ำจิ้มยากินิคุโดยใส่ส่วนผสมของน้ำจิ้มทั้งหมดลงในหม้อแล้วยกขึ้นตั้งไฟให้เดือด  รอจนแอลกอฮอล์จากมิรินและสาเกระเหยออกหมด จากนั้นพักให้เย็นลงแล้วนำ ซูพรีมบีฟ เนื้อเสือร้องไห้ ลงไปหมักทิ้งไว้สักครู่หนึ่ง ย่างเนื้อยากินิคุบนกระทะให้พอสุกแล้วพักไว้
นำอะโวคาโดไปบด ปรุงรสด้วยเกลือเล็กน้อย ใส่น้ำมันมะกอกบนกระทะเล็กน้อย นำขนมปังลงไปปิ้ง
ทาอะโวคาโดบดลงบนขนมปัง แล้ววางเนื้อยากินิคุไว้ด้านบน แค่นี้ก็พร้อมเสิร์ฟ"
ผัดบวบใส่ไข่,"ขั้นตอนการเตรียมวัตถุดิบ
1. ใช้มีดปอกเปลือกบวบออก
ล้างด้วยน้ำสะอาด หั่นตามชอบ
2.กระเทียมบุบ และสับให้ละเอียด ขั้นตอนการปรุง
1.ตั้งกะทะใส่น้ำมัน พอร้อนใส่กระเทียมลงผัดให้หอม
2.ใส่บวบที่ล้าง สะเด็ดน้ำ ผัดเข้ากัน
3.จากนั้นเกลี่ยบวบออก ให้มีรูตรงกลางกะทะ ตอกไข่ลงไป คนให้ไข่ผสมกัน ทิ้งไว้ให้จับตัวเป็นก้อน จากนั้นผัดผสมกับบวบ เติมน้ำซุปหรือน้ำเปล่านิดหน่อย
4.ปรุงรสตามชอบ น้ำมันหอย ผงปรุงรส น้ำตาลนิดหน่อย ซีอิ้วขาว พอบวบสุกยกลงได้เลยจ้า"
แซนด์วิชสลัดไข่ต้มยางมะตูม,"ต้มไข่
Tips : วิธีต้มไข่ต้มยางมะตูม 

- ล้างเปลือกให้สะอาด
- ต้มน้ำเดือด ใส่เกลือหรือน้ำส้มสายชู
- ใส่ไข่ลงไปตอนน้ำเดือด ให้ระดับน้ำสูงกว่าไข่
- จับเวลา 4-6 นาที

ตั้งน้ำให้เดือด นำ เดลิ เฟรช ไข่ไก่ออร์แกนิค ลงไปต้มเป็นเวลา 6 นาที
จากนั้นนำน็อกในน้ำเย็น ปอกเปลือกแล้วพักไว้ เตรียมส่วนผสมแซนด์วิช
นำเบคอนย่างในกระทะด้วยไฟอ่อน ให้ขึ้นสีหรือจนกรอบตามชอบแล้วพักไว้
นำเนยทาลงบนขนมปังให้ทั่วแผ่น แล้วลงย่างในกระทะให้ขึ้นสีแล้วพักไว้
ปอกแคร์รอตแล้วขูดให้เป็นเส้นสวยงาม สไลซ์มะเขือเทศเป็นชิ้นแล้วพักไว้
ผ่าครึ่งอะโวคาโด นำเม็ดออก คว้านเอาเฉพาะเนื้อออกมาหั่นเป็นชิ้นแล้วพักไว้ ประกอบแซนด์วิช
วางกระดาษไขลงบนเขียง ตามด้วยขนมปัง ทาสลัดครีมให้ทั่ว
วางผักคอส แคร์รอตขูดฝอย อะโวคาโด เบคอน ตามด้วยไข่ต้ม และมะเขือเทศ
ห่อด้วยกระดาษไขให้เป็นชิ้นสี่เหลี่ยม ผ่าครึ่งให้เห็นไข่ต้มยางมะตูม จากนั้นโรยเกลือและพริกไทย ก่อนจัดเสิร์ฟ "
ไข่ออมเล็ต,"1
ตอกไข่ ลงในอ่างผสม
ใส่นม และผงปรุงรส
เคล็ดลับ: ผงปรุงรสอะไรก็ได้ หมูหรือไก่ นมเลือกใช้นมสดหรือนมข้นจืด แต่ที่บ้านชอบใช้นมสด

2
ตีไข่ให้เข้ากันด้วยตะกร้อมือ จนเนื้อเนียน

3
หั่นโบโลน่า หัวหอม และมะเขือเทศให้เป็นสี่เหลี่ยมลูกเต๋า บ้านไหนเด็กไม่ชอบผัก หั่นละเอียดก็ได้ค่ะ
เคล็ดลับ: ใช้ไส้กรอก แฮม แทนโบโลน่าได้ค่ะ ถ้าเป็นแฮมจะอร่อยยิ่งขึ้น พอดีวันนั้นเหลือแต่โบโลน่า

4
เอาเนยใส่กระทะเล็กน้อย
ตักไข่ผสมลงในกระทะ 2กระบวย
เคล็ดลับ: เลือกกระทะเคลือบหรือ เทฟลอน และคอยเอาตะหลิวเขี่ยขอบๆ

5
ด้านล่างของไข่พอจับตัวก็ใส่เครื่องที่เตรียมไว้ ตะล่อมตบให้เป็นกลมๆรีๆ ตามทรงที่ต้องการ
เคล็ดลับ: มือใหม่ควรใช้ 2ตะหลิว

6
ตักใส่จาน กินคู่กับซอสมะเขือเทศหรือซอสพริกแล้วแต่คนชอบ กินกับขนมปัง 1แผ่น นมอีก 1แก้ว ไปโรงเรียนได้แล้วค่ะ"
คอนเฟลกคาราเมล,"1
เตรียมธัญพืชต่างที่อบสุกแล้ว+ผลไม้ต่างๆ พักไว้

2
เตรียมคอนเฟลกให้พร้อม

3
มาทำในส่วนของคาราเมลผสมทุกอย่างลงในหม้อ น้ำตาลทราย+เกลือป่น+วิปปิ้งครีมหรือนมสเ+น้ำผึ้ง+กลิ่นวนิลา ตั้งไฟให้เดือดจนฟองเล็ก จากนั้นใส่เนยสดตามลงไปเนยสด

4
ปิดเตา คนจนเนยละลาย คนส่วนผสมให้เข้ากันอีกครั้ง

5
นำคาราเมลที่เราทำไว้ใส่ลงในคอนเฟลกที่เราเตรียมคนเบาๆเพื่อไม่ให้คอนเฟลกแตก คนเคล้าจนคาราเมลซอสเกาะทั่วคอนเฟลก


6
นำคอนเฟลกคาราเมลเรียงใส่ถาดพร้อมเข้าอบ อย่าลืมวอมเตาอบที่ไฟ 150 -170 องศา เวลา 10 นาที

7
นำเข้าอบ 10 นาที
เคล็ดลับ: ความร้อนของเตาอบแต่ละบ้านไม่เท่ากันให้สังเกตุดูสีขอวตัวขนมด้วยนะคะ

8
จากนั้นนำออกมาคนเพื่อไม่ให้คอนเฟลกติดกันเป็นก้อน จากนั้นใส่ธัญพืชและผลไม้อบลงไปในคอนเฟลก คนเบาๆ เข้าอบต่ออีก 10 นาที หรือจะกว่าสีจะเข้มขึ้น และกรอบ

9
พักให้เย็นแล้วใส่กล่องปิดให้มิดชิดเก็บไว้ทานได้เป็นเดือน หลังกรอบอย่าปล่อยให้โดนอากาศนาน เดี๋ยวคอนเฟลกจะคลายความชื้น ความเหนียวจะเข้ามาแทนที่นะค่ะ"
แฮมห่อสลัดมันฝรั่ง,"ย่างแฮม
ย่างแฮมในกระทะให้ขึ้นลายสวยแล้วพักไว้
ต้มมันฝรั่งให้สุกแล้วบดให้ละเอียดจากนั้นพักไว้ ผสมมันฝรั่งบดเข้ากับแครอทหั่นเต๋า แตงกวาญี่ปุ่นหั่นเต๋า หอมใหญ่หั่นเต๋า ไข่ต้มสุก เกลือ พริกไทย และน้ำสลัดครีมให้เข้ากันเป็นเนื้อเดียว
 ตักสลัดมันฝรั่งใส่ในแฮม แล้ววางพาสเลย์ก่อนจัดเสิร์ฟ เพียงเท่านี้ก็เสร็จแล้ว"
กะเพราโบราณ เผ็ดนรกแตก,"1
ตำพริกแห้งกับตะไคร้ซอยด้วยกัน ตำจนละเอียดแล้วพักไว้

2
สับกระเทียมหยาบ ๆ ตั้งน้ำมัน

3
ใส่หมูสับ ผัดให้เข้ากัน ใส่เครื่องปรุง น้ำตาล ซีอิ๊วขาว ผัดจนเข้าที่ แล้วใส่ พริกแห้งกับตะไคร้ที่ตำไว้ ผัดจนหอม

4
ใส่ใบกะเพรา ตามด้วยซีอิ๊วดำเล็กน้อย ผัดจนเข้ากัน พร้อมเสิร์ฟ"
เส้นเล็กผัดกะเพรา,"เตรียมเส้นเล็ก
ตั้งน้ำในหม้อให้เดือด เติมน้ำมันเล็กน้อยเพื่อไม่ให้เส้นติดกัน ใส่เส้นเล็กลงลวกจนสุก เมื่อเส้นสุกแล้วนำขึ้นสะเด็ดน้ำ
ตั้งกระทะใส่น้ำมัน นำใบกะเพราครึ่งหนึ่งลงทอดให้กรอบ แล้วตักขึ้นพักไว้ ผัดกะเพรา
ผัดหมูสับและกุ้งให้สุก จากนั้นเติม เอโร่ ซอสผัดกะเพรา ลงไป ตามด้วยเส้นเล็กที่พักไว้ และใบกะเพราส่วนที่เหลือ เพิ่มสีสันด้วยพริกชี้ฟ้า ผัดทุกอย่างให้เข้ากันอีกครั้ง แล้วจัดใส่จานให้สวยงาม เสิร์ฟพร้อมใบกะเพราทอดกรอบ"
เส้นแก้วผัดสุกี้แห้ง,"หมักกุ้งและเนื้อหมู กับน้ำมันหอย พริกไทย ไข่ไก่ 1 ฟอง และน้ำจิ้มสุกี้สูตรกวางตุ้ง เป็นเวลาประมาณ 30 นาที ตั้งกระทะใส่น้ำมัน ผัดกระเทียมพอหอม แล้วตามด้วยเนื้อหมูและกุ้งที่หมักไว้
เมื่อเนื้อสัตว์สุกแล้ว ใส่ผักกาดขาว แคร์รอต และผักบุ้ง ผัดให้ผักพอสลด
จากนั้นใส่เส้นแก้วลงไป เติมน้ำซุปเล็กน้อย ปรุงรสด้วยน้ำจิ้มสุกี้สูตรกวางตุ้ง แล้วผัดให้เข้ากัน ตอกไข่ไก่ที่เหลือลงไป ผัดให้สุกอีกครั้ง จากนั้นจัดใส่จาน เสิร์ฟ"
สปาเก็ตตี้ขี้เมาทะเล,"1
ต้มเส้นสปาเก็ตตี้ ประมาณ 15 นาที หรือจนกว่าจะสุก

2
ใส่น้ำมันลงในกระทะ นำพริกกระเทียมลงไปผัดจนหอม

3
ใส่เนื้อหมู เนื้อกุ้ง และปลาหมึกลงไปผัดจนเกือบสุก
เคล็ดลับ: ใส่เนื้อหมูอันดับแรก ตามด้วยกุ้ง และปลาหมึก

4
ใส่ผักตามลงไป ผัดจนสุก

5
ใส่เส้นสปาเก็ตตี้ที่ต้มเตรีย

6
ใส่ใบกะเพรา
เคล็ดลับ: เร่งไฟแรง"
ข้าวมันไก่สามสหาย,"หุงข้าวมัน
ซาวข้าวให้สะอาดเตรียมไว้
ตั้งกระทะใส่น้ำมัน ผัดกระเทียม รากผักชี และขิงแก่ ให้มีกลิ่นหอม
จากนั้นตามด้วย เอโร่ ข้าวหอมมะลิเก่า 100% ที่ซาวไว้ ผัดให้เข้ากัน ให้กลิ่นหอมเคลือบทั่วเมล็ดข้าว
นำข้าวที่ผัดไว้ใส่ลงในหม้อหุงข้าว เติมน้ำซุปไก่ แล้วกดหุง ทำไก่สามสหาย
ทำไก่ต้ม โดยตั้งหม้อต้มน้ำ ตามด้วยรากผักชี กระเทียม เกลือ และเนื้อไก่ส่วนที่ 1 รอให้น้ำเดือดปรับเป็นไฟกลางค่อนไปทางอ่อน ต้มประมาณ 30 นาที
นำเนื้อไก่ส่วนที่ 2 และ 3 หมักกับสามเกลอ ซอสหอยนางรม ซอสปรุงรส และน้ำตาล พักไว้
สำหรับไก่ย่าง นำเนื้อไก่ส่วนที่ 2 เข้าเตาอบที่อุณหภูมิ 175 องศาเซลเซียส เป็นเวลา 25-30 นาที หรือจนกว่าไก่จะสุก
ทำไก่ทอด โดยผสมแป้งทอดกรอบกับน้ำสะอาด คนให้เข้ากัน จากนั้นนำเนื้อไก่ส่วนที่ 3 มาชุบแป้ง แล้วนำลงทอดจนสุกและมีสีเหลืองทอง ตักขึ้นพักไว้ จัดเสิร์ฟ
เมื่อข้าวสุกแล้วเคล้าข้าวมันในหม้ออีกครั้ง แล้วตักใส่จานเสิร์ฟ
นำเนื้อไก่ทั้ง 3 อย่างมาสับเป็นชิ้น จัดวางบนข้าวมัน ตกแต่งด้วยแตงกวาและผักชีให้สวยงาม เสิร์ฟพร้อมน้ำจิ้มข้าวมันไก่และน้ำจิ้มไก่ทอดตามชอบ"
ขนมจีนน้ำเงี้ยว,"1
เริ่มเคี่ยวกระดูกอ่อนและตีนไก่รอไว้ก่อนกว่าจะเปื่อยหั่นของเสร็จพอดี

2
หั่นเลือดไก่เตรียมหมูบด

3
แช่ดอกงิ้วรอไว้ นานๆหน่อยสักชั่วโมงนึงเวลาต้มจะได้เปื่อยง่ายๆ

4
หั่นมะเขือเทศทั้งหมด ก่อนหั่นล้างให้สะอาด

5
เจียวกระเทียมเตรียมไว้

6
มาลงมือทำกันเลย น้ำพริกยี่ห้อนี้อร่อยดีครับ

7
นำพริกแกงมาผัดกับน้ำมันที่ได้จากการเจียวกระเทียม

8
ใส่มะเขือเทศลงไปผัดกับพริกแกงให้ยุบ

9
เมื่อมะเขือเทศสุกแล้ว

10
เทลงในหม้อที่เคี่ยวกระดูก

11
ตามด้วยหมูบดและเลือดไก่

12
ใส่กะปิลงไปเลย ใช้แทนถั่วเน่าไม่ชอบกลิ่นถั่วเน่า

13
คนทุกอย่างให้ละลายเข้ากัน ปรุงรสตามชอบ ออกเค็มหวาน ปล่อยให้เดือด ลดไฟลงเคี่ยวไปเรื่อยๆ

14
ใส่ดอกงิ้วที่แช่น้ำลงไปเคี่ยวด้วยจะได้นิ่มอร่อย

15
ชิมอีกครั้ง ตามชอบ เราชอบออกหวานนิดๆเปรี้ยวนิดๆ เค็มตาม

16
เเค่นี้ก้อเสร็จพร้อมรัปทาน หรี่ไฟอ่อนเคี่ยวไปเรื่อยๆ

17
เตรียมขนมจีน ตักราด โรยด้วยเครื่องเคียงต่างๆ"
ข้าวหน้าไก่ราชวงศ์,"หมักไก่และหุงข้าว
หั่นอกไก่เป็นชิ้นขนาดพอดีคำ จากนั้นนำไปหมักกับซีอิ๊วขาว ซีอิ๊วดำหวาน พริกไทยป่น และแป้งข้าวโพด พักไว้ 15 นาที
ซาว เอโร่ ข้าวหอมปทุมธานี ให้สะอาด จากนั้นใส่น้ำ1.3-1.5 ส่วน ต่อข้าว 1 ส่วน และนำไปหุงให้สุก ทำหน้าไก่
ตั้งกระทะใบใหญ่ใส่น้ำมันพืชและน้ำมันงา ใส่ไก่ที่หมักไว้ลงผัดด้วยไฟกลางจนสุกดี ใส่น้ำสต๊อก พอเดือด คอยช้อนฟองออกให้น้ำใส
ปรุงรสด้วยซีอิ๊วขาว ซอสปรุงรส และน้ำตาลทราย เคี่ยวไฟกลางเป็นเวลา 25 นาที
ละลายแป้งข้าวโพดกับน้ำสะอาด ค่อย ๆ เทใส่ลงไป คนเร็ว ๆ ให้แป้งไม่จับตัวเป็นก้อน แล้วเคี่ยวจนน้ำข้นและใสดี ตักเสิร์ฟหน้าไก่กับ เอโร่ ข้าวหอมปทุมธานี ที่หุงไว้ เคียงด้วยพริกชี้ฟ้าเขียวหั่นแว่นและผักชี "
หอยลายผัดน้ำพริกเผา,"1
ก่อนอื่นจะต้องล้างหอย หรือแช่น้ำก็ได้ค่ะ ให้คายขี้โคลนออกมา ล้างหลายๆน้ำเลยค่ะ
2
หลังจากนั้นต้มน้ำให้เดือด แล้วใส่หอยลงไป(สะดุ้ง) ไม่ต้องสุกมาก

3
ผัดพริกกับกระเทียมให้หอม

4
ใส่น้ำพริกเผาทั้ง 2 แบบลงไปค่ะ

5
ผัดน้ำพริกเผา พร้อมใส่น้ำมันหอย น้ำตาล น้ำปลาลงไปค่ะ ใส่น้ำลงไปนิดหน่อย
เคล็ดลับ: ไม่ต้องใส่น้ำตาลเยอะ เพราะน้ำพริกเผาส่วนใหญ่หวานอยู่แล้ว

6
ใส่หอยลงไปผัดให้เข้ากัน จนฝาเป็นสีส้มคือสุก แล้วใส่ใบโหระพาลงไปค่ะ

7
ผัดให้เข้ากัน ปิดไฟได้เลยค่ะ

8
อาจจะประยุกต์โดยต้มเส้นสปาเกตตี้ แล้วเอามาคลุกแบบเราก็ได้จ้า"
ข้าวอบกุนเชียง,"หั่นเห็ดหอมให้เป็นเส้น ตามด้วยแคร์รอตหั่นเป็นเต๋า และสุดท้ายตามด้วยคะน้า
ซาว เอโร่ ข้าวหอมประมาณ 1-2 รอบ จากนั้นพักไว้ กดปุ่มหม้อหุงข้าว แล้วนำกุนเชียงลงผัดกับน้ำมันให้พอขึ้นสี ตามด้วยเห็ดหอม แคร์รอตและแปะก๊วย
ปรุงรสด้วยเครื่องปรุง เคล้าให้เข้ากันดี
ใส่ข้าวที่เตรียมไว้ และน้ำ คนเบา ๆ ให้เข้ากัน จากนั้นปิดฝาและรอให้ข้าวสุก เมื่อข้าวสุกดีแล้ว นำคะน้าที่หั่นไว้มาเคล้าในหม้อ พักไว้ประมาณ 3 นาที จากนั้นตักเสิร์ฟให้สวยงาม"
มาม่าผัดไข่,"1
ต้มเส้นมาม่าจนสุก นำขึ้นมาพักไว้เตรียมผัด

2
ตั้งกระทะใส่น้ำมันเล็กน้อย รอให้เดือด นำกะหล่ำปลีลงไปผัด แล้วตอกไข่ตามลงไป ผัดให้เข้ากัน

3
เมื่อไข่ใกล้สุก นำเส้นมาม่าลงไปผัดให้เข้ากัน ปรุงรสด้วยน้ำมันหอย รสดี น้ำตาลเล็กน้อย

4
ชิมและปรุงรสตามชอบอีกครั้ง แล้วตักใส่จานพร้อมทานได้เลยจ้า"
เส้นหมี่ไก่ฉีกคั่วกระเทียมพริกไทย,"ตั้งหม้อใส่น้ำให้เดือด ใส่อกไก่ รากผักชี และกระเทียม ปรุงรสด้วยเกลือเล็กน้อย ต้มประมาณ 30 นาที หรือจนอกไก่สุก เมื่อสุกแล้ว นำอกไก่แช่ในน้ำเย็น จากนั้นฉีกให้เป็นเส้น
Tips :

นำไก่ลงต้มในหม้อพร้อมกับกระเทียมและรากผักชี เพื่อเนื้อไก่นุ่มและลดกลิ่นของเนื้อไก่
เมื่อนำไก่ลงต้มหรี่ไฟเป็นไฟอ่อน เพื่อไม่ให้เนื้อไก่แข็งกระด้าง ปรุงรสน้ำปรุงคลุกเส้นหมี่
ผสมซีอิ๊วขาว ซอสหอยนางรม ซอสปรุงรส และน้ำตาลในชามผสม คนจนทุกอย่างละลายเข้ากันดี
ลวกเส้นหมี่ในน้ำซุปไก่ เมื่อเส้นหมี่สุกแล้ว นำมาคลุกกับน้ำปรุงรสที่เตรียมไว้ ตั้งกระทะใส่น้ำมันเล็กน้อย ผัดกระเทียมและรากผักชีโขลกพอหอม ใส่เนื้อไก่ฉีกลงคั่วในกระทะ จากนั้นปรุงรสด้วยพริกไทย
จัดเส้นหมี่ที่คลุกซอสไว้ลงในจานเสิร์ฟ ตามด้วยไก่ฉีกคั่วกระเทียมพริกไทย แล้วโรยหน้าด้วยกระเทียมเจียวและน้ำพริกกากหมูตามชอบ "
ผัดไทย (มีสูตรน้ำซอส),"1
(วิธีทำซอสผัดไทย)
ตั้งกะทะไฟกลาง ใส่ น้ำมันพืช + กระเทียม + หอมแดง

2
ตามด้วย ซอสพริก + ซอสมะเขือเทศ คะ

3
และ น้ำตาลปี๊บ + น้ำมะขะขามเปียก + เกลือ คะ เคี่ยวให้ทุกอย่างเข้ากันดี
ออกข้นเล็กน้อย พักไว้คะ

4
ผัดเส้นผัดไทยต่อนะคะ
ใส่กระเทียม + หอมแดง + หัวไซโป้ว
ผัดให้หอมคะ

5
ตามด้วย กุ้งแห้ง + เต้าหู้แข็ง

6
และ เส้นเล็ก และซอสผัดไทยที่ปรุงไว้นะคะ

7
ตามด้วย ไข่ไก่ ผัดให้แห้งเล็กน้อย

8
ท้ายสุดใส่ผัก ถั่วงอก และ กุ๋ยช่าย
ผัดพอเข้ากัน ปิดไฟ

9
จัดเสริฟกับมะนาว และ พริกป่น"
ข้าวผัดแซลมอน,"หุงข้าวญี่ปุ่นโดยนำไปซาวให้สะอาด แช่ข้าวไว้ 30 นาที (อัตราส่วน ข้าว : น้ำ = 1 : 1.2)
เมื่อครบเวลานำไปหุงในหม้อหุงข้าวให้สุก จากนั้นปล่อยให้ข้าวระอุเป็นเวลา 15 นาที
นำข้าวที่หุงเสร็จแล้วไปผึ่งลมพักไว้ให้ข้าวเย็นตัวลง นำชิ้นแซลมอนมาปรุงรสด้วยเกลือและพริกไทยดำ แล้วนำไปย่างให้สุกเตรียมไว้ ตอกไข่ใส่ชาม ตีให้เข้ากัน พักไว้
ใส่น้ำมันผัดกระเทียมจนหอม จากนั้นใส่แคร์รอตลงผัดให้เข้ากัน แล้วตามด้วยแซลมอนที่ย่างไว้ 1 ชิ้น ผัดและยีเนื้อแซลมอนให้เป็นชิ้นเล็ก ๆ แล้วเว้นที่ตรงกลางกระทะ ใส่ไข่ไก่ที่ตีไว้ลงไป ผัดให้เข้ากันและไข่สุก
ใส่ เอโร่ ข้าวญี่ปุ่นพันธุ์ซาซานิชิกิ ที่หุงไว้ตามลงไป ผัดให้เข้ากันดี แล้วตามด้วยต้นหอมซอย ปรุงรสด้วยโชยุและพริกไทยดำ ผัดให้ทั่ว
ตักข้าวผัดแซลมอนใส่ชามเสิร์ฟ ท็อปด้วยแซลมอนย่างอีกชิ้น โรยตกแต่งด้วยต้นหอมซอย เสิร์ฟร้อน ๆ "
ข้าวหน้าหมูกระทะ,"ซาวข้าวและหุงข้าวเตรียมไว้
ลวกผักในชุดหมูกระทะ เช่นกะหล่ำปลี แคร์รอต ผักบุ้งจีน หรือข้าวโพด ให้สุกตามชอบ ย่างชุดรวมหมูกระทะ (แช่แข็ง) ทาด้วยน้ำจิ้มหมูกระทะระหว่างย่าง จนสุก
นำหมูที่ย่างเรียบร้อยแล้วมาทาด้วยน้ำจิ้มหมูกระทะอีกครั้ง ตักข้าวใส่ชามเสิร์ฟ จัดวางหมูกระทะที่ย่างไว้ลงบนข้าวสวย ตกแต่งแซมด้วยผักที่เตรียมไว้ ท็อปด้วยไข่แดง พร้อมเสิร์ฟ"
ผักบุ้งผัดน้ำมันหอย,"1
เตรียมวัถุดิบ ล้างผักบุ้งหั่นเป็นท่อน ทุบพริกกระเทียมแบบหยาบๆ เตรียมเครื่องปรุงรส

2
ตั้งกระทะให้ร้อนใส่น้ำมันเล็กน้อย นำพริกกระเทียมลงผัดจนเหลืองหอม จากนั้นใส่ผักบุ้งลงผัดพร้อมเต้าเจี้ยว

3
พอผักบุ้งเริ่มสลดใส่เครื่องปรุงรส น้ำมันหอยและน้ำตาล
เคล็ดลับ: ใช้ไฟแรง

4
พอเดือดปิดไฟตักขึ้นใส่จาน ไม่ควรผัดนานเพราะผักบุ้งจะไม่กรอบค่ะ"
ข้าวมันกุ้ง,"วิธีทำข้าวมัน
ตั้งกระทะใส่น้ำมันพืชพอร้อน ใส่กระเทียม ขิง รากผักชี ตามด้วยหัวกุ้ง ลงผัดพอหอม
ใส่ ข้าวลงผัดพอเข้ากัน ปรุงรสด้วยซีอิ๊วขาว เกลือป่น พริกไทยป่น ผัดให้เข้ากันยกลง เทลงในหม้อหุงข้าว เติมน้ำซุปไก่คนพอเข้ากัน ปิดฝาแล้วกดหุง
เมื่อข้าวใกล้สุกเรียงกุ้งสดบนข้าว ปิดฝาหุงต่อจนกุ้งสุก ตักใส่ภาชนะ ตกแต่งด้วยผักชี จัดเสิร์ฟพร้อมน้ำจิ้มซีฟู้ด"
คอหมูย่าง น้ำจิ้มแจ่ว,"นำสันคอหมูมาจิ้มด้วยส้อมให้ทั่ว แล้วหมักด้วยน้ำมันงา น้ำมันหอย ซีอิ้วขาว น้ำตาลทราย ผงปรุงรส และรากผักชี, เมล็ดพริกไทยดำ, กระเทียมที่ตำละเอียด
เคล็ดลับ: หมักทิ้งไว้ในตู้เย็น 1/2-1ชม.

หลังจากหมักสันคอหมูแล้ว นำมาย่างด้วยไฟอ่อนจนสุกตามใจชอบ แล้วหั่นเป็นชิ้นพอดีคำ

#ทำน้ำจิ้มแจ่ว
- นำน้ำมะขามเปียก น้ำตาลปี๊บ และน้ำปลามาผสมให้เข้ากัน ละลายจนเป็นเนื้อเดียว

- นำพริกป่น ข้าวคั่ว หอมแดงซอย ผักชีใบเลื่อยซอย และต้นหอมซอยมาผสมกับส่วนผสมน้ำข้างต้น
เคล็ดลับ: ชิมรสเพิ่มเติมตามชอบ"
ข้าวคลุกพริกเกลือ,"หุง ข้าว เตรียมไว้
ทำพริกเกลือโดยโขลกกระเทียมและพริกขี้หนู เข้าด้วยกันพอหยาบ ใส่เกลือสมุทรโขลกต่อพอเข้ากัน จากนั้นใส่น้ำปลา น้ำตาลปี๊บ และน้ำมะนาว คนให้เข้ากันดี
 ตั้งหม้อบนไฟกลาง ใส่น้ำให้พอเดือด ใส่กุ้ง ปลาหมึก และปลากะพงลงลวกพอสุก ตักขึ้น ใส่จานพักไว้ นำข้าวสวยร้อน ๆ ใส่ชามผสม ใส่น้ำจิ้มพริกเกลือที่ทำไว้ 2 ช้อนโต๊ะ คลุกให้เข้ากัน
จัดข้าวสวยที่คลุกไว้ใส่จาน ตามด้วยอาหารทะเลลวก ตกแต่งด้วยผักชี และกระเทียมเจียวเสิร์ฟพร้อมกับน้ำจิ้มพริกเกลือ "
กุ้งอบวุ้นเส้น,"1ผสมเครื่องปรุงรสโดยใส่ น้ำตาลทราย,ซีอิ๊วดำ ,ซอสหอยนางรม,ซีอิ๊วขาว,น้ำซุป ผสมให้เข้ากัน

2
นำกุ้งลงไปแช่ในน้ำเครื่องปรุง แล้วตักขึ้นมาวางพักไว้

3
จากนั้นก็นำวุ้นเส้น(ที่แช่น้ำ) ลงไปคลุกกับส่วนผสม

4
นำกระทะมาตั้งไฟอ่อนๆ ผัดเบคอน ขิงแก่ กระเทียม พริกไทยดำ

5
ใส่วุ้นเส้นลงไปในกระทะ ตามด้วยกุ้งและคื่นช่าย ต้นหอม โรยพริกไทยขาว

6
ปิดฝากระทะอบ อบด้วยไฟอ่อน 5 นาที

7
เสร็จแล้วก็ยกลงมาจากเตา เสิร์ฟทั้งกระทะ หรือจะตักใส่จานเสริฟก็ได้ค่ะ *ตามสะดวก

8
กุ้งอบวุ้นเส้น (กุ้งก้ามกรามอบวุ้นเส้น)

9
กุ้งอบวุ้นเส้น (กุ้งก้ามกรามอบวุ้นเส้น)"
ข้าวอบเบคอน,"นำเบคอนมาเจียวให้เริ่มเกรียมตรงขอบ แล้วแบ่งเบคอนออกมาครึ่งหนึ่ง
เจียวส่วนที่เหลือต่อจนกรอบ ตักขึ้นเตรียมไว้สำหรับโรยหน้า ซาว ข้าวแล้วสะเด็ดน้ำ เตรียมไว้
นำน้ำมันเบคอนในกระทะออกครึ่งนึง แล้วใส่กระเทียมสับ ผัดให้สีเหลืองสวย
ใส่เบคอนที่แยกไว้ลงไป ผัดให้เข้ากัน
ใส่ ข้าวที่ซาวทำความสะอาดไว้ลงไป
ปรุงรสด้วยซอสปรุงรส ซอยหอยนางรม พริกไทยป่น ผัดให้เข้ากัน
นำไปใส่ในหม้อหุงข้าว ตามด้วยผักสามสีและน้ำเปล่า คนให้พอเข้ากัน แล้วกดหุง เมื่อข้าวสุกแล้ว ตักใส่ถ้วยเสิร์ฟ โรยด้วยต้นหอมซอยและเบคอนกรอบ ๆ พร้อมเสิร์ฟ"
สุกี้โรล,"1
นำใบผักกาดข้าวไปต้มหรือลวกในน้ำร้อนให้อ่อนตัวลง
เคล็ดลับ: ต้มน้ำให้เดือด​จัดแล้วจุ่มใบลงเมื่อนิ่มให้ไปสะเด็ดน้ำพักไว้

2
นำวุ้นเส้น​และผักต่างๆ​ คลุกรวมกับหมูแล้วปรุงรส
เคล็ดลับ: หมักไว้อย่างน้อย30นาที

3
นำเนื้อหมูที่หมักไว้แล้วมาห่อด้วยใบผักกาดขาว
เคล็ดลับ: ตักใส้ไม่ต้องมากรอใบผักกาด​ขาวเย็นตัว​ค่อย​ม้วน

4
ม้วนได้หลายๆชิ้นให้พักไว้รอใส่หม้อนึ่ง

5
จัดวางในรังถึงนึ่งด้วยไฟปานกลางนาน15นาทีปิดฝาให้สนิท

6
นึ่งสุกเอาออกมาเรียงพร้อมทานกับน้ำจิ้มสุกี้"
ผัดมาม่าคอหมูย่างไข่ดาว,"หมักและย่างคอหมู 
นำคอหมูมาใส่ชามใหญ่ เติมน้ำมันหอยและผงหมักย่างลงไป คลุกให้เข้ากัน หมักไว้อย่างน้อย 30 นาที
ย่างคอหมูในหม้อทอดไร้น้ำมัน ใช้ไฟ 200 องศาเซลเซียส 10 นาที เมื่อครบเวลาแล้วกลับด้านคอหมู ย่างต่ออีก 10 นาที นำออกมาหั่นเป็นชิ้น ๆ ตามชอบ ตั้งกระทะใส่น้ำมันพอประมาณ ทอดไข่ดาวความสุกตามชอบ พักไว้
นำหม้อมาใส่น้ำ ตั้งไฟจนน้ำเดือด นำเส้นบะหมี่กึ่งสำเร็จรูปลงไปต้มจนสุก พักไว้ ตั้งกระทะใส่น้ำมันเล็กน้อย ใช้ไฟกลาง นำกระเทียมลงไปผัดจนหอม จากนั้นใส่กระหล่ำปลีและแคร์รอตลงไปผัดจนสุก
เมื่อผักสุกแล้ว ใส่เส้นบะหมี่กึ่งสำเร็จรูปลงไปผัด ใส่ไข่ลงไปผัด แล้วเติมเครื่องปรุงและน้ำมันบะหมี่กึ่งสำเร็จรูปลงไป ผัดจนทั่ว นำไปใส่จานพักไว้
นำจานบะหมี่กึ่งสำเร็จรูปมาวางไข่ดาวและคอหมู โรยด้วยพริกด้านบน พร้อมเสิร์ฟ "
ต้มเลือดหมู,"1. ตั้งน้ำในหม้อบนไฟกลางๆ ใส่ซุปก้อน ตั้งฉ่าย รอให้เดือดซักพัก ให้น้ำซุปมีกลิ่นหอม
2. ปั้นหมูสับหมักเป็นก้อนเล็กใส่ลงไปในน้ำที่กำลังเดือด รอให้สุก
3. ใส่หมูชิ้นลวก ตับลวก เต้าหู้หลอด ปรุงรสน้ำซุปด้วยน้ำปลา ซอสปรุงรส ชิมรสตามใจชอบ
4. ใส่เลือดหมู พอเดือดดีใส่คึ่นฉ่ายกับต้นหอม พอเดือดอีกทีปิดไฟได้ ก่อนเสิร์ฟ ใส่ตำลึงก้นถ้วยแล้วตักต้มเลือดหมูราดทับ"
ข้าวอบต้มยำทะเล,"เทข้าวลงในหม้อหุงข้าว จากนั้นซาวข้าว 1 ครั้ง แล้วเทน้ำสะอาดลงไป ใส่เครื่องต้มยำทะเล
เติมกะทิ พริกเผา และน้ำปลาลงไป คนให้ทุกอย่างเข้ากัน วางกุ้ง หมึก และกะพงลงบนข้าว โรยตะไคร้ซอย ข่าซอย ใบมะกรูดฉีก พริกจินดาแดง จากนั้นกดหุงข้าว เมื่อข้าวสุก ตักใส่จานเสิร์ฟ ตกแต่งด้วยใบผักชี มะนาวซีกหั่นชิ้น และพริกจินดาแดง "
ข้าวผัดโชยุไข่เยิ้ม,"ทำข้าวผัด
ตั้งกระทะใส่น้ำมันและเนยลงไปอย่าง 1 ช้อนโต๊ะ นำกระเทียมและหอมใหญ่ลงไปผัดให้หอม จากนั้นนำข้าวลงไปผัด ปรุงด้วย aro โชยุ ผัดให้ทุกอย่างเข้ากัน แล้วพักไว้ ทำซอสและไข่เยิ้ม
ตั้งกระทะใส่น้ำมันและเนยลงไปอย่างละ 1 ช้อนโต๊ะ นำกระเทียมและหอมใหญ่ลงไปผัดให้หอม ตามด้วยเห็ดแชมปิญอง
เมื่อเห็ดสุกใส่น้ำซุปเกรวีเข้มข้นลงไป ตามด้วยผงซุปและไวน์แดง เคี่ยวให้กลิ่นแอลกอฮอล์ระเหย แล้วเติมน้ำสะอาด
ปรุงรสด้วยด้วยเกลือและพริกไทยเพิ่ม จากนั้นเคี่ยวให้เดือดอีกครั้ง แล้วพักไว้
ผสมไข่ไก่และนมสดให้เข้ากัน จากนั้นตั้งกระทะใส่เนยลงไป เมื่อเนยละลายดีใส่ไข่ที่ผสมไว้ลงไป คนให้ไข่เข้ากัน แล้วดันไข่ไปขอบกระทะ ค่อย ๆ ตะล่อมไข่ไปเรื่อย ๆ จนไข่เป็นทรงรักบี้ จัดเสิร์ฟโดยตักข้าวใส่จานเสิร์ฟ วางไข่ด้านบน แล้วราดซอส ตกแต่งด้วยใบพาร์สลีย์ซอย"
ข้าวผัดกิมจิ (김치 볶음밥) กิมจิ พกกึมบับ,"1
สัดส่วนข้าวและกิมจิบุ๋มใช้ประมาณนี้ค่ะ กิน 1ท่าน
เคล็ดลับ: จะใช้เป็นข้าวเย็นที่เหลือในตู้มาทำก็ได้นะคะ

2
ตั้งกะทะใส่น้ำมันเล็กน้อย แล้วใส่กิมจิผัดให้พอหอม

3
ใส่ข้าวลงไป แล้วตามด้วยเครื่องปรุง น้ำมันงา โคชูจัง น้ำตาลนิดเดียว น้ำปลานิดเดียว
เคล็ดลับ: รสของข้าวผัดกิมจิ จะไม่เน้นหวาน น้ำตาลปลายๆช้อนชาก็พอ น้ำปลาก้ไม่เยอะ โคชูจังรสเข้มข้นอยุ่แล้วค่ะ

4
ผัดคลุกเคล้าจนเข้ากันสักครู่ เติมงาขาวคั่วลงไปด้วยค่ะ
เคล็ดลับ: จะใส่เนยลงไปด้วยในตอนนี้ก็ได้นะคะ เพิ่มความหอม หรือไม่ใส่ก็ได้

5
เสร็จแล้วตักใส่ชาม สาหร่ายใช้กรรไกรตัดเป็นเส้นเล็กๆโรยหน้า ต้นหอมซอย และงาขาวโรยหน้าให้สวยงาม"
ใบเหลียงผัดไข่,"1
เด็ดใบเหลียงทั้งยอดเอาแต่ส่วนที่เป็นใบอ่อน ไม่เอาใบแก่มาก จากนั้นนำไปล้างให้น้ำให้สะอาด ผึ่งให้สะเด็ดน้ำ
เคล็ดลับ: หากใบไหนใหญ่ตัดได้ตามที่ต้องการคะ
2
ใส่น้ำมันในกระทะเปิดไฟกลาง พอน้ำมันเริ่มร้อนใส่กระเทียมที่เราสับไว้ลงผัดให้พอเหลือง
3
นำใบเหลียงใส่ลงไปผัดสักแป๊บ (ไม่นาน)  พอให้ใบเหลียงเริ่มเหี่ยว
4
แหวกตรงกลางกระทะ  ต่อยไข่ลงไป ใช้ปลายตะหลิวยี ๆ ให้ไข่แดงและไข่ขาวเข้ากันเล็กน้อย จากนั้นนำใบเหลียงที่อยู่ข้างๆมากลบไข่ จากนั้นปรุงรสด้วยน้ำมันหอย ซีอิ๊วขาว ซอสปรุงรส น้ำตาลทราย คนให้เข้ากัน ชิมตามชอบ พร้อมตักเสริ์ฟ"
ข้าวหมูกรอบ,"บั้งหมูสามชั้นความหนาประมาณหนึ่งนิ้ว
แช่ส่วนของหนังหมูในน้ำส้มสายชู 20 นาที จากนั้นทาเกลือเล็กน้อยให้ทั่ว พักไว้ นำหมูสามชั้นลงหม้อทอด เอาด้านหนังขึ้น ใช้ความร้อน 80 องศา 1 ชั่วโมง
จากนั้นกลับด้าน ใช้ความร้อน 200 องศา 15 นาที กลับด้านอีกครั้ง ใช้ความร้อน 200 องศา 15 นาที เสร็จแล้วนำออกมาพักไว้ ทำน้ำราดและจัดเสิร์ฟ
ตั้งหม้อ ใส่น้ำมันงา กระเทียมสับ หอมแดงสับ และรากผักชีลงไปผัดให้หอม
ใส่เต้าเจี้ยว ซอสหอยนางรม น้ำตาลทรายและซีอิ๊วดำลงไป จากนั้นเติมน้ำซุปและนมสด
ใส่แป้งมันที่ผสมน้ำลงไป คนเร็ว ๆ จนข้นขึ้น ปิดไฟ พักไว้
สับหมูกรอบ จัดใส่จานพร้อมข้าว ราดด้วยน้ำราดและโรยงาลงไปตามชอบ พร้อมเสิร์ฟ"
ข้าวผัดปลาหมึกไข่เค็ม,นำไข่แดงเค็มบดมาผสมน้ำมันหอย ซีอิ๊วขาว น้ำตาลทรายและน้ำพริกเผาให้เข้ากันเตรียมไว้ ตั้งกระทะใส่น้ำมัน จากนำกระเทียมและหอมใหญ่ลงไปผัดให้สุกเหลือง ตามด้วยหมึกกล้วยหั่นชิ้น เมื่อหมึกเริ่มสุก ใส่ซอสที่ผสมเตรียมไว้ลงไป ผัดให้เข้ากัน ตามด้วยข้าวหุงสุก ผัดให้ทุกอย่างเข้ากันดี โรยต้นหอมซอยแล้วตักใส่จานเสิร์ฟเคียงผัก แล้วโรยต้นหอมซอยอีกครั้งเพื่อเพิ่มความสวยงาม
หอยลายผัดน้ำพริกเผา,"1
ก่อนอื่นจะต้องล้างหอย หรือแช่น้ำก็ได้ค่ะ ให้คายขี้โคลนออกมา ล้างหลายๆน้ำเลยค่ะ
2
หลังจากนั้นต้มน้ำให้เดือด แล้วใส่หอยลงไป(สะดุ้ง) ไม่ต้องสุกมาก

3
ผัดพริกกับกระเทียมให้หอม

4
ใส่น้ำพริกเผาทั้ง 2 แบบลงไปค่ะ

5
ผัดน้ำพริกเผา พร้อมใส่น้ำมันหอย น้ำตาล น้ำปลาลงไปค่ะ ใส่น้ำลงไปนิดหน่อย
เคล็ดลับ: ไม่ต้องใส่น้ำตาลเยอะ เพราะน้ำพริกเผาส่วนใหญ่หวานอยู่แล้ว

6
ใส่หอยลงไปผัดให้เข้ากัน จนฝาเป็นสีส้มคือสุก แล้วใส่ใบโหระพาลงไปค่ะ

7
ผัดให้เข้ากัน ปิดไฟได้เลยค่ะ"
ยำกุ้งสด ปลาร้ายั่ว,"ใส่ พริก น้ำตาลปี๊บละลาย น้ำมะนาวสด น้ำปลา น้ำปลาร้า ลงในชามผสม คนให้เข้ากัน

2
ใส่กุ้งสดลงไปคลุกเคล้าให้เข้ากันกับน้ำยำ

3
ใส่หอมแขก มะนาวหั่นซีก ผักชีฝรั่งลงไปคลุกให้เข้ากัน

4
ตักใส่จานเสริฟได้เลยจ้า"
กระเทียมเจียวกากหมู,"หั่นกากหมูเป็นชิ้นเต๋าขนาดเล็ก แนะนำให้แช่กากหมูให้แข็งก่อนเพื่อหั่นได้ง่ายขึ้น
ปอกเปลือกกระเทียมและสับให้ละเอียดแล้วพักไว้ เปิดไฟนำกากหมูที่หั่นไว้ลงเจียว เติมน้ำเล็กน้อย เพื่อไม่ให้น้ำมันกากหมูกระเด็น
เมื่อกากหมูได้สีเหลืองสวยงามแล้ว จากนั้นตักกากหมูขึ้นสะเด็ดน้ำมัน
และนำกระเทียวลงเจียวให้สีสวยงาม ตักขึ้นสะเด็ดน้ำมัน
TIPS : ตักกระเทียมขึ้นตอนที่สีเหลืองอ่อนมากต้องการเล็กน้อย กระเทียมสีจะเข้นขึ้นอนที่ตักขึ้นแล้ว นำกากหมูและกระเจียมเจียวคลุกให้เข้ากัน ปรุงรสด้วยเกลือเล็กน้อย
คลุกให้เข้ากันอีกครั้ง ก็พร้อมเอาไว้โรยอาหารจานโปรดแล้ว "
กุ้งกระเบื้องสาหร่าย,"ปั่นกุ้ง
นำเนื้อกุ้งใส่ในเครื่องปั่น ตามด้วยรากผักชี และกระเทียม ปั่นพอหยาบ
จากนั้นใส่แป้งมัน และไข่ขาว ปรุงรสด้วย ซอสหอยนางรม น้ำตาลทราย และพริกไทย แล้วปั่นให้เข้ากันดี
ใส่ต้นหอม ปั่นให้เข้ากันอีกครั้งและเนื้อเนียนขึ้น ปาดไส้
นำเนื้อกุ้งที่ปั่นไว้มาปาดลงบนแผ่นเปาะเปี๊ยะให้ทั่วชิ้น
แล้วนำประกบสาหร่ายรสดั้งเดิม ด้านบน เตรียมไว้ ตั้งน้ำมันให้ร้อนแล้วนำ “กุ้งกระเบื้องสาหร่าย” ลงทอดให้สุก
ตักขึ้นสะเด็ดน้ำมันแล้วจัดเสิร์ฟ พร้อมน้ำจิ้มบ๊วย"
ทอดมันปลากราย,"1
ใส่พริกแกงและเครื่องปรุงรสลงในเนื้อปลากราย ใช้พายกวนให้เข้ากันจนเนื้อเหนียว หรืออาจนำไปตำในครกแทนได้
เคล็ดลับ: ใส่น้ำแข็งลงไปในระหว่างที่

2
ใส่ไข่ไก่ตามลงไป กวนอีกครั้งให้ส่วนผสม

3
ใส่ถั่วฝักยาวและใบมะกรูด

4
ใส่น้ำมันประมาณครึ่งกระทะ และนำเนื้อปลากรายลงไปทอดให้เหลืองทั้งสองด้าน"
หมูกรอบ ง่ายมาก ด้วยหมอทอดไร้น้ำมัน,"1
ล้างทำความสะอาด หั่นแบ่งเป็นชิ้นๆ

2
ต้มหมู : ใส่หน้ำพอท่วมหมู ใส่เกลือ 1 ช้อนโต๊ะ ต้มให้สุกแค่ 80%

3
ใช้ส้อมจิ้มหนังหมูให้ทั่ว

4
แช่หนังหมู 5-10 นาที ลงในน้ำส้มสายชู 150 ml ใส่เกลือ ครึ่งช้อนโต๊ะ (ถ้าหมูเยอะ ให้เพิ่มน้ำส้มสายชูแช่ท่วมตรงหนัง และเพิ่มเกลือ)

5
เอาเข้าหมอทอดไร้น้ำมัน อุณหภูมิ 200 องศา 35 นาที"
ม้าฮ่อมะยงชิด,"โขลกกระเทียมรากผักชี พริกไทยให้ละเอียดเตรียมไว้
ตั้งกระทะเปิดไฟใสน้ำมันพืชลงไป รอให้ร้อนแล้วใส่สามเกลอที่โขลกเตรียมไว้ผัดให้หอม
ใส่เนื้อหมู ปรุงรสด้วยน้ำปลา น้ำตาลปี๊บ เคี่ยวให้ข้นเหนียว หลังจากนั้นใส่ถั่วลิสง คนให้เข้ากันแล้วยกออกจากเตา เตรียมมะยงชิด และปั้นไส้
ปอกเปลือก และหั่นมะยงชิดขนาดพอดีคำเตรียมไว้
ตักเครื่องที่ผัดไว้มาปั้นเป็นก้อนกลม ๆ เตรียมไว้ นำไส้วางลงบนมะยงชิด ตกแต่งด้วยผักสลัด ผักชี และพริกชี้ฟ้า พร้อมจัดเสิร์ฟ "
ยำไก่แซบ,"1
นำเนื้อไก่มาคลุกแป้งทอดกรอบให้ทั่ว นำลงไปทอด ให้เหลืองกรอบ แล้วพักสะเด็ด​น้ำมันไว้
2
เตรียมชามสำหรับยำ มาใส่น้ำปลา พริกป่น น้ำมะนาว ข้าวคั่ว น้ำตาลทราย คนให้เข้ากัน แล้วลองชิมรสชาติดูก่อนนะครับ เอารสชาติ​ที่ชอบ หวาน เปรี้ยว เค็มยังไงก็ค่อยๆปรุงนะครับ
3
เมื่อได้รสตามชอบแล้ว ใส่ไก่ทอดลงไป คนให้เข้ากัน
4
ใส่ผักที่เตรียมไว้ คนให้เข้ากัน พร้อมเสริฟเลยครับ"
เมี่ยงคำ,"1
เคี่ยวน้ำตาลมะพร้าว กับน้ำ ไฟกลาง หมั่นคน ระวังไหม้
เคล็ดลับ: ถ้าชอบหวาน เติมน้ำ 1/2 ถ้วย ไม่ชอบหวานมากเติมน้ำ 1 ถ้วย
2
เคี่ยวน้ำตาลได้ที่ อย่าให้เหนียวมาก เพราะเย็นแล้วจะเหนียวขึ้นอีก
3
ใส่กะปิ น้ำปลา ชิมรสตามชอบ
เคล็ดลับ: ชิมรสตามชอบ
4
ใส่ ข่าคั่วโขลก ถั่วลิสงคั่วโขลก มะพร้าวคั่วโขลก คนเข้ากัน พักให้เย็น จะข้นขึ้นอีก
5
เตรียมเครื่องเมี่ยงให้พร้อม"
หมูย่างโบราณ น้ำจิ้มแจ่ว,"1
นำหมูมาล้างหั่นชิ้นหนาพอประมาณ ไม่หนาเกินไปเพราะจะทำให้ย่างนาน เนื้อด้านนอกจะแข็งก่อนด้านในจะสุก
2
นำกระเทียม พริกไทย รากผักชีโขลกเข้าด้วยกัน ใส่ส่วนผสมทุกอย่างสำหรับหมักหมูลงไป หมักหมูทิ้งไว้ในตู้เย็น 2 ชม.
3
น้ำจิ้มแจ่ว
ใส่น้ำตาลปี๊บ
น้ำปลา ซอส มะนาว
พริก ข้าวครัว หัวหอม ผักชีฝรั่ง ชิมตามรสชาติที่ชอบ"
ปังกรอบเนยน้ำตาล,"1
นำขนมปังแผ่นมาตัดสไสด์ชั้นออกครึ่งนึงให้บางลง และหั่นครึ่งเป็น 2 ชิ้น
เคล็ดลับ: ขนมปัง 1 แผ่นใหญ่ปกติ จะได้ทั้งหมด 4 ชิ้นบาง ตามตัวอย่างภาพ
2
นำเนยมาวางที่อุณหภูมิห้อง ให้นิ่มอ่อนตัว จากนั้นหั่นเป็นชิ้นเล็กๆ ใช้เครื่องผสมตีให้เนยฟูเล็กน้อย
3
เมื่อเนยฟูได้ที่ ผสมน้ำตาลทรายลงไปหนึ่งหยิบมือเล็กๆ ตีผสมจนเข้ากันดี
4
นำเนยไปปาดหน้าขนมปังที่เราเตรียมไว้ให้ทั่วทั้งชิ้น
เคล็ดลับ: จะทาสองด้านหน้า-หลัง หรือทาด้านหน้าแบบเดียวก็ได้ตามใจชอบค่ะ
5
เทน้ำตาลใส่ถาดไว้ จากนั้นนำขนมปังที่ปาดเนยแล้วลงไปคลุกกับน้ำตาลทราย ปริมาณมากน้อยแล้วแต่ความชอบ
6
นำขนมปังขึ้น เคาะๆน้ำตาลออก อย่าให้เกาะหนาจนเกินไป จากนั้น วางเรียงใส่ถาดเตรียมนำเข้าเตาอบ
7
อบที่อุณหภูมิ 170 องศาเซลเซียส ประมาณ 8-10 นาที สังเกตดูที่ขนมจะเริ่มมีความแข็งกรอบ กลิ่นหอมของเนยจะเริ่มฟุ้ง
8
นำออกจากเตา พักให้เย็น เก็บใส่กล่องไว้รับประทานได้ค่ะ"
ยำมะม่วงแบบง่ายมาก,"1
เตรียมมะม่วงปอกเปลือก สับพอดีคำ
เตรียมหอมแดง หั่นซอย

2
น้ำมะม่วงและหอมแดงที่เตรียมไว้ใส่ถ้วยยำ ใส่เครื่องปรุง พริกป่น น้ำตาล น้ำปลาและข้าวคั่ว ลงไปคนให้เข้ากัน

3
ชิมแล้วปรุงรสอีกครั้งตามชอบ แล้วใส่จานได้เลย"
ทาโกะยากิ,"1
แป้งทาโกะยากิ หรือแป้งอเนกประสงค์ 100 g
เคล็ดลับ: จะร่อนแป้งหรือไม่ก็ได้

2
ทำซุปโดยใส่ผงคนอร์รสหมู1/2 ช้อนชาในน้ำ300 ซีซี
เคล็ดลับ: รอให้น้ำซุปเย็น ถ้ามีผงทำซุปดาชิก็ใช้แทนได้คะ

3
ใส่แป้งตอกไข่ 1 ฟอง ค่อยๆเทน้ำซุปแล้วตีแป้งให้ผสมเป็นเนื้อเดียวกัน

4
ซอยขิงดองใช้ประมาณ 2 ช้อนโต๊ะ

5
หั่นหนวดปลาหมึกเป็นชิ้นใหญ่ๆ

6
หั่นไส้กรอก ปูอัด ต้นหอม 3 ต้น กะหล่ำปลีประมาณ 100-200 g
เคล็ดลับ: เครื่องที่ใส่สามารถปรับเปลี่ยนตามที่ชอบได้

7
ตั้งเตาให้ร้อน ทาน้ำมันทุกหลุม ใส่แป้งเล็กน้อยเช็คว่าเตาร้อนหรือยัง เมื่อเตาร้อนเทแป้งลงไปในหลุม

8
ใส่เนื้อสัตว์ลงไปในแต่ละหลุม

9
ใส่กะหล่ำ ขิงดอง ต้นหอม

10
เทแป้งเพิ่มให้เต็ม

11
ใช้ไม้ลูกชิ้นแยกทาโกะยากิแต่ละช่อง แล้วค่อยๆกลับ

12
ค่อยกลับด้าน และพลิกให้กลม อาจจะใส่น้ำมันเพิ่มได้ จะกรอบขึ้น

13
ซอสตราคิโคเมน สีส้ม ใช้ราดทาโกะยากิ มายองเนสญี่ปุ่น
เคล็ดลับ: ซอสทาโกะยากิยี่ห้อไหนก็ได้ที่ชอบ

14
ปลาโออบแห้งสำหรับโรยหน้า

15
สาหร่ายโรยหน้า
เคล็ดลับ: สาหร่ายแบบผง หรือแบบเส้นแล้วเอามาตัดก็ได้คะ

16
ตักทาโกยากิใส่จาน ราดซอสทาโกะยากิ
17
ราดมายองเนส

18
โรยปลาโอ

19
 โรยสาหร่าย"
หมูทอดชีสซอสมะเขือเทศ,"ทำหมูทอดชีส
ผสมหมูสับ ไข่ น้ำตาล พริกไทย ต้นหอมซอย แล้วคนให้เข้ากัน
นำหมูสับที่ผสมไว้ ห่อชีสมอสซาเรลลา แล้วแช่เย็น 10 นาที
ตั้งกระทะใส่น้ำมัน รอให้น้ำมันเดือด แล้วนำหมูปั้นไส้ชีสที่เตรียมไว้ลงทอดให้สุก ตักขึ้นพักไว้
 ตั้งกระทะ ใส่เนย ผัดให้เนยละลายแล้วใส่หอมใหญ่สับ ผัดให้หอมใหญ่สุก
ใส่ซอสมะเขือเทศ ซอสพริก น้ำเปล่า แล้วผัดให้เข้ากัน
จากนั้นใส่ข้าวโพด แครอทพริกหวาน แล้วผัดให้สุก
ปรุงรสด้วย น้ำตาล เกลือ พริกไทยดำป่น และปาปริก้า เคี่ยวให้เข้ากัน แล้วยกลงจากเตา นำซอสที่เคี่ยวราดหมูสับไส้ชีสทอดที่เตรียมไว้
พร้อมจัดเสิร์ฟ"
ไส้กรอกซอสมะขาม,"นำน้ำเชื่อมมาผสมน้ำมะขาม และน้ำปลา เติมน้ำสะอาดเล็กน้อยแล้วคนให้เข้ากัน จากนั้นนำเข้าไมโครเวฟที่ระดับความร้อน 800 วัตต์ เป็นเวลา 2 นาที แล้วนำออกจากเตา นำไส้กรอกหั่นชิ้นขนาดพอดีคำ มาบั้งเตรียมไว้
จากนั้นนำไส้กรอกไปอุ่นในไมโครเวฟที่ระดับความร้อน 800 วัตต์ เป็นเวลา 1 นาที แล้วนำมาคลุกเคล้ากับซอสมะขามที่ทำไว้ ตักใส่จานแล้วโรยต้นหอมซอย ตามด้วยหอมเจียวเพื่อตกแต่งเล็กน้อย แค่นี้ก็เสร็จพร้อมเสิร์ฟแล้ว"
ยำมาม่าหมูยอหมูสับ,"1
ลวกมาม่าจนสุก พักไว้ในกระชอน

2
ลวกหมูยอ หมูสับจนสุก พักไว้

3
ทำน้ำยำ ใส่เครื่องปรุงมาม่า มะนาว น้ำตาลทราย น้ำปลา น้ำซุป พริกขี้หนูซอย คนให้เข้ากัน

4
เทลงในมาม่า และหมูบด คลุกให้เข้ากัน

5
ใส่ผัก คลุกให้เข้ากันอีกรอบ พร้อมเสิร์ฟค่ะ"
บาเยีย,"เตรียมถั่วเขียวเลาะเปลือก
นำถั่วเขียวเลาะเปลือกซาวน้ำ เพื่อเอาสิ่งสกปรกออก แล้วแช่ทิ้งไว้ 1 คืน
เทน้ำออกหลังจากนั้นนำมาตำให้ละเอียด ทอดบาเยีย
นำถั่วเขียวเลาะเปลือกที่ตำแล้วมา ผสมกับแป้ง ลูกผักชี ยี่หร่าป่น ผงกะหรี่ ขมิ้น คนให้เข้ากัน
ปรุงรสด้วยน้ำตาลทราย เกลือ พริกไทย ผงฟู ต้นหอมซอย คนให้เข้ากันดี
ตั้งกระทะใส่น้ำมัน รอให้น้ำมันร้อน ใส่บาเยียลงทอดให้สุก แล้วพักไว้ น้ำจิ้ม
ตั้งหม้อ เปิดไฟ ใส่น้ำมะขามเปียก น้ำตาลปิ๊บ น้ำตาลทราย น้ำเปล่า ซอสพริก พริกป่น เคี่ยวให้เดือด
ใส่ถั่ว คนให้เข้ากันแล้วปิดไฟ พักให้เย็น
นำไปปั่น พร้อมจัดเสิร์ฟกับ บารเยียที่ทอดเตรียมไว้ "
จิ้นตุ๊บ,"หมักเนื้อ
โขลกรากผักชี กระเทียม และ พริกไทยดำป่น เข้าด้วยกัน
ผสมน้ำเปล่า เกลือ ซีอิ๊วขาว น้ำตาลทราย ผงชูรส ตะไคร้กั่นท่อน ข่าแก่หั่นแว่น และ รากผักชี กระเทียม พริกไทยที่โขลกไว้ คนผสมให้เข้ากัน
ใส่เนื้อวัวลงไปหมักทิ้งไว้เป็นเวลา 4 ชั่วโมง ย่าง
นำเนื้อวัวที่หมักแล้วมาย่างไฟปานกลางจนสุกดี
พักเนื้อไว้จนกระทั่งหายร้อน ทุบเนื้อจนยุ่ย เสิร์ฟพร้อมน้ำจิ้มแจ่ว "
ถ้วยทองยำส้มโอ,"ทำยำส้มโอ
หั่นกุ้งให้เป็นชิ้นเล็ก ๆ
ตั้งไฟละลายน้ำตาลมะพร้าว ใส่น้ำปลา น้ำพริกเผา และกะทิลงไปผสม
เคี่ยวจนน้ำยำเริ่มข้นหนืด ปรุงรสด้วยน้ำมะนาวท้ายสุด
นำน้ำยำที่ได้ผสมกับส้มโอ กุ้ง หอมเจียว กระเทียมเจียว และใบมะกรูดซอย
คลุกเคล้าให้เข้ากันแล้วพักไว้ ทอดถ้วยทอง
ร่อนแป้งสาลีอเนกประสงค์ แป้งข้าวเจ้า และเกลือเข้าด้วยกัน
เทน้ำปูนใส น้ำเปล่า และไข่แดงลงในส่วนผสมแป้ง คนจนส่วนผสมเข้ากันเป็นเนื้อเดียว
ตั้งหม้อน้ำมันไฟกลาง นำกระบวยจุ่มลงในน้ำมันแล้วตักน้ำมันขึ้นมาเล็กน้อย
นำไปจุ่มลงในส่วนผสมแป้งให้แป้งติดกระบวย แล้วนำไปจุ่มลงในหม้อน้ำมัน
ทอดจนขึ้นสีแล้วแกะออกจากกระบวย ตักใส่ถ้วยทอง
นำยำส้มโอมาใส่ลงไปถ้วยทองที่ทอดแล้ว
ตกแต่งด้วยใบผักชี พร้อมเสิร์ฟ"
ผักโขมอบชีส,"1
เริ่มต้นเตรียมผักโขมด้วยการนำไปลวก เมื่อผักโขมนุ่มดีแล้วให้เอามาแช่น้ำเย็น บีบน้ำออกจนหมดแล้วหั่นให้ผักไม่ยาวมาก
2
ตั้งกระทะนำเนย 2 ช้อนโต๊ะลงไปจนละลาย นำหอมที่หั่นเต๋าเล็กๆไปผัดจนหอม ตักออกมาพักไว้ นำแฮมไปคั่วกระทะจนหอมแล้วตักพักไว้เช่นกัน
3
นำเนยอีก 2 ช้อนโต๊ะลงไปละลาย ใส่แป้งลงไปผัดจนเริ่มเปลี่ยนสี ค่อยๆใส่นมสดลงไปจนซอสข้นขึ้น ปรุงรสด้วยเกลือและพริกไทย ใส่แฮมและหอมที่ผัดไว้ลงไปคลุกจนทั่ว ตามด้วยชีสเชดด้าและผักโขม คนจนพอเข้ากัน ชีสอาจจะยังไม่ต้องละลายหมดตักออกมาใส่ถ้วย
4
โรยหน้าผักโขมด้วยชีสมอซซาเรลล่าแล้วเข้าไมโครเวฟประมาณ 1 นาทีจนชีสละลาย พร้อมเสิร์ฟจ้า ใครอยากได้หน้าเกรียมๆอาจจะเอาที่พ่นไฟพ่นด้านหน้านิดนึงเพื่อสีสันสวยงาม"
บะหมี่ไข่ตุ๋นไมโครเวฟ,"นำเครื่องปรุงรสหมูใส่ลงในน้ำเปล่า แล้วนำเข้าไมโครเวฟ ใช้ความร้อน 800 วัตต์ นาน 2 นาที แล้วนำออกมาคนจนละลายเข้ากันดี พักให้เย็นซักครู่
ตีไข่ให้เข้ากัน แล้วนำน้ำซุปที่ทำไว้มาเทลงไป คนผสมให้เข้ากัน เมื่อคนผสมไข่เข้ากันดีแล้ว นำไปเทลงในเส้นบะหมี่ที่ลวกสุกแล้ว แล้วนำเข้าไมโครเวฟ ใช้ความร้อน 500 วัตต์ 10 นาที 
หลังจากนำเข้าไมโครเวฟรอบแรก ไข่จะเริ่มเซตตัว ให้นำออกมา แต่งหน้าด้วย ปูอัด ไส้กรอก และหมูสับรวน แล้วนำเข้าไมโครเวฟอีกครั้ง ใช้ความร้อน 800 วัตต์ 1 นาที นำออกจากไมโครเวฟ โรยด้วยต้นหอมซอย พร้อมรับประทาน"
ห่อหมกทูน่ากระป๋อง,"นำทูน่ากระป๋องมากรองเอาน้ำออก แล้วนำมาโขลกกับพริกแดง หลังจากนั้นใส่น้ำปลา กะทิ และน้ำเชื่อม คลุกเคล้าให้เข้ากัน จากนั้นตามด้วยไข่ และโรยใบมะกรูดซอย คลุกเคล้าให้เข้ากันอีกครั้ง
นำกะหล่ำปลีซอยวางรองก่อน แล้วตามด้วยห่อหมกทูน่าที่ทำเตรียมไว้ จากนั้นนำเข้าไมโครเวฟที่ 600 วัตต์ ประมาณ 3-4 นาที
นำแป้งข้าวโพดผสมกับกะทิ คนให้เข้ากันแล้วนำเข้าไมโครเวฟที่ 600 วัตต์ ประมาณ​1 นาที
นำมาราดบนห่อหมก หลังจากนั้นนำเข้าไมโครเวฟที่ 600 วัตต์ อีก 1 นาที เสร็จแล้วนำออกจากเตาอบไมโครเวฟ โรยพริกชี้ฟ้าแดง และใบมะกรูดซอยพร้อมจัดเสิร์ฟ"
ปลาหิมะนึ่งซีอิ๊ว,"ผสมโชยุ ซีอิ๊วขาว น้ำตาลทราย น้ำมันงา เหล้าจีน พริกไทยดำป่น น้ำเปล่า ในชามผสม คนให้เข้ากัน
นำปลาหิมะใส่ภาชนะสำหรับเข้าไมโครเวฟ ราดด้วยน้ำซีอิ๊วปรุงรสที่ทำไว้ ใส่เห็ดหอมและขิง ปิดด้วยพลาสติกแรป เจาะรูเล็กน้อย
นำเข้าเครื่องไมโครเวฟ 600 วัตต์ นาน 7 นาที จนเนื้อปลาสุกดี
ตักปลาหิมะนึ่งซีอิ๊วใส่จาน โรยหน้าด้วยขิงซอย ต้นหอมญี่ปุ่นซอย และพริกชี้ฟ้าซอย พร้อมเสิร์ฟ"
ข้าวหมูแดง ไมโครเวฟ,"ผสมน้ำมันงา ซอสหอยนางรม ซีอิ๊วขาว ผงหมักหมูแดง น้ำผึ้ง เหล้าจีน รากผักชี กระเทียม พริกไทยโขลก และน้ำเปล่า ลงในชามผสม คนให้เข้ากัน แล้วนำสันในหมูลงไปหมัก ใช้ส้อมจิ้มให้ทั่วเพื่อให้เข้าเนื้อ แล้วหมักทิ้งไว้ 3 ชั่วโมง
นำหมูที่หมักไว้ ไปย่างด้วยไมโครเวฟโหมดย่างเนื้อหมู รอให้ครบเวลาแล้วนำออกพักไว้
นำน้ำที่เหลือจากการหมักหมู มาใส่แป้งข้าวโพด คนให้เข้ากัน เติมน้ำเล็กน้อย แล้วนำเข้าไมโครเวฟ 800 วัตต์ 1 นาที นำออกคนให้เข้ากัน
หั่นหมูเป็นชิ้นบาง ๆ เสิร์ฟพร้อมข้าวสวยและต้นหอม ราดน้ำราดที่ทำไว้ เป็นอันพร้อมเสิร์ฟ"
เกี๊ยวกุ้ง,"เริ่มกันที่การหมักกุ้งโดยใช้ซีอิ๊วขาว น้ำมันงา พริกไทยป่น ต้นหอมซอยผสมรวมกันในชาม คนให้เข้ากัน ใส่กุ้งลงไปหมักในชามผสมที่เราเตรียมเครื่องหมักเอาไว้ คลุกให้เข้ากัน พักไว้ประมาณ 10 นาที
นำแผ่นเกี๊ยวมาห่อกุ้ง วางกุ้งลงไปครึ่งตัวต่อแผ่น ทาขอบแผ่นเกี๊ยวด้วยน้ำเปล่า พับมาติดกันเป็นรูปสามเหลี่ยม แล้วจับมุมสองมุมมาทับกัน
นำเกี๊ยวกุ้งไปแช่น้ำร้อน แล้วนำเข้าไมโครเวฟโดยใช้ความร้อน 1100 วัตต์ 3นาที จนสุก
ทำน้ำซุปโดยผสมน้ำเปล่า เกลือ ซีอิ๊วขาว น้ำตาลทราย รากผักชี กระเทียม และหอมหัวใหญ่รวมกันในชาม แล้วนำไปเข้าไมโครเวฟโดยใช้ความความร้อน 1100 วัตต์ 5 นาทีจนสุก
ตักเกี๊ยวกุ้งใส่ชาม แล้วราดน้ำซุปตามลงไป เท่านี้ก็จัดเสิร์ฟได้เลยค่ะ"
บราวนี่มัก ,"ร่อนแป้งอเนกประสงค์ ผงโกโก้ และเกลือ เข้าด้วยกัน ตามด้วยน้ำตาลทราย เนยละลาย และน้ำเปล่า ตีให้เข้ากัน
เทใส่ถ้วยที่เตรียมไว้ นำเข้าอบในไมโครเวฟด้วยความร้อน 800 วัตต์ เป็นเวลา 1 นาที
นำบราวนี่ออกจากไมโครเวฟ ตักไอศกรีมช็อกโกแลตวางลงไป พร้อมเสิร์ฟ"
กล้วยอบเนยไมโครเวฟ,"นำเนยจืดไปละลายในไมโครเวฟ เตรียมไว้
นำกล้วยน้ำว้ามาหั่น 3-4 ส่วน ตามขนาดความใหญ่ของกล้วยเตรียมใส่ถ้วยไว้
นำเนยจืดละลาย น้ำเชื่อม และงาขาว ผสมลงในชามที่มีกล้วย คลุกเคล้าอย่างเบามือจนเข้ากัน
นำกล้วยจัดวางบนจานที่สามารถเข้าไมโครเวฟได้ และมีกระดาษไข ปรับอุณหภูมิไมโครเวฟที่ 800 วัตต์ เป็นเวลา 5-10 นาที หรืออบจนได้สีที่สวย
พักให้เย็นลงแล้วจัดใส่จานเสิร์ฟได้เลย"
ปูผัดผงกะหรี่,"ใส่น้ำมันลงในชามทนความร้อน ใส่กระเทียมสับกับหัวหอมใหญ่ตามลงไป คลุกให้เข้ากัน เข้าไมโครเวฟโดยใช้ความร้อน 1100 วัตต์ เป็นเวลา1 นาที นำออกมาใส่เนื้อปูแล้วพักไว้
ทำซอสโดยใส่ผงกะหรี่ ซอสหอยนางรม ซอสพริก ซีอิ๊วขาว น้ำพริกเผา น้ำตาลทราย นมสด น้ำซุป ไข่ไก่ ลงไปผสมกันในชาม คนให้เข้ากัน ใส่ลงไปในชามเนื้อปู แล้วนำไปเข้าไมโครเวฟโดยใช้ความร้อน 800 วัตต์ เป็นเวลา 1 นาที นำออกมาคน เข้าไมโครเวฟต่อ ทำไปเรื่อย ๆ จนสุกระดับที่ต้องการ
นำออกมาจากไมโครเวฟแล้วใส่ขึ้นฉ่ายกับต้นหอมขณะร้อน ๆ เสร็จแล้วตักใส่จาน โรยพริกแดงเล็กน้อย จัดเสิร์ฟได้เลยค่า"
ไข่ตุ๋นแกงเขียวหวาน,"ตอกไข่ไก่ใส่ชาม ตามด้วยพริกแกงเขียวหวาน น้ำเชื่อม น้ำปลา และนมสด ตีทุกอย่างให้เข้ากัน แล้วพักเตรียมไว้ 
ทาน้ำมันลงบนภาชนะให้ทั่ว เทไข่ที่เตรียมไว้ลงไปในภาชนะ นำเข้าไมโครเวฟแล้วปิดฝา ปรับอุณหภูมิที่ 600 วัตต์ ประมาณ 5-7 นาที หรือจนกว่าไข่จะสุกได้ที่ 
เมื่อ “ไข่ตุ๋นแกงเขียวหวาน” สุกแล้ว นำออกมาตกแต่งด้วยปูอัด ไส้กรอก พริกชี้ฟ้า และใบโหระพา เสิร์ฟพร้อมข้าวสวยร้อน ๆ ได้เลย"
กุ้งผัดพริกเกลือ,"เทน้ำมันลงในภาชนะ ตามด้วย กระเทียม รากผักชี และพริกขี้หนูคนให้เข้ากัน นำเข้าไมโครเวฟ โดยใช้ความร้อน 1,100 วัตต์ เป็นเวลา 1 นาที แทนการเจียวให้หอม
ใส่กุ้งลงไปในภาชนะที่เวฟเครื่องเทศไว้ ตามด้วยเครื่องปรุงรสคลุกให้เข้ากัน นำเข้าไมโครเวฟอีกครั้ง ใช้ความร้อน 900 วัตต์ เป็นเวลา 5 นาที จนกุ้งสุก (คอยนำออกมาคนเพื่อให้กุ้งสุกทั่วกัน)
นำออกมาคลุกกับต้นหอยซอย จัดเสิร์ฟพร้อมรับประทาน"
ขนมจีบกุ้ง,"ผสมส่วนผสมทั้งหมดให้เข้ากัน โดยเริ่มจากเครื่องปรุงและสมุนไพรก่อน จากนั้นใส่กุ้งสับและมันหมูลงไปนวด นวดให้ส่วนผสมเข้ากัน
ตัดมุมของแผ่นเกี๊ยวออกเล็กน้อย แล้วตักไส้ประมาณ 1 ช้อนชา วางบนแผ่นเกี๊ยว จีบมุมของแผ่นเกี๊ยวให้แน่น กดให้เต็มทั่วทั้งชิ้น
นำขนมจีบนึ่งด้วยไมโครเวฟ ไฟแรง 900 วัตต์ ประมาณ 3-4 นาที โดยพรมน้ำที่แผ่นเกี๊ยวเล็กน้อย เพื่อไม่ให้แป้งแห้ง เมื่อสุกดีแล้ว รับประทานกับจิ๊กโฉ่วและกระเทียมเจียวขณะร้อน"
เค้กทูโทน เค้กสองสี,"ตีไข่ไก่ 1 ฟองในถ้วย Easy Bake Moist Chocolate Cake และ Easy Bake Classic Vanilla Cake อย่างละฟอง แล้วใส่แป้ง Easy Bake คนให้เข้ากัน เมื่อส่วนผสมเข้ากันดีแล้ว นำเข้าเตาไมโครเวฟโดยไม่ต้องปิดฝา ใช้ไฟแรงสุด เป็นเวลา 1 นาที หรือจนกระทั่งสุก (ทีละ 1 ถ้วย)
ตีวิปปิ้งครีมกับน้ำตาลทรายให้ขึ้นฟู นำใส่ถุงบีบ
นำเค้กที่สุกแล้วออกจากเตาไมโครเวฟ จากนั้นพักไว้ให้เย็นสักครู่ สไลซ์ครึ่ง
จากนั้นบีบวิปปิ้งครีม และวางสตรอว์เบอร์รีให้สวยงาม 
และวางเค้กอีกชั้น ตกแต่งด้วยวิปปิ้งครีม และดอกไม้กินได้อีกครั้งก็พร้อมเสิร์ฟแล้ว"
ไข่หวานสอดไส้ชีส,"ตอกไข่ไก่ใส่ชามตีพอแตก ใส่น้ำเปล่า น้ำเชื่อมแท้ ตรามิตรผล พริกไทยดำ และเกลือ ตีพอเข้ากันกรองด้วยกระชอนพักไว้ 
ทาน้ำมันลงบนภาชนะทรงเหลี่ยมให้ทั่ว เทไข่ที่เตรียมไว้ลงไปครึ่งหนึ่งในภาชนะที่สามารถนำเข้าไมโครเวฟที่ 600 วัตต์ ประมาณ 5 นาที นำออกมาแล้วโรยชีสมอสซาเรลลาให้ทั่ว แล้วเทไข่ที่เหลือลงไปนำเข้าไมโครเวฟที่ 600 วัตต์ อีกประมาณ 3-5 นาที หรือจนไข่สุกเซตตัวทั้งหมด 
นำไข่หวานสอดไส้ชีสออกมาโรยด้วยต้นหอมสำหรับตกแต่ง เสิร์ฟพร้อมซอสมะเขือเทศ เพียงเท่านี้ก็เรียบร้อยแล้วจ้า"
เค้กกล้วยหอมไมโครเวฟ,"ปอกกล้วยและบดกล้วยเตรียมไว้ จากนั้นนำเนยละลายและน้ำตาลทราย เกลือใส่ถ้วยผสมรวมกัน แล้วใส่ไข่ไก่ลงไป คนให้เข้ากันด้วยตะกร้อมือ ใส่กลิ่นวนิลลา นมสดคนให้เข้ากัน 
ร่อนแป้ง และผงฟู คนให้เข้ากัน หลังจากนั้นใส่กล้วยหอมบดลงไปและคนให้เข้ากันอีกครั้ง เทส่วนผสมใส่ในแก้ว แล้วนำไปเข้าในไมโครเวฟไฟ 800 วัตต์ นาน 2-3 นาที จนสุก นำออกจากเตา
ตกแต่งด้วยกล้วยหอมหั่น ราดน้ำผึ้ง โรยผงโกโก้ และอัลมอนด์สไลด์ พร้อมจัดเสิร์ฟ"
บลูเบอร์รี่ชีสพาย,"นำแครกเกอร์ใส่ถุง บดให้ละเอียด แล้วเทใส่ชามผสม เทน้ำตาลและเนยละลายตามลงไป คลุกให้เข้ากัน
นำภาชนะที่สามารถเข้าไมโครเวฟได้มาปูด้วยกระดาษไข ใส่แครกเกอร์ที่ผสมลงไปแล้วกดให้แน่น นำเข้าไมโครเวฟ โดยใช้ความร้อน 800 วัตต์ เป็นเวลา 2 นาที แล้วนำออกมาพักไว้
นำครีมชีสออกจากตู้เย็น พักไว้ให้นุ่มแล้วนำมาตี ค่อย ๆ เติมน้ำตาลตีไปเรื่อย ๆ จนเข้ากัน เติมเกลือ นม แล้วตีอีกครั้งจนเป็นเนื้อเดียวกัน
ตอกไข่ใส่ชามอีกใบ ใส่น้ำมะนาว ตีให้เข้ากัน แล้วนำไปเทผสมกับส่วนผสมครีมชีส คนให้เข้ากัน แล้วนำเข้าไมโครเวฟ ใช้ความร้อน 800 วัตต์ เป็นเวลา 2 นาที คอยนำออกมาคนทุก ๆ 30 วินาที จนเนื้อเนียน
เทส่วนผสมครีมชีสลงบนฐานแครกเกอร์ที่เตรียมไว้ แล้วนำเข้าตู้เย็นประมาณ20นาที จนเซตตัว
เมื่อเซตตัวแล้ว นำออกจากตู้เย็น ยกออกจากภาชนะ จัดเสิร์ฟโดยราดบลูเบอร์รี่ฟีลลิ่ง"
ข้าวไข่ข้นกุ้ง,"นำกุ้งมาแกะเปลือก ใช้ส้อมหรือไม้จิ้มฟันจิ้มลงไปที่สันหลังของกุ้งเพื่อดึงเส้นดำออก แต่ยังเหลือหางกุ้งเอาไว้ นำกุ้งและเห็ดหอมเข้าไมโครเวฟ 320 วัตต์ เป็นเวลา 3 นาที แล้วพักไว้
ตอกไข่ใส่ชาม ตามด้วยนม ซีอิ๊วขาว ซอสปรุงรส น้ำมันหอย กุ้งและเห็ดที่เตรียมไว้ คนให้เข้ากัน นำไข่ไปกรองให้เนื้อเนียน เลือกจานแบนๆ หน่อยนะ แล้วทาน้ำมันลงบนจานให้ทั่วๆ เพื่อไม่ให้ไข่ติดจาน จากนั้นนำไข่ที่เตรียมไว้เทลงบนจานครึ่งนึงและนำเข้าไมโครเวฟ 10 นาทีตามขั้นตอนด้านล่างนี้เลย
รอบที่ 1 นำเข้าไมโครเวฟ LG กดปุ่มระบบไมโครเวฟเพื่อตั้งอุณหภูมิ 320 วัตต์ เป็นเวลา 3 นาที
รอบที่ 2 ใช้พายยางแซะไข่ไม่ให้ติดจานก่อนเทไข่ที่เหลือลงไปในจานให้ท่วมไข่ที่สุกแล้ว จากนั้นนำกุ้งและเห็ดหอมมาวางลงบนไข่ก่อน นำเข้าไมโครเวฟ 320 วัตต์ เป็นเวลา 3-5 นาที (เลือกความสุกของไข่ได้ตามต้องการเลยจ้า)
ใช้พายยางแซะไข่ให้ไข่หยุดจากจาน ก่อนนำมาเทลงบนข้าวสวยร้อนๆ ที่เตรียมไว้ โรยด้วยพาร์สเลย์... แค่นี้ก็เสร็จสมบูรณ์พร้อมฟินแล้วจ้า"
มักกะโรนีอบชีส,"เอามักกะโรนี และน้ำเปล่าใส่ในถ้วย นำเข้าเตาไมโครเวฟ ตั้งเวลา 5-6 นาที หรือจนเส้นสุก
เทน้ำออกจากถ้วยประมาณ 3/4 ใส่ นมข้นจืด คาร์เนชัน, ชีสเชดดาร์ 150 กรัม และ ชีสแผ่น คนให้เข้ากัน แล้วค่อยนำเข้า ไมโครเวฟ ตั้งเวลา 1-2 นาที เสร็จแล้วคนให้เข้ากันอีกรอบ
โรยหน้าด้วย ชีสเชดดาร์ ที่เหลือ เอาเข้าไมโครเวฟ อีก 1 นาที"
แกงเขียวหวานไก่ ไมโครเวฟ,"ใส่พริกแกงลงในชามกระเบื้อง เทกะทิตามลงไป คนให้เข้ากัน นำเข้าไมโครเวฟ ใช้ความร้อน 1,100 วัตต์ เป็นเวลา 2 นาที แล้วนำออก
ใส่เนื้อไก่ มะเขือเปราะ ใบโหระพา ใบมะกรูดลงไป คนให้เข้ากันแล้วนำเข้าไมโครเวฟอีกที ใช้ความร้อน 1,100 วัตต์ เป็นเวลา 4 นาที นำออกมาเช็คดู ถ้าเนื้อไก่สุกเป็นอันใช้ได้
ตักใส่ถ้วยที่ต้องการจัดเสิร์ฟ โรยหน้าด้วยพริกชี้ฟ้าซอย"
เครมบรูเล่,"เทวิปปิ้งครีมในถ้วยทนไฟ นำเข้าไมโครเวฟประมาณ 2 นาทีจนวิปปิ้งครีมอุ่น
ใส่ไข่แดง น้ำตาลทราย และกลิ่นวานิลลาลงในชามผสม ตีให้เข้ากัน
ค่อยๆ เทวิปปิ้งครีมที่อุ่นแล้วลงไปในชามไข่ ตีไปด้วยเทไปด้วย คนให้เข้ากัน
เตรียมถ้วยทนความร้อน 3 ใบวางบนถาดหรือชาม เทส่วนผสมลงในถ้วย จากนั้นเทน้ำเปล่าลงในถาดให้สูงขึ้นมาประมาณ ¾ ของถ้วย นำเข้าไมโครเวฟ ไฟ high ประมาณ 4-5 นาที เสร็จแล้วแช่ตู้เย็นประมาณ 1 - 2 ชั่วโมงก่อนทาน
ก่อนเสิร์ฟ โรยน้ำตาลทรายประมาณ 1 ช้อนโต๊ะต่อถ้วยบนหน้า ใช้เบิร์นเนอร์ (หาซื้อได้ตามซูเปอร์ฯ) เผาจนน้ำตาลเกรียมๆ เสิร์ฟได้"
บานอฟฟี,"บดแครกเกอร์พอหยาบ ละลายเนยสดเค็มในไมโครเวฟ และนำมาผสมกับแครกเกอร์ให้เข้ากัน กรุลงในแก้วหรือภาชนะตามชอบ นำไปใส่ตู้เย็นพักไว้ 
ทำซอสคาราเมล โดยตั้งวิปปิ้งครีมให้พออุ่นพักไว้ นำน้ำตาลทั้งไฟให้น้ำตาลละลายจนหมด(ห้ามคน) เทวิปปิ้งครีมอุ่นลงไป รีบคนให้เข้ากัน จากนั้นใส่เนยสดเค็มลงไปคนใส่เข้ากัน ปิดไฟยกขึ้นพักไว้ให้เย็น 
หั่นกล้วยหอมเป็นแว่นๆเรียงลงไปในแก้วที่กรุแครกเกอร์เตรียมไว้ ราดด้วยคาราเมลซอส
ตีวิปปิ้งครีมเป็นจัดให้ตั้งยอด บีบลงไปให้เต็มแก้ว โรยหน้าด้วยผงโกโก้ตามชอบ แช่เย็น30 นาที พร้อมเสิร์ฟ"
โกโก้หนึบ,"1
นำนมข้นหวาน เข้าไมโครเวฟ(ใส่หม้อตั้งไฟก็ได้) 800w/30 วินาทีเพื่อที่ผงโกโก้จะได้ละลายง่าย
2
ร่อนผงช็อคโกแลตลงในนมข้นหวาน ใช้วิธีค่อยๆ ร่อน และแบ่งการร่อนสลับกับคนให้เข้ากัน 3-4 รอบ เพราะเขาจะหนืดมาก
3
หลังจากที่ช็อคโกแลตเริ่มหนืดให้สวมถุงมือ และมาคลุกเคล้าทุกอย่างให้เข้ากัน
4
พยายามใช้มือนวด ไม่งั้นโกโก้อาจจะติดนิ้ว
5
เสร็จแล้วเราจะได้โกโก้หนึบๆ ปั้นเป็นทรงสี่เหลี่ยมเพื่อรอตัดภายหลัง
6
ให้ใช้พลาสติกรองและคลุมทับ ไปแช่ตู้เย็นให้เขาเซ็ทตัวประมาณ 1 ชั่วโมง
7
1 ชั่วโมงผ่านไป เราก็เอาโกโก้หนึบมาวาง บนผงโกโก้ที่เราเตรียมไว้ และโรยด้านบน จะได้ไม่ติดมือ
8
ตัดแบ่งเป็นชิ้น ขนาดตามต้องการ หรือพอดีคำ ชอบเล็กชอบใหญ่
9
เสร็จแล้วมาปั้นเป็นก้อนกลม หรือรูปทรงต่างๆตามต้องการได้เลย จากนั้นก็ไปคลุกกับผงโกโก้ต่อ
10
รับประทานได้"
ขนมจีบลาบไมโครเวฟ,"ทำขนมจีบหมู
ผสมหมูบดละเอียดกับ รสดีเมนู ลาบ-น้ำตก หอมแดงซอย ต้นหอมซอย และผักชีใบเลื่อยซอยให้เข้ากัน
จากนั้นห่อด้วยแผ่นเกี๊ยวให้เป็นทรงกลม วางกุ้งลงด้านบน แล้วพรมน้ำเล็กน้อย
คลุมด้วยพลาสติกแรป ก่อนนำเข้าไมโครเวฟ ไฟกลาง (450 วัตต์) 3 นาที 3 รอบ ผสม รสดีเมนู ลาบ-น้ำตก กับน้ำอุ่นให้เข้ากัน แล้วโรยด้วยต้นหอมซอยละเอียด ผักชีใบเลื่อยซอย และหอมแดงซอย 
จากนั้นคนผสมให้เข้ากันแล้วพักไว้ จัดเสิร์ฟขนมจีบหมู ราดด้วยแจ่วแซ่บ ๆ ตามด้วยผักชีใบเลื่อยซอย หอมแดงซอยอีกเล็กน้อย"
ต้มไข่ใช้ไมโครเวฟ,"1 ใส่เกลือในน้ำ
2 ใส่ไข่ในชาม ให้น้ำท่วมไข่
3 ใส่ไมโครเวฟ ความแรงสุด (เครื่องที่บ้าน 800w) เวลาตามชอบว่าจะให้เยิ้มเท่าไหร่ ในที่นี้อยากเยิ้มพอเป็นกระสัย ใช้ 7 นาที
เคล็ดลับ: เวลาอาจเปลี่ยนถ้าไฟแรงต่างกันและขนาดไข่ต่างกัน"
ไข่หวานสอดไส้ชีส,"ตอกไข่ไก่ใส่ชามตีพอแตก ใส่น้ำเปล่า น้ำเชื่อมพริกไทยดำ และเกลือ ตีพอเข้ากันกรองด้วยกระชอนพักไว้ ทาน้ำมันลงบนภาชนะทรงเหลี่ยมให้ทั่ว
เทไข่ที่เตรียมไว้ลงไปครึ่งหนึ่งในภาชนะที่สามารถนำเข้าไมโครเวฟที่ 600 วัตต์ ประมาณ 5 นาที
นำออกมาแล้วโรยชีสมอสซาเรลลาให้ทั่ว แล้วเทไข่ที่เหลือลงไปนำเข้าไมโครเวฟที่ 600 วัตต์ อีกประมาณ 3-5 นาที หรือจนไข่สุกเซตตัวทั้งหมด รยด้วยต้นหอมสำหรับตกแต่ง เสิร์ฟพร้อมซอสมะเขือเทศ เพียงเท่านี้ก็เรียบร้อย"
มันบดอบชีส,"1
ล้างมันฝรั่งให้สะอาด ปอกเปลือก หั่นเป็นชิ้นๆ นำไปล้างอีกรอบจนน้ำใส ใส่น้ำลงหม้อเอาไปต้มจนนิ่ม
2
กรองมันฝรั่งลงกระชอนสะเด็ดน้ำ นำลงบดด้วยส้อม ระหว่างบด ใส่เนยสด นมสด ครีม เกลือ พริกไทยดำ ลงไปผสมและบดให้เนียนละเอียดเป็นเนื้อเดียวกัน
3
นำมันบดไปใส่ในภาชนะเข้าเตาอบได้ หรือใครไม่มีก็เอาเข้าเวฟได้นะคะ ใส่เชดด้าและมอสซาเรล่าชีส โรยบนมันบด นำเข้าเตาอบไฟบนหรือเวฟให้ชีสละลาย
4
อยากให้หน้าเกรียมๆ แบบเร็วๆ ก็นำปืนพ่นแก๊สมาเบิร์นบนชีสก็ได้ค่ะ จะได้หน้าเกรียมสวย ชีสเยิ้มๆ"
ห่อหมกทูน่ากระป๋อง,"นำทูน่ากระป๋องมากรองเอาน้ำออก เตรียมไว้
แล้วนำเนื้อทูน่ากระป๋อง มาโขลกกับพริกแดง หลังจากนั้นใส่น้ำปลา กะทิ และน้ำเชื่อมแท้ ตรามิตรผล คลุกเคล้าให้เข้ากัน
ตามด้วยไข่ และโรยใบมะกรูดซอย คลุกเคล้าให้เข้ากันอีกครั้ง
นำกะหล่ำปลีซอยวางรองก่อน แล้วตามด้วยห่อหมกทูน่าที่ทำเตรียมไว้ จากนั้นนำเข้าไมโครเวฟที่ 600 วัตต์ ประมาณ 3-4 นาที ทำหน้าห่อหมก
นำแป้งข้าวโพดผสมกับกะทิ คนให้เข้ากันแล้วนำเข้าไมโครเวฟที่ 600 วัตต์ ประมาณ​1 นาที
นำมาราดบนห่อหมก หลังจากนั้นนำเข้าไมโครเวฟที่ 600 วัตต์ อีก 1 นาที เสร็จแล้วนำออกจากเตาอบไมโครเวฟ แค่นี้ก็พร้อมเสิร์ฟขึ้นโต๊ะ โรยพริกชี้ฟ้าแดง และใบมะกรูดซอยพร้อมจัดเสิร์ฟ "
หุง(นึ่ง)ข้าวเหนียว ด้วยไมโครเวฟ,"- ตวงข้าวสารเหนียว 1 ถ.
- ซาวข้าวให้สะอาด
- เติมน้ำให้สูงกว่าเมล็ดข้าว ประมาณ 1 ซม.

2
- นำเข้าไมโครเวฟ ใช้ไฟ450 ตั้งเวลา 5 นาที
- นำข้าวเหนียวออกมาคลุกเคล้า กลับเอาด้านบนลงล่าง ด้านล่างขึ้นบน แล้วเข้าไมโครเวฟด้วยไฟ450 ตั้งเวลา 5 นาที อีก 1 รอบ
- พอหมดเวลา ไฟตัด ปิดฝาอบทิ้งไว้สักครู่

3
จะได้ข้าวเหนียวนุ่มๆ กินคู่กับหมูฝอย อร่อย"
คุกกี้ไมโครเวฟ,"ผสมแป้งคุกกี้
นำเนยจืดไปละลายในไมโครเวฟ เตรียมไว้
นำแป้งอเนกประสงค์ ไมโล 3 อิน1 ผงฟู มาร่อนใส่ชามเตรียมไว้ จากนั้นใส่เนยละลาย น้ำเชื่อม และนมจืด ผสมจนทุกอย่างเข้ากันเป็นเนื้อเดียว ปั้นคุกกี้ให้ได้น้ำหนักเท่า ๆ กัน จากนั้นใส่จานที่สามารถนำเข้าอบในไมโครเวฟได้ ปรับอุณหภูมิไมโครเวฟที่ 800 วัตต์ แบ่งระยะเวลาเป็น 30 วินาที, 15 วินาที, 10 วินาที และครั้งสุดท้าย 5-10 วินาที นำคุกกี้ที่อบเสร็จแล้วมาจัดเสิร์ฟใส่จานพร้อมนมสด "
นมน้ำผึ้งอุ่น,"1
นำนมจืดพาสเจอร์ไรส์ ใส่แก้ว เข้าไมโครเวฟ

2
ใส่น้ำผึ้งลงไป ตามความหวานที่ต้องการ

3
คนๆๆๆพร้อมดื่มก่อนนอนค่ะ"
กล้วยอบเนยไมโครเวฟ,"นำเนยจืดไปละลายในไมโครเวฟ เตรียมไว้
นำกล้วยน้ำว้ามาหั่น 3-4 ส่วน ตามขนาดความใหญ่ของกล้วยเตรียมใส่ถ้วยไว้
นำเนยจืดละลาย น้ำเชื่อมและงาขาว ผสมลงในชามที่มีกล้วย คลุกเคล้าอย่างเบามือจนเข้ากัน นำกล้วยจัดวางบนจานที่สามารถเข้าไมโครเวฟได้ และมีกระดาษไข ปรับอุณหภูมิไมโครเวฟที่ 800 วัตต์ เป็นเวลา 5-10 นาที หรืออบจนได้สีที่สวย
TIP : หากกลัวกล้วยอบเนยไหม้ให้ค่อย ๆ อบครั้งละ 3-4 นาที จนได้สีสวย นำ “กล้วยอบเนยไมโครเวฟ” มาพักให้เย็นลง จากนั้นจัดเสิร์ฟใส่จาน เพียงเท่านี้เราก็จะได้เมนูผลไม้เด็ด ๆ รสหวานอย่าง “กล้วยอบเนยไมโครเวฟ” ไว้รับประทานแล้วจ้า"
หมูตู้เกาหลี,"1
ทำน้ำจิ้มก่อนเลย เราใช้โคชูจัง หรือ ซอสเกาหลี ยี่ห้ออะไรก็ได้ ผสมมะนาว เกลือ พริก( จะตำจะหั่นก็ว่ากันไป) ปรุงรสตามใจปากเลยจ้า

ถ้าใครไม่ชอบเผ็ด ไม่ชอบรสจัด ลองน้ำจิ้มน้ำมันงาก็ได้ มีแค่น้ำมันงาผสมเกลือ หรือซีอิ้วขาว ก็อร่อยจ้า
เคล็ดลับ: ใช้น้ำจิ้มซีฟู้ดผสมซอสเลยก็ได้น่า

2
เตรียมผักห่อให้พร้อม ผักคอส พริกเขียว แค่นี้ก็ฟินได้

3
หันหมูสามชั้นเป็นชิ้นพอคำ ใส่เนย และซอสเทอริยากินิดหน่อย เพิ่มความหอมเพิ่มรสชาติ จากนั้น เข้าไมโครเวฟ ไปเลยจ้าาา

4
หมูพร้อม น้ำจิ้มพร้อม ผักพร้อม จัดการห่อหมูราดน่ำจิ้มเข้าปากไปเลย"
แซนด์วิชน้ำพริกเผาทูน่า,"นำขนมปังตัดขอบมาหั่นเป็นสี่เหลี่ยมจัตุรัสขนาดเท่า ๆ กัน จากนั้นทาขนมปังด้วย น้ำพริกเผาไทยไม่มีน้ำตาล ตราแม่ประนอม และวางด้านบนด้วยชีสเชดดาร์ ทำซ้ำแบบนี้อีก 2 ชั้น ด้านบนสุดให้โรยชีสมอสซาเรลลาไว้
นำขนมปังที่เราทำเรียงชั้นไว้เข้าไมโครเวฟที่ประมาณ 400-600 วัตต์ ระยะเวลา 1 นาที หรือจนกว่าชีสละลาย จากนั้นนำออกมาพักไว้ ทำน้ำพริกเผาทูน่า
นำเนื้อทูน่ากระป๋องมาผสมกับ น้ำพริกเผาไทยไม่มีน้ำตาล ตราแม่ประนอม 100 กรัม คลุกเคล้าให้เข้ากัน แล้วเตรียมไว้ นำน้ำพริกเผาทูน่าวางไว้ด้านบนแซนด์วิชที่นำออกมาพักไว้ แล้วโรยด้วยต้นหอมสำหรับตกแต่ง เพียงเท่านี้ “แซนด์วิชน้ำพริกเผาทูน่า” ก็พร้อมเสิร์ฟเป็นมื้อเช้าให้กับทุกคนแล้วจ้า"
ขนมปังเนยกรอบไมโครเวฟ,"1
ตัดขนมปังเป็น 4 ชิ้น หรือหากใครชอบชิ้นเล็กๆ ก็สามารถหั่นเต๋าได้เลยค่ะ

2
ทาเยนให้ทั่ว เราใช้ยี่ห้อนี้ค่ะ รสชาติจะออกมันๆ หอมๆ

3
โปะลงบนน้ำตาลทรายได้เลยค่ะ หรือจะโรยก็ไ้ด้นะคะ

4
ด้วยความเป็นเด็กหอไม่มีอุปกรณ์ ก็ใช้กล่องข้าวนี่แหละค่ะ โดยนำขนมปังแผ่ลงไป นำเข้าไมโครเวฟใช้ไฟปานกลาง ประมาณ 1.5-2 นาที

5
หลังจากเอาเข้าไมโครเวฟแล้ว นำออกมาผึ่งลมให้หายร้อนก็ทานได้แล้วค่ะ"
มันม่วงอบ ไมโครเวฟ,"1
ล้างมันม่วงให้สะอาด ไม่มีดินติดด้วยน้ำเปล่า
เคล็ดลับ: ถ้าจะทานเปล่าๆ หลังจากนี้ให้แช่น้ำเกลือเอาไว้ก่อนเอาขึ้นมาห่อกระดาษ จะอร่อยกว่า
2
เอาส้อมจิ้มเป็นรูให้ทั่ว
3
เอากระดาษเอนกประสงค์ชุบน้ำหมาดๆมาคลุมรอบมันอบ

แล้วเอาพลาสติกแรพไว้อีกชั้น
เอาส้อมจิ้มให้มีรูระบายอากาศ
4
เข้าไมโครเวฟประมาณ 2 นาที ต่อมัน2หัวกลางๆ ถ้ามากกว่านี้ต้องอบเพิ่ม ทดสอบโดยใช้ส้อมจิ้ม ถ้านิ่มดีคือสุกแล้ว ถ้ายังแข็งอยู่ ให้อบเพิ่มครั้งละ 1นาที"
ไข่ตุ๋นวุ้นเส้น,"นำ วุ้นเส้นแช่น้ำเปล่า 3 นาที แล้วนำไปหั่น ความยาวตามชอบ
ใสกุ้งสับลงในชามผสม ตามด้วยแครอท น้ำตาลทราย พริกไทย ซอสหอยนางรม และน้ำมันพืช คนให้เข้ากัน
นำไปใส่ในไมโครเวฟ 800 วัตต์ 5 นาที ตอกไข่ไก่ลงในชามผสม ตามด้วยนมสด ตีให้เข้ากัน
ใส่กุ้งทรงเครื่อง ตามด้วย วุ้นเส้น ตราต้นสน ที่เตรียมไว้ และโรยต้นหอม คนให้เข้ากัน ตักไข่ตุ๋นใส่ถ้วย และวางกุ้งสดลงไป
นำไปอบในไมโครเวฟ 450 วัตต์ 10 นาที
โรยกระเทียมเจียว และต้นหอม พร้อมเสิร์ฟจ้า "
คอร์นชีสยืด,"1
นำเนยไปละลาย ใส่น้ำตาล น้ำข้นจืด และเกลือ คลุกผสมกับข้าวโพดให้เข้ากัน

2
ใส่ชีสลงไปผสมคนให้เข้ากัน แล้วนำบางส่วนมาโรยหน้าบนข้าวโพดที่คลุกไว้

3
นำถ้วยเข้าไมโครเวฟ ใช้ไฟแรงประมาณ 2-3 นาที แล้วยกเสริฟได้"
บะหมี่ไข่ตุ๋นไมโครเวฟ,"นำซุปก้อน รสหมู ใส่ลงในน้ำเปล่า แล้วนำเข้าไมโครเวฟ ใช้ความร้อน 800 วัตต์ นาน 2 นาที แล้วนำออกมาคนจนละลายเข้ากันดี พักให้เย็นซักครู่ ทำไข่ตุ๋น
ตีไข่ให้เข้ากัน แล้วนำน้ำซุปที่ทำไว้มาเทลงไป คนผสมให้เข้ากัน
เมื่อคนผสมไข่เข้ากันดีแล้ว นำไปเทลงในเส้นบะหมี่ที่ลวกสุกแล้ว แล้วนำเข้าไมโครเวฟ ใช้ความร้อน 500 วัตต์ 10 นาที หลังจากนำเข้าไมโครเวฟรอบแรก ไข่จะเริ่มเซตตัว ให้นำออกมา แต่งหน้าด้วย ปูอัด ไส้กรอก และหมูสับรวน แล้วนำเข้าไมโครเวฟอีกครั้ง ใช้ความร้อน 800 วัตต์ 1 นาที
นำออกจากไมโครเวฟ โรยด้วยต้นหอมซอย พร้อมรับประทาน"
ต๊อกโปกิ แบบกึ่งสำเร็จรูป,"1
วันนี้ เราใช้ต๊อกกิ โกโก 1 ถุงนะคะ
เคล็ดลับ: หาซื้อได้ที่ Big C และร้าน Sukishi ค่ะ ราคา ซองละ 69บาท

2
สามารถทำได้ทั้งผัดในกระทะ หรือเข้าเวฟก็ได้ค่ะ เราเลือกผัดในกระทะ

บีบซอสในถุงลงไป

3
ใส่เส้นต๊อกโปกิในถุงลงไปให้หมดเลยค่ะ
เคล็ดลับ: ไม่ต้องนำไปต้มนะคะ เส้นต๊อกโปกิ ของ ต๊อกกิ โกโก สามารถใช้ได้เลยค่ะ

4
ใส่ไส้กรอกที่หั่นแล้วลงไปเลยค่ะ
เคล็ดลับ: ถ้าใครอยากใส่เบคอน ลูกชิ้นปลาเกาหลีลงไปก็ได้ในขั้นตอนนี้เลย

5
ผัดให้เข้ากันเล็กน้อย แล้วเติมน้ำเปล่า 100มล. ลงไปผัดด้วยเลยค่ะ
เคล็ดลับ: ถ้าทำในไมโครเวฟ ใส่น้ำเปล่าแค่ 50มล. ก็พอค่ะ

6
พอเริ่มได้ที่แล้ว เราใส่ต้นหอมลงไปผัดด้วย

7
ปิดไฟ แล้วใส่ไข่ต้มยางมะตูม ลงไปคลุกเคล้ากับซอส

8
เทลงจานได้เลยค่ะ

9
ใส่มอซซาเรลล่าชีสแผ่นวางลงไปด้านบน 1แผ่น

10
ความร้อนจากต๊อกโปกิ ที่เพิ่งจะนำขึ้นมาจากกระทะ ช่วยทำให้ชีสของเราเยิ้มๆ น่าทานมากกก
โรยต้นหอมซอยลงไป แค่นี้ก็พร้อมทานแล้วค่ะ

11
อร่อย เข้มข้น เส้นเหนียวนุ่ม หนึบหนับ และมีชีสมาทำให้รสชาติกลมกล่อมยิ่งขึ้น อร่อยมากกกกกก เข้มข้น แบบไม่ต้องปรุงเพิ่ม อ่านต่อได้ที่ https://www.wongnai.com/recipes/ugc/024a7bf7d2ff4c39a150beaa9b40cb67?ref=ct"
ต้มยําปลากระป๋อง,"ทำต้มยําปลากระป๋อง
ใส่น้ำลงในชามทนความร้อน ใส่ข่า ตะไคร้ ใบมะกรูด หอมแดง และพริก ลงไป นำเข้าไมโครเวฟ โดยใช้ความร้อน 1100 วัตต์ เป็นเวลา 4 นาที
นำออกมาจากไมโครเวฟ จากนั้นใส่ปลากระป๋อง เห็ดนางฟ้า น้ำปลา และน้ำตาลตามลงไป คนให้เข้ากัน นำเข้าไมโครเวฟใช้ความร้อน 1,100 วัตต์ เป็นเวลา 2 นาที
นำออกมาจากไมโครเวฟแล้วบีบมะนาวใส่ลงไปคนให้เข้ากันอีกครั้ง ตักเสิร์ฟตกแต่งด้วยใบสะระแหน่กับพริกขี้หนูเป็นอันเสร็จ"
กระดูกหมูนึ่งเต้าเจี้ยว,"1
ล้างกระดูกหมูให้สะอาด, ดมดูไม่มีกลิ่นคาว สะเด็ดน้ำไว้
2
ผสมเครื่องปรุงต่างๆ คลุกกับกระดูกหมู หมักทิ้งไว้ 10 นาที

3
เมื่อครบเวลาที่หมักไว้ เอามาใส่ถ้วยสำหรับนึ่งในไมโครเวฟ, ปิดฝา และ เข้าไมโครเวฟ ไฟแรง เวลา 5 นาที

4
ครบ 5 นาทีเอาออกมา เปิดฝา คน กระดูกหมู เติมน้ำเปล่าไป 2 ช้อนโต๊ะคน ปิดฝา ใส่ไมโครเวฟ ไฟอ่อน 5 นาที ถ้าชอบน้ำใส่น้ำเพิ่มได้ 1-2 ช้อนโต๊ะ คนให้เข้ากัน พร้อมรับประทาน

5
ตักเสริฟ-พร้อมข้าว, บะหมี่ ร้อนๆ ถ้ามีผักชี, แตงกวา นำมาแกล้มได้"
ข้าวเหนียวน้ำกะทิทุเรียน,"ทำข้าวเหนียวมูนในไมโครเวฟ
ล้างข้าวเหนียวให้สะอาด สัก 2 น้ำ แล้วแช่ข้าวกับน้ำสะอาดทิ้งไว้ 3 ชั่วโมง
ครบ 3 ชั่วโมงแล้ว ซาวข้าวเหนียวออกจากน้ำที่แช่ไว้ ใส่ในภาชนะที่มีฝาปิด และมีรูเปิดได้ รวมถึงสามารถนำเข้าไมโครเวฟได้ด้วย โดยเติมน้ำสะอาดลงไป 1.25 ถ้วยตวง ให้พอปริ่มข้าว
ปิดฝาแล้วนำเข้าไมโครเวฟ ใช้ไฟแรงสุด 2 นาที ครบแล้วออกมากลับข้าว นำเข้าไมโครเวฟต่ออีก 2 นาที ทำแบบน้ำประมาณ 4-5 รอบ ระหว่างรอบสังเกตดูด้วยว่าข้าวสุกหรือยัง ถ้าสุก และน้ำแห้งแล้วก็พอค่ะ
ระหว่างรอหุงข้าว ตั้งกะทิ ¾ ถ้วยตวงบนเตาแก๊สด้วยไฟกลาง ๆ ใส่ใบเตยลงไป ต้มสักพักพอร้อนใส่น้ำตาลทราย 2 ช้อนโต๊ะ และเกลือป่น ½ ช้อนชา
นำข้าวเหนียวที่หุงสุกแล้ว ใส่ในถ้วยใบใหญ่ เติมน้ำกะทิลงไป คนให้เข้ากัน ปิดฝาทิ้งไว้ 10 นาที เปิดออกมากลับด้าน แล้วปิดฝาไว้อีก 10 นาที 
TIPS

ข้าวเหนียวที่หุงต้องใส่น้ำให้พอดี เนื่องจากเราจะนำมามูนกับกะทิอีกครั้ง ถ้าใส่น้ำเยอะเกินไป ข้าวเหนียวจะอ่อนเละมากไปค่ะ
กะทิที่ใช้มูนข้าวเหนียว และน้ำกะทิทุเรียน ต้องตั้งไฟกลางหรือไฟอ่อน เพื่อไม่ให้กะทิร้อนเกินไปจนแตกมัน
ใช้กะทิคั้นสดจากตลาดหรือคั้นเอง จะหอมอร่อยกว่ากะทิกล่อง
เทคนิคในการมูนข้าวเหนียว ต้องใช้น้ำกะทิ และข้าวเหนียวร้อน กะทิถึงจะเข้าเนื้อ  ทำน้ำกะทิทุเรียน
ตั้งกะทิให้ร้อนด้วยไฟกลาง เติมน้ำตาลโตนด 2 ช้อนโต๊ะ น้ำตาลทราย 2 ช้อนโต๊ะ เกลือป่น 1 ช้อนชา และใบเตย 3 ใบ
เติมเนื้อทุเรียนที่ฉีกออกจากเม็ดแล้วลงไป ส่วนที่ติดเม็ดก็ใส่ลงไปได้ทั้งเม็ดเช่นกัน ตั้งไฟให้ร้อนอีกครั้ง
เมื่อทุเรียนสุกและเข้ากับน้ำกะทิแล้ว ตักใบเตยทิ้งไปเลยค่ะ จัดเสิร์ฟข้าวเหนียวน้ำกะทิทุเรียน
ตักข้าวเหนียวมูนใส่ลงถ้วย ราดด้วยน้ำกะทิทุเรียนอุ่น ๆ เท่านี้ “ข้าวเหนียวน้ำกะทิทุเรียน” ก็พร้อมเสิร์ฟแล้วค่ะ"
มาม่าต้มยำไข่ตุ๋น,"1. ต้มมาม่า โดยนำเข้าไมโครเวฟใช้ความร้อน 1,100 วัตต์ เป็นเวลา 2 นาที แล้วนำออกมารินน้ำออกพักไว้

2. ตอกไข่ใส่ชาม ใส่น้ำ ตีให้เข้ากัน ใส่ผงปรุงรสต้มยำ คนให้เข้ากันอีกที แล้วจึงใส่กุ้งขาว และมาม่า ลงไป

3. ปิดฝา แล้วนำเข้าไมโครเวฟ โดยใช้ความร้อน 400 วัตต์ เป็นเวลา 10 นาที นำออก แล้วตกแต่งหน้า ด้วยกุ้ง ข่า ตะไคร้ ใบมะกรูด

4. นำเข้าไมโครเวฟอีกครั้ง โดยใช้ความร้อน 700 วัตต์ เป็นเวลา 5 นาที จนกุ้งสุก เป็นอันพร้อมรับประทาน"
แกงจืดเต้าหู้หมูสับ,"1. ผสมหมูสับ กระเทียม รากผักชี เกลือป่น และน้ำมันหอย ให้เข้ากันแล้วพักไว้

2. เทน้ำเปล่าใส่ชาม ตามด้วยน้ำซุปเข้มข้น ซีอิ๊วขาว น้ำตาลทราย แครอทหั่นแว่น คนให้เข้ากัน แล้วนำเข้าไมโครเวฟ โดยใช้ความร้อน 1,100 วัตต์ เป็นเวลา 4 นาที

3. เมื่อน้ำเดือดนำออกมาใส่หมูสับ โดยปั้นเป็นก้อน ๆ แล้วนำเข้าไมโครเวฟอีกทีโดยใช้ความร้อน 1,100 วัตต์ เป็นเวลา 2 นาที

4. นำออกมาอีกครั้ง แล้วใส่ผักกาดขาวหั่น ตามด้วยเต้าหู้ไข่ แล้วเข้าไมโครเวฟโดยใช้ความร้อน 1,100 วัตต์ เป็นเวลา 1 นาที

5. เสร็จแล้วโรยด้วยขึ้นฉ่าย ตักเสิร์ฟพร้อมรับประทาน "
ลาบมาม่า,"1. นำมาม่าใส่น้ำเปล่า เข้าไมโครเวฟ โดยใช้ความร้อน 1100 วัตต์ เป็นเวลา 2 นาที นำออกมารินน้ำออกพักไว้

2. เทหมูสับใส่ชามผสม ใส่น้ำเล็กน้อย คนให้เข้ากัน เข้าไมโครเวฟ โดยใช้ความร้อน1,100วัตต์ เป็นเวลา 2นาที คอยนำออกมาคนทุก ๆ 30 วินาที แล้วนำออกมาปรุงด้วยน้ำปลา น้ำตาลทราย พริกป่น ข้าวคั่ว และน้ำมะนาว คลุกเคล้าจนเข้ากันดี

3. ใส่ผักชีฝรั่งหอมแดง หอมใหญ่ ผักชี ต้นหอมลงไปคลุกให้เข้ากัน

4. ใส่เส้นบะหมี่ลงไปคลุกให้เข้ากันเป็นขั้นตอนสุดท้าย จากนั้นตักใส่จานเสิร์ฟได้เลย"
ต้มยำหมูสับไข่น้ำ,"ทอดไข่
ในชามผสมตอกไข่ลงไป เติมน้ำมันหอย ตีให้เข้ากัน
ตั้งกระทะไฟกลาง ใส่น้ำมันลงไป ทอดไข่จนสุก
เมื่อไข่เย็นลงแล้ว หั่นเป็นชิ้น ๆ พักไว้ ทำต้มยำ
ตั้งกระทะไฟกลางใส่น้ำมันเล็กน้อย นำกระเทียมลงไปผัดจนหอม จากนั้นใส่หมูสับลงไป ผัดจนหมูสับเริ่มแห้งลง
เติมน้ำเปล่าลงไป ปรุงรสด้วยผงปรุงรส น้ำตาล พริกป่น น้ำปลา น้ำพริกเผาและถั่วลิสงคั่วป่น คนให้เข้ากัน
เมื่อเข้ากันแล้ว เติมไข่ที่ทอดไว้ลงไป คนให้เข้ากัน แล้วบีบมะนาว ใส่ต้มยำหมูสับไข่น้ำลงในถ้วย โรยด้วยต้นหอมและผักชีตามชอบ พร้อมเสิร์ฟ"
ต้มยำกุ้งน้ำข้นยอดมะพร้าว,"ต้ม
หั่นเห็ดให้เป็นแว่นตามชอบ
ต้มน้ำจนเดือด ใส่ใบมะกรูด ตะไคร้ และข่าลงไป เมื่อต้มไปสักพัก ปรุงรสด้วยน้ำพริกเผา น้ำปลา พริกขี้หนู และมะนาว จากนั้นเติมนมข้นจืดลงไป หรี่ให้เป็นไฟอ่อน ใส่กุ้งลงไป 
เมื่อกุ้งเริ่มสุก ใส่ยอดมะพร้าว เห็ดต่าง ๆ และมะเขือเทศ
เมื่อได้รสที่ต้องการแล้วปิดไฟ โรยผักชีฝรั่งลงไป ตักใส่ถ้วย พร้อมจัดเสิร์ฟ"
สุกี้หม่าล่า,นำหม้อมาตั้งไฟกลาง ใส่น้ำมันงาลงไป ตามด้วยกระเทียม เก๋ากี้ ลูกกระวาน ขิง โปยกั๊ก ตังกุย อบเชย และพริกแห้ง ผัดจนหอม เทซุปลงไป ปรุงรสด้วยพริกหม่าล่า เกลือ น้ำตาลกรวด และซีอิ๊วขาว ต้มจนเดือด เทซุปลงในหม้อชาบู เสิร์ฟพร้อมเนื้อสัตว์และผักต่าง ๆ ตามชอบ
ต้มจืดผักกาดดอง ใส่กระดูกหมู,"1
หั่นกระดูกหมูล้างน้ำให้สะอาด ตั้งหม้อใส่น้ำต้มให้เดือด
2
น้ำเริ่มเดือด ใส่ซุปหมูก้อนคนอร์ ทุบกระเทียมใส่ในหม้อ พร้อมกระดูกหมู

3
นำผักกาดดองหั่นเป็นชิ้น ขยำน้ำเปล่าให้ความเปรี้ยวลดน้อยลง บีบน้ำออกให้หมด

4
เมื่อกระดูกหมูสุกแล้ว ให้ใส่ผักกาดดองที่เตรียมไว้
5
ต้มไปเรื่อยจนเดือด ใส่น้ำตาลตัดรสชาติเปรี้ยวนิดหน่อย ใช้ไฟอ่อน เคี่ยวให้กระดูกหมูและผักกาดดองเปื่อย ประมาณ 30 นาที จากนั้นยกเสิร์ฟได้"
แกงกะทิสายบัวปลาทูนึ่ง,"1
1. โขลกหอมแดงพอละเอียด ใส่พริกไทยเม็ดลงไปโขลกให้พอเข้ากัน แล้วใส่กะปิ โขลกต่อให้ละเอียดดี

2
2. นำหางกะทิใส่ลงไปในหม้อ เอาขึ้นตั้งไฟ นำน้ำพริกแกงที่ตำไว้แล้วใส่ลงไป คนให้ละลายแล้วรอให้เดือด จนมีกลิ่นหอม
3
3.ใส่สายบัวปรุงรสด้วยน้ำตาลปี๊บ เกลือ และน้ำมะขามเปียกข้นๆ คนให้น้ำตาลละลาย และสายบัวสลด

4
4. ใส่ปลาทูแกะแล้วและหัวกะทิลงไป คนเบาๆให้เข้ากัน ตักเสิร์ฟได้ "
แกงเห็ดใส่ใบแมงลัก,"1
ตำพริก กระเทียม หอมแดง ตะไคร้ให้แตก
2
ตำพริก กระเทียม หอมแดง ตะไคร้ที่หั่นเป็นแว่นๆ ให้ละเอียด
3
ตั้งหม้อต้มน้ำ พอน้ำเดือดใส่เครื่องแกง ใส่น้ำปลาร้า ใส่ผงปรุงรส จากนั้นใส่เห็ดตามลงไป ปล่อยให้เดือดแป๊บนึง

4
พอเห็ดสุก ชิมน้ำแกง ขาดเค็มก็เติมเกลือ ถ้ารู้สึกเค็มโดด ลองตัดรสชาติด้วยน้ำตาลนิดนึง พอใจในรสชาติแล้วปิดเตาแก๊ส ใสใบแมงลักลงไป คนๆตักเสริฟ์"
แกงเลียงกุ้งสด,
แกงเลียงกุ้งสด,"1
จัดเตรียมส่วนผสมและเครื่องปรุงต่างๆ
เคล็ดลับ: ล้างผักให้สะอาด หั่นเป็นชิ้นๆพอดีคำ

2
เริ่มจากการทำพริกแกงเลียงกันก่อน โดยนำส่วนผสมข้างต้น กุ้งแห้ง กระชาย พริกไทย พริกขี้หนู รากผักชี หอมแดง กุ้งลวกและกะปิ โขลกเข้ากันตามลำดับ โขลกพอหยาบๆไม่ต้องละเอียดมาก

3
ตั้งหม้อใส่น้ำซุบรอให้เดือด แล้วใส่พริกแกงลงไปรอให้เดือดอีกครั้ง

4
ใส่ผักลงไปเริ่มจากฟักทอง ข้าวโพดอ่อน บวบ และเห็ด ปรุงรสด้วยน้ำปลา ซีอิ๊วขาว น้ำตาล แล้วต้มต่อให้เดือดและผักได้ที่แล้วใส่กุ้งลงไป

5
ขั้นตอนสุดท้ายใส่ใบแมงลัก ปิดเตาตักเสริฟร้อนๆ"
โจ๊กหมู,"1
เริ่มจากหมักหมูเด้งกันก่อน มาดูส่วนผสมทั้งหมดกันค่ะ
เคล็ดลับ: หมูที่หมักสามารถนำไปทำเมนูอื่นได้อีก เช่น แกงจืด

2
นำส่วนผสมทุกอย่างมาคลุกเคล้ากับหมูสับ. จากนั้นนำหมูที่คลุกไว้ลงไปนวดในครกจนได้เนื้อหมูเด้งๆ หมักเก็บไว้ในตู้เย็น
เคล็ดลับ: ทำหมักไว้ตอนกลางคืน เช้าเอาออกมาทำ

3
เตรียมส่วนผสมและเครื่องปรุงในการทำโจ๊ก
เคล็ดลับ: ใช้ข้าวหอมมะลิ และข้าวเหนียวเอาไปปั่นให้พอละเอียดทำให้สุกง่าย เนื้อเนียน

4
ตั้งหม้อต้มน้ำให้เดือดใส่ข้าวหอมมะลิบดและข้าวเหนียวบดลงไปตุ๋น หมั่นคนๆบ่อยไม่งั้นข้าวจะไหม้ติดก้นหม้อ ใช้เวลาประมาณ 30นาที ตุ๋นจนข้าวสุกเนื้อเนียนปิดเตา

5
จากนั้นทำน้ำซุปต่อ ตั้งหม้อต้มน้ำ ใส่รากผักชีและเห็ดหอมลงไป รอให้เดือดใส่ขิงหั่นแว่น ปรุงรสด้วยซีอิ๊วขาวเห็ดหอม และคนอร์ซอสข้น รอให้เดือดอีกรอบ

6
ปั้นหมูเด้งเป็นก้อนๆพอดีคำ ใส่หมูเด้งลงไปต้มจนสุก
เคล็ดลับ: อย่าลืมช้อนฟองออกจะทำให้ได้น้ำซุปใส

7
ตักหมูเด้งออกให้เหลือแต่น้ำซุป. ตักข้าวที่ตุ๋นไว้ใส่กับน้ำซุปคนให้เข้ากัน

8
ตักใส่ชาม ตอกใข่ลวก โรยต้นหอมผักชี ขิงซอย หมูเด้งพร้อมจัดเสริฟอาหารเช้า อร่อยๆ"
พะแนงหมู,"1
ตั้งกระทะให้ร้อน ใส่หัวกะทิลงไปเคี่ยวให้แตกมัน ใส่น้ำพริกพะแนงลงไปเคี่ยวต่อไฟกลางๆจนน้ำพริกเข้ากันดี เคี่ยวจนกว่าน้ำพริกจะหอมและเริ่มแตกมันเล็กน้อย
เคล็ดลับ: การทำพะแนงเราไม่ต้องผัดน้ำพริกกับกะทิให้แตกมันเยอะมากครับ เพราะเมื่อใส่เนื้อสัตว์ลงไปแล้วจะต้องเคี่ยวจนกว่าจะเข้าเนื้อจนกว่าน้ำแกงจะข้น กะทิจะแตกมันตอนที่เราเคี่ยวเนื้อสัตว์อีกครับ

2
ใส่ใบมะกรูดฉีกลงไปบางส่วนจะทำให้น้ำพริกหอมขึ้น ปรุงรสด้วยน้ำตาลปึก น้ำปลา ชิมรสดูให้ออกรสเผ็ด หวานปะแล่มๆ และเค็ม


3
ใส่เนื้อหมูหั่นลงไปเคี่ยวด้วยกันจนกว่าจะสุกเข้าเนื้อ ถ้าทำน้อยสามารถเคี่ยวในกระทะได้เลยนะครับ ถ้าน้ำแกงข้นไปก็สามารถเติมตัวกะทิไปเรื่อยๆได้ กะดูว่าพอสุกเข้าเนื้อดีจะมีน้ำแกงพอๆกับเนื้อครับ


4
แต่ถ้าทำเยอะแนะนำให้เคี่ยวในหม้อตัวกะทิดีกว่าครับ แกงตรงก้นจะได้ไม่ไหม้ ปริมาณตัวกะทิก็ค่อยๆเติมนะครับ เคี่ยวไปเติมไปเรื่อยๆจนกว่าจะสุกเข้าเนื้อ

5
พอสุกเข้าเนื้อดีก็ใส่ใบมะกรูดที่เหลือ ถั่วฝักยาว
เคล็ดลับ: (อันนี้เป็นความชอบส่วนตัวนะครับ ใครจะไม่ใส่ก็ได้ครับก็จะได้เป็นพะแนงแบบดั้งเดิม หรือใครจะเปลี่ยนไปใส่ผักอย่างอื่นๆก็ได้ อาทิเช่น มะเขือพวง มะเขือเปราะ)

6
พอถั่วฝักยาวสุกดีก็ใส่พริกชี้ฟ้าซอย ก็ปิดไฟได้ครับ"
แกงกะหรี่ญี่ปุ่น,"1
1. หันมันฝรั่ง แครอท หอมใหญ่ ขนาดพอคำ

2
2.ตั้งไฟใส่เนยจืด ผัดมันฝรั่ง แครอท หอมใหญ่ จนมีกลิ่นหอม
เคล็ดลับ: ใช้ไฟอ่อน ผัดแบบใจเย็น
3
3.โรยเกลือ พริกไทย ผัดต่ออีก 2-3 นาที
4
4. เติมน้ำเปล่าใส่จนท่วมผักที่ผัดไว้
เคล็ดลับ: เร่งไฟรอจนน้ำเดือด
5
5.ใส่ก้อนแกงกะหรี่ น้ำตาล โชยุ ใบโอลีฟ นมจืด ซุปก้อน คนช้าๆจนละลาย
เคล็ดลับ: ใช้ไฟกลาง เพราะแกงกะหรี่จะเริ่มข้น หากข้นเกินไปให้เติมน้ำเพิ่มนิดหน่อย
6
6.รอให้เดือดอีกนิด ใส่หมูสไลด์ลงไป เคี้ยวต่อ 10-15 นาที
เคล็ดลับ: ลดไฟอ่อน มั่นคนบ่อยๆ ไม่ให้ข้างล่างไหม้
7
เสร็จเรียบร้อยจะทานคู่กับหมูทอด ไก่ทอด ไข่ต้ม แล้วแต่ชอบ หรือจะเติมน้ำซุปเพิ่มแล้วทานกับอุดง ก็อร่อย"
แกงหน่อไม้(ลาว),"1
เตรียมส่วนผสมทำเครื่องแกง

2
โคลก หอมแดง ตะไคร้ พริก ข่า ข้าวเบือ เกลือ ให้แหลกแต่ไม่ต้องละเอียด

3
ต้มน้ำใบย่านาง ใส่เครื่องแกง ใส่หน่อไม้ที่ต้มทิ้งน้ำแล้ว ใส่น้ำปลาร้า รอเดือด 5 นาที ช้อนฟองทิ้งเรื่อยๆ
ปรุงรส น้ำตาล น้ำปลา ชูรสเล็กน้อย

4
ใส่เห็ด

5
ใส่ใบแมงลักและใบชะอม

6
รอเดือดนาน 3 - 5 นาที ปิดไฟ พร้อมรับประทาน"
ไข่พะโล้,"1
ใส่ซีอิ้วดำคลุกไข่ต้มครับ ย้อมสีซะหน่อย ^^

2
ผงพะโล้สำเร็จ ผัดกับรากผักชี รากผักชีทุบก่อนนะครับ

3
หั่นหมูเตรียมไปผัดกับผงพะโล้แลพรากผักชีครับ

4
ตั้งหม้อต้มใส่น้ำมัน นำรากผักชีและหมูไปผัดพอตึงๆแล้วใส่ผงพะโล้ลงไปเลยครับ

5
หน้าตาจะเป็นแบบนี้ครับ

6
ค่อยๆใส่ไข่ต้มที่เราคลุกซีอิ้วดำหวานครับ

7
ใส่น้ำแล้วแรงไปแรง 5 นาที พอเดือดแล้วค่อยลดไฟอ่อนครับ ตุ๋นไป 1-2 ชั่วโมงเอาตามชอบเลยนะครับ

8
พอหมูเปื่อยได้ที่แล้วตักเสริ์ฟครับ"
ต้มแซ่บเนื้อ,"1
เตรียมส่วนผสมและเครื่องปรุง หั่นเนื้อวัวเป็นชิ้น หั่นตะไคร้ และซอยผัก และนำพริกแห้งคั่วไปโขลกให้พอละเอียดหยาบๆ

2
ต้มน้ำใส่ตะไคร้ หอมแดง ข่า รากผักชี และเกลือลงไป รอให้เดือด ใส่เนื้อวัวลงไปต้มพอน้ำเดือดจะมีฟองและไขมันจากเนื้อ ให้ช้อนฟองออกทิ้ง ตุ๋นด้วยไฟอ่อนประมาณ 2ชั่วโมง ระหว่างตุ๋นคอยเติมน้ำเรื่อยๆจะได้ไม่แห้ง
เคล็ดลับ: (ยังไม่ต่องใส่ใบมะกรูดนะคะ รอตุ๋นเนื้อไปสักพักค่อยใส่)

3
ตุ๋นไปสักประมาณ1ชั่วโมง ใส่ใบมะกรูดลงไปแล้วตุ๋นต่อจนเนื้อเปื่อย

4
พอตุ๋นได้ที่แล้ว ปรุงด้วยน้ำตาล น้ำปลา พริกแห้งคั่ว พริกขี้หนู น้ำมะขามเปียก ชิมรสชาตสามารถเพิ่มเติมเครื่องปรุงได้ ปิดเตา
เคล็ดลับ: (ถ้าไม่ชอบน้ำมะขามเปียกก็ใส่น้ำมะนาวอย่างเดียวก็ได้ค่ะ)

5
ใส่ต้นหอมซอย ผักชีฝรั่งซอย และเติมน้ำมะนาวลงไป เสิร์ฟ"
ต้มยำขาหมู,"1
ล้างขาหมูให้สะอาด พักไว้ นำน้ำใส่หม้อต้มให้เดือดใส่เกลือป่นลงไป...นำขาหมูที่พักไว้ ลงไปลวกในน้ำร้อนให้พอสุก แล้วตักขึ้น เอาน้ำทิ้ง (ทำแบบนี้เพื่อดับคาวค่ะ)
2
เอาน้ำใส่หม้อตั้งไฟอีกที ...ใส่ตะไคร้หั่นแฉลบ..ข่าหั่นแว่น และใบมะกรูดฉีก ลงไปต้ม...พอน้ำเดือด..ใส่ขาหมูตามลงไป
3
พอน้ำเดือดอีกที หมั่นช้อนฟองทิ้งให้จนหมด...น้ำซุปจะได้ใส แล้วไม่มีกลิ่นคาว
4
เคี่ยวต่อด้วยไฟอ่อนๆ ไปประมาณครึ่งชั่วโมง หรือจนกระทั่งขาหมูนิ่ม...ปรุงรสด้วยน้ำปลา ผงปรุงรสคนอร์ และเกลือป่น
5
ขาหมูเปื่อยดีแล้ว ก็ปิดไฟ
6
เวลาจะกินก็ ตักต้มยำขาหมูใส่ชาม ปรุงรสด้วยน้ำมะนาว..พริกขี้หนูแห้งทอดฉีก ๆ ลงไป ...ใครจะใส่น้ำพริกเผาด้วยก็ได้...โรยหน้า ด้วยผักชีใบเลื่อยและผักชี...แค่นี้ก็เป็นอันเสร็จ....กินร้อนๆ ซดคล่องคอมากค่ะ"
ยำไก่ (อาหารเหนือ),"1
ต้มไก่ก่อน
ล้างไก่ให้สะอาด สับเป็นชิ้นตามส่วนต่างๆของไก่ เทน้ำสะอาดลงหม้อ หั่นตะไคร้ ใบมะกรูด และไก่ใส่ลงไปต้มพร้อมกันจนไก่สุก
2
พอไก่สุกและนิ่มได้ที่ตามต้องการ นำขึ้นมาพักไว้ให้คลายร้อนก่อนจึงนำมาฉีกเป็นเส้นๆ
3
นำไก่ฉีกใส่ลงหม้ออีกรอบ อุ่นให้ร้อนหน่อยก็ได้ ปรุงรสด้วย พริกลาบตามชอบ ใส่ผักชี ต้มหอม ผักแพ้วลงไป ปรุงรสด้วยน้ำปลานิดหน่อย ตักใส่ชามเสิร์ฟ โรยผักชีต้นหอม"
แกงสับปะรดใส่หอยแมลงภู่,"1
เตรียมวัตถุดิบกันค่ะ

- ตัวพริกแกงแดง : ครั้งนี้เดียร์ซื้อแบบสำเร็จรูปมาจากตลาดค่ะ ไม่ได้ตำเอง
- หอยแมลงภู่ : ซื้อแบบแกะสำเร็จมาแล้วที่ตลาดเช่นกันค่ะ (1/2โล 55บาท เองค่ะ)

2
เตรียมตัวหอยแมลงภู่กันค่ะ

ใครซื้อแบบแกะมาแล้วจากตลาด แนะนำให้ต้มน้ำเดือดเพื่อล้างเศษก่อนนะคะ ไม่งั้นอาจมีเศษหรือกลิ่นคาวได้

3
กรองน้ำร้อนออกจากหอยแมลงภู่ และล้างน้ำสะอาดซัก 1-2 ที ค่ะ

4
เตรียมสับปะรด กันต่อค่า

เดียร์จะใช้วิธีการสับๆ เหมือนสับ
มะละกอเวลาทำส้มตำอะค่ะ
เคล็ดลับ: หลังจากสับเรียบร้อยแล้ว น้ำสับปะรดจะเยอะมาก ให้กรองออกเอาแต่เนื้อค่ะ

5
มาเริ่มทำตัวแกงกันเลยค่า

นำหัวกะทิ เทลงกะทะ ( ไม่ต้องเทหมดนะคะเหลือไว้นิดนึงเพื่อมาเทตอนหลังอีกทีค่ะ ) รอจนกะทิเดือดและแตกมัน ค่อยใส่พริกแกงแดงลงไปผัด

6
คนจนพริกแกงและหัวกะทิละลายรวมกัน จะได้กลิ่นหอมลอยขึ้นมาเลยค่ะ

7
หลังจากนั้นใส่หอยแลงภู่ต้มลงได้เลยค่ะ

8
ตามด้วยใบมะกรูด

9
ใส่หางกะทิ ได้เลยค่ะ
เคล็ดลับ: ตัวหางกะทิต้องใส่แบบเข้มข้นนิดนึงนะคะ หากหางกะทิเจือจางแนะนำให้ใส่ไม่ต้องเยอะค่ะ เนื่องจากน้ำจากสับปะรดจะออกมาเยอะอาจทำให้ไปเจือจางได้ค่ะ

10
ใส่สับปะรดสับลงต่อเลยค่ะ

11
หลังจากนั้นก็ปรุงด้วย น้ำปลา , รสดี, น้ำตาลปี๊บ ตามที่ตัวเองชอบได้เลยค่ะ

12
ใส่หัวกะทิที่เหลือไว้เทลงแกง และต้มต่ออีก 5 นาที เป็นอันเสร็จ"
หมูสับต้มเกี่ยมบ๊วย,ตั้งกระทะใส่น้ำมัน นำบ๊วยลงไปผัด จากนั้นใส่หมูสับลงไปผัดตาม เมื่อหมูเริ่มสุก เทน้ำซุปลงไป เมื่อน้ำเดือด ใส่รากผักชีบุบ ปรุงรสด้วยซีอิ๊วขาว และปิดท้ายด้วยผักชีสับ ก่อนจัดเสิร์ฟ
สปาเก็ตตี้ซอสพริกมิกซ์มะเขือเทศหมูสับ,"1
ต้มเส้นสปาเก็ตตี้ ในน้ำเดือดที่ผสมน้ำมันพืชและเกลือ ประมาณ 15-20 นาที จากนั้นนำเส้นสปาเก็ตตี้ที่ผ่านการต้มแล้ว ไปผ่านในน้ำเย็นจัด ยกขึ้นพักไว้ในกระชอน คลุกเคล้าด้วยน้ำมันพืชเล็กน้อย
เคล็ดลับ: ตามคำแนะนำข้างกล่องนะครับ เพราะแต่ละยี่ห้ออาจไม่เหมือนกัน
2
หั่นมะเขือเทศเป็นชิ้นเล็ก จากนั้นนำไปปั่นด้วยเครื่องปั่นจนเป็นเนื้อเดียวกัน นำขึ้นพักไว้
3
ตั้งกระทะบนเตา เมื่อร้อนแล้วจึงเติมน้ำมัน แบ่งหอมหัวใหญ่บดละเอียดมา 1/4 ส่วน ผัดกับน้ำมันจนหอม
4
เติมหมูสับลงไป ผัดจนสุก จากนั้นตามด้วยเนื้อมะเขือเทศปั่น ซอสมะเขือเทศ ซอสพริก หอมหัวใหญ่บดละเอียด (3/4 ส่วน) และเกลือป่นเล็กน้อย คลุกเคล้าให้เข้ากัน
5
เคี่ยวส่วนผสมจนเริ่มงวด หรือเริ่มหนืดสักเล็กน้อย ชิมรสชาติ ซึ่งอาจปรุงเพิ่มได้ตามความชอบ
6
ยกลงจากเตา จัดจาน เพิ่มกลิ่นหอมๆ ให้กับจานนี้ด้วยการเหยาะออริกาโนสักเล็กน้อย ก็พร้อมเสิร์ฟละครับ"
ผัดเปรี้ยวหวานหมู,"1
ตั้งกระทะใส่น้ำมันรอจนเดือด นำกระเทียมลงไปผัด และใส่หมูตามลงไป

2
ปรุงรสด้วย ซอสปรุงรส น้ำมันหอย และน้ำตาลตามชอบ แล้วผัดจนหมูเริ่มสุก

3
ใส่หอมหัวใหญ่ มะเขือเทศ และต้นหอมลงไป ผัดให้เข้ากัน

4
เมื่อหอมหัวใหญ่ และมะเขือเทศเริ่มนิ่ม ใส่แตงกวาตามลงไป และผัดให้เข้ากัน

5
ปรุงรสด้วยซอสมะเขือเทศ เติมน้ำเปล่าเล็กน้อย และเครื่องปรุงตามชอบอีกครั้ง ผัดให้เข้ากันจนแตงกวาเริ่มนิ่ม แล้วตักใส่จานได้"
ผักบุ้งผัดน้ำมันหอย,"1
เตรียมวัถุดิบ ล้างผักบุ้งหั่นเป็นท่อน ทุบพริกกระเทียมแบบหยาบๆ เตรียมเครื่องปรุงรส

2
ตั้งกระทะให้ร้อนใส่น้ำมันเล็กน้อย นำพริกกระเทียมลงผัดจนเหลืองหอม จากนั้นใส่ผักบุ้งลงผัดพร้อมเต้าเจี้ยว

3
พอผักบุ้งเริ่มสลดใส่เครื่องปรุงรส น้ำมันหอยและน้ำตาล
เคล็ดลับ: ใช้ไฟแรง

4
พอเดือดปิดไฟตักขึ้นใส่จาน ไม่ควรผัดนานเพราะผักบุ้งจะไม่กรอบค่ะ"
ข้าวผัดสับปะรด,"ซาวข้าวจนน้ำเริ่มใส แล้วเติมน้ำลงไป ด้วยอัตราส่วนข้าว: น้ำ 1 : 1.2 ใส่หม้อหุงข้าว หุงให้สุก
ผ่าครึ่งสับปะรดเป็นแนวยาว จากนั้นใช้มีดกรีดเนื้อสับปะรดเป็นตาราง แล้วใช้ช้อนคว้านเนื้อสับปะรดออก
นำเนื้อสับปะรดมาหั่นเป็นชิ้นขนาดพอคำไว้สำหรับผัด ตั้งกระทะ ใส่เนยลงไป เมื่อเนยละลายดีใส่กระเทียมสับ และหอมใหญ่สับลงไปผัดให้หอมตามด้วยแฮม กุนเชียง กุ้ง ผัดให้กุ้งพอสุก แล้วตักกุ้งออกก่อน

ตอกไข่ใส่ลงไป ยีไข่ให้พอสุกเยิ้ม ตามด้วย ข้าว ที่หุงเตรียมไว้ ผัดให้เข้ากันดี ข้าวเรียงเม็ดสวย ใส่ผักสามสีลงไปผัด จากนั้นปรุงรสด้วย ซีอิ๊วขาว ซอสปรุงรส เกลือ พริกไทย และผงกะหรี่ ผัดให้พอเข้ากัน

ใส่ลูกเกดและสับปะรด เร่งไฟแรงขึ้น ผัดให้เข้ากันแล้วปิดไฟ ตักข้าวผัดใส่สับปะรดที่คว้านเตรียมไว้ นำกุ้งที่ผัดเตรียมไว้มาวาง โรยหน้าด้วยเม็ดมะม่วงหิมพานต์อบ หมูหยอง และต้นหอมซอย "
กุ้งผัดผงกะหรี่,"1
- นำกุ้งมาล้างให้สะอาด ปอกเปลือกผ่าเส้นดำออก

- บุบกระเทียบหยาบๆ หั่นพริกชี้ฟ้าแดงแนวยาว

- หั่นหัวหอม ต้นหอม คึ่นช่าย
2
ตอกไข่ไก่ใส่ชาม เทนมสด ใส่น้ำพริกเผา ซีอิ้วขาว น้ำตาล น้ำปลาพริกไทย น้ำมันหอย ผงกะหรี่ คนผสมให้เข้ากัน
3
ตั้งน้ำมัน พอร้อนนำกระเทียมลงไปผัด ตามด้วย พริกชี้ฟ้าแดง หัวหอม ใส่กุ้งลงไป และเทไข่ที่ผสมเครื่องปรุงไว้แล้ว
4
ผัดให้เข้ากัน จากนั้นใส่คึ่นช่าย ต้นหอม"
ไชโป๊วผัดไข่,"1
ล้างหัวไชโป๊วพอประมาณ เพื่อล้างความเค็มบางส่วน ผึ่งให้สะเด็ดน้ำ
2
ตั้งกระทะใส่น้ำมัน ใช้ไฟกลาง ๆ รอจนน้ำมันร้อนใส่กระเทียมลงไปเจียวให้หอม
3
ตามด้วยไชโป๊วลงไปผัดให้เข้ากัน ผัดจนไชโป๊วสุกพอง เปลี่ยนสีเล็กน้อย
4
ชิมไชโป๊ว...หากไม่หวานให้เติมน้ำตาลทรายลงไปเล็กน้อย และหากรสชาติยังเค็มไม่พอ ให้เหยาะซีอิ๊วขาวลงไป
5
จากนั้นตอกไข่ใส่ลงตรงกลาง รอให้ไข่สุก ค่อยกลับไข่อีกด้าน แล้วผัดไปมาจนไข่สุก...จัดใส่จานพร้อมรับประทานได้เลยค่ะ"
หมี่ผัดไข่,"1
ตั้งกระทะ ใส่น้ำมันรอให้เดือด จากนั้นตอกไข่ลงไปผัด

2
เมื่อไข่เริ่มสุก ใส่เส้นหมี่ลงไปผัดให้เข้ากัน

3
ปรุงรสด้วย น้ำมันหอย ซอส น้ำตาลและผงปรุงรส ผัดให้เข้ากันแล้วใส่มะเขือเทศลงไป

4
เมื่อมะเขือเทศเริ่มนิ่ม ใส่ต้นหอมลงไป ผัดจนสุก แล้วชิมอีกครั้ง ปรุงรสตามชอบแล้วตักขึ้นใส่จานได้เลย"
ผัดพริกแกงหมูสับถั่วฝักยาว,"1. ตั้งกระทะให้ร้อน ใส่น้ำมันลงไป ตามด้วยน้ำพริกแกงเผ็ด ใช้ไฟค่อนข้างอ่อนผัดให้น้ำพริกแกงเผ็ดเข้ากับน้ำมันดี มีกลิ่นหอม
2. เร่งไฟแรงขึ้น ใส่หมูสับลงผัดให้เข้ากัน
3. ปรุงรสด้วยน้ำตาลทราย น้ำปลา ชิมรสดูให้ได้รสหวานๆ เผ็ดๆ เค็มนิดเดียว
4. ใส่ถั่วฝักยาวลงผัดให้เข้ากันจนถั่วฝักยาวสุกดี"
ปลานิลทอดผัดขึ้นฉ่าย,"1
-ถ้าได้ปลามาเป็นตัว ต้องตัดหัว ควักไส้ แล่เป็น 2 ชิ้นไม่เอาก้างตรงกลาง
-นำเนื้อปลามาล้างให้สะอาดหมดกลิ่นคาวและกลิ่นดิน ดึงก้างออกที่ติดตามเนื้อปลาออก
เคล็ดลับ: บางตลาดมีขายเป็นชิ้นๆ เขาแล่ให้แล้ว

2
นำเนื้อปลามาซับน้ำออก หั่นเป็นชิ้นๆ พึ่งให้สะเด็ดน้ำ
-ตั้งกระทะ ใส่น้ำมัน
-โรยเกลือป่นเล็กน้อยลงบนเนื้อปลา คลุกให้ทั่วทุกชิ้น
-นำไปชุบแป้งมันบางๆ เคาะเศษแป้งออกให้หมด
-รอจนน้ำมันร้อน นำเนื้อปลาลงทอด จนสุกเหลืองกรอบ ตักพักไว้ให้สะเด็ดน้ำมัน

3
-ล้างและหั่นต้นหอมกับขึ้นฉ่ายเป็นท่อน
-พริกชี้ฟ้าแดงหั่นเฉียงๆ

4
-ตั้งกระทะ ใส่น้ำมันสำหรับผัด ตามด้วยกระเทียม ผัดให้หอมสุก
-ใส่เนื้อปลาที่ทอด ตามด้วยขึ้นฉ่าย ปรุงรสด้วยเต้าเจี้ยว,น้ำมันหอย,น้ำตาลทราย ชิมรสให้ได้รสที่ชอบ ใส่ต้นหอมกับพริกชี้ฟ้า คลถกเคล้าให้เข้ากันตักใส่จานเสิร์ฟ
เคล็ดลับ: -ถ้าต้องการปลากรอบๆต้องผัดแบบเร็วและไม่ต้องใส่น้ำเปล่า-สูตรนี้รสไม่จัดถ้าใครชอบรสจัดกว่าสูตรให้เพิ่มซีอิ้วขาว,ซอสปรุงรส,น้ำมันหอย,น้ำตาล ได้ตามชอบเลย"
น้ำพริกเผาผัดหมูสับ,"1
นำพริกแห้ง หอมแดง กระเทียมมาคั่วด้เวยไฟอ่อนให้หอม และตำให้ละเอียด
2
ตั้งกระทะ ใส่น้ำมัน ใส่หมูสับ ผัดให้สุก
3
ใส่พริกแห้ง หอมแดง กระเทียม ที่ตำไว และ ค่อยๆเติมน้ำสะอาดลงไป
4
ปรุงรสด้วย น้ำตาลปี๊บ น้ำปลา และ มะขามเปียก ชิมรสตามชอบ เสิร์ฟพร้อมไข่ต้ม และ ผักสด"
ผัดพริกหยวกหมู,"1
เตรียมส่วนผสมให้พร้อมเพื่อง่ายต่อการปรุง

2
ผัดหมูให้สุก เติมเกลือป้องกันน้ำมันหมูกระเด็น

3
ใส่พริกหยวก หอมใหญ่ ปรุงตามใจชอบด้วยน้ำมันหอย น้ำตาล ซีอิ้ว ผัดให้เข้ากันแล้วตักเสิร์ฟ"
ผัดกระหล่ำปลีหมูสับ,แกะเปลือกกระเทียม สับกระเทียบให้ละเอียด หั่นผักกระหล่ำปลีเป็นฝอย นำกระทะใส่น้ำมันตั้งไฟให้ร้อน ใส่กระเทียมสับลงไป เจียวกระเทียมให้หอม ใส่หมูสับลงไปผัดจนสุก ตามด้วยกะหล่ำปลี เมื่อผักเริ่มสุกปรุงรสด้วยซีอิ๊วขาว ซอสหอยนางรม น้ำตาล ผัดให้เข้ากัน ตักใส่จาน พร้อมเสิร์ฟ
ผัดขี้เมาอกไก่,"1
วอร์มน้ำมันให้ร้อน นำกระเทียมลงไปผัดให้พอได้กลิ่นหอม
2
ใส่อกไก่ ผัดไฟกลางจนเริ่มสุกและใส่แครอทกับข้าวโพด ปรุงรสด้วยน้ำปลา น้ำตาลทราย และน้ำมันหอย
3
ใส่ใบมะกรูด,พริกไทยสด,พริกชี้ฟ้าแดง ผัดจนเริ่มแห้งจากนั้นเบาไฟและใส่ใบกระเพรา ผัดอีก2-3ครั้ง
4
ตักเสิร์ฟ พร้อมผักเครื่องเคียง"
ผัดคะน้าหมู,"1
ตำพริกกับกระเทียมเข้าด้วยกันให้พอละเอียด แล้วตักขึ้นพักไว้
เตรียมคะน้าใส่ชามรอผัด ใส่พริกกระเทียมเตรียมไว้ลงบนคะน้า พร้อมกับใส่ซอสปรุงรส น้ำมันหอย เต้าเจี๊ยว น้ำตาลลงไป

2
ตั้งกระทะใส่น้ำมันพืชรอให้เดือด นำหมูลงไปผัดให้สุก จากนั้นใส่คะน้าที่เตรียมไว้ลงไป

3
ผัดให้เข้ากัน เติมน้ำเปล่าเล็กน้อย ผัดจนคะน้าใกล้สุก

4
ปรุงรสอีกครั้งตามชอบ แล้วตักใส่จานได่เลย"
แกงโฮะ,"1
สไลด์หมูเป็นแผ่นบางๆ หั่นมะเขือเป็นชิ้นพอดีคำ ตะไคร้ ฉีกใบมะกรูดและใบกระ

2
ตั้งเตาให้ร้อนเทน้ำมันลงไปเกลี่ยให้ทั่วกระทะ ใส่กระเทียมลงไปคั่วให้หอม ตามด้วยหมูสดผัดให้สุกหอม
3
ใส่หน่อไม้ดองลงไปผัด เมื่อหน่อไม้เริ่มอ่อนตัวใส่ มะเขือ มะเขือพวง ถั่วฝักยาว ใบกระเพรา ใบมะกรูด ตะไคร้ ลงไปผัดให้หอมสุก
4
เทผงกระหรี่ลงไปคลุกเคล้าให้ทั่ว ตามด้วยแกงเผ็ด แกงเขียวหวาน แกงฮังเลลงไปผัดให้เข้ากัน

5
ปรุงรสด้วยน้ำปลา ซีอิ๊วขาว ผงชูรส ชิมรสตามชอบ สามารถลดเพิ่มได้ตามต้องการ หากขาดหวานสามารถเติมน้ำตาลได้
6
ใส่วุ้นเส้นลงไปผัดเป็นอย่างสุดท้ายจะได้ไม่เละจนเกินไป ดูจนวุ้นเส้นกลายเป็นเส้นใสก็ตักใส่จาน พร้อมเสิร์ฟ"
떡볶이 (Tteokbokki/ต๊อกบกกี) Spicy Rice Cake,"1
ต้มน้ำสต๊อกปลาแอนโชวี่
ตั้งหม้อ หรือกระทะก้นแบน ใส่ปลาแอนโชวี่ (อย่าลืมเอาหัวกับไส้ออก หักหัวทิ้ง กดตรงช่วงท้อง เอาไส้ดำออก เพราะจะทำให้มีรสขม) พร้อมสาหร่ายทาชิมะ ต้ม 15 นาที
เคล็ดลับ: หากไม่มีปลาแอนโชวี่ ใช้ซุปก้อนได้

2
เส้นต๊อก คลายเย็น หากแช่แข็ง ก่อนทำ 1 คืนให้เอาต๊อกเข้าช่องธรรมดา ก่อนทำ แช่น้ำเย็น 15-30 นาที สามารถใช้ได้ทั้งเส้นโฮมเมด และเส้นสำเร็จรูป
เคล็ดลับ: เส้นโฮมเมดจะให้ความเหนียม นุ่ม หนึบกว่า

3
ผสมโคชูจัง โคชูการุ และน้ำตาลทราย คนให้เข้ากัน พักไว้
เคล็ดลับ: น้ำตาลทรายไม่ฟอก จะให้รสละมุนและหอมกว่าน้ำตาลทรายขาวซึ่งหวานแหลมไม่อร่อย

4
หั่นต้นหอมเป็นท่อน ท่อนละ 2.5-3 นิ้ว อย่าลืมแบ่งส่วนของใบ เอาไว้ซอยโรยหน้า พักไว้

5
ครบ 15 นาที ตักปลากับสาหร่ายออก (สามารถเอาไปซอย ผัดข้าว ปรุงรส ทานได้) ค่อยๆ ใส่ต๊อกลงไปกระจายให้ทั่ว จากนั้นใส่เพสต์ที่เราผสมไว้ลงไป คนให้ทั่ว
เคล็ดลับ: ขั้นตอนนี้ ใครอยากกิน ราบกกี ใส่มาม่าลงไปได้เลยค่ะ

6
จากนั้นเริ่มใส่ลูกชิ้นปลา ไข่ต้ม ค่อยๆ คน ใส่ต้นหอมที่หั่นนิ้ว ลงไป ค่อยๆ ตะล่อม ใช้ไฟอ่อนค่อยไปทางไฟกลาง
เคล็ดลับ: ขั้น

7
เคี่ยวไปเรื่อยๆ ห้ามหยุด จะได้ไม่ติดก้นกระทะ ความชูวี่ ของแป้งต๊อกจะออกมาให้เห็น น้ำจะหนืดขึ้น ฉ่ำวาวขึ้น* พอหนืดได้ที่ ฉ่ำวาวแล้ว เดือดแล้ว ปิดไฟ ตบท้ายน้ำมันงา โรยงา และ หอมซอย จัดจานเสิร์ฟ คู่กับแกล้มก็ได้ ทานเป็นมื้อหลักก็อิ่มนาน จะเพิ่มมักกอลลีมื้อเย็น หรือ เบียร์ซักขวดก็ได้ค่ะ
เคล็ดลับ: *ฉ่ำวาวขึ้น เกิดจาก น้ำตาลไม่ฟอกสี ช่วยให้เราสังเกตและกะเวลาถูก"
กระเพราปลาหมึก,"1
นำปลาหมึก มาล้างน้ำให้สะอาด แล้วหั่นเป็นชิ้นๆพร้อมทั้งบั้งปลาหมึกเป็นตาราง ขนาดพอดีคำ
2
เด็ดใบกะเพราล้างน้ำให้สะอาด สะเด็ดน้ำออก เตรียมไว้
3
นำพริกขี้หนูกับกระเทียม มาตำพอหยาบๆ เตรียมไว้
4
ตั้งกระทะให้ร้อน (ใช้ไฟกลาง) ใส่น้ำมันสำหรับลงไป พอน้ำมันร้อนใส่พริกขี้หนูกับกระเทียมตำพอหยาบๆ ลงไป ผัดให้หอม จากนั้นจึงใส่ปลาหมึกหั่นลงไป ผัดคนๆ คลุกเคล้าให้เข้ากัน ผัดให้ปลาหมึกสุก ใส่เครื่องปรุงรสลงไป ซีอิ้วขาว ซีอิ้วดำ น้ำมันหอย น้ำตาลทราย น้ำเปล่าลงไป ผัดคนคลุกเคล้าให้เข้ากัน
5
ใส่ใบกะเพราลงไปผัดเร็วๆ คลุกเคล้าให้เข้ากันดี ปิดไฟ พร้อมเสิร์ฟ"
ผัดเผ็ดไก่หน่อไม้ดอง,"1. เนื้ออกไก่ ใช่แค่ครึ่งเดียว เลาะหนังออก ขยำเกลือ 1-2 ช้อนโต๊ะ ล้างน้ำเปล่า 2-3 ครั้งจนสะอาดดี
เคล็ดลับ: ขยำเกลือเพื่อให้เนื้อไก่หมดเมือกและหมดกลิ่นคาว

2
หน่อไม้ดอง ซาวน้ำล้างให้สะอาด 2-3 ครั้ง และต้มให้เดือดนานประมาณ 5 นาที
เคล็ดลับ: หน่อไม่ด้องตามตลาด เราไม่ทราบว่าผ่านอะไรมาบ้าง มีสัตว์หรือแมลงตกลงไปหรือไม่ ดังนั้น การต้มให้เดือด จะเป็นการฆ่าเชื้อโรคในหน่อไม้ให้หมดไป อีกประการหนึ่ง คือ หากเราผัดหน่อไม้ดองในกระทะไม่ทั่ว ก็มั่นใจได้ว่าอย่างน้อยเราก็ต้มเดือดมาแล้ว 1 ขั้นตอน

3
1. เด็ดขั้วพริกออก และล้างให้สะอาด พักไว้ให้สะเด็ดน้ำ
2. ตำพริกให้แหลกแค่ประมาณ 50%
เคล็ดลับ: อย่าใส่พริกกับกระเทียมพร้อมกัน เพราะพริกแหลกช้ากว่ากระเทียม ถ้าตำพร้อมกันกระเทียมจะแหลกหมดจนเป็นน้ำ เพราะฉะนั้นให้โขลกพริกก่อนสัก 50%

4
โขลกพริกแหลกได้ประมาณ 50% แล้ว จึงใส่กระเทียมแกะเปลือกแล้วลงไป โขลกต่อจนพริกและกระเทียมแหลกเข้ากับพริก
เคล็ดลับ: ตำรับนี้ไม่ต้องโขลกจนละเอียด เพราะเราต้องการให้พริกกับกระเทียมเป็นชิ้นเป็นส่วนบ้าง เวลาผัดจะได้มีกลิ่นหอม และเวลาทานจะได้สัมผัสเนื้อพริกด้วย

5
เจียวหนังไก่ที่เลาะไว้ ใส่เกลือลงไปเล็กน้อย เจียวจนมีน้ำมันไก่ออกมา และหนังไก่เหลืองกรอบ หมดน้ำมัน
เคล็ดลับ: ถ้ามีหนังไก่น้อย เจียวได้น้ำมันไม่พอ ให้เติมน้ำมันพืชลงไปได้

6
เมื่อได้น้ำมันมากพอแล้ว ตักหนังไก่ออก ใส่พริกแกงที่โขลกไว้ลงผัดจนมีกลิ่นหอม
เคล็ดลับ: ผัดจนมีกลิ่นฉุนและพริกสุก ถ้าพริกไม่สุก จะเหม็นเขียว ไม่น่ารับประทาน

7
ใส่เนื้ออกไก่หั่นลงไป ผัดไก่กับพริกแกงให้เข้ากัน จนเนื้อไก่สุก 50% ให้เติมน้ำปลาลงไป พรมให้ทั่วเนื้อไก่ (ระวังเค็ม)
เคล็ดลับ: สาเหตุที่ให้พรมน้ำปลาลงไปหลังผัดไก่ 50% เนื่องจากเราต้องการให้เนื้อไก่มีความชุ่มฉ่ำ ไม่แห้งแข็ง เราจึงต้องรักษาน้ำในเนื้อไก่ให้คงอยู่ไว้ ไม่ให้ระเหยไปกับการผัด ดังนั้น จึงต้องใส่น้ำปลาลงไป เพราะเกลือที่อยู่ในน้ำปลาจะเข้าไปรัดเอนไซม์ของเนื้อไก่ไม่ให้คายน้ำออกมา และซึมซับรสชาติไว้เป็นอย่างดี เวลารับประทานเนื้อไก่จะอร่อยและไม่แห้งแข็ง

8
หลังจากผัดไปสักพักจนไก่สุก ชิมดู ถ้าไม่เค็มปรุงรสด้วยน้ำปลาเพิ่ม

9
เติมหน่อไม้ดองลงไป และผัดให้เข้ากัน

10
ปรุงรสด้วยน้ำตาล

11
ปรุงรสด้วยน้ำมันหอย

12
เมื่อปรุงรสได้ตามต้องการและหน่อไม้ดองกับเนื้อไก่เข้ากันได้ดีแล้ว ใส่ใบโหระพาปิดท้าย ปิดไฟ และผัดต่อสักครู่ จนใบโหระพาสลด

เท่านี้ก็พร้อมรับประทานละครับ"
มะเขือยาวผัดโหระพา,"1
ล้างผักให้สะอาด และหั่นมะเขือยาวเป็นท่อนๆ เด็ดใบโหระพาเตรียมผัด
2
นำน้ำมันลงกระทะ ตามด้วยกระเทียม ใช้ไฟกลาง เจียวกระเทียมให้เหลืองและหอม
3
นำหมูสับลงผัดให้เกือบสุก (หรือจะใช้ไก่สับแทนก็ได้) ตามด้วยเต้าเจี้ยว ปรุงรสด้วยน้ำตาลทราย ซีอิ๊วขาว ซอสปรุงรส และซอสหอยนางรมหรือซอสเห็ดหอม ชิมรสตามชอบ
4
นำมะเขือยาวลงผัด ให้สุก เติมน้ำต้มสุกหรือน้ำสต๊อกเพื่อให้มะเขือนิ่มและสุกง่ายขึ้น ชิมรสอีกครั้ง
5
โรยด้วยใบโหระพา ผัดให้ใบโหระพาสลด ตัดขึ้นเสิร์ฟได้"
ผัดพริกแกงถั่วฝักยาวหมู,"1
นำหมูสามชั้นมาล้างแล้วหั่นเป็นชิ้นเล็กๆ
2
นำถั่วฝักยาวมาล้างแล้วหั่นเฉียงเป็นท่อนๆ พอดีคำ
3
นำกระทะตั้งไฟ ใส่น้ำมันพืชพอร้อนใส่พริกแกงเผ็ด ผัดพอมีกลิ่นหอมพริกแกง
เคล็ดลับ: อย่าใช้ไฟแรง พริกแกงจะไหม้แล้วทำให้ขม
4
ใส่หมูสามชั้นลงไปผัดให้สุกแล้วพรมด้วยน้ำปลา
5
ใส่ถั่วฝักยาวลงไปผัดทิ้งไว้สักพักแล้วใส่น้ำเปล่าลงไป ตั้งทิ้งไว้ให้ถั่วฝักยาวสุก
6
ปรุงรสด้วยน้ำตาลทรายและผงปรุงรส ชิมรสตามใจชอบ แล้วล้างใบมะกรูดฉีกใส่ลงไป ทิ้งไว้สักพัก ปิดไฟยกลง"
บล็อคโคลี่ผัดกุ้ง,"1
เรล้างบล็อคโคลี่ให้สะอาด แล้วหั่นดอก ก้าน หั่นเป็นชิ้นพอดีคำ

แครอทก้อปอกเปลือกหั่นพอดีคำ

ส่วนเห็ดน้ำมาล้างให้สะอาด ตัดโคนออก

2
นำกุ้งมาล้างให้สะอาด ปอกเปลือกออก แล้วผ่าหลังเอาเส้นดำออก

แกะเปลือกกระเทียม แล้วทุบให้ละเอียด
3
ตั้งกระทะให้ร้อน ใส่น้ำมันลงไป พอน้ำมันเดือดใส่กระเทียม เจียวให้พอหอม จากนั้นก้อใส่กุ้งลงไปได้เลย ผัดให้เข้ากัน กุ้งเริ่มแดงค่อยเติมผัก

4
ใส่ผักที่เตรียมไว้ลงไปผัด จากนั้นก้อปรุงรสด้วย น้ำมันหอย น้ำปลา ซีอิ้วขาว น้ำตาล ผัดให้เข้ากัน

5
ผัดให้เข้ากันเติมน้ำต้มสุกเล็กน้อย ผัดต่อไปอีก 5 นาที จากนั้นชิมรส ปิดไฟได้เลย

6
พร้อมทาน"
ผัดมะเขือยาวหมูสับโหระพา,"1
ล้างมะเขือยาวหั่นตามภาพให้หนาหน่อย

2
ฮัลกระเทียมพริกและใบโหระพาไว้และเตรียมเครื่องปรุงทั้งหมดเตรียมไว้ยกเว้นเต้าเจี้ยว

3
นำมะเขือยาวทอดกับน้ำมันปาล์มไปเรื่อยเรื่อยจนสีเปลี่ยนเป็นสีคล้ำนิดๆให้ดูที่สีของมะเขือกดดูว่านิ่มหรือยัง

4
ทอดต่อไปให้ดูที่ไส้ของมะเขือ และนำมาเทใส่ตะกร้าพักไว้

5
นำกระทะใส่น้ำมันพืชร้อนแล้วใส่หมูสับคั่วให้แห้งตามชอบ

6
ใส่กระเทียมและพริกลงไปคนไปให้เหลือง

7
พอทุกอย่างใกล้สุกใส่เต้าเจี้ยวลงไปผัดต่อ

8
ผัดแล้วจะได้สีตามภาพ

9
เตรียมใส่มะเขือยาวที่ถอดพักเอาไว้ลงไป

10
ใส่เครื่องปรุงที่เตรียมไว้เทลงไปและใช้น้ำเปล่าล้างภาชนะลงไปให้มีน้ำคุกคิก

11
คนให้ทั่ว

12
ใส่ใบโหระพา

13
ผัดต่อไปให้เข้ากัน

14
ตักใส่จานพร้อมรับประทานกับข้าวร้อนร้อน"
หมูผัดพริกสด,"1. นำน้ำมันตั้งไฟแล้วใส่กระเทียมผัดพอหอม ใส่หมูลงไปแล้วผัดๆ
2. ใส่หัวหอม พริกหยวก น้ำมันหอย เพิ่มน้ำตาลทรายนิดหน่อย และต้นหอมพริกไทยนิดหน่อย ก็เรียบร้อยแล้วค่ะ ตักข้าวใส่จาน ราดด้วยหมูผัดพริก"
ข้าวผัดไข่,"1
จัดเตรียมส่วนผสมและเครื่องปรุง

2
ตั้งกระทะใช่น้ำมันพืชรอให้น้ำมันร้อนตอกไข่ลงไปยีไข่รอให้ไข่เซ็ตตัว

3
ใส่ข้าวสวยลงไปผัดคลุกเคล้า แล้วแครอทสับลงไป
เคล็ดลับ: เวลาผัดใช้ไฟแรง ผัดเร็ว ให้ข้าวหอมไหม้ไฟเล็กน้อยค่ะ

4
ปรุงรสด้วยซอสปรุงรส น้ำตาลทราย เกลือ ผัดคลุกเคล้าให้เข้ากัน

5
จากนั้นใส่เนยลงไปผัดคลุกเคล้า

6
แล้วใส่ต้นหอมซอยลงไปผัดต่อสักครู่ ปิดเตาจัดใส่จานพร้อมเสริฟค่ะ"
ไก่กระเทียมพริกไทย,"1
เตรียมวัตถุดิบ อกไก่หั่นชิ้นพอคำ กระเทียมพริกไทยโขลกละเอียด

2
ตั้งกระทะใส่น้ำมัน นำกระเทียมลงผัด

3
ใส่เนื้อไก่ลงผัดพร้อมกระเทียมพริกไทยจนสุก

4
ใส่เครื่องปรุงต่างๆ ลงผัด เติมน้ำเปล่า

5
ผัดจนเนื้อไก่สุก ลดไฟอ่อนๆ เพื่อให้เข้าเนื้อ"
ผัดฉ่าหมู,"1
หั่นหมูและผัก ทุกอย่างเตรียมไว

2
มะเขือเปราะหั่นแล้วแช่น้ำ
เคล็ดลับ: จะได้ไม่ดำ

3
ตั้งเตาเปิดไฟกลาง
ผัดเครื่องแกงให้หอม
แล้วใส่หมูลงไปผัดให้สุก
ตามด้วย การปรุงรส
เคล็ดลับ: เราชอบผัดที่ยังกรอบเลยปรุงรสให้เสร็จก่อนแล้วค่อยใส่ผัก

4
นั่นแหละ ทุกอย่างลงไปผัดๆๆๆ เสร็จ"
เบบี้บร็อคโคลี่ราดน้ำมันหอย,"1
จัดเตรียมส่วนผสมและเครื่องปรุง นำเบบี้บร็อคโคลี่มาล้างทำความสะอาด แล้วแช่ในน้ำเกลือสักพัก

2
ต้มน้ำให้เดือดเติมเกลือลงไปน้ำมันพืชเล็กน้อย แล้วตามด้วยเบบี้บร็อคโคลี่ลงไปลวกแป๊บนึง ตักขึ้นแช่ในน้ำเย็นจัด แล้วพักไว้ให้สะเด็ดน้ำ

3
ตั้งกระทะไฟอ่อนใส่น้ำมันพืช เจียวกระเทียมพอหอม ใส่น้ำมันหอย ซีอิ๊วขาว น้ำตาลทราย และเห็ดหอมลงไปผัดคลุกเคล้าเข้ากัน เติมน้ำเปล่า และแป้งมันที่ละลายในน้ำไว้แล้วเคี่ยวให้เข้ากันเป็นอันเสร็จค่ะ

4
หั่นเบบี้บร็อคโคลี่เป็นชิ้นพอดีคำ เรียงใส่จาน แล้วนำน้ำซอสที่ได้มาราดลงบนผัก โรยด้วยกระเทียมเจียว รับประทานได้เลยค่ะ"
กุ้งทอดกระเทียม,"1
ล้างกุ้งให้สะอาด แกะเปลือก ผ่าหลัง ดึงเส้นดำออก
2
สับกระเทียม ให้ละเอียด ตั้งกระทะ ใส่น้ำมัน รอให้ร้อน นำกระเทียมลงเจียว ใช้ไฟอ่อน
3
กระเทียมเจียวเหลืองกรอบ ตักขึ้นพักไว้
4
ใช้น้ำมันที่เหลือจากเจียวกระเทียม ตั้งไฟ นำกุ้งลงไปผัด กุ้งเริ่มสุก ปรุงรสด้วยเครื่องปรุงรสที่เตรียมไว้
5
นำกระเทียมที่เจียวไว้ นำลงไปผัดกับกุ้ง เข้ากันดีแล้ว ตักใส่จาน โรยด้วยพริกไทยป่น และผักชี พร้อมเสิร์ฟ
เคล็ดลับ: ถ้าชอบกระเทียมกรอบๆ ไม่ต้องนำลงไปผัด ใช้โรยหน้าได้เลย"
ผัดซีอิ้วเส้นใหญ่,"1
นำเส้นใหญ่มาคลุกเคล้ากับซีอิ้วดำ ให้ทั่วแล้วพักไว้

2
ตั้งกระทะใส่น้ำมัน ตามด้วยกระเทียมสับเจียวให้หอม ใส่หมูหมักลงไป ผัดให้สุก ตอกไข่ตามลงไป ขยี้ให้เข้ากัน ผัดจนสุก

3
ใส่เส้นใหญ่ที่คลุกซีอิ้วดำไว้แล้ว ผัดให้เข้ากัน ใส่คะน้า กระหล่ำปลี และ แครอท ผัดให้ทุกอย่างเข้ากันดี

4
ปรุงรสด้วย ผงปรุงรส น้ำตาลทราย พริกไทยป่น ซอสปรุงรส และ น้ำมันหอย ผัดให้เข้ากัน ชิมรสตามชอบ ปิดไฟตักใส่จานพร้อมเสิร์ฟ"
หมูผัดกิมจิ,"1
เตรียมส่วนผสมให้พร้อม

2
นำหมูมาหมักกับน้ำมันงา

3
ตั้งกระทะ ใส่กระเทียม และนำหมูลงไปผัด พอสุก

4
ใส่โบโลน่า และซอสโคชูจัง ปรุงรสด้วยเกลือเล็กน้อย

5
สุดท้ายใส่กิมจิลงไปเยอะน้อยตามชอบ
6
จัดใส่จาน โรยด้วยงทาและต้นหอม พร้อมทานค่ะ"
ออส่วน,"1
ผสมแป้งมัน น้ำ ซีอิ้วขาว พริกไทยป่น และหอยนางรมในถ้วย ผสมให้เข้ากัน
2
ตั้งกระทะใส่น้ำมัน นำถั่วงอกลงไปผัดให้สลด แล้วตักใส่จาน
3
ใส่น้ำมันเพิ่ม รอจนร้อน เทส่วนของหอยนางรมที่ผสมไว้ลงไปในกระทะ ตอกไข่ลงไปผัดให้เข้ากัน
4
เสร็จแล้วตักวางบนถั่วงอก และโรยหน้าด้วยต้นหอม ผักชี"
ผัดกะเพราหมูสับไข่ดาว,"อดไข่ดาวกรอบ ๆ
ก่อนจะทำกะเพราหมูสับก็ต้องทอดไข่ดาวเอาไว้ก่อน โดยการตั้งกระใส่น้ำมันรอให้ร้อนจัด ค่อยตอกไข่ไก่ลงไปทอดจนไข่ดาวกรอบ ตักขึ้นพักไว้ให้สะเด็ดน้ำมัน
TIP : ถ้าอยากได้ไข่ดาวที่ไข่ขาวกรอบ และไข่แดงไม่สุก ให้แยกทอดไข่ขาวลงก่อนแล้วเมื่อไข่ขาวเริ่มสุกให้ใส่ไข่แดงลงตรงกลาง ทำผัดกะเพราหมูสับ
ตั้งกระทะจากนั้นนำหมูสับลงไปรวน ถ้าหากเนื้อหมูแห้ง สามารถเติมน้ำสะอาดเล็กน้อยเพื่อช่วยให้รวนหมูได้ง่ายขึ้น
เมื่อหมูเริ่มสุกปรุงรสด้วย ซอสผัดกะเพราพริกแห้งผัดต่อจนแห้งดี 
TIP : ปรุงรสชาติผัดกะเพราตอนหมูเริ่มสุก เพื่อให้รสซึมเข้าเนื้อหมู ใส่ใบกะเพราลงผัดกับหมูสับพอสลด ปิดไฟยกลง
ตักข้าวสวยร้อน ๆ ใส่จานราดด้วยหมูสับผัดกะเพราหมูสับ โปะด้วยไข่ดาวกรอบ ๆ เสิร์ฟพร้อมน้ำปลาพริก"
สลัดแซลมอนแซ่บ,"เตรียมน้ำสลัด
- นำน้ำมะนาว น้ำปลา น้ำตาลปี๊บใส่ลงในชามผสม ตามด้วยพริกขี้หนูสวนสับละเอียด และผักชีสับละเอียด จากนั้นคนให้ส่วนผสมเข้ากัน

- นำน้ำสลัดครีมผสมลงไปในน้ำจิ้มซีฟู้ด แล้วคนให้ส่วนผสมเข้ากันเป็นเนื้อเดียว แล้วพักไว้เตรียมจัดเสิร์ฟ เตรียมแซลมอน + ย่างแซลมอน
- นำแซลมอนที่เราซื้อมาซับด้วยกระดาษทิชชู่แทนการล้างด้วยน้ำเปล่า เพราะแซลมอนที่แล่แล้วไม่ควรล้างน้ำ จะทำให้แซลมอนคาวค่ะ 

- ตั้งกระทะโดยใช้ไฟปานกลางค่อนอ่อน ทาน้ำมันพืชลงไปในกระทะ รอให้กระทะร้อนค่อยนำแซลมอนลงไปย่าง เมื่อแซลมอนสุกแล้วนำขึ้นพักไว้เตรียมจัดเสิร์ฟ

Tip… เราจะใช้แปรงในการทาน้ำมันให้ทั่วกระทะแบบบาง ๆ โดยเราจะใช้น้ำมันในการย่างแซลมอนไม่เยอะค่ะ เพราะจะกลายเป็นการทอดแซลมอนมากกว่าการย่างค่ะ นำกรีนโอ๊ก เรดโอ๊ก ฟิลเล ไอซ์เบิร์ก ผักคอส แตงกวาญี่ปุ่น มะเขือเทศราชินี หอมแขกหั่นแว่น และแซลมอนย่างจัดเสิร์ฟลงในจาน เสิร์ฟพร้อมน้ำสลัดแซ่บ"
กล้วยน้ำว้าอบงาขาว,"1
ปอกเปลือกกล้วย และหั่นกล้วยให้เป็นแนวยาว แบ่งเป็น 4 ส่วน

2
วางกระดาษรองอบ นำกล้วยมาวางเรียงกัน

3
โรยงาขาว

4
นำเข้าเตาอบโดยใช้ไฟอ่อน ใช้ไฟ 170 องศา อบเป็นเวลา 70-90 นาที

5
เสร็จแล้วค่ะ"
น้ำสามเกลอทะลายไขมัน,"เตรียมนำมะตูม กระเจี๊ยบ​ และ​ พุทรา​ นำมาล้างให้สะอาด​3​ครั้ง​ก่อนทำการต้มคะ​ และต้มในน้ำปริมาณดังกล่าว​ ใช้ไฟเบาที่สุด​ ต้มจนเดือดใช้เวลานานพอสมควร​
เคล็ดลับ: ควรดูสภาพพุทธาต้องสีแดงสดนะคะ​ ใช้อัตราตามสัดส่วน​ และใช้น้ำในปริมาณพอดี​ จะได้เข้มข้น​ ดื่มผสมน้ำอุ่นๆก็ช่วยแก้เจ็บคอ​ หากดื่มเย็นๆ​ ก็ชื่นใจคะ"
โจ๊กข้าวโอ๊ต,"นำข้าวโอ๊ต และสาหร่ายแห้ง ลงไปต้มกับน้ำร้อนจนเดือด พอข้าวโอ๊ตเดือด เติมไข่ขาวลงไปแล้วคนเรื่อย ๆ จนเนื้อโจ๊กข้นขึ้น
เคี่ยวจนเดือด เนื้อโจ๊กสีขาวขึ้นและข้นขึ้น จากนั้นเติมกุ้งสับ และบร็อคโคลี ต้มต่อไปซักพักจนบรอคคอลี่เข้ากับเนื้อโจ๊กก็ปิดไฟ ตักเสิร์ฟได้"
ข้าวต้มปลา,"ตั้งหม้อบนเตา ใส่น้ำซุปกระดูกหมู ข่าหั่นแว่น และรากผักชีลงไป ต้มให้เดือด แล้วตามด้วย เนื้อปลากะพงแดง และเห็ดหอม
เมื่อเนื้อปลาสุก ปรุงรสด้วย ซีอิ๊วขาว และพริกไทยป่น
ตักน้ำซุป และเนื้อปลาที่ต้มไว้ ราดลงบนข้าวสวย โรยตกแต่งด้วย ขึ้นฉ่าย ต้นหอม และกระเทียมเจียว เท่านี้ก็พร้อมรับประทาน"
ไข่ตุ๋นทรงเครื่อง,"ตอกไข่ไก่ใส่ลงภาชนะ ตามด้วยซีอิ๊วขาว น้ำมันหอย น้ำตาลทราย พริกไทย น้ำเปล่า และน้ำมัน ผสมให้ส่วนผสมเข้ากัน แล้วจึงใส่แครอทหั่นเต๋า กุ้งสับ ผสมให้เข้ากันอีกครั้ง
เทส่วนผสมลงในถ้วยสำหรับนึ่ง ความประมาณเกือบเต็มถ้วย แล้วนึ่งไฟอ่อนประมาณ 25 นาที เพื่อให้เนื้อไข่ตุ๋นเนียนละเอียด
เมื่อไข่ตุ๋นเริ่มสุก วางแครอทหั่นชิ้นลงไป ตามด้วยกุ้งขาว และเห็ดหอม จากนั้นตุ๋นต่อไปอีกประมาณ 5 นาทีหรือจนส่วนผสมสุกทั้งหมด แล้วจึงโรยต้นหอมซอย จัดเสิร์ฟ"
ซุปเห็ด,"ล้างเห็ดให้สะอาด นำมาหั่นเป็นชิ้นบาง ๆ
นำเนยจืดใส่หม้อ ใส่หอมใหญ่ผัดให้พอเริ่มใส ไฟอย่าร้อนมาก ระวังอย่าให้หอมไหม้เดี๋ยวซุปออกมาสีไม่สวย
ส่แป้งสาลีตามลงไป เทไปคนไปอย่าให้แป้งจับตัวเป็นก้อน เติมน้ำสต็อก เห็ดแชมปิยอง ปรุงรสด้วยเกลือ พริกไทย ใส่นมสด คนให้เข้ากันเรื่อย ๆ จนซุปเดือด
ตักใส่ถ้วยซุป โรยพริกไทยดำ ตกแต่งด้วยใบพาร์สลีย์สด"
ซุปฟักทอง,"นำฟักทองมาหั่นให้เป็นชิ้นเล็ก ก่อนนำไปผัด
ตั้งหม้อบนเตาแก๊สโดยใช้ไฟปานกลาง เมื่อกระทะเริ่มร้อนใส่เนยลงไปผัด ตามด้วยหอมใหญ่สับลงไปผัดให้สุก ต่อด้วยการใส่ฟักทองลงไป และเติมน้ำสต็อกเพื่อเคี่ยวต่อให้ฟักทองสุก เมื่อฟักทองสุกแล้วยกลงจากเตา
นำซุปฟักทองที่ได้ลงไปปั่นให้ละเอียดในเครื่องปั่นให้ละเอียด
นำซุปฟักทองที่ปั่นเสร็จแล้วมาตั้งไฟ ใส่นมสด และเกลือเล็กน้อย
เมื่อซุปเริ่มข้นแล้วยกลงจากเตา เตรียมจัดเสิร์ฟได้เลย
ตักใส่ถ้วยที่ต้องการจัดเสิร์ฟ จากนั้นโรยพริกไทยดำ และเสิร์ฟคู่กับขนมปัง"
ต้มเลือดหมู,"ตั้งน้ำในหม้อบนไฟกลางๆ ใส่ซุปก้อน ตั้งฉ่าย รอให้เดือดซักพัก ให้น้ำซุปมีกลิ่นหอม
ปั้นหมูสับหมักเป็นก้อนเล็กใส่ลงไปในน้ำที่กำลังเดือด รอให้สุก
ใส่หมูชิ้นลวก ตับลวก เต้าหู้หลอด ปรุงรสน้ำซุปด้วยน้ำปลา ซอสปรุงรส ชิมรสตามใจชอบ
ใส่เลือดหมู พอเดือดดีใส่คึ่นฉ่ายกับต้นหอม พอเดือดอีกทีปิดไฟได้ ก่อนเสิร์ฟ ใส่ตำลึงก้นถ้วยแล้วตักต้มเลือดหมูราดทับ"
แกงจืดไข่น้ำหมูสับ,"ผสมหมูสับ พริกไทยป่น ซอสเห็ดหอม ซีอิ๊วขาว น้ำปลา คลุกเคล้าพอเข้ากัน หมักทิ้งไว้ประมาณ 15-20 นาที
ตีไข่ไก่พอแตก ปรุงรสด้วยน้ำปลา ตีพอเข้ากัน นำลงทอดในน้ำมันพืชขณะร้อน พอสุกตักขึ้น หั่นเป็นชิ้นพักไว้
เติมน้ำเปล่าลงไปในกระทะใบเดิม ใส่รากผักชี กระเทียม พริกไทยเม็ด พอเดือดปั้นหมูสับที่หมักไว้เป็นก้อนกลมลงต้มพอสุก ใส่เกลือป่น คอยช้อนฟองออก
ปรุงรสด้วยซีอิ๊วขาว น้ำปลา คนพอเข้ากัน ใส่ผักกาดขาวพอสุก ใส่ไข่เจียวที่เตรียมไว้
คนพอเข้ากันตักใส่ภาชนะ โรยต้นหอม ผักชี กระเทียมเจียว จัดเสิร์ฟ"
ต้มจับฉ่ายน่องไก่,"นำรากผักชี กระเทียม และพริกไทยไปโขลกให้ละเอียด
นำสามเกลอที่โขลกไว้มาผัดกับน้ำมันในกระทะพอให้มีกลิ่นหอม จากนั้นนำแครอท หัวไชเท้า ลงไปผัดสักครู่ ตามด้วยใส่ผักโขม กะหล่ำปลี และกวางตุ้งลงไปผัดให้ผักพอสลด พักไว้
นำผักที่ผัดเมื่อสักครู่ใส่ลงหม้อที่มีน้ำ เมื่อน้ำเริ่มเดือดให้ใส่น่องไก่ลงไป
ปรุงรสด้วย ซอสปรุงรส ซีอิ๊วขาว เกลือป่น ซอสหอยนางรม และน้ำตาลปี๊บ ตามด้วยใส่เห็ดหอมลงไป
ใช้ไฟกลางแล้วเคี่ยวไปเรื่อย ๆ โดยใช้เวลา 20 - 30 นาที หรือเคี่ยวจนผักเปื่อย และนิ่ม จากนั้นใส่ขึ้นฉ่ายลงไปคนให้เข้ากัน ปิดไฟ
ตัก “ต้มจับฉ่ายน่องไก่” ใส่ชาม จัดแต่งให้สวยงาม เสิร์ฟพร้อมข้าวสวยร้อน ๆ"
กระเพาะปลา,"ต้มน้ำซุปโดยใส่โครงไก่ เกลือ น้ำตาลกรวด รากผักชี กระเทียม พริกไทยเม็ด เก๋ากี้
ตั้งน้ำร้อน แล้วตามด้วยกระเพาะปลา ต้มจนเริ่มนิ่ม แล้วจึงนำขึ้นแช่น้ำ
เมื่อเริ่มอุ่น ให้ค่อย ๆ บีบน้ำออกจากกระเพาะปลา แล้วล้างอีกครั้ง จากนั้นบีบน้ำออกใหม่ ควรล้าง 2 รอบ แล้วนำไปตัดเป็นชิ้นพอดีคำ
นำกระเพาะปลาใส่ในน้ำซุปที่ตั้งไว้ แล้วตุ๋นไว้ประมาณ 20 นาที
ปรุงรสด้วย น้ำมันหอย ซีอิ๊วขาว จิ๊กโฉ่ว แล้วจึงใส่เห็ดหอม หน่อไม้ เลือดไก่ คนให้เข้ากัน
นำแป้งมันฮ่องกงมาละลายน้ำ อัตราส่วน 1:1 ค่อย ๆ เทใส่ในหม้อขณะเดือด แล้วคนให้พอข้น
ตักใส่ชามโรยหน้าด้วยไก่ฉีก และตกแต่งด้วยผักชี “กระเพาะปลา” ของเราก็พร้อมรับประทาน"
ไก่ตุ๋นมะนาวดอง,"นำเห็ดหอมแช่น้ำทิ้งไว้ 10 นาที เตรียมไว้ จากนั้นปอกเปลือก และหั่นฝักขนาดชิ้นพอดีคำ เตรียมไว้ และโขลก กระเทียม พริกไทย รากผักชีให้ละเอียด
ตั้งกระทะ ใส่น้ำมัน เจียวสามเกลอให้หอม หลังจากนั้นใส่เนื้อไก่ ทอดพอให้เนื้อไก่ขึ้นสี
ตามด้วยเห็ดหอมแห้ง ผัดให้หอม แล้วตักขึ้นพักไว้
ตั้งหม้อ เทน้ำเปล่า ใส่เนื้อไก่ที่ผัดสามเกลอและเห็ดหอม ตุ๋นทิ้งไว้ 30 นาที
ใส่ฟัก และมะนาวดอง ปรุงรสด้วย ซีอิ๊วขาว เกลือ ต้มอีก 5 นาที แล้วปิดไฟ ยกขึ้นจากเตาจัดเสิร์ฟ พร้อมข้าวสวย"
ต้มยำปลากะพงน้ำใส,"ต้มน้ำเปล่า ใส่ตะไคร้ ข่า ใบมะกรูด หอมแดง เปิดไฟแรง
พอน้ำเดือด ใส่ซุปก้อน และเนื้อปลากะพงลงต้มพอสุก เพื่อไม่ให้เหม็นคาว ให้ใส่ปลาตอนน้ำเดือดจัด และเมื่อใส่ปลาแล้ว ห้ามคนเด็ดขาด จนกว่าเนื้อปลาจะสุก
ปรุงรสด้วยน้ำปลา น้ำมะนาว พริกขี้หนู คนพอเข้ากัน ใส่ใบกะเพราคนให้เข้ากันอีกครั้ง ตักใส่ภาชนะ จัดเสิร์ฟร้อน ๆ ได้เลยค่ะ"
แกงส้มผักรวมกุ้งสด,"ตั้งน้ำสะอาดจนเดือด เติมพริกแกงส้มลงไป คนให้ละลายเข้ากันดี
ปรุงรสด้วยน้ำมะขามเปียก น้ำตาลปี๊บ และน้ำปลา ต้มต่อสักครู่
ใส่ผักแข็งลงไปก่อน เช่น แครอท ข้าวโพดอ่อน ถั่วฝักยาว และตามด้วยกะหล่ำปลี ต้มจนผักสุก จากนั้นใส่กุ้งลงไป
พอกุ้งสุกดีก็ปิดไฟ ตักใส่ถ้วยสำหรับจัดเสิร์ฟได้เลยค่ะ"
ปลานึ่งสมุนไพร,"หั่นข่าเป็นแว่นหนาประมาณครึ่งเซนติเมตร บุบกระเทียมและหอมแดงให้แตกเล็กน้อย เพื่อให้มีกลิ่นหอมมากขึ้น หั่นตะไคร้ส่วนบนออกแล้วพักไว้
บุบและหักครึ่งตะไคร้ส่วนล่างให้มีขนาดพอจะยัดท้องปลาได้ ฉีกใบมะกรูดเพื่อให้น้ำมันหอมระเหยออกมาได้ดีขึ้น
ทาเกลือให้ทั่วตัวปลาทั้งสองด้าน การทาเกลือจะช่วยให้ปลาไม่คาว
นำเครื่องสมุนไพรที่เตรียมไว้ยัดใส่ท้องปลาให้แน่น
โดยเริ่มขั้นแรกจากวางปลาบนลังถึงหรือตะแกรงที่ใช้นึ่งบนน้ำเดือด วางใบโหระพา ข่า กระเทียม และหอมแดงที่เหลือบนตัวปลา ใส่ตะไคร้ส่วนบนที่พักไว้ลงในน้ำเดือด เพื่อให้ไอน้ำที่ใช้นึ่งมีกลิ่นตระไคร้ เป็นการเพิ่มความหอมและลดความคาวของปลา
นึ่งปลาให้สุกโดยใช้เวลาประมาณ 15 - 20 นาทีขึ้นกับขนาดของปลา
เมื่อครบเวลาจัดเสิร์ฟกับผักนึ่งและข้าวกล้องร้อน ๆ ทานคู่กับน้ำจิ้มซีฟู้ดหรือน้ำจิ้มแจ่วตามต้องการ"
ผัดเต้าหู้เห็ดหอมเจ,"นำกระทะตั้งไฟใส่น้ำมันพืชลงไป รอจนน้ำมันร้อนใส่เห็ดหอมสดลงไป ตามด้วยน้ำสต๊อกผักนิดหน่อยค่ะ
ปรุงรสด้วยซอสถั่วเหลืองสูตรเจ น้ำตาลทราย และซอสปรุงรสสูตรเจ ผัดให้ส่วนผสมเข้ากันดี
หลังจากนั้นใส่เต้าหู้เหลืองทอดตามลงไปค่ะ ผัดให้เข้ากันอีกครั้ง ดูจนส่วนผสมทุกอย่างสุกได้ที่ แล้วปิดไฟได้เลยค่ะ
นำผัดเต้าหู้เห็ดหอมเจตักใส่จาน ตกแต่งให้สวยงาม จัดเสิร์ฟขึ้นโต๊ะได้เลยค่ะ"
เต้าหู้ยัดไส้นึ่งซีอิ๊ว,"ผสมหมูสับ เห็ดหอมสับ และต้นหอมซอยเข้าด้วยกัน ปรุงรสด้วยซีอิ๊วขาว น้ำตาล และพริกไทย คลุกผสมให้เข้ากัน พักไว้
หั่นเต้าหู้ขาวเป็น 4 ชิ้น แล้วบั้งตรงกลางให้ใส่ไส้เข้าไปได้ นำหมูสับที่คลุกผสมไว้มาปั้นเป็นก้อน แล้วยัดเข้าไปตรงกลางของเต้าหู้ที่บั้งไว้
นำเต้าหู้ที่ยัดไส้หมูแล้ว มาใส่ลังถึง นึ่งไฟกลาง เป็นเวลา 20 นาที เมื่อครบ 20 นาที จึงนำขึ้น พักไว้
ผสมซีอิ๊วขาว ซอสหอยนางรม น้ำตาลทราย เหล้าจีน น้ำมันงา น้ำซุป และพริกไทย ลงในหม้อ คนให้เข้ากัน ตั้งไฟให้เดือด
นำน้ำราดที่ทำไว้ ราดลงบนเต้าหู้ยัดไส้ โรยตกแต่งด้วยต้นหอม และพริกชี้ฟ้า เป็นอันพร้อมเสิร์ฟ"
ดอกกุยช่ายผัดตับ,"ลวกตับในน้ำเดือด ให้ตับสุก ๆ ดิบ ๆ แล้วตักขึ้นพักไว้
ตั้งกระทะใส่น้ำมันไฟกลาง ใส่กระเทียมลงไปผัด พอเหลืองใส่ตับลงไปผัดจนตับสุก
ใส่ดอกกุยช่ายลงไปผัด เติมน้ำที่ลวกตับลงไปเล็กน้อย แล้วปรุงรสตามชอบ ผัดให้เข้ากัน จนผักสลบ พร้อมเสิร์ฟ"
ผัดดอกกุยช่ายกุ้ง,"นำกระทะขึ้นตั้งไฟปานกลาง เทน้ำมันพืชลงไป รอน้ำมันร้อน ใส่กระเทียมสับ ผัดจนเหลืองหอม
ใส่กุ้งขาว ผัดจนเนื้อกุ้งกลายเป็นสีส้ม พอกุ้งเปลี่ยนเป็นสีส้มก็ปรุงรสด้วยน้ำมันหอย ซีอิ๊วขาว น้ำตาลทราย และน้ำเปล่า ตามด้วยดอกกุยช่ายหั่นทอน ผัดจนสุก ตักใส่จาน พร้อมเสิร์ฟ"
ทอดมันปลา,"นำปลายี่สกที่ซื้อมามานวด อาจจะนวดในถุงก็ได้ค่ะ นวดไปเรื่อยๆสักประมาณ 10 นาทีเพื่อให้เนื้อปลามีความเหนียวขึ้น
นำพริกแกงแดง 1 ขีดใส่ในเนื้อปลา และผสมให้ทั่วเนื้อปลา ใส่ถั่วฝักยาวซอย ตามด้วยใบมะกรูดซอย ผสมทุกส่วนให้เข้ากันและนำลงไปทอดในน้ำมันเดือด ๆ
นำน้ำจิ้มไก่ ผสมกับน้ำส้มสายชูและถั่วบด ทานคู่กับแตงกวาเป็นอันเสร็จค่ะ"
ก๋วยเตี๋ยวหลอดทรงเครื่อง,"ทำน้ำจิ้มโดยนำน้ำส้มสายชู พริกแดงสับ ซีอิ๊วขาว และน้ำเชื่อมผสมเข้าด้วยกัน เตรียมใส่ถ้วยไว้
นำหม้อขึ้นตั้งไฟปานกลาง ใส่ผงพะโล้ลงไป ตามด้วยพริกไทยป่น และเกลือป่น คั่วจนหอม
ใส่น้ำตาลปี๊บลงไป แล้วคนให้เข้ากันจนน้ำตาลปี๊บละลาย
ใส่หมูสามชั้น เต้าหู้ขาว และกุ้งแห้ง ผัดให้เข้ากัน แล้วเทน้ำเปล่าลงไป ตามด้วยรากผักชี ปรุงรสด้วยซีอิ๊วดำหวาน ตุ๋นจนน้ำข้นขึ้น และหมูสามชั้นเปื่อย
นำถั่วงอกใส่จาน ตามด้วยต้นหอม เส้นใหญ่ และน้ำราด เสิร์ฟพร้อมน้ำจิ้มที่เตรียมไว้"
สลัดปลาหิมะย่าง,"นำปลาหิมะมาปรุงรสด้วยเกลือ และพริกไทยเล็กน้อย หมักทิ้งไว้สักครู่
นำปลาหิมะที่หมักไว้ลงย่างในกระทะที่มีน้ำมันมะกอก 1 ช้อนโต๊ะ ย่างจนปลาหิมะสุกทั้งชิ้น แล้วตักขึ้นพักไว้
นำน้ำเลมอน น้ำผึ้ง พริกไทย เกลือที่เหลือ งาขาว และน้ำมันกอกที่เหลือใส่ลงในชาม คนจนทุกอย่างละลายเข้ากันดี
นำน้ำสลัดเมื่อสักครู่ราดลงไปในชามที่มีผักสลัด มะเขือเทศ มะกอกดำ หอมหัวใหญ่ แตงกวา และอัลมอนด์สไลด์ เคล้าจนน้ำสลัดเข้ากับผักดี ตักใส่จานสำหรับเสิร์ฟ
นำปลาหิมะย่างมาวางบนสลัดที่ตักใส่จานไว้ ตกแต่งด้วยผิวเลมอน และพาสลีย์สับ เพียงเท่านี้เราก็พร้อมรับประทาน"
ยำสลัดอะโวคาโดกุ้ง,"ใส่น้ำสลัดครีมงาญี่ปุ่นลงไปในชามผสม ตามด้วยน้ำปลา น้ำมะนาว น้ำตาลปี๊บ พริกขี้หนูสวนสับละเอียด และผักชีสับละเอียด จากนั้นคนให้ส่วนผสมเข้ากัน เสร็จแล้วพักไว้เตรียมเสิร์ฟ
นำกรีนโอ๊ก เรดโอ๊ก ไอซ์เบิร์ก ผักคอส แตงกวาญี่ปุ่น มะเขือเทศราชินี อะโวคาโดหั่น และกุ้งลวกสุกจัดเสิร์ฟลงในจาน เสิร์ฟพร้อมน้ำสลัดที่เตรียมไว้"
น้ำพริกปลาแซลมอน,"นำหอมแดง กระเทียม พริกชี้ฟ้าแดง และพริกขี้หนู มาย่างในกระทะจนทุกอย่างเริ่มสุกนิ่ม และมีกลิ่นหอม จากนั้นตักใส่จานเตรียมไว้
ใส่น้ำมันเล็กน้อยลงในกระทะรอจนร้อน นำแซลมอนด้านหนังลงไปทอดก่อน แล้วจากนั้นทอดให้สุกทั้งหมด แล้วลอกหนังออก
นำเครื่องน้ำพริกที่ย่างใส่ลงในครกแล้วตำให้แหลก จากนั้นใส่แซลมอนลงไปตำจนเข้ากันดี
ปรุงรสชาติน้ำพริกแซลมอนด้วยน้ำตาลทราย น้ำมะนาว และน้ำปลา คนจนเครื่องปรุงเข้ากัน
ตัก “น้ำพริกปลาแซลมอน” ใส่ถ้วยเสิร์ฟพร้อมกับผักต้ม และผักสดต่าง ๆ "
น้ำเต้าหู้,"นำถั่วเหลืองมาล้างให้สะอาดแล้วหยิบเม็ดถั่วเหลืองเสียออก
ล้างจนหมดกลิ่นเหม็นเขียว จากนั้นแช่ไว้เป็นเวลาอย่างน้อย 3 ชั่วโมงเพื่อให้ถั่วนิ่มแล้วพองตัว
นำถั่วเหลืองที่แช่มาใส่เครื่องปั่น เติมน้ำสะอาด จากนั้นปั่นให้ละเอียด แล้วนำมากรองผ่านผ้าขาวบาง บีบเอาแต่น้ำ
นำน้ำเต้าหู้ขึ้นตั้งไฟต้มจนเดือด คอยคนเรื่อย ๆ ตักใส่แก้วก็สามารถดื่มได้แล้ว"
น้ำเต้าหู้งาดำ,"ล้างทำความสะอาดถั่วเหลืองซีก จากนั้นแช่น้ำไว้ประมาณ 3 ชั่วโมง จนถั่วพองได้ที่
คั่วงาดำในกระทะด้วยไฟเบาให้หอม
ปั่นถั่ว งาดำ และน้ำเปล่าด้วยโถปั่นจนละเอียด แล้วนำมากรอง และคั้นด้วยผ้าขาวบาง แล้วนำขึ้นตั้งไฟอ่อน
เติมน้ำเปล่าส่วนที่เหลือและใบเตย ต้มไปเรื่อยๆ ประมาณ 20 นาที หรือจนกว่าจะหายเหม็นเขียว จากนั้นจัดเสิร์ฟ หากชอบหวานสามารถเติมน้ำตาลได้ตามชอบ"
กล้วยบวชชี,"นำกล้วยน้ำว้าไปนึ่งในน้ำเดือดประมาณ 3-5 นาที หรือจนกระทั่งผิวของกล้วยน้ำว้าเริ่มแตกออก แล้วปิดไฟ นำออกมาปอกเปลือก และหั่นเป็นชิ้นเล็ก ๆ พอดีคำ
นำหางกะทิไปต้มในหม้อ ใส่ใบเตยลงไปเพื่อเพิ่มความหอม เมื่อเดือดแล้วก็ใส่น้ำตาลปี๊บ น้ำตาลทรายขาว และเกลือ คนให้ละลายดีแล้วใส่กล้วยที่หั่นไว้แล้วลงไป
เมื่อกะทิเริ่มเดือดอีกครั้งใส่หัวกะทิลงไป และปล่อยทิ้งไว้ให้เดือดอีกประมาณ 3 นาที
ถ้าต้องการให้น้ำข้นเหนียวก็ให้ใส่แป้งมันลงไปประมาณ 1 ช้อนชา และคนให้ละลายทั่วกันดีค่ะ
อย่าต้ม “กล้วยบวชชี” นานจนเกินไปเพราะจะทำให้กล้วยเละได้ กล้วยใน “กล้วยบวชชี” ควรจะยังแข็งนิดหน่อย จากนั้นตักใส่จาน และเสิร์ฟได้เลยค่า"
โยเกิร์ตโฮมเมด,"ตั้งนมด้วยไฟอ่อนเป็นเวลา 5 นาที จากนั้นใส่โยเกิร์ตลงไปแล้วคนให้เข้ากัน ตักหัวเชื้อโยเกิร์ตที่ทำเสร็จแล้วใส่ภาชนะตามชอบ
จากนั้นเก็บไว้ในภาชนะที่ปิดมิดชิด โดยห้ามขยับเป็นเวลา 12 ชั่วโมง อ่านต่อได้ที่ เมื่อครบเวลา 12 ชั่วโมง หัวเชื้อโยเกิร์ตที่ทำไว้จะเซตตัวเป็นก้อน ให้นำแช่เย็นก่อนจัดเสิร์ฟพร้อมท็อปปิงตามชอบ"
กล้วยน้ำว้าอบ หวานจากธรรมชาติ,"กล้วยน้ำว้าสุกค่ะ

แต่อันนี้แล้วแต่คนชอบนะคะ หากใครชอบไม่หวานมากก็เลือกกล้วยที่ไม่สุกมากไป แบบห่ามๆค่ะ

2
นำกล้วยมาปอกเปลือกและฝานครึ่ง

3
และนำไปอบที่อุณหภูมิ 180 องศา
ไฟบนล่าง เวลา 50 นาทีค่ะ
** หากใครชอบแห้งๆก็อบต่อได้เลยนะคะ"
คุ๊กกี้ธัญพืชไร้แป้ง,"1
มาเตรียมส่วนประกอบกันก่อนเลยคะ

2
นำมะม่วงหิมพาน+แอลมอนด์+วอลนัท+เมล็ดฟักทอง+ข้าวโอ๊ตอบแห้ง+แครนเบอรี่อบแห้ง+งาดำ+งาขาว ผสมรวมกันทั้งหมดเลยคะ แล้วคลุกเคล้าให้เข้ากันนะคะ

3
ใส่เกลือเล็กน้อยคะ แล้วคลุกเคล้ากันอีกรอบคะ

4
ใส่น้ำผึ้งคะ แล้วก็คลุกเคล้ากัน

5
ตามด้วยไข่ขาวคะ ค่อยๆเททีละน้อยนะคะ เทไปคลุกไปคะ

6
เพิ่มความหอมด้วย Butter Extract นะคะ อันนี้ใส่ก็ได้ไม่ใส่ก็ได้คะ แค่อยากได้ความหอมของButter คะ

7
พอคลุกเคล้ากันเสร็จเรียบร้อยแล้ว เรามาใส่พิมพ์กันคะ จอยใช้พิมพ์ที่ทอดไข่ดาว ขนาดประมาณเส้นผ่าศูนย์กลาง 10 ซ.ม. ได้คะ แล้วน้ำแก้วน้ำขนาดเล็กมาห่อถุงพลาสติกเพื่อเป็นตัวกดพิมพ์ในแน่นคะ

8
ชั่งตัวคุ๊กกี้ธัญพืชน้ำหนักประมาณ 40 กรัม แล้วนำลงไปในพิมพ์ ใช้แก้วเล็กที่เตรียมไว้อัดลงไปในพิมพ์ พยายามกระจายตัวคุ๊กกี้ให้เท่าๆกันนะคะ

9
ทำชิ้นต่อไป ให้ห่างกันประมาณ 1 เซนติเมตร ทำให้เต็มถาดเบยคะ

10
เต็มถาดก็จะได้ประมาณ 13 ชิ้นได้คะ ชิ้นละ 40 กรัมนะคะ

11
อุ่นเตาอบให้ร้อนคะ ใช้อุณหภูมิอบ ประมาณ 135 องศา เปิดไฟ บน- ล่าง เปิดพัดลมด้วยนะคะคุ๊กกี้จะได้กรอบๆ อบประมาณ 13-15 นาที (แล้วแต่เตาอบคะ ดูจากสีของคุ๊กกี้เอาก็ได้นะคะ)

12
เสร็จแล้วนำออกมาจากเตาอบ อย่าเพิ่งเเกะ หรือนำขนมออกมาจากถาดนะคะ ต้องรอให้คุ๊กกี้เย็นสนิท ถึงจะแกะออกมารับประทานได้คะ"
มะม่วงไม่รู้หาว มะนาวไม่รู้โห่,"1
ล้างทำความสะอาดโดยการเปิดน้ำไหลผ่าน ประมาณ 5 นาที
( ซื้อมาจากญาติ ธรรมชาติ ปลอดสารพิษ แต่ล้างสิ่งสกปรก ฝุ่นควันออกเพื่อสุขภาพที่ดี )
เคล็ดลับ: ใช้ผลสุก น้ำจะสีแดงสด เข้ม อุดมไปด้วยสารแอนโทไซยานิน สารสีม่วงแดงซึ่งเป็นสารต้านอนุมูลอิสระ มีสูงกว่าวิตามินซีหลายพันเท่า และจัดว่าเป็นผลไม้เบอร์รีชนิดหนึ่ง

2
ตอนแรกเราก็ผ่าครึ่งแกะเมล็ดออก แต่ลูกมันเล็ก และมีเมล็ดด้วยทำให้เสียเวลา จึงบีบลูกให้แตกเพื่อลดขั้นตอน และทำให้สารอาหารที่อยู่ในลูกออกมาด้วยเวลาต้ม

3
ต้มน้ำให้พอเดือด ใส่ใบเตยลงไปต้มก่อนสักครู่ ตามด้วยมะม่วงหาวมะนาวโห่ที่เตรียมไว้ ใส่ลงไป ตามด้วยเกลือผง และน้ำตาลทรายแดง

4
หลังจากต้มไปสักพัก รอให้น้ำเดือดปิดแก๊ส ยกลงจากเตา รอให้น้ำอุ่น นำไปกรองแยกกากออก

5
ใส่แก้วพร้อมน้ำแข็ง หรือจะนำไปแช่ฟรีช จะได้น้ำมะม่วงหาวมะนาวโห่รสเข้มข้น ดื่มเป็นเกล็ดน้ำแข็ง สดชื่น เปรี้ยวอมหวาน"
ก๋วยเตี๋ยวคั่วไก่ สูตรคลีน,นำอกไก่ไปหมักด้วยน้ำตาลทรายไม่ขัดสี พริกไทยป่น ซีอิ๊ว Low Sodium 1 ช้อนชา แล้วพักไว้เป็นเวลา 20 นาที ตั้งกระทะโดยใช้ไฟอ่อน จากนั้นใส่ไก่ที่หมักไว้ลงไปผัดให้สุก แล้วตอกไข่ลงไปผัดให้สุกเช่นกัน ใส่เส้นแครอท ปรุงรสด้วย ซีอิ๊วขาว Low Sodium 1 ช้อนชา และซอสหอยนางรม Low Sodium ผัดให้ทุกอย่างเข้ากัน เมื่อเส้นแครอทสุกแล้ว ตักใส่จานที่รองด้วยผักกาด แล้วโรยด้วยต้นหอม พริกไทยป่น เสิร์ฟพร้อมซอสพริกค่ะ
สลัดผักผลไม้,"1
หั่นผลไม้ตามชอบชิ้นพอคำ ครับ
เคล็ดลับ: แอปเปิ้ล หั่นแล้วแช่น้ำเกลือจะได้ไม่ดำนะครับ

2
หั่นผัดสด ตามชอบชิ้นพอคำครับ
เคล็ดลับ: ล้างผักหลายๆน้ำให้สะอาดก่อนนะครับ

3
ราดน้ำสลัดครีมลงไปเล้ยยย
เคล็ดลับ: ใครชอบเนื้อสัตว์ก็ใส่ได้ครับ เช่น เนื้อไก่ฉีก ไข่ต้ม ต่างๆ

4
คลุกๆๆๆ ให้เข้ากันเบาๆครับ เดี๋ยวผักเฉาหมด

5
พร้อมทาน ตักเข้าปากเลย ได้สุขภาพด้วยครับผม"
พริกหวานยัดไส้ไขมันต่ำ,"ย่างพริกหวาน
- วอร์มเตาอบที่อุณหภูมิ 180 องศาเซลเซียส

- ใช้มีดตัดขั้วพริกหวานออก ทำความสะอาด และนำเม็ดพริกออกให้หมด ปรุงรสและกลิ่นด้วยเกลือ และผงปาปริก้า จากนั้นเกลี่ยให้ทั่วด้านในของพริกหวาน

- นำพริกเข้าไปย่างในเตาอบจนสุก ใช้เวลาประมาณ 25 นาทีค่ะ ผัดไส้พริกหวาน

- หั่นอกไก่เป็นลูกเต๋าเล็ก ๆ จากนั้นปรุงรสด้วยเกลือ แล้วคลุกเคล้าให้เข้ากันจากนั้นพักไว้

- ซอยหอมใหญ่และกระเทียม แล้วหั่นมะเขือเทศเป็นชิ้นเล็ก ๆ พักไว้

- ตั้งกระทะบนเตาแก๊สโดยใช้ไฟกลาง จากนั้นใส่น้ำมันมะกอก เมื่อน้ำมันเริ่มร้อนใส่กระเทียมและหอมใหญ่ผัดจนเริ่มใส

- ต่อด้วยการใส่อกไก่ผัดให้เกือบสุก จากนั้นปรุงรสด้วยเกลือที่เหลือและโรสแมรีแห้ง

- ใส่มะเขือเทศลงไปผัดเรื่อยๆ จนน้ำมะเขือเทศนุ่มและคายน้ำออกมา จากนั้นตักขึ้นพักไว้ค่ะ ยัดไส้พริกหวานและจัดเสิร์ฟ

- ตักไส้ที่ผัดแล้วใส่ในพริกหวานที่ย่างจนสุกหอม

- ตอกไข่ลงไปด้านบน จากนั้นนำไปอบต่อด้วยอุณหภูมิ 180 องศาเซลเซียส เป็นเวลา 10-12 นาทีพร้อมอร่อยแล้วจ้า มาจัดเสิร์ฟกันได้เลย

Tip : สามารถโรยหน้าด้วยชีสไขมันต่ำก่อนเข้าเตาอบ เพื่อเพิ่มความอร่อยเข้าไปอีก ทานกับซอสมะเขือเทศหรือซอสพริกได้ตามชอบเลยค่ะ"
ทูน่าคอร์นสลัด,"ตั้งหม้อต้มน้ำให้เดือด จากนั้นนำ เดลิเฟรชผักรวมแช่แข็ง มาลวกให้พอสุกประมาณ 2 นาที
ตักขึ้นมาพักไว้ในน้ำเย็นเพื่อหยุดความร้อน ทำให้ผักดูสดและกรอบ เตรียมชามผสม นำทูน่าบีบน้ำออกให้แห้งใส่ลงในชามผสม ตามด้วยสับปะรด เดลิเฟรชผักรวมแช่แข็ง ที่พักไว้ และน้ำสลัดครีม
คลุกเคล้าให้เข้ากันเตรียมจัดเสิร์ฟ"
สลัดแร็ปผัก,"ย่างอกไก่
นำอกไก่มาผ่าครึ่งแบ่งเป็นสองชิ้น หมักด้วย เกลือ พริกไทย ปาปริกาป่น และน้ำมันมะกอก นวดให้เข้าเนื้อ
ตั้งกระทะสำหรับย่าง รอจนกระทะร้อนแล้วใส่ไก่ลงไปย่างให้สุกดีทั้งสองด้าน นำขึ้นพักไว้ เตรียมสลัดแร็ป
นำแผ่นตอติญ่าลงไปนาบในกระทะใบเดิมที่ย่างไก่ นาบจนพอขึ้นสีแล้วนำขึ้น
จัดเรียง ไก่ย่าง หอมแขก แครอท ข้าวโพด และลูกเดือย ลงไปบนแผ่นตอติญ่า
ตามด้วย ผัดสลัดใบ เช่น ผักคอส กรีนโอ๊ค เรดโอ๊ค ห่อและจัดเสิร์ฟ
ราดด้วย น้ำสลัดซีซาร์ ตราเอโร่ โรยชีสพาร์เมซาน และห่อให้แน่น
ทำเหมือนเดิมอีกหนึ่งชิ้น แต่เปลี่ยนน้ำสลัด เป็น น้ำสลัดเทาซันด์ไอแลนด์
หรือจะใส่ทั้ง น้ำสลัดซีซาร์และ น้ำสลัดเทาซันด์ไอแลนด์ "
สลัดสาหร่าย,"เตรียมสลัดวากาเมะ
แช่ สาหร่ายวากาเมะ ตราเอโร่ ลงในน้ำอุ่นประมาณ 15 นาที
เมื่อนิ่มแล้วนำสาหร่ายวากาเมะไปลวกให้สุกแล้วหั่นเป็นเส้น ๆ เตรียมไว้
นำแตงกวาญี่ปุ่นและมะเขือเทศเชอร์รีมาหั่นเป็นชิ้นพอดีคำ และขูดแคร์รอตเป็นฝอยเตรียมไว้ ย่างอกไก่
หมักอกไก่ด้วย เกลือ พริกไทย ทั้งสองด้าน แล้วย่างให้สุก
หั่นเป็นชิ้นเตรียมไว้ ใส่ผักสลัดลงในชาม ตามด้วยปูอัด อกไก่ย่าง สาหร่ายวากาเมะ แตงกวาญี่ปุ่น แคร์รอต และมะเขือเทศ ในชามเสิร์ฟ โรยหน้าด้วยงาดำ ราดด้วยน้ำสลัดซีอิ๊วญี่ปุ่น พร้อมเสิร์ฟ"
น้ำสลัดครีมซีฟุ้ด,"1
- นำส่วนผสมทั้งหมดใส่ลงโถปั่น

2
- นำไปปั่นจนละเอียด

3
- ชิมดูถ้าเผ็ดเกินไปให้เพิ่มน้ำตาลหรือน้ำปลาดูค่ะ หรือขาดรสไหนไปสามารถเพิ่มอัตราส่วนเองได้เลย สูตรนี้ค่อนข้างเผ็ดเพราะใส่พริกเยอะหน่อยค่ะ

4
- ได้น้ำสลัดครีมซีฟู้ดรสชาติจัดจ้าน ทานคู่กับสลัด หรือนำไปประยุกต์ใช้คู่กับเมนูอื่นได่ค่ะ"
สลัดมันฝรั่งสไตล์ญี่ปุ่น,"1
ปลอกเปลือกมันฝรั่ง และแคร์รอต แล้วหั่นเป็นชิ้น นำไปล้าง และต้มพร้อมกันจนสุก
2
ระหว่างระมันฝรั่งสุก ให้นำแตงกวามาหั่นแว่นและนำไปคลุกเกลือ พักไว้ 10 นาที เพื่อให้แตงกวาคายน้ำ ก่อนจะนำไปล้างน้ำจนความเค็มหายไป และใช้ทิชชู่สำหรับทำอาหาร หรือห้าขาวบางซับให้แห้ง
3
นำหัวหอมใหญ่มาหั่นตามแนวยาว และนำไปคลุกเกลือ พักไว้ 10 นาที แล้วนำไปล้างน้ำเปล่า ก่อนจะนำผ้าขาวบางห่อและบีบน้ำจากหัวหอมใหญ่
เคล็ดลับ: วิธีนี้จะช่วยให้ความเผ็ดลดลง และหัวหอมใหญ่มีความนุ่มละมุนขึ้น
4
นำมันฝรั่งที่ต้มสุกมาบดหยาบ ให้เหลือเนื้อมันฝรั่งเป็นชิ้น ๆ ไว้ด้วย
5
หั่นแฮมเป็นสี่เหลี่ยมลูกเต๋า ขนาดไม่ต้องใหญ่มาก
6
นำส่วนผสมทั้งหมด มันฝรั่งที่บดแล้ว แคร์รอตต้มสุก แตงกวา หอมใหญ่ แฮม เกลือ พริกไท มายองเนสมาคลุกเคล้าให้เข้ากัน
เคล็ดลับ: มายองเนสมีหลายยี่ห้อ บางยี่ห้อเปรี้ยวนำ ให้เลือกผสมตามความชอบ

7
เมื่อผสมเสร็จ สามารถตักเสิร์ฟได้เลย หรือจะเก็บใส่กล่อง แช่ตู้เย็น และนำมาทานได้โดยไม่ต้องอุ่น
เคล็ดลับ: สามารถเพิ่มข้าวโพดหวานเพื่อเสิรมรสชาติได้"
ยำส้มโอ,"1
นำพริกแห้งเม็ดใหญ่แช่น้ำให้พอนุ่ม จากนั้นนำมาตัดเป็นวง นำพริกไปคั่วพร้อมกับหอม และกระเทียม
2
โขลกพริก หอมแดง และกระเทียมเข้าด้วยกันให้ละเอียด ตักใส่หม้อ ใส่น้ำปลา น้ำตาล และมะขามเปียก นำไปตั้งไฟกลาง เคี่ยวจนข้น ยกออกจากความร้อน พักให้เย็นลง
3
นำส้มโอและกุ้งใส่ลงในชามผสม ใส่น้ำยำลงไป เคล้าเบาๆ ให้เคลือบดี ใส่มะพร้าว ปลารมควัน ถั่วลิสง หอมแดงเจียว พริกชี้ฟ้าแดง และใบมะกรูด ลงไปครึ่งหนึ่ง ตักใส่จานที่รองด้วยใบทองหลาง โรยด้วยส่วนประกอบที่เหลืออีกครึ่ง"
ส้มตำหมูยอ,"1
นำพริกกับกระเทียมโขลกรวมกันจนแหลก จากนั้นใส่กุ้งแห้งเนื้อลงไปตำ จากนั้นเริ่มปรุงรส
2
ปรุงรสด้วยน้ำปลา น้ำตาลปีบ น้ำมะขามเปียก มะนาว น้ำปลาร้า คนจนได้ที่ ใส่มะเขือเทศกับถั่วฝักยาว ตำพอแหลก จากนั้นใส่เส้นมะละกอตำให้เข้ากัน
3
จากนั้นใส่หมูยอ คลุกให้ทั่วและเข้ากัน จัดใส่จานพร้อมรับประทาน"
สลัดทูน่ากระป๋องแบบง่าย,"1
นำผักรวมแช่แข็งที่เตรียมไว้ ไปลวกให้พอสุก
เคล็ดลับ: อาจจะใช้ผักหรือผลไม้ที่ชอบ แทนผักสามสีแช่แข็งได้ตามชอบ (ไม่รู้เพราะซื้อผักไว้นานหรือมันแช่แข็งรู้สึกแอบมีกลิ่น)

2
ขยี้ทูน่าให้เนื้อฟู

3
นำผักรวมที่ลวกเตรียมไว้ เทรวมกัน

4
ใส่น้ำสลัดลงไป ปริมาณตามชอบ

5
คลุกให้เข้ากัน

6
พร้อมเสริฟฟฟฟ
เคล็ดลับ: สามารถนำผักที่ชอบมาจัดแต่งจานได้ตามชอบเลย"
สลัดอกไก่ซอสมะนาว(สลัดน้ำใส),"1
ล้างทำความสะอาดและเตรียมผักให้เรียบร้อย
(ผักสามารถเลือกได้ตามใจชอบอาจจะนอกเหนือจากที่ให้ไว้ใน
สูตรก็ได้)
เคล็ดลับ: แช่น้ำเย็นจะทำให้ผักกรอบอร่อย

2
นำอกไก่มาสไลด์เป็นชิ้นพอคำ หมักเกลือพริกไทย เทน้ำมันมะกอกลงในกระทะ แล้วนำไปย่างบนกระทะจนสุก

3
ทำน้ำสลัดโดยการ นำน้ำมันมะกอก 3 ช้อนโต๊ะ น้ำมะนาว เกลือ พริกไทย น้ำผึ้ง คนผสมจนเข้ากัน
4
นำผักสลัดจัดใส่จาน วางไก่ แล้วราดด้วยสลัดน้ำใส่ โรยงาเล็กน้อย
พร้อมเสิร์ฟ"
ยำแมงกะพรุน,"1
แช่แมงกะพรุนจนแน่ใจว่าจืด โดยเเช่3-4น้ำ
เคล็ดลับ: กระพรุนอาจเค็มจัด ลองแช่แล้วแตะๆน้ำที่แช่มาชิมดู แค่แตะนะ😛
2
ตั้งน้ำจนเดือดแล้วก็ลวก จะน๊อคน้ำเย็นก็ได้ ไม่น๊อคก็ได้ตามสะดวก(แต่ผมไม่🤣) แล้วก็ตักใส่ชามรอไว้
เคล็ดลับ: ลวกแค่พอมันหดตัว สั๊ก30วิก็พอ
3
น้ำยำก็เอาพริกกระเทียมมาตำพอแหลกๆ ใครชอบละเอียดๆก็ตำนานหน่อย ใส่น้ำปลา น้ำตาลปี้บ น้ำมะนาว แล้วก็หอมใหญ่กับถั่ว คลุกๆจนน้ำตาลละลาย แล้วก็ใส่แมงกะพรุนลงไปคลุกให้ทั่ว
เคล็ดลับ: ถั่วจะตำให้แหลกก็ได้ ไม่ตำก็ได้ แล้วแต่ชอบ"
สลัดยำปูอัด,"เนื้อปูเทียมแช่แข็งแล้วหั่นครึ่ง พักไว้ ปรุงน้ำยำด้วย น้ำปลา น้ำตาลทราย มะนาว และพริกขี้หนูซอย
ใส่ มะเขือเทศเชอร์รี หอมแขกซอย เนื้อปูเทียมแช่แข็งที่หั่นไว้ และต้นหอมหั่นท่อน คลุกเคล้าให้เข้ากัน จัดเสิร์ฟลงบนผักสลัดตามชอบ กินคู่กันเข้ากันสุด ๆ"
ไอติมกะทิ,"1
ผสมกะทิและน้ำตาลทรายให้ละลายเข้ากันใส่กลิ่นวานิลลาลงไปคนให้เข้ากันตามด้วยแป้งข้าวโพดคนจนแป้งข้าวโพดละลาย

2
นำส่วนผสมทั้งหมดตั้งไฟเคี่ยวด้วยไฟกลางคนตลอดเวลาจนส่วนผสมเริ่มหนืดปรับเป็นไฟอ่อนคนต่อจนเริ่มเดือดเล็กน้อยปิดไฟทิ้งไว้ให้เย็น

3
.เทใส่ภาชนะสำหรับนำเข้าตู้เย็นช่องแช่แข็งประมาณ1คืน

4
.หลังจากนั้นนำมาปั่นหรือคนจนเนียนแล้วนำเข้าตู้เย็นช่องแช่แข็งต่ออีก1-2ขั่วโมง

5
ไอศกรีมเริ่มเซตตัวตักใส่ถ้วยทานได้"
ไอศครีมทอด,"1
นำไม้คลึงมาคลึงขนมปัง

2
วางไอศครีมบนแผ่นขนมปัง

3
ห่อด้วยขนมปัง 2 แผ่น

4
ห่อด้วยแผ่นฟอยล์ และ นำไปแช่แข็ง 1 คืน

5
ทอดจนสีเหลืองทอง

6
ราดด้วยนมข้นหวานและตกแต่งด้วยผลไม้"
ไอศกรีมถั่วดำ,"ล้างถั่วดำให้สะอาด เก็บเม็ดเสียทิ้ง
ตั้งหม้อใส่น้ำ ต้มถั่วดำจนสุกนิ่ม ตั้งกะทิใส่น้ำตาลมะพร้าว ตราบ้านตาลปึก และเกลือ พอละลาย
ใส่ใบเตย ตามด้วยถั่วดำต้มสุก เมื่อส่วนผสมทุกอย่างเข้ากันปิดไฟ ยกลง ตักส่วนผสมใส่พิมพ์ไอศกรีม แล้วนำไปแช่แข็งอย่างน้อย 3 ชั่วโมง ก็พร้อมจัดเสิร์ฟ"
ไอศครีมชาไทย,"1
ขั้นตอนชงชาไทย :

1. ชงน้ำชา โดยนำผงชาไทยใส่ถุงชงชา เทน้ำเดือดลงไป นำน้ำชาที่ได้เทกลับลงไปในถุงชงชาอีกรอบ ทำซ้ำๆสัก 10 รอบ หรือตามที่ต้องการจะให้ชาเข้มข้นมากน้อยแค่ไหน คั้นเอาน้ำชาให้ได้ประมาณ 120 ml

2. ปรุงรสชาไทย โดยผสมน้ำชา นม นมข้นจืด นมข้นหวาน น้ำตาล คนให้เข้ากัน ลองชิมดูว่ารสชาติตามต้องการหรือยัง หากชอบหวานก็เพิ่มนมข้นหรือน้ำตาลได้ เสร็จแล้วพักไว้ให้เย็น

ปล. หากไม่อยากยุ่งยากชงชา ก็สามารถใช้ชาเย็นสำเร็จรูป ประมาณ 250 ml ได้ แต่ชงเองจะได้ความสด เข้มข้นหวานมัน
2
ขั้นตอนทำไอศครีม 
1. ตีวิปปิ้งครีม โดยวิธีการตีใช้ภาชนะ 2 ใบ ใบที่ 1 ใส่น้ำแข็งพอประมาณ ใบที่ 2 ใส่วิปปิ้งครีม โดยนำภาชนะที่ใส่วิปปิ้งครีมซ้อนบนภาชนะที่ใส่น้ำแข็ง ความเย็นจะช่วยให้ตีวิปปิ้งครีมให้ตั้งยอดง่าย ตีจนวิปปิ้งครีมตั้งยอด ตีสักประมาณ 5 นาที ก็จะเริ่มตั้งยอด (ใช้ที่ตีไข่ หรือเครื่องตีก็ได้)
🔎 สังเกตวิปปิ้งครีมตั้งยอดจะมีลักษณะเหมือนเนื้อโฟมแน่นๆ และเมื่อดึงไม้ตีขึ้นมา วิปปิ้งครีมจะเกาะตามไม้ตีขึ้นมาเป็นยอดแหลมไม่ยุบตัว
เคล็ดลับ: เพื่อให้ตีวิปปิ้งครีมขึ้นยอดได้ง่าย ควรนำวิปปิ้งครีมแช่ฟรีซสัก 5 นาที ก่อนนำมาตี
3
ขั้นตอนทำไอศครีม 
2. นำชาไทยผสมกับวิปปิ้งครีม ค่อยๆคนเบาๆจนเข้ากัน เสร็จแล้วเทใส่ภาชนะที่มีฝาปิด แช่ช่องฟรีซประมาณ 5 ชั่วโมง ก็จะเซ็ทตัว
เคล็ดลับ: ระหว่างแช่ฟรีซ ชั่วโมงที่ 1,2,3 นำออกมาคนทั่วๆกันเพื่อป้องกันเนื้อไอศครีมกลายเป็นเกล็ดน้ำแข็ง ซึ่งจะทำให้เนื้อไม่เนียน "
ฮันนี่โทสต์ Honey Toast,"1
นำเนยสดเค็มไปละลาย

2
เจาะขนมปังทั้งสี่มุม

3
นำออกมาหั่นขนาดตามชอบอย่างเบามือ

4
จะได้ประมาณนี้

5
นำไปชุบในเนยสดที่ละลาย
เคล็ดลับ: ไม่ชุบมากเกินไป ขนมปังจะเละไม่สวยงาม

6
นำไปอบ 5 นาที ที่อุณหภูมิ 170 องศาเซลเซียส

7
จัดจานตามชอบ

8
บีบน้ำผึ้ง โรยไอซิ่งเล็กน้อย

9
ตักไอศกรีม และบีบวิปครีม พร้อมทาน"
ไอศครีมมะม่วง ไม่ใส่น้ำตาล ไม่ใช่วิปครีม ส่วนผสม 2 อย่าง,"1
นำส่วนผสมทั้ง 2 อย่างไปปั่นรวมกันจนได้เนื้อเนียน
เคล็ดลับ: การใช้เนื้อมะม่วงที่แช่แข็งแล้ว จะทำให้ไอศครีมเนื้อเนียนไม่เป็นแผลน้ำแข็ง

2
เทส่วนผสมที่ปั่นแล้วลงในกล่อง

3
ปิดฝานำเข้าช่องแช่แข็ง 5-6 ชั่วโมง

4
น้ำออกจากช่องแช่แข็งวางไว้ 15-20 นาทีก่อนจัดเสิร์ฟ"
ไอศกรีมโยเกิร์ตเยลลี่ปีโป้,"หั่นปีโป้ เป็นชิ้นเล็ก ๆ ตามชอบ ตัก ขนมเยลลี่รวมรสผลไม้ (คาราจีแนน) ตรา ปีโป้ ที่เตรียมไว้ลงในพิมพ์ไอศกรีมแท่ง

- เทนมเปรี้ยวลงไป ใช้ไม้เสียบลงไป จากนั้นนำไปแช่ช่องแช่แข็ง 4 ชั่วโมง

TIP : เทนมเปรี้ยวให้เหลือขอบไว้ประมาณ 2 มิลลิเมตร เวลาเสียบไม้ลงไปน้ำจะได้ไม่ล้น - นำไอศกรีมโยเกิร์ตเยลลี่ปีโป้ ที่แช่แข็งไว้ออกจากพิมพ์

TIP : นำไปจุ่มน้ำร้อนประมาณ 5 วินาที จะช่วยให้ดึงออกจากพิมพ์ได้ง่ายขึ้น"
ขนมผิง,"1
มาเตรียมส่วนประกอบกันก่อนเลไปยคะ

2
นำน้ำกะทิ +น้ำตาลทราย มาตั้งไฟให้น้ำตาลละลายนะคะ

3
แล้วเรามาคั่วแป้งมันให้สุกคะ

4
พอแป้งมันเย็นตัวแล้ว นำไข่แดงมานวดกับแป้งคะ นวดให้เข้ากันดี

5
ตามด้วยน้ำกะทิ ค่อยๆใส่ไปทีละนิด แล้วนวดๆๆๆๆคะ

6
พอนวดได้ที่แล้ว พักแป้ง 1 คืนนะคะ

7
พอครบ 1 คืน นำแป้งออกมานวดอีกรอบ แล้วปั้นเป็นก้อนเล็กๆ

8
แล้วนำไปเรียงที่ถาดอบ ห่างกันประมาณ 1 นิ้ว อบไฟ 180 องศา ประมาณ 10-12 นาที เปิดพักลมบน-ล่าง

9
พออบขนมเสร็นเรียบร้อยแล้วนำไปอบควันเทียนอีก ประมาณ 1 วัน ก็รับประทานได้"
เค้กใบเตยสูตรนึ่งแบบไม่ใช้เตาอบ,"1
นำใบเตยมาหั่นเป็นชิ้นเล็กๆจากนั้นนำไปปั่นให้ละเอียดพร้อมน้ำเปล่าแล้วนำมากรองให้เหลือแต่น้ำ

2
ผสมน้ำใบเตย น้ำตาลทราย กะทิและเกลือป่นคนให้ละลายเข้ากัน

3
ร่อนแป้ง ผงฟู และเบคกิ้งโซดา รวมกัน

4
นำแป้ง ผงฟูและเบคกิ้งโซดาที่ร่อนแล้วแบ่งใส่ลงไปส่วนผสมน้ำใบเตยคนให้เข้ากัน

5
เติมน้ำมะนาวลงไปคนให้เข้ากันแล้วพักแป้งไว้30นาที

6
.เมื่อพักแป้งคนบเวลาแล้วให้คนไล่ฟองอากาศอีกรอบ

7
จากนั้นตักใส่แม่พิมพ์นึ่งหลังจากน้ำเดือดเป็นเวลา15นาที เสร็จ"
ขนมอินทนิล,"1.ปั่นใบเตย คั้น แล้วกรองเอาน้ำใบเตยเข้มข้น.. จากนั้นเตรียมแป้งมันสำปะหลัง ค่อยๆใส่น้ำใบเตยลงไปคนให้ละลายเข้ากันดี..
2.ตั้งกระทะเปิดไฟอ่อนกวนให้แป้งสุกข้นขึ้น เหนียวดี (สามารถเติมน้ำตาลทรายลงไปเพิ่มความหวานให้ตัวแป้งได้นะคะ)
3.กวนต่อให้แป้งใส เหนียวรวมตัวเป็นก้อน พักไว้ให้แป้งเย็นลง..
4.ทำน้ำเชื่อม ใส่น้ำลอยดอกมะลิ และน้ำตาลทราย มัดใบเตยลงไปให้หอม เติมเกลือนิดหน่อยเมื่อละลายดี.. เติมกะทิลงไป แล้วนำมาอบควันเทียน..
(กะทิ ให้อบควันเทียนประมาณ 3-4 รอบ รอบละ 20 นาที หรือมากกว่านั้นได้นะคะเพื่อความหอมอบอวล)
5.นิ้วมือแตะน้ำนิดหน่อยแล้วเด็ดแป้งใบเตยใส่ลงไปในน้ำกะทิอบควันเทียนหอมๆ เติมน้ำแข็ง พร้อมอร่อย หอม สดชื่นแบบขนมหวานไทยโบราณ ได้เลย"
ขนมเทียนสูตรไส้เค็มสูตรคุณแม่,"1
ไส้เค็ม
1. ใช้ถั่วเขียวผ่าซีกล้างให้สะอาด ต้มจะเปื่อย เอาให้พอใช้ทัพพีบดได้ กรองเอาน้ำออก ดงต่อบนเตาให้ถั่วแห้ง
2. นำถั่วลงมาบดให้ละเอียดตอนที่ยังร้อนจะบดง่ายขึ้น จากนั้นใส่หอมเจียว กระเทียมเจียว อันนี้ใช้กะเอานะคะ ให้กลิ่นหอมที่เราชอบ
3. เติมน้ำตาลทราย 350 กรัม เกลือ 1 ช้อนโต๊ะ ต่อถั่ว 1 โลค่ะ ปรุงไปชิมไป เติมเพิ่มได้นะคะ
4. จากนั้นนำขึ้นผัดในกะทะประมาณครึ่งชั่วโมง ผัดให้สีเหลืองเข้ม ก่อนยกลงโรยพริกไทยประมาณ 1.5 ช้อนโต๊ะ
5. จากนั้นปั้นเป็นก้อนกลมๆ เราชอบไส้เยอะเลยปั้นลูกโต
เคล็ดลับ: ถั่วแช่น้ำสัก 6 ชั่วโมงก่อนนึ่งจะช่วยให้ถั่วนิ่ม ยกลงรีบเอาทัพพียี ไม่ต้องละเอียดมากนะคะ เวลาทานจะได้รู้สึกเหมือนมีเท็กเจอร์ของถั่วอยู่ค่ะ ที่สำคัญต้องชิมนะคะ จะได้รสชาติที่เราต้องการค่ะ สูตรข้างต้นเป็นสูตรคร่าวๆค่ะ บางทีวัตถุดิบอาจมีรสชาติที่ต่างกัน เช่น ถั่วแช่น้ำต่างกัน รสชาติก็ต่างกัน น้ำตาลทรายแต่ละยี่ห้อก็ความหวานต่างกันค่ะ

2
แป้งขนมเทียน,,,
1.นำหญ้าชิวคั่ก (ไม่รู้เรียกถูกมั้ย มันคือหญ้าที่ใส่ให้แป้งนิ่มค่ะ) ไปตากแดดให้กรอบ คั่วในกะทะให้หอมจากนั้นตำให้ละเอียด และนำไปต้มจนเปื่อย แล้วใส่น้ำตาลปี๊บ (สัดส่วนแป้ง 1 โลต่อหญ้าครึ่งขีด น้ำตาลปี๊บ 7 ขีด) ทิ้งไว้ให้เย็น
2. ใช้แป้งข้าวเหนียวนวดโดยใช้น้ำหญ้าที่ต้มไว้ ยิ่งนวดยิ่งเหนียวนะคะ อันนี้เราไม่มีสูตรตายตัว แต่คนทำขนมไทยน่าจะทราบค่ะ ว่านวดแป้งสำคัญมาก จะได้สีแป้งมีสีของหญ้าแบบในรูปค่ะ
เคล็ดลับ: หญ้าชิวคั่กจะช่วยทำให้แป้งขนมเทียนหอม นิ่ม น่าทานมากขึ้น เคล็ดลับคือต้องนวดนานๆ ทิ้งไว้ข้ามคืนนะคะ แป้งจะนิ่มมากขึ้น"
กะหรี่ปั๊บแป้งกรอบ,"1
วิธีทำไส้ขนม ใช้วิธีเดียวกันนะคะ (เฉพาะไส้หวาน)

1. ถั่วเหลืองนึ่ง ปั่นละเอียด

2.ใส่น้ำตาลทราย

3. เคี่ยวถั่วด้วยไฟอ่อน จนปั้นได้
เคล็ดลับ: บีใช้ถั่วเขียว ชอบกลิ่นหอมของเปลือกถั่ว คล้ายกินวนิลลา

2
วิธีทำไส้เค็ม

1. คลุกส่วนผสมทั้งหมดให้เข้ากันก่อน

2. ผัดเนยกับหอมหัวใหญ่ หอมแดง
ให้หอมเล็กน้อย

3. ตามด้วยหมู ผงกะหรี่ น้ำตาลทราย เกลือ ซีอิ๊วขาว ซอสหอยผัดให้เข้ากัน

4. ตามด้วยมันหวาน หรือ มันฝรั่ง

5. ยกลงจากเตา โรยต้นหอมเล็กน้อย
เคล็ดลับ: เหลือหอมหัวใหญ่และหอมแดง ไว้ผัดกับเนยเล็กน้อย

3
วิธีทำแป้งชั้นนอก

1.ร่อนแป้งอเนกประสงค์ 1 รอบ

2. ใส่น้ำปูนใส น้ำเย็น น้ำมันพืช
น้ำตาลทราย เกลือ

3. นวดทุกอย่างให้เข้ากัน

4. พักแป้งไว้ 1 ชั่วโมง

4
1. แบ่งแป้งออก เป็น 8 ก้อน พักไว้

(โดยเหลือไว้ 3 ก้อน เป็นแป้งโปะหน้า)
เคล็ดลับ: แป้งโป๊ะหน้า คือ แป้งชั้นนอก

5
วิธีทำแป้งชั้นใน

1. ร่อนแป้งอเนกประสงค์ 1 รอบ

2. ใส่น้ำมันพืช นวดให้ปั้นได้

(แป้งชั้นในแป้งออกร่วนๆคะ แต่ปั้นได้)
เคล็ดลับ: ใช้น้ำมันปาล์มจะดีกว่า น้ำมันถั่วเหลือง (ถ้าไม่มีให้ใส่เพิ่มไปอีก1ช้อนโต๊ะ)

6
1. นำแป้งชั้นนอก ห่อ แป้งชั้นใน
โดยให้แป้งชั้นใน มีก้อนขนาดเล็กกว่า
เคล็ดลับ: แป้งชั้นนอก 50 กรัม แป้งชั้นใน 10 กรัม

7
1. นำแป้งที่ได้ ปิดทับด้วยแป้งโป๊ะหน้าอีกทีนะคะ

(เป็นตัวผสานให้แป้งไม่แตกออกจากกันคะ)

2.ให้ดึงแป้งโปะหน้า ลงมาสุดขอบขอบเลยคะ

3. รีดแป้งให้แบน แล้วม้วนแป้ง

(การม้วนทำให้เกิดลายคะ)

เคล็ดลับ: โดยจะรีดและม้วนแป้ง 2 รอบด้วยกันนะคะ

8
1. รีดแป้งอีกรอบ โดยให้รีดไปตามยาวเท่านั้นคะ

2. ม้วนแป้ง ตัดแบ่ง เป็น 4 ชิ้น

(หรือถ้าต้องการชิ้นเล็ก ก็ตัด
เป็น6 ชิ้นคะ)

9
1. ให้รีดเป็นแผ่นกลมๆ จะได้ห่อง่ายๆ

(แบบแผ่นห่อเกี๊ยวซ่าคะ)
เคล็ดลับ: ให้รีดแป้งทั้งหมดไว้ก่อนใช้ ใช้ผ้าปิดกันแป้งแห้งด้วยนะคะ

10
1. จากนั้นห่อไส้ขนมทั้งหมดได้เลยคะ

2. การพับจีบ ให้บีบแป้งด้วยหัวแม่มือให้แบน แล้วม้วนแป้งขึ้นไปด้านบน

(ให้หันลายขนมไว้ด้านนอก ก่อนห่อไส้)
เคล็ดลับ: ปลายแป้งที่เหลือ ให้พับเก็บไว้ด้านหลังขนม

11
1.จะเห็นได้ว่า ลายที่เราทำจะหันออกด้านนอกคะ

2. ตั้งน้ำมันให้ร้อน ไฟอ่อน ค่อนกลาง

12
1. ทอดกะหรี่ปั๊บให้เหลืองทอง
เคล็ดลับ: ใส่น้ำมันให้เยอะหน่อย ถ้ากะหรี่ปั๊บติดกับกะทะโดยตรง ขนมจะเป็นรอยไหม้

13
พักให้เย็น ก่อนรับประทาน

14
จัดเสริฟคะ ไส้ถั่วเขียว 🥟

15
🥟แป้งบางและกรอบมาก"
วิธีทำเต้าส่วน,"1
 นึ่งถั่วให้สุกดี 30 นาที
เคล็ดลับ: แช่ถั่วข้ามคืน หรือ 3 ชั่วโมงขึ้นไปคะ

2
ถั่วสุกดีแล้ว ให้ทำน้ำเชื่อม ตั้งไฟเติมน้ำ + น้ำตาลทราย คนให้ละลาย

3
ตามด้วย แป้งมันและแป้งท้าว ที่ละลายน้ำดีแล้ว
เคล็ดลับ: คนแป้งตลอดเวลานะคะ เด๋วแป้งเป็นเม็ดได้

4
แป้งเหนียวข้นดีแล้ว ให้ตามด้วยถั่วที่นึ่งไว้

5
คนเบาๆ ให้เข้ากันดี ให้เดือดต่อเล็กน้อย แล้วจึงปิดไฟคะ

6
ทำน้ำกะทิราดหน้าขนมคะ

นำใบเตย + หัวกะทิ ตั้งไฟ พอเดือดเล็กน้อย ปิดไฟ
เคล็ดลับ: ไม่ควรให้กะทิแตกมันนะคะ

7
กะทิได้ที่แล้ว ให้จัดเสริฟได้"
ขนมลืมกลืน,"1
ผสมแป้งถั่วเขียวและน้ำลอยดอกมะลิลงในกระทะทองเหลือง คนให้เข้ากัน

2
ยกขึ้นตั้งไฟอ่อน คนจนแป้งสุกข้นและมีลักษณะใส

3
เติมน้ำตาลทราย คนต่อจนน้ำตาลทรายละลาย ยกออกจากความร้อน ใส่น้ำอัญชันลงไปตามความเข้มของสีที่ต้องการ นำส่วนผสมใส่ถุงบีบขณะที่ส่วนผสมยังร้อนอยู่

4
ใส่ถุงมือกันความร้อน บีบส่วนผสมให้เต็มพิมพ์พลาสติก พักให้เย็นลง
เคล็ดลับ: สามารถใช้ถ้วยตะไลแทนถ้วยพลาสติกได้

5
ทำหน้ากะทิ โดยนำส่วนผสมทั้งหมดใส่หม้อคนให้เข้ากัน ยกขึ้นตั้งไฟ กวนให้สุก พักให้เย็นลง แล้วกรองให้เนียน

6
ใส่หน้ากะทิในถุงบีบ ใช้หัวบีบเบอร์ 102 บีบส่วนผสมกะทิเป็นรูปดอกไม้สวยงาม แต่งหน้าด้วยถั่วเขียวเลาะเปลือก"
ขนมกล้วย/ขนมฟักทอง,"1.ผสมแป้งข้าวจ้าวกับแป้งมันเข้าด้วยกัน เสร็จแบ่งใส่ชาม2ส่วนเท่าๆกัน
2.บดกล้วย บดฟักทองนึ่ง เตรียมเอาไว้ (ไม่ต้องเละมากนะเอาพอหยาบๆ)
ใส่น้ำตาล กล้วยบด ฟักทองบด เกลือคลุกให้เข้ากัน จากนั้นค่อยเทหัวกะทิ ลงไป นวดไป และใส่มะพร้าวขูดลงไป นวดผสมให้เข้ากันเป็นเนื้อเดียวกัน
พักแป้งไว้สัก10นาที เสร็จก็ตักใส่กระทงใบตองหรือถ้วยตะไล แล้วก็แต่งหน้าด้วย กล้วยชิ้น ฟังทองชิ้น มะพร้าวขูดชิ้น
ก่อนนำขึ้นต้มน้ำให้เดือนก่อนนะค่ะ ค่อยยกขนมขึ้นนึ่ง ใช้เวลาในการนึ่ง15-20นาที"
สังขยาใบเตย ( สูตรโบราณ ),"1
- ปั่นใบเตยกับน้ำ (หรือโขลกด้วยครก) แล้วกรองกากทิ้งไป เตรียมน้ำใบเตยไว้
- เตรียมส่วนผสมทุกอย่างให้พร้อม

2
- นำส่วนผสมทั้งหมดที่เตรียมไว้ ใส่ลงในโถปั่น ปั่นให้เข้ากัน (หรือขยำด้วยมือก็ได้ )

3
- กรองส่วนผสมที่ได้ พักไว้
- ใส่น้ำลงในหม้อ แล้วนำขึ้นตั้งไฟกลาง รองก้นหม้อด้วยผ้า1ชิ้น เพื่อช่วยป้องกันน้ำร้อนปะทุเวลาเดือด
- นำส่วนผสมที่พักไว้ ตั้งลงไป คนต่อเนื่องจนกระทั่งสังขยาสุก
เคล็ดลับ: ให้สังเกตุจากรอยตะกร้อ ถ้ายกตะกร้อขึ้นแล้วรอยคมชัดแบบนี้ คือสุกได้ที่แล้ว

4
ถ้ารับประทานครั้งเดียวไม่หมด บรรจุใส่กระปุกลวกน้ำร้อนฆ่าเชื้อ เก็บใส่ตูเย็นได้ประมาณ 3 สัปดาห์"
สาคูน้ำกะทิ,"1. นำ้หม้อใส่นำ้ตั้งไฟ
2. เมื่อน้ำเดือด ใส่เม็ดสาคูลงไปคนให้ทั่ว จนเม็ดสาคูเปลี่ยนจากสีขาวขุ่นเป็นสีขาวใส่ และเหนียวขึ้น ใส่ขนุนหั่นขวางและเนื้อมะพร้าวเผากั่นขวาง คนให้เข้ากัน แล้วยกลง
เคล็ดลับ: ใช้ไฟอ่อนๆ และคนสมำ่เสมอ เพื่อเม็ดสาคูจะได้ไม่ไหม้
3. นำน้ำกะทิใส่หม้อตั้งไฟ ใส่เกลือ และน้ำตาล ปรุงรสตามชอบ แต่ให้ออกรสเค็มนิด
4. ตักสาคู ใส่น้ำกะทิโรยเล็กน้อย"
วุ้นกะทิมะพร้าวน้ำหอม,"1
ผสมน้ำมะพร้าว น้ำเปล่า และผงวุ้น คนให้ผงวุ้นกระจายตัว ทิ้งไว้สัก 15 นาที ให้ผงวุ้นดูดน้ำเข้าไป
2
ต้มกะทิกับเกลือด้วยไฟอ่อน คอยคนตลอดอย่าให้กะทิเป็นลูก รอกะทิเดือดยกลงพักไว้
3
นำน้ำมะพร้าวที่ผสมผงวุ้นตั้งไฟกลาง คนจนผงวุ้นละลายหมด แล้วเติมน้ำตาลคนให้ละลาย รอเดือดอีกรอบ ใส่เนื้อมะพร้าวตามด้วยกะทิที่ต้มไว้ คนต่อประมาณ 3 นาที ปิดไฟ
เคล็ดลับ: สังเกตว่าผงวุ้นละลายหมด จะต้องไม่มีผงวุ้นติดไม้พายที่คนเป็นเม็ดเล็กๆ
4
เทใส่พิมพ์รูปแบบที่ต้องการ แล้วนำเข้าแช่ตู้เย็น รอวุ้นเซทตัวค่อยแกะออกจากพิมพ์"
ข้าวต้มผัดสูตรคุณยาย,"1
1. แช่ถั่วดำทิ้งไว้ข้ามคืน ส่วนข้าวเหนียวแช่ประมาณ 3 ชั่วโมง เพื่อให้ข้าวและถั่วนิ่ม
2. นำถั่วมาต้มประมาณ 10 นาที ล้างน้ำทิ้งให้สะเด็ดน้ำ
3. นำข้าวล้างน้ำ พักไว้ให้พอแห้ง

2
ผสมกะทิ น้ำตาล และเกลือ คนให้เข้ากัน ตั้งกะทะ เทกะทิใส่ลงไปรอจนเดือด ใส่ข้าวเหนียวลงไปผัด

3
ผัดจนกะทิซึมเข้ากันกับข้าวเหนียว ใส่ถั่วดำลงไปผัดสักพัก จะได้ข้าวเหนียวผัด

4
นำใบตองซ้อนกัน 2 ใบ วางกล้วยลงไป โปะด้วยข้าวเหนียวผัด แล้วห่อเพื่อเตรียมนึ่ง

5
เรียงข้าวต้มผัดใส่ลังถึง นึ่งด้วยไฟกลางประมาณ 1 1/2 ชั่วโมง

6
เมื่อนึ่งเสร็จ นำข้าวต้มผัดออกมาพักไว้ให้เย็น ค่อยแกะรับประทาน"
ข้าวเกรียบปากหม้อ,"1
ผสมแป้งทุกอย่างเข้าด้วยกันนวดด้วยน้ำเปล่าจนเข้ากันดี จึงใส่น้ำเดือด 3 ถ้วย คนเร็วๆ อย่าให้แป้งสุก แบ่งใส่อ่างผสม และใส่สีผสมให้เข้ากัน

2
เตรียมหม้อขึงผ้าให้ตึง กรีดผ้าให้มีช่องให้ไอน้ำขึ้นมาไว้สำหรับเติมน้ำ ตั้งไฟแรงให้น้ำเดือด ตักแป้งละเลงเป็นแผ่น ปิดฝาให้แป้งสุกใส

3
ใส่ไส้ พับทับให้มีรอยเป็นก้นหอยตักขึ้น

4
พรมน้ำมันกระเทียมเจียว

5
จัดเสิร์ฟ"
ข้าวแต๋น,"ตั้งกระทะใส่น้ำมันลงไป ใช้ไฟกลาง เมื่อน้ำมันร้อนได้ที่ ใส่ข้าวแต๋นดิบลงไปทอด
เมื่อข้าวแต๋นสุกแล้ว ช้อนขึ้นมาสะเด็ดน้ำมันพักไว้ นำกระทะมาใส่น้ำตาลปี๊บ น้ำตาลทรายแดง เกลือ เติมน้ำลงไปเล็กน้อย
คนจนทุกอย่างละลายเข้ากันดี นำข้าวแต๋นลงไปชุบในน้ำตาลที่ละลายแล้ว วางพักให้เย็น พร้อมเสิร์ฟ"
ทองหยอด,"ร่อนแป้งข้าวเจ้าและแป้งมันผสมกัน
จากนั้นนำไปอบด้วยควันเทียนประมาณ 30 นาที - 1 ชั่วโมง ตั้งน้ำเชื่อมใสโดยไม่ต้องคนน้ำตาลให้ละลาย ปล่อยให้น้ำเชื่อมใสด้วยการตั้งไฟ ไฟกลาง 10 นาที แล้วใส่น้ำกลิ่นมะลิตามลงไป
ตั้งน้ำเชื่อมข้น โดยไม่ต้องคนน้ำตาลให้ละลาย ปล่อยให้น้ำเชื่อมข้นละลายด้วยการตั้งไฟ ไฟกลาง 15-20 นาที อุณหภูมิไม่เกินกว่า 114 องศาเซลเซียส แล้วใส่น้ำกลิ่นมะลิตามลงไป
TIPS : วิธีสังเกตว่าน้ำเชื่อมข้นใช้ได้ไหม ให้ดูว่าฟองนั้นฟูละเอียดไหม ถ้าละเอียดถึงสามารถนำไปใช้ได้ ต่อยไข่แดงของไข่เป็ดโดยดูลักษณะจากหัวไข่ แยกไข่แดงออกจากไข่ขาว
จากนั้นนำไข่ไปกรองให้เนื้อเนียน แล้วนำไปตีจนขึ้นฟู
ตะล่อมแป้งที่เราอบควันเทียนไว้ใส่ไข่แดงตีฟู ผสมให้เข้ากัน แล้วนำไปหยอดในน้ำเชื่อมข้น
หลังจากทองหยอดสุกดีให้แช่ในน้ำเชื่อมใส แล้วจึงจัดเสิร์ฟ
TIPS : สามารถเลือกใช้ไข่แดงของไข่ไก่มาผสมกับไข่เป็ดได้ เพื่อให้เนื้อของทองหยอดออกมาไม่แข็งกระด้างจนเกินไป"
บราวนี่ สูตรนี้ขอบอกว่าเข้มข้นถึงใจ,"1
ขั้นตอนแรกเตรียมส่วนผสมให้พร้อมแล้ว มาเริ่มลงมือทำกันเลยดีกว่าอย่ารอช้าาา

2
วอร์มเตาอบที่ 180 องศาเซลเซียส ใช้ถาด 8x8 ทาเนยและปูกระดาษไขเตรียมรอไว้

3
ละลายดาร์กช็อกโกแลต เนยเค็ม และผงโกโก้ จนขึ้นเป็นเงาตามในรูป พักไว้ให้พออุ่นไม่ต้องถึงกับเย็น
เคล็ดลับ: ใครจะไม่มีเนยเค็มจะใช้เนยจืดก็ได้นะคะแต่ต้องใส่เกลือ 1/4 ช้อนชา

4
นำแป้งและผงฟูคนให้เข้ากัน แล้วพักไว้ (สูตรนี้ไม่ต้องร่อนแป้ง)

5
ตีไข่ไก่ น้ำตาลทราย เกลือ และกลิ่นวนิลา

6
จนกว่าน้ำตาลจะละลายและสีอ่อนลงจนเป็นเหมือนในรูป

7
เทดาร์กช็อคโกแลตที่ละลายแล้วลงในส่วนผสมที่ 4 คนให้เข้ากันโดยใช้พายหรือตระก้อมือก็ได้

8
ใส่แป้งลงไปและคนให้เข้ากันจนแป้งไม่เป็นเม็ด

9
เมื่อคนเข้ากันดีก็จะได้แบบนี้

10
เทส่วนผสมลงในถาด กระแทกพิมพ์ก่อนอบสักนิด อบไฟบนล่าง 180 องศาเซลเซียส ประมาณ 18-20 นาที แล้วแต่เตาอบของแต่ละบ้าน
เคล็ดลับ: **หากใครอยากใส่ถั่วต่างๆ โอริโอ้ หรือช็อกโกแลตชิพ ให้ใส่ในขั้นตอนนี้ได้เลยนะคะ**

11
อบเสร็ออกมาหน้าตาจะประมาณนี้ ถาดนี้ไม่ได้ใส่หน้าอะไรแค่ทานเปล่าๆก็อร่อยยยแล้ว
เคล็ดลับ: **ก่อนตัดแนะนำให้นำไปแช่เย็นก่อนนะคะจะทำให้ตัดง่ายขึ้น**

12
ส่วนถาดนี้ทำให้ดูเป็นหน้าโอริโอ้ ใครอยากใส่ทั้งชิ้นก็ได้หรือจะหักตามภาพก็ได้เช่นกัน

13
ตัดพร้อมเสิร์ฟแล้ว"
เค้กกล้วยหอม,"1
ร่อนแป้งเค้ก ผงฟู และเบคกิ้งโซดา รวมกันในภาชนะ
2
ตีไข่ไก่ น้ำตาลทราย และเกลือป่นในโถปั่น จนขึ้นฟู
3
เติมแป้งที่ร่อนไว้ในข้อ 1 ลงไป ตีความเร็วต่ำ
4
เติมน้ำมันพืช แล้ว ตีต่อจนเข้ากัน


5
เติมกล้วยหอมบดลงไป
6
ตักหยอดใส่พิมพ์ประมาณ 3/4ของพิมพ์

7
อบอุณหภูมิ 200 องศาเซลเซียส ประมาณ 20-25 นาที
พักไว้บนตะแกรงจนเย็น"
โดนัทจิ๋ว,"1
ใส่น้ำตาลในชามผสม ตามด้วยเนยละลาย ใช้ตะกร้อมือกวนให้เข้ากัน
เคล็ดลับ: กวนวนไปทางเดียว
2
ใส่ไข่ลงไปในชามผสมแล้วกวนให้เข้ากัน ตามด้วยนมสด กวนทุกอย่างให้เข้ากันดี
3
ร่อนแป้ง, เบคกิ้งโซดา, ผงฟู, ผงโกโก้ ลงในชามผสม แล้วกวนทุกอย่างให้เข้ากัน
4
ใส่กลิ่นวนิลาเพื่อให้มีกลิ่นหอม กวนให้เข้ากัน
5
เพิ่มท๊อปปิ้งใส่ลงในแป้งที่ผสมตามใจชอบแล้ว หรือจะใส่ตอนอบก็ได้ค่ะ
เคล็ดลับ: ปล.เป็นรูปประกอบเพิ่มเติมของข้อ 6 ค่ะ

6
ตักแป้งใส่ถุงบีบ ไม่ต้องพักแป้งนะคะ ใช้ได้เลย
เราใช้เครื่องอบตามภาพ เล็กๆกระทัดรัด ทำได้ครั้งละ4ชิ้น
สูตรนี้สำหรับทำด้วยเครื่องอบนะคะ ทอดไม่ได้

7
ใช้เวลาอบประมาณ3-5นาทีก็จะได้โดนัทจิ๋วแล้วค่ะ
เคล็ดลับ: ป้องกันแป้งติดเครื่อง ทาเนยบางๆก่อนนะคะ ค่อยหยอดแป้ง"
คุ้กกี้เนยสด,"1
นำเนยสดกับน้ำตาลมาตีให้ตั้งยอด ทะยอยใส่ไข่ไก่กลิ่นวนิลาแล้วตีต่อจนเข้ากัน จากค่อยๆใส่แป้งเอนกประสงค์ เบคกิ้งโซดา เกลือ ตีจนทุกอย่างเข้ากันดีแล้วพักไว้ในตูเย็น

2
นำแป้งโดวพักในตู้เย็นประมาณ30นาที ก็จะสามารถตักเป็นก้อนกลมหรือใช้ที่กดตามแบบที่ต้องการได้

3
นำคุ๊กกี้เข้าอบในอุณหภูมิ 120 F° ไฟบน ล่าง ประมาณ 5นาที หรือจนกว่าจะสีสวย

นำคุ๊กกี้ออกจาถาดอบแล้วพักไว้บนตะแกรงจนเย็น จึงสามารถเก็บใส่ขวดโหลไว้รับประทานได้"
คุกกี้บราวนี่ (Brownie Cookies),"1
เปิดเตาอบที่ 180 องศาเซลเซียส เตรียมถาดอบรองกระดาษไข 2 ถาด

2
นำช็อกโกแลตแบบไม่หวาน (สับหยาบ) ช็อกโกแลตชิพเม็ดใหญ่ 165 กรัม และเนย ใส่ในชามที่ทนความร้อน นำไปละลายโดยวางบนหม้อน้ำร้อน จนช็อกโกแลตละลายเนียนดี นำออกมาพักไว้

3
ตีไข่กับน้ำตาลทรายทั้งหมดด้วยหัวตีตะกร้อ จนส่วนผสมมีลักษณะที่ฟูและสีอ่อนลง

4
ลดความเร็วแล้วใส่ส่วนผสมช็อกโกแลตที่ละลายไว้ลงไปจนหมด

5
ร่อนแป้งสาลี ผงฟู และเกลือ ใส่ลงไปในส่วนผสม ใช้พายยางคนเบาๆ ให้เข้ากันดี ใส่ช็อกโกแลตชิพที่เหลือลงไปจนเกือบหมด เหลือไว้ประมาณ ¼ ถ้วย นำส่วนผสมที่ได้ไปแช่เย็นประมาณ 15 นาที

6
ใช้ช้อนโต๊ะตักแป้งโดขนาดช้อนโต๊ะพูนๆ วางลงบนถาด ทิ้งระยะห่างกันเล็กน้อย นำเข้าอบเป็นเวลา 4 นาที นำคุกกี้ออกจากเตาอบ โรยช็อกโกแลตชิพที่เหลือบนหน้าคุกกี้ นำกลับเข้าอบต่ออีก 4 นาที

7
พักคุกกี้บนถาดให้เย็นลงเล็กน้อย แล้วจึงนำมาพักบนตะแกรงให้เย็นสนิท"
เค้กมะพร้าวอ่อนสูตรนึ่งทำง่ายไม่ใช้เตาอบ,"1
ร่อนแป้งผงฟูและเบคกิ้งโซดาจนกระจายตัวพักไว้

2
ผสมน้ำตาลทราย น้ำมะพร้าวอ่อนเกลือป่นและกะทิคนจนน้ำตาลทรายละลาย

3
นำแป้งที่ร่อนแล้วเทใส่ชามผสม จากนั้นค่อยๆแบ่งใส่น้ำมะพร้าวที่ผสมแล้วคนจนแป้งละลาย เติมน้ำมะนาว เติมเนื้อมะพร้าวอ่อนคนให้เข้ากัน พักแป้งไว้40-45นาที

4.เมื่อพักแป้งครบตามเวลาให้คนอีกครั้งโดยใช้ไม้พายเพื่อไล่ฟองอากาศ

5
นำไปนึ่งไฟแรงหลังน้ำเดือดนึ่งนานประมาณ15-20นาที"
ขนมเปี๊ยะ,"1
ชั่งแล้วปั้นไส้ขนมเป็นก้อนน้ำหนักเท่ากันทุกลูก รอไว้ก่อน

2
-ไข่เค็มผ่า 4 หรือ 6 หรือ 8 หรือ ใช้แบบเต็มใบไม่ผ่าเลยก็ได้ แล้วแต่ว่าอยากได้ขนมก้อนเล็กใหญ่แค่ไหน นำไปอบด้วยไฟอ่อนๆ พร้อมใบเตย เพื่อดับกลิ่นคาว
-นำถั่วกวนมาหุ้มไข่เค็มให้มิด พักไว้
เคล็ดลับ: บางสูตร ใช้เหล้าจีน ดับคาวก็ได้

3
🌶️แป้งชั้นนอก
-นำน้ำตาลมาละลายกับน้ำเปล่าก่อน พักไว้
-นำ แป้ง+ไข่ไก่+น้ำมัน และ น้ำเปล่าที่ละลายกับน้ำตาล มานวดผสมรวมกัน นวดจนแป้งเนียนไม่ติดมือ พักไว้
🌶️ส่วนผสมแป้งชั้นใน (แป้งบัวแดง 200 กรัม กับ น้ำมันรำข้าว 80 กรัม)
-นำ แป้งกับน้ำมัน มานวดผสมให้เข้ากันจนแป้งเนียนไม่ติดมือ พักไว้ แป้งส่วนนี้เนื้อสัมผัสจะร่วนกว่าแป้งชั้นนอก
เคล็ดลับ: การพักแป้ง ต้องไม่ให้ถูกลม จะใช้ผ้าคลุม หรือ แร็ป หรือ ใส่ภาชนะแล้วปิดฝากก็ได้

4
-นำ แป้งชั้นนอก กับ แป้งชั้น ใน มาชั่งแบ่งเป็นก้อนกลมๆ
-นำแป้งชั้นนอก ห่อแป้งชั้นใน หุ้มให้มิด ปั้นเป็นก้อนกลมๆ พักไว้
5
-นำแป้งมารีดให้ยาวและบาง แล้วม้วนเข้าหาตัว
-เสร็จแล้วจับตั้ง แล้วรีดและม้วน อีกรอบ

6
-ใช้มีดคมๆ ตัดแบ่งให้เท่าๆกัน ใช้มือกดให้แบน
-จากนั้นใช้ไม้รีดให้เป็นวงกลมแบนๆ
-นำไปห่อไส้ถั่วที่เราหุ้มไข่แดง ห่อให้มิด

7
-นำเข้าอบด้วยไฟ 180 องศา 15 นาที
-ขนมสุก พักไว้คลายร้อนสักครู่ ทาหน้าขนมด้วยไข่แดง
-นำเข้าอบอีก 5 นาที นำออกมาพักให้เย็น
8
นำขนมที่เย็นแล้วไปอบควันเทียนจะกี่รอบก็ได้ แล้วแต่ชอบ เพราะบางท่านชอบแบบหอมอ่อนๆ ก็แค่รอบเดียวพอ"
แซนวิช​โบราณ​หมูหยองน้ำสลัด,"1
น้ำตาลทราย กับ
ไข่แดง คนให้เข้ากัน
เคล็ดลับ: ถ้าใช้น้ำตาลทรายป่น จะคนเข้ากันง่ายค่ะ
2
ใส่นมข้นหวาน
มายองเนส ดอกเกลือ
น้ำส้มสายชู ใส่ลงไปใน(1) และคนให้เข้ากัน
3
นำหม้อผสมไปตั้งบนน้ำเดือด​ ปะมาณ6-8นาที คอยคนให้เข้ากัน
4
เติมน้ำมันมะกอกลงไป หยดสีผสมอาหารเล็กน้อย​ ใส่พริกไทย​ดำำ คนให้เข้ากัน
เคล็ดลับ: ถ้าไม่มีน้ำมันมะกอก ใช้น้ำมันพืชชนิดอื่นแทนได้ แต่น้ำมันปาล์ม​ไม่เหมาะะ
5
โบโลน่า นำไปนึ่ง3นาที ช่วยยืดอายุขนมค่ะ
6
นำขนมปังมาวาง เพื่อประกอบแซนวิช
วางแผ่นแรก ทาน้ำสลัด วางโบโลน่าลงไป ทาน้ำสลัดลงบนขนมปังอีกแผ่นทั้งหน้าและหลัง วางทับชั้นแรก และวางหมูหยองลงไป ทาน้ำสลัดทั้งหน้าและหลังอีกรอบ วางลง และทาน้ำสลัดอีกครั้ง ทำสลับชั้นกัน จนชั้นสุดท้ายปิดด้วยบาโลน่า และปิดด้วยขนมปังอีกครั้ง เป็น​อันเสร็จ​เรียบร้อย​ค่ะ​
เคล็ดลับ: ทาน้ำสลัดให้ทั่ว จะได้แซนวิซรสชาติอร่อย"
ขนมเบื้องง่าย สูตร 1 และ สูตร 2,"1
น้ำแป้งทั้งหมด มาร่อนใส่ลงในชามผสม

2
จากนั้นค่อยค่อยใส่น้ำปูนใส(น้ำเปล่าเย็นจัดลงไป)ค่อยๆคลุกเคล้าให้เข้ากัน พอส่วนผสมเข้ากันดี ใส่ไข่ไก่ลงไป คนคลุกเคล้าส่วนผสมให้เข้ากันเป็นเนื้อเดียวกัน จามด้วยใส่น้ำตาลปี๊บลงไป บี้น้ำตาลปี๊บให้แตก ให้ละลาย คนเคล้าจนน้ำตาล แป้งละลายจนส่วนผสมเป็นเนื้อเดียวกัน จากนั้นทำการกรองเพื่อให้ส่วนผสมของแป้งเนียนยิ่งขึ้น

3
ปิดพลาสติกแรปแป้งที่เราผสมไว้แล้ว พักแป้งไว้ประมาณอย่างน้อย 30 นาที ถึง 1 ชั่วโมง
เคล็ดลับ: เราพักแป้งไว้ 1 ชมคะ.แป้งที่เราทำไม่หมดสามารถปิดพลาสติกแรปเก็บไว้ในตู้เย็นไม่เกิน 3 วันนะคะ

4
นำไข่ขาวใส่ลงในชามผสมตีไข่ขาวจนขึ้นฟูแล้วใส่น้ำมะนาวลงไปตีส่วนผสมให้เข้ากัน จากนั้นค่อยๆทยอยใส่น้ำตาลไอซิ่งลงไปตีจนขึ้นฟู ตั้งยอดเป็นครีมเงาๆก็ใข้ได้แล้วคะ
เคล็ดลับ: ครีมสูตรนี้ทำไม่หมดปิดพลาสติกแรปเก็บใส่ตู้เย็นนำมาใข้ต่อได้ไม่เกิน 3 วันนะคะ ครีมไม่ละลาย เซตตัวดี หวานกลมกล่อมกำลังดี

5
เตรียมกระทะให้ร้อน อย่าใช้ไฟแรงนะคะ หยอดแป้งลงไปใช้ช้อนหมุนเป็นทรงกลมหรือทรงรีตามชอบใจ พอแป้งเริ่มสุก แป้งเริ่มแห้ง พอขอบแป้งเริ่มเปลี่ยนสี
เคล็ดลับ: เราทำในกระทะเทปล่อนคะ หยอดแป้งลงไป แล้วใช้ช้อนหมุนเป็นทรงกลมหรือทรงรีตามต้องการ

6
ใส่ครีมลงไป

7
ตามด้วยใส่ฝอยทอง หรือลูกเกดดำ,เหลืองวางลงไปมากน้อยตามชอบ

8
จากนั้นให้พับครึ่งนำขึ้นมาพักบนตะแกรง

จัดใส่จาน พร้อมเสริฟความอร่อย"
สูตรแป้งพิซซ่าบางกรอบ ( ถาดใหญ่ 2 ถาด) Homemade Thin Crust Pizza Dough,"1
ใส่แป้งขนมปังลงในชามผสมทำหลุมตรงกลางไว้

2
ใส่ยีสต์ลงไป

3
ตามด้วยน้ำตาลทราย

4
โรยเกลือป่นรอบๆขอบแป้ง

5
จากนั้นคนเคล้าส่วนผสมทั้งหมดให้เข้ากัน

6
ทำหลุมตรงกลาง ใส่น้ำอุ่นลงไป

7
ตามด้วยน้ำมันมะกอก

8
คนเคล้าแป้ง คนเคล้าส่วนผสมทั้งหมดให้เข้า จนจับตัวเป็นก้อน

9
นำออกมานวดจนแป้งเนียน นวดประมาณ 10 นาที

10
จากนั้นนำไปพักในภาชนะ คลุมพลาสติกแรป พักไว้ 1 ชั่วโมง หรือจนกว่าจะขึ้นฟูเป็น 2 เท่า

11
แป้งโดว์ที่ได้ขึ้นฟูเป็น 2 เท่าแล้ว

12
แบ่งแป้งเป็น 2 ก้อน คลึงแป้งรีดแป้งให้แบนให้บาง จากนั้นนำแป้งไปวางบนถาดพิซซ่า เกลี่ยแป้งให้พอดีให้เท่ากับขนาดพิซซ่า

13
จากนั้นใช้ช้อมส้อมเจาะเป็นรูให้ทั่วแป้งแผ่น

14
ทาซอสพิซซ่าลงไป ตามด้วยชีสต่างๆมากน้อยตามต้องการ ตามด้วยท้อปปิ้งตามชอบ เราใส่เปปเปอร์โรนี)

15
ตามด้วยชีสต่างๆมากน้อยตามต้องการ

16
ตามด้วยท้อปปิ้งตามชอบ เราใส่เปปเปอร์โรนี)

17
อย่าลืมวอมเตาอบไฟบนล่าง 220 องศา จากนั้นนำพิซซ่าเข้าไปอบไฟบนล่าง 220 องศา เวลา 10 -15 นาที หรือจนกว่าจะได้สีตามที่เราต้องการ (ความร้อนและะเตาอบแต่ละบ้านมีขนาดไม่เท่ากันนะคะให้สังเกตุสีของพิซซ่าด้วยนะคะ )

18
นำออกจากเตาพร้อมเสริฟความอร่อย"
บราวนี่หน้าฟิล์ม Brownies,"1
ร่อนแป้งและผงฟูเข้าด้วยกัน 2 รอบ พักไว้ก่อน
เคล็ดลับ: เพื่อเอาสิ่งเจือปนในแป้งออก และให้เนื้อขนมละเอียด

2
นำเนยไปตุ๋นในหม้อให้ละลาย
เคล็ดลับ: การตุ๋นควรใช้หม้อ2ใบ ใบใหญ่ใส่น้ำต้มให้ร้อน แล้วนำหม้ออีกใบใส่เนยแล้วนำไปตุ๋น

3
พอเนยละลาย ใส่ช็อกโกแลตชิพและผงโกโก้ (ขั้นตอนนี้ต้องใจเย็นหน่อยต้องใช้เวลานิดนึงนะจ๊ะ)

4
เมื่อส่วนผสมได้ที่ก็จะได้ประมาณนี้ จนสะท้อนเห็นเงาเลย
เคล็ดลับ: ขั้นตอนการตุ๋นช็อกโกแลต เนย และผงโกโก้ มีผลต่อการขึ้นฟิล์มของบราวนี่

5
ตีไข่ น้ำตาลทราย เกลือ และกลิ่นวานิลา พอสีอ่อนลง (เนื้อขนมจะหนึบ)
เคล็ดลับ: หากต้องการเพิ่มเนื้อขนมสามารถตีให้ฟูได้

6
ค่อยๆใส่ส่วนผสมของช็อกโกแลต ลงไป คนพอเข้ากัน
เคล็ดลับ: ช็อกโกแลตต้องอุ่น (นำช็อกโกแลตหยดใส่หลังมือแล้วทนความร้อนได้ หากใส่ขณะร้อนไข่อาจจะสุกก่อนนำเข้าอบ)

7
ใส่แป้งที่ร่อนไว้ ตะล่อมส่วนผสมพอเข้ากัน

8
เทส่วนผสมใส่พิมพ์ที่รองกระดาษไขและทาเนยจนทั่วพิมพ์ขนาด 7*11นิ้ว เคาะถาด2-3ที
เคล็ดลับ: การรองกระดาษไขจะช่วยให้สามารถยกขนมออกจากพิมพ์ได้ง่าย

9
ตกแต่งหน้าบราวนี่ด้วยถั่วชนิดต่างๆ แล้วนำเข้าเตาอบที่อุณหภูมิ 175 องศา เป็นเวลา 17-19นาที
เคล็ดลับ: เวลาที่ใช้ในการอบของแต่ละบ้านอาจไม่เท่ากัน เพราะอาจมีความแตกต่างของเตาอบ"
คุ้กกี้ตัวหนอนไส้สับปะรด,"1
ร่อนแป้ง ผงฟู เข้าด้วยกันพักไว้
2
ตีเนย เกลือ ให้อ่อนตัว จนเป็นครีมนุ่ม แล้วเติมน้ำตาลไอซิ่งตีให้ขึ้นฟูด้วยความเร็วต่ำจนเข้ากัน จากนั้นปรับสปีดขึ้นตีจนเป็นครีม
3
เมื่อฟูแล้วเติมไข่ไก่ กลิ่นวนิลาแล้วตีความเร็วต่ำต่อ จนฟูเล็กน้อยแล้วหยุดตี
4
ใส่แป้งลงไปตีต่อจนเข้ากัน จากนั้นนำแป้งไปชั่งก้อนละประมาณ 100 กรัม ตัดแบ่งเป็นก้อนให้ได้ประมาณ 14 ก้อนเท่าๆกัน
5
กดแป้งและใส่ไส้สับปะรด ห่อให้ไม่เห็นไส้ กดลงบนพิมพ์ครองแครง
6
นำเข้าอบไฟบนล่างพัดลม 200 องศสเซลเซียส 13 นาที พอเหลืองนวลเอาออกจากเตาพักให้เย็น"
เค้กแครอท,"ร่อนแป้งเค้ก ผงฟู เบกกิ้งโซดา ชินนามอนรวมกันพักไว้
ตีไข่ไก่ให้ขึ้นฟู จากนั้นใส่น้ำตาลทรายขาว น้ำตาลทรายแดง ตีต่อให้เข้ากัน
ตามด้วยใส่น้ำมันรำข้าว กลิ่นวานิลลา เม็ดมะม่วงหิมพานต์สับหยาบ อัลมอนด์สับหยาบ อินทผาลัม แครอทขูดฝอย ลงไปคนให้เข้ากัน
จากนั้นใส่ส่วนของแป้งที่ร่อนเตรียมไว้ลงไป คนผสมด้วยพายยางให้เข้ากัน อบเค้ก + ทำครีมชีส
เทส่วนผสมใส่ถาดปูกระดาษไข เกลี่ยให้ทั่ว และนำเข้าเตาอบอุณภูมิ 180 องศา เป็นเวลา 30 นาที เมื่อครบเวลาให้นำเนื้อเค้กออกมาวางพักให้เย็นสนิท
จากนั้นทำครีมชีส ตีครีมชีสให้เนื้อเนียน ใส่เนยสด และน้ำมะนาวลงไป
ตีต่อให้เนื้อฟู เนียนเข้ากัน ตักใส่ถุงบีบพักไว้ นำเนื้อเค้กทีเตรียมไว้ตัดเป็นชิ้นตามขนาดที่เราต้องการ
บีบครีมชีสให้ทั่ว จากนั้นนำเนื้อเค้กอีกชั้นวางประกบกัน และบีบครีมชีสอีกชั้น
โรยด้วยชินนามอน วางแครอทตกแต่งตามต้องการ เตรียมจัดเสิร์ฟ "
เมอแรงค์,"1
เตรียมถาดอบโดยรองด้วยกระดาษ non-stick หรือแผ่นซิลิโคน
วอร์มเตาอุณหภูมิ 105 องศาเซลเซียส
2
ใส่แป้งข้าวโพดลงในชามน้ำตาลทรายแล้วผสมให้เข้ากัน
3
ใส่ไข่ขาว เกลือ และกลิ่นวานิลลาลงในชามผสมใบใหญ่
ตีด้วยความเร็วสูงจนกระทั่งไข่ขาวตั้งยอดอ่อนๆ ค่อยๆใส่ส่วนน้ำตาลทรายลงไปแล้วตีต่อด้วยความเร็วปานกลาง
จนกระทั่งไข่ขาวฟู ข้นและขึ้นเงา
4
บีบขนมลงบนถาด จากนั้นนำเข้าเตาอบไฟบนล่าง 105 องศาเซลเซียส อบ 1 ชม. สลับถาดทุก 30 นาที อบเสร็จแล้วทิ้งไว้ในเตาต่อก่อน 1 ชั่วโมงจะทำให้ขนมกรอบ
5
ครบเวลานำมาพักบนตะแกรง พอเย็นนำใส่กล่อง"
เค้กกล้วยหอมคลีน,"1
หั่นกล้วยหอมเป็นชิ้นเล็กๆ แล้วนำไปปั่นให้ละเอียด
2
ค่อยๆ ใส่ข้าวโอ๊ตลงไป แล้วปั่นต่อให้กล้วยกับข้าวโอ๊ตเข้ากัน
3
ใส่ไข่ไก่ลงไป แล้วปั่นต่อจนส่วนผสมเข้ากัน
4
ใส่ baking soda, นม, น้ำมัน และกลิ่นวนิลลา ปั่นจนส่วนผสมเข้ากัน แล้วเทใส่พิมพ์
5
อบที่อุณหภูมิ 170 องศาเซลเซียส ประมาณ 25-30 นาที
6
พักให้เย็นตัว รับประทานได้
เคล็ดลับ: แม่เราเพิ่มความอร่อยโดยการหั่นกล้วยโปะหน้าแล้วเอาน้ำผึ้งราด"
เนสกาแฟเย็น,"1
ตักผงเนสกาแฟ น้ำตาล และครีมเทียม ใส่ถ้วยตวง
เคล็ดลับ: ถ้าไม่ทานหวาน ไม่ใส่น้ำตาล็ได้ค่ะ

2
เติมน้ำร้อน 100ml แล้วคนให้เข้ากัน จากนั้นใส่นมข้นหวานลงไป2ช้อนชา คนให้เข้ากันดี
แล้วใส่นมสด และนมข้นจืด
แล้วคนให้เข้ากัน

3
เตรียมน้ำแข็ง เทกาแฟใส่แก้วได้เลย

4
เทกาแฟใส่แก้วเสร็จแล้ว
โรยนมข้นจืดด้านบน ตามชอบเลยค่ะ"
คาราเมลมัคคิอาโต้,"1
เทนมสด ,นมข้นจืด,คาราเมลไซรัป
คนให้เข้ากัน

2
สกัดกาแฟสด
** ถ้าไม่มีกาแฟสดใช้เนสแทนได้**
1.น้ำร้อน 70 ml.
2.เนสกาแฟ 2 ช้อนชา

3
1.คาราเมลซอส วนแก้ว 1 รอบ
2.ใส่น้ำแข็ง
3. เทนมที่ผสมไว้
4.เทกาแฟ

4
สตีมนม แล้วตัดฝองนมด้านบน
แล้วราดซอสคาราเมล"
อเมริกาโน่น้ำผึ้งมะนาว,"1
ผสมผงมะนาว คนให้ละลาย จากนั้นใส่น้ำผึ้งลงไปคนให้เข้ากัน จากนั้นเทลงแก้วที่ใส่น้ำแข๋ง
เคล็ดลับ: ละลายผงมะนาวก่อน

2
ผสมผงกาแฟลงไปในน้ำ คนให้ละลาย

3
นำกาแฟที่ละลายส่วนที่ 2 ลงไปในแก้วที่จัดเตรียมไว้และตกแต่งด้วยโรสแมรี่ หรือ ส้มหั่นแว่น มะนาวหั่น หรือผลไม้อื่นๆ"
กาแฟดำน้ำผึ้งมะนาว (Honey Lime Black Coffee),"1
เทน้ำผึ้งกับน้ำร้อนลงไปในแก้วส่วนผสม คนให้เข้ากัน จากนั้นใส่น้ำมะนาวลงไป

2
กาแฟดำ สำหรับเรานำเมล็ดกาแฟมาบดด้วยที่บดมือ จากนั้นนำไปต้มกับ Moka Pot จะได้กาแฟสด ส่วนใครที่ไม่มีเมล็ดกาแฟหรือกาแฟผง สามารถซื้อเนสกาแฟ เขาช่องหรือม็อคโคน่ามาชงเองก็ได้นะคะ

3
ตักน้ำแข็งใส่แก้ว 22 ออนซ์

4
เทน้ำผึ้งมะนาวลงไป

5
จากนั้น เทกาแฟดำลงไป

6
แต่งหน้าด้วยมะนาวฝาน"
โกโก้ร้อน,"1
ต้มน้ำให้เดือด

2
ใส่ผงโกโก้ลงในแก้ว

3
ใส่ครีมเทียมลงไป

4
ใส่นมข้นหวานลงไป

5
เทน้ำร้อนลงไปในแก้ว

6
คนให้เข้ากัน

7
เทโกโก้ลงไปในแก้วน้ำแข็ง ถ้าอยากให้หวานมันขึ้นมาหน่อย ให้ราดนมข้นจืดลงไป"
Black Orange coffee กาแฟส้ม,"1
ผสมไซรัปรสส้ม น้ำเชื่อม น้ำเปล่า คนให้เข้ากัน จากนั้น เทใส่แก้วที่เตรียมไว้
เคล็ดลับ: หากไม่มีน้ำเชื่อม สามารถใช้น้ำตาลทรายหรือน้ำผึ้งแทนได้
2
เติมน้ำแข็งให้เต็มแก้ว
3
เติมกาแฟไว้ชั้นบนสุด พร้อมเสริฟ"
น้ำแตงโมปั่น,"1
เตรียมแตงโมใส่แก้วไว้ ปริมาณ 3/4 ของแก้ว
ตวงน้ำเชื่อมให้ได้ 1 1/2 oz
แล้วเทใส่แก้วแตงโม

2
นำแตงโมทั้งแก้วเทลงเครื่องปั่น แล้วเอาแก้วเดิมไปตักน้ำแข็ง 1 1/2 แก้ว เทตามลงไป

3
ปั่นให้ละเอียดเลยค่ะ

4
ปั่นให้ละเอียด จนเป็นเนื้อเนียนๆแบบนี้เลยค่ะ

5
ปั่นเสร็จแล้ว เทใส่แก้ว ขนาดปริมาณ 16 oz เสริฟได้เลยค่ะ"
ชาเขียวนมสด,"นำผงชาเขียว มาผสมกับน้ำร้อนจัด พักไว้ 10 นาที กรองเอาเฉพาะน้ำชาเขียว
เติมน้ำตาลมราย นมข้นหวาน และนมสดรสจืดลงไป และผสมให้ละลายเข้ากันดี
เติมน้ำแข็งให้เติมแก้ว เทชาเขียวให้เหลือขอบไว้เติมนมสดเล็กน้อย
ขย่านมสดให้เกิดฟอง เทแต่งหน้าชาเขียวให้สวยงาม เท่านี้ “ชาเขียวนมสด” ก็เพิ่มเสิร์ฟแล้ว"
ชาเขียวเย็น Moka pot,"ใส่น้ำอย่าให้เกินจุดกลม ๆ ด้านใน ตามด้วยใส่ใบชาเขียวให้เต็ม
ต้มให้น้ำเดือดครับ โดยช่วงแรก ๆ เร่งไฟแรงเพื่อให้น้ำร้อนเร็ว และปรับไฟลงมาให้เบาลง ค่อย ๆ ให้น้ำเดือด สกัดชาเขียวออกมาช้า ๆ
เทชาเขียวลงในแก้วที่นมข้นหวาน และครีมเทียม คนให้ทุกอย่างละลายเข้ากัน เตรียมเสิร์ฟพร้อมน้ำแข็งเลย"
ชาเขียวปั่น,"นำผงชาเขียว นมสด ตามด้วยน้ำตาลทรายแดง และกลิ่นวานิลลา ละลายเข้าด้วยกัน
เทใส่เครื่องปั่นตามด้วยน้ำแข็ง ปั่นให้ละเอียด เทใส่แก้วตกแต่งด้านบนด้วยวิปปิงครีม และปิดท้ายด้วยการโรยผงชาเขียว พร้อมดื่ม"
ชาเขียวมัทฉะลาเต้,"สูตรชงชาเขียวมัทฉะญี่ปุ่น และน้ำเปล่า ใส่ลงในกระบอกเชคเกอร์หรือขวดมีฝาปิด ใส่น้ำแข็งเล็กน้อย เขย่า ๆ หรือชงชาเขียวมัทฉะญี่ปุ่นให้ละลายดี
นำนมสด (1) ไปเข้าเวฟให้พออุ่นแล้วใส่น้ำตาลคนจนละลายได้ ตามด้วยใส่นมข้นหวานตามลงไป คนให้เข้ากันพักไว้ให้หายร้อน
นำแก้วขนาดประมาณ 16 ออนซ์ มาใส่น้ำแข็งเกือบ ๆ เต็มแก้ว
นำนมสด(2) มาใส่ในเชคเกอร์หรือขวดมีฝาปิด แช่ในช่องฟรีทให้เย็นจัด
เทนมสดลงในแก้วที่ใส่น้ำแข็งเตรียมไว้แล้ว ตามด้วยชาเขียว เพื่อให้แยกเป็น 2 เลเยอร์ดูสวยงาม จากนั้นนำนมสด (2) ที่แช่เย็นไว้ออกมาเขย่า ๆ ให้เป็นเหมือนฟองนม เทลงที่ด้านบนสุดของแก้วแล้วโรยผงมัทฉะเพื่อความสวยงาม เท่านี้ “ชาเขียวมัทฉะลาเต้” ก็พร้อมเสิร์ฟแล้วค่ะ"
ชาเขียวมัทฉะลาเต้ลาวา,"นำผงชาเขียวมัทฉะที่ใช้ ใส่น้ำร้อนคนให้เนียนเป็นเนื้อเดียว ตามด้วยใส่นมข้นหวาน คนให้เข้ากันดี
ใส่น้ำแข็งลงในแก้วที่ใช้เสิร์ฟ ตามด้วยนมสด เหลือพื้นที่สำหรับมัทฉะลาวาเล็กน้อย ราดลงไปบริเวณขอบแก้ว
นำชาเขียวมัทฉะลาวาราดลงไปบริเวณขอบแก้ว เพียงเท่านี้ “ชาเขียวมัทฉะลาเต้ลาวา” ก็พร้อมเสิร์ฟ"
ดัลโกนามัทฉะลาเต้,"ใส่ผงชาเขียว น้ำตาล และน้ำร้อน คนให้เข้ากัน จากนั้นใส่วิปครีมลงไปเล็กน้อย และคนให้เข้ากันอีกครั้ง
นำนมสดเทลงในแก้วที่มีน้ำแข็งตามด้วยชาวเขียวที่เตรียมไว้เมื่อสักครู่ที่ด้านบน เพียงเท่านี้ “ดัลโกนามัทฉะลาเต้” ก็พร้อมเสิร์ฟแล้ว"
ชาเขียวนมทูโทน,"นำน้ำชาไทยสกัดมาชงกับนมข้นหวาน แล้วพักไว้ หลังจากนั้นนำน้ำชาเขียวสกัดมาชงกับนมจืด พักไว้
เตรียมแก้วสำหรับจัดเสิร์ฟ โดยใส่โกโก้เหนียวลงไป แล้วตามด้วยใส่น้ำแข็งประมาณครึ่งแก้ว เทชาไทยเย็นลงไป แล้วใส่น้ำแข็งเพิ่ม เทลงชาเขียวนมลงไปแล้ว เป็นอันเรียบร้อย"
กาแฟชาเขียวเย็น,"นำชาเขียว และน้ำตาลมาละลายกับน้ำร้อนให้เข้ากัน จากนั้นเติมนมสดลงไป 3 ช้อนโตีะ คนให้ทุกอย่างเข้ากัน แล้วรินใส่แก้วที่มีน้ำแข็งประมาณ ⅓ ของแก้ว
คว่ำช้อนแล้วรินนมสดใส่หลังช้อน เป็นชั้นที่ 2 ต่อจากชาเขียว
ยกช้อนขึ้นอีกนิด รินกาแฟเย็นลงไปเป็นชั้นที่ 3 ต่อจากนมสด เพียงเท่านี้เราก็มี “กาแฟชาเขียวเย็น” ไว้ดื่มแล้ว"
โกโก้มัทฉะ,"สูตรชงชาเขียว เริ่มจากใส่นมลงในหม้อ นำขึ้นตั้งไฟรอจนกระทั่งนมเริ่มเดือด แล้วยกออกจากเตา ตักผงมัทฉะ และน้ำตาลใส่ชามผสม เทนมลงไป คนให้ผงชาเขียว และน้ำตาลละลายเข้ากันดี พักไว้
สูตรชงโกโก้ ใส่นมลงในหม้อ นำขึ้นตั้งไฟรอจนกระทั่งนมเริ่มเดือด ยกออกจากเตา ตัก ผงโกโก้ และน้ำตาลใส่ชามผสม จากนั้นเทนมลงไป คนให้ผงโกโก้และน้ำตาลละลายเข้ากันดี พักไว้
ตักน้ำแข็งใส่แก้ว แล้วเทชาเขียวตามด้วยโกโก้ พร้อมจัดเสิร์ฟ"
เฉาก๊วยชาเขียวทรงเครื่อง,"ตักน้ำแข็งใส่แก้ว และเติมนมสดลงไปครึ่งแก้ว
ละลายผงชาเขียวและเทลงไปในแก้ว เพื่อน้ำจะแยกชั้นระหว่างสีของชาเขียวกับนมสด
ใส่เฉาก๊วย มันเชื่อม และทับทิมกรอบที่ด้านบนแก้ว แค่นี้ก็เตรียมเสิร์ฟ เย็น ๆ ได้เลย"
อโวคาโดนมสดปั่น,"1
ล้างทำความสะอาด และผ่าครึ่ง ใช้ช้อนตักเม็ดออก นำช้อนมาตักเนื้ออโวคาโดให้เกลี้ยง ใส่ในโถปั่น พร้อมน้ำผึ้ง นมจืดเย็นและนมจืดที่แช่แข็ง ปั่นจนเป็นสมูทตี้เนื้อเนียน
เคล็ดลับ: เลือกผลสุกเปลือกสีดำจะดีกว่า เนื้อนิ่ม ตักง่าย

2
ปั่นเสร็จแล้ว พร้อมดื่ม หอมกลิ่นน้ำผึ้งและนมมากๆ

3
หรือจะใส่ขวดแล้วแช่ฟรีซให้พอเป็นเกล็ดน้ำแข็ง จะมีเนื้อสัมผัส เพิ่มความอร่อยไปอีกแบบ"
น้ำกระชายน้ำผึ้งมะนาว,"นำกระชายลงใส่เครื่องปั่น เทน้ำสะอาดตามลงไป ปั่นพร้อมน้ำสะอาดจนละเอียด
เทกระชายที่ปั่นจนละเอียดแล้ว ลงในผ้าข้าวบางที่กรองด้วยกระชอนอีกครั้ง จากนั้นคั้นให้เหลือแต่น้ำ ปรุงรสน้ำกระชายด้วยน้ำผึ้งและมะนาว คนให้เข้ากัน ก็เสร็จพร้อมดื่ม"
นมเย็นชมพู,"1
ผสมทุกอย่างเข้าด้วยกันโดยเริ่มจาก น้ำหวาน

2
นมข้น2ช้อนชา

3
นมข้นจืด1ช็อต

4
คนทุกอย่างเข้าด้วยกัน

5
เทใส่แก้วใส่น้ำแข็ง ตู้มมม เกิดเป็นนมเย็น"
น้ำส้มปั่น,"1
นำส่วนผสมทั้งหมดใส่โถปั่น

2
ปั่นให้เข้ากันละเอียด

3
เทใส่แก้ว ตกแต่งด้วยส้ม"
ส้มตำผลไม้,"ทำน้ำส้มตำ
นำพริกแดงจินดา กระเทียมมาโขลกพอแหลกค่ะ ใส่น้ำตาลปี๊บ น้ำปลา น้ำมะนาว และมะเขือเทศลงไป คลุกเคล้าให้ส่วนผสมเข้ากันดี ตำส้มตำ
นำภาชนะใบใหญ่ ๆ เลยนะคะ ใส่ส่วนผสมที่เป็นผลไม้ลงไป ฝรั่ง แอปเปิล ลูกพลับ สับปะรด ข้าวโพด ส้มโอ และกุ้งแห้ง
นำน้ำส้มตำที่เตรียมไว้ ราดลงบนส่วนผสมเลยค่ะ คลุกเคล้าเบา ๆ ให้เข้ากัน
ใส่ถั่วลิสงตามลงไปคลุกเคล้าให้ส่วนผสมเข้ากันดีอีกครั้งค่ะ  นำส้มตำผลไม้ตักใส่จาน โรยถั่วลิสงคั่ว ตกแต่งด้วยใบสะระแหน่ จัดเสิร์ฟได้เลย"
ตำหลวงพระบาง,"ขูดมะละกอ
- นำมะละกอไปปอกเปลือกออก แล้วล้างน้ำให้ยางมะละกอออกให้หมดและสะอาด แล้วพักไว้ให้สะเด็ดน้ำ

- นำที่ปอกมาขูดมะละกอให้เป็นแผ่นบาง ๆ ขนาด 1.5 นิ้ว แล้วนำมาพักไว้เพื่อนำไปตำ

TIP : ถ้าอยากให้เส้นมะละกอกรอบควรนำไปแช่ตู้เย็นก่อนนำมาตำค่ะ ตำ
- ใส่พริกแห้งและกระเทียมไทยลงไปในครก จากนั้นตำให้แหลก ต่อด้วยการหั่นมะเขือเทศสีดาลงไป ตามด้วยมะเขือส้ม มะเขือเปราะ และผักชีฝรั่งซอย แล้วใช้สากบีบมะเขือเล็กน้อย

- ปรุงรสโดยการใส่น้ำตาลทราย น้ำปู้ กะปิ ปลาร้า และน้ำมะนาว จากนั้นเคล้าให้เข้ากัน

- ใส่เส้นมะละกอลงไป แล้วใช้ทัพพีคลุกเคล้าให้เข้ากันทั่ว ๆ เพื่อให้น้ำส้มตำเคลือบอยู่บนเส้น

TIP : น้ำปู้ เป็นเครื่องปรุงรสของทางภาคเหนือ โดยจะนำปูนามาตำให้ละเอียดแล้วนำไปหมัก ตักเสิร์ฟใส่ลงในจานแล้วโรยด้วยผักชีฝรั่งซอย เสิร์ฟพร้อมกะหล่ำปลีและถั่วฝักยาว "
ตำไหลบัวกุ้งสด,"หั่นไหลบัว
- นำไหลบัวมาล้างในสะอาด จากนั้นนำมาหั่นท่อนขนาด 2 นิ้ว แล้วพักไว้เตรียมนำไปตำ ตำ
- โขลกกระเทียมและพริกแห้งพอหยาบ ๆ จากนั้นใส่มะเขือเทศสีดา มะเขือส้ม และผักชีฝรั่งลงไป แล้วใช้สากโขลกมะเขือเทศเบา ๆ แค่ให้ได้รสชาติของมะเขือเทศ

- ปรุงรสด้วยกะปิ น้ำปลาร้า น้ำตาลปี๊บ และมะนาว คนให้เข้ากัน จากนั้นใส่กุ้งสดลงไปคลุก ตามด้วยไหลบัวที่หั่นแล้ว ใช้ทัพพีในการคนให้เข้ากัน แล้วตักขึ้นจัดเสิร์ฟได้เลยจ้า ตักตำไหลบัวกุ้งสดใส่ลงในจาน เสิร์ฟพร้อมถั่วฝักยาว ผักสดเพื่อตัดรสชาติความเผ็ด เท่านี้ก็เชิญแซ่บได้แล้วจ้า"
ตำข้าวโพดกุ้งสด,"1. ใส่กระเทียม พริก และแครอทขูดเส้นเล็กน้อยลงในครก ตำจนพริกและกระเทียมพอแหลก

Tip : ใส่แครอทลงไปเล็กน้อยเพื่อไม่ให้พริกกระเด็น

2. ใส่มะเขือเทศสีดา น้ำตาลปี๊บ น้ำปลา และน้ำมะนาวลงไป ตำให้มะเขือเทศพอแหลกและเครื่องปรุงเข้ากันดี

3. ใส่ถั่วฝักยาว ข้าวโพดทั้งสองชนิด และแครอทที่เหลือลงไป ตำให้เข้ากันอีกครั้ง แล้วใส่กุ้งขาวต้มสุกลงไป คลุกให้เข้ากัน

4. ตักตำข้าวโพดใส่จาน พร้อมเสิร์ฟ"
ส้มตำปลาหมึก,"ลวกปลาหมึก
- นำปลาหมึกสายมาล้างน้ำให้สะอาด จากนั้นตัดหนวดปลาหมึกออกค่ะ นำมาพักไว้ให้สะเด็ดน้ำก่อนนำไปลวก

- ตั้งหม้อใส่น้ำเปล่าลงไปพอให้ท่วมตัวปลาหมึก ยกขึ้นตั้งไฟโดยใช้ไฟกลางค่ะ พอน้ำเริ่มเดือดใส่หนวดปลาหมึกสายลงไปในน้ำ รอให้ปลาหมึกสุก ใช้ตะแกรงตักปลาหมึกขึ้นจากหม้อ แล้วพักไว้ให้เย็นก่อนนำไปทำส้มตำ

TIP : เมื่อปลาหมึกสายสุกสังเกตที่หนวกปลาหมึกจะบานออก และตัวปลาหมึกสีจะขาวขุ่นขึ้น เพราะตอนปลาหมึกดิบตัวปลาหมึกจะใสค่ะ  ตำส้มตำ
- ใส่พริกลงไปในครก แล้วโขลกให้พริกแหลกพอหยาบ ๆ จากนั้นฝานมะเขือเทศลงไป ตามด้วยการฝานมะเขือเปราะและผักชีใบเลื่อยลงไป ใช้สากบี้มะเขือเทศสักหน่อยให้มีรสชาติเปรี้ยวจากมะเขือเทศ

- ปรุงรสโดยการใส่น้ำตาลปี๊บ น้ำปลา น้ำปลาร้า และบีบมะนาวลงไป คนให้น้ำตาลปี๊บละลายและเข้ากัน จากนั้นชิมรสตามชอบ

- ใส่ปลาหมึกลงไปคลุกเคล้าในครก ตามด้วยการใส่ขนมจีนลงไปคลุกเคล้าให้เข้ากันอีกรอบ เตรียมจัดเสิร์ฟได้เลยค่ะ 

TIP : การใส่มะเขือเทศลงไปบี้ในครกก่อนปรุงรสนั้น จะช่วยให้รสชาติของส้มตำเปรี้ยวขึ้นโดยไม่ต้องใช้น้ำมะขามเปียกและมะนาวที่เยอะเกินไป สามารถช่วยลดต้นทุนได้ค่ะ ตักส้มตำปลาหมึกมาเรียงลงในจานที่ต้องการจัดเสิร์ฟ เท่านี้ก็พร้อมแซ่บพร้อมนัวแล้ว"
ส้มตำถาดแซลมอน,"ตำส้มตำ
- ใส่พริกแดงจินดาและเส้นมะละกอสับสักหน่อยลงไปในครก จากนั้นตำพริกแค่พอหยาบ

- ใส่มะเขือเทศสีดาหั่นชิ้นลงไปในครก โดยเราใช้สากบี้มะเขือเทศสัก 2 - 3 ครั้ง ผักชีฝรั่งซอยลงไป

TIP : บี้มะเขือเทศให้น้ำมะเขือเทศออกมา เพื่อให้ได้รสเปรี้ยวจากมะเขือเทศ

- ถึงขั้นตอนปรุงรสแล้ว เริ่มจากการใส่น้ำปลาร้าลงไป ตามด้วยน้ำปลา น้ำมะนาว และน้ำตาลปี๊บ จากนั้นใช้ทัพพีและสากคนให้เครื่องปรุงเข้ากัน

- เมื่อปรุงรสได้ตามที่ชอบแล้ว ก็ใส่เส้นมะละกอขูด ลงไปในครก จากนั้นใช้ทัพพีคนให้ทุกอย่างเข้ากัน อาจจะใช้สากตำอย่างเบามือเพื่อไม่ให้เส้นมะละกอเละเกินไป เท่านี้ก็ยกครกเทลงในถาดได้แล้ว นำ เนื้อปลาแซลมอน มาแล่ให้เป็นซาชิมิ โดยแล่หนังออกก่อน แล้ว แล่เนื้อปลาเป็นแนวขวาง ชิ้นบางๆ จนหมดทั้งชิ้น เรียงแซลมอนซาซิมิที่แล่ไว้ตอนแรกลงไปด้านบนส้มตำ จัดแต่งให้สวยงามน่ารับประทาน เท่านี้ก็พร้อมเสิร์ฟขึ้นโต๊ะ ปาร์ตี้ส้มตำกับเพื่อน ๆ ได้แล้ว"
ส้มตำเส้นข้าวเปียก,"STEP 1 : ลวกเส้นกวยจั๊บญวน
- นำหม้อใส่น้ำขึ้นตั้งไฟ รอให้น้ำเดือดจากนั้นนำเส้นกวยจั๊บญวนลงไปต้มเป็นเวลา 7 - 9 นาที ให้เส้นนุ่มแต่ไม่เละ โดยเราจะใช้ตะเกียบช้อนเส้นกวยจั๊บขึ้นมาให้ถูกอากาศ เพื่อทำให้เส้นของเราเหนียวนุ่ม เมื่อเส้นสุกไม่แข็งเป็นไต ให้เรานำเส้นขึ้นจากน้ำร้อนแล้วนำไปแช่ในน้ำเย็นจัด เพื่อให้เส้นคลายความร้อนและไม่สุกต่อ จากนั้นนำเส้นขึ้นจากน้ำ พักให้สะเด็ดน้ำก่อนนำไปตำ เพื่อไม่ให้รสชาติของส้มตำของเราจืด

STEP 2 : ลวกผัก
- นำหม้อใส่น้ำขึ้นตั้งไฟ รอให้น้ำเดือดจากนั้นเติมเกลือลงไปในน้ำร้อน เพื่อให้ผักที่ลงไปต้มสีสดคงเดิม เมื่อน้ำเดือดแล้วให้เราใส่ผักบุ้งและผักกะหล่ำปลีลงไปต้ม ลวกเป็นเวลา 2 นาทีเพื่อไม่ให้ผักเปื่อย แล้วตักขึ้นจากน้ำร้อนพักให้สะเด็ดน้ำก่อนนำไปตำ

STEP 3 : ใส่ทุกอย่างลงไปในครก!
- ใส่พริกขี้หนูสีแดงลงไปในครก แล้วโขลกให้พริกสดแค่พอหยาบ ๆ

- ใส่มะเขือเทศลงไป โดยเราจะใช้สากบี้ ๆ

- เติมเครื่องปรุง อย่าง น้ำตาลทราย น้ำมะนาว น้ำปลา และน้ำสต๊อกอีสานหรือน้ำปลาร้านั่นเอง คนให้ทุกอย่างเข้ากันแล้วชิมรสชาติให้ตรงกับที่ชอบ

- ใส่เส้นกวยจั๊บญวน (STEP 1) ผักบุ้งและผักกะหล่ำปลี (STEP 2) ลูกชิ้นปลาและหมูยอลงไปเคล้ากับน้ำปลาร้าที่ปรุงรสไว้ จัดเสิร์ฟลงในจานแล้วโรยถั่วลิสงกับหอมเจียว ถึงเวลามาจกกันแล้วจ้า"
ส้มตำหอยแครง,"ล้าง+ลวกหอยแครง
- เริ่มกันด้วยขั้นตอนสำคัญก่อนเลย เวลาเราได้หอยแครงมาจากตลาดมักจะมีดินโคลนติดเปลือกมาด้วย ซึ่งเราต้องเอาดินออกก่อน โดยเราจะเอาหอยแครงไปใส่น้ำแล้วใช้สากหินลงไปคนเป็นวงกลม ให้สากหินกระทบกับเปลือกหอยแครงแล้วเทน้ำที่ล้างออกเพื่อเปลี่ยนน้ำใหม่ โดยเราจะทำซ้ำจน 2 - 3 รอบจนกว่าน้ำที่ล้างหอยจะใสและเปลือกหอยไม่มีคราบดินค่ะ

Tip.. ถ้าไม่อยากทานแล้วเจอดินในหอย ให้บุบพริกสดใส่ลงไปแช่กับหอยแครง เป็นเวลา 30 - 60 นาที เพื่อให้หอยแครงคายดินออกมาค่ะ

- ตั้งน้ำให้เดือดจัด ๆ จากนั้นใส่น้ำส้มสายชูลงไปในน้ำเพื่อให้หอยแครงกรอบขึ้นค่ะ แล้วนำหอยแครงที่ลวกเสร็จแล้วใส่ลงไปในน้ำ จับเวลา 40 วินาที เมื่อครบเวลาแล้วตักขึ้นมาแช่ในน้ำเย็น เพื่อไม่ให้หอยแครงสุกต่อค่ะ แล้วแกะเปลือกหอยแครงออกให้เหลือแค่เปลือกด้านที่ติดกับตัวหอย แล้วพักเอาไว้ก่อนนำไปตำค่ะ

Tip.. เราลวกหอยแครงเป็นเวลา 40 นาที จะได้หอยแครงที่ไม่สุกจนเกินไป ยังได้ความฉ่ำและไม่มีเลือดที่ทำให้น้ำปลาร้ามีรสคาว สับมะละกอ
- นำมะละกอมาปอกเปลือก แล้วนำมาสับโดยใช้มีดนะคะ เพราะเราจะไม่ใช้วิธีการขูด เนื่องจากการสับมะละกอจะทำให้ได้เส้นมะละกอที่บางกว่าการขูด ทำให้เส้นมะละกอซับรสชาติของน้ำส้มตำได้ดีกว่าค่ะ

Tip.. นำเส้นมะละกอที่สับแล้วไปแช่ในตู้เย็นก่อนนำมาตำ จะช่วยให้เส้นมะละกอของเรากรอบมากขึ้นค่ะ
ตำ
- ใส่พริกแดงจินดาและเส้นมะละกอสับสักหน่อยลงไปในครก จากนั้นตำพริกแค่พอหยาบ

- ใส่มะเขือเทศสีดาหั่นชิ้นและมะเขือส้มหั่นครึ่งลงไปในครก โดยเราใช้สากบี้มะเขือเทศสัก 2 - 3 ครั้ง จากนั้นมะเขือเปราะหั่นชิ้นและผักชีฝรั่งซอยลงไป

Tip.. บี้มะเขือเทศให้น้ำมะเขือเทศออกมา เพื่อจะได้รสเปรี้ยวจากมะเขือเทศค่ะ

- ถึงขั้นตอนปรุงรสแล้ว เริ่มจากการใส่น้ำปลาร้าลงไป ตามด้วยน้ำปลา น้ำมะนาว และน้ำตาลปี๊บ จากนั้นใช้ทัพพีและสากคนให้เครื่องปรุงนั้นเข้ากัน แล้วให้ชิมรสชาติก่อนใส่เส้นมะละกอและหอยแครงลวกลงไป

Tip.. สามารถเปลี่ยนน้ำตาลปี๊บเป็นน้ำตาลทรายได้นะคะ ซึ่งจะได้รสชาติที่ไม่หวานมากเท่าน้ำตาลปี๊บ แล้วแต่ความชอบเลยค่ะ

- เมื่อปรุงรสได้ตามที่ชอบแล้ว ก็ใส่เส้นมะละกอขูด และหอยแครงลวกลงไปในครก จากนั้นใช้ทัพพีคนให้ทุกอย่างเข้ากัน อาจจะใช้สากตำอย่างเบามือเพื่อไม่ให้เส้นมะละกอเละเกินไป เท่านี้ก็ยกครกเทลงในถาดได้แล้วจ้า"
ตำถาดซีฟู้ด,"1. ใส่กระเทียม พริกขี้หนูแดง และน้ำตาลปี๊บลงไปตำรวมกันจนแหลก จากนั้นใส่ถั่วฝักยาวและมะเขือเทศลงไปตำพอแตกเล็กน้อย

2. ใ่ส่ปูม้าตามลงไป ตำให้เปลือกแหลกเล็กน้อย ใส่มะละกอลงไปโขลกเบา ๆ จากนั้นปรุงรสด้วย น้ำปลา น้ำมะนาว และน้ำปลาร้า คลุกเคล้าให้เข้ากัน

3. ใส่แซลมอน ปลาหมึก กุ้งสด ตามลงไป คลุกให้เข้ากันเบา ๆ แล้วตักใส่ถาด จัดเรียงให้สวยงาม พร้อมเสิร์ฟแล้วค่า

  เป็นยังไงกันบ้างคะเพื่อน ๆ แค่เห็นก็สูดปากกันแล้วใช่ไหม กับเมนู “ตำถาดซีฟู้ด” แซ่บซี้ดกันได้ทั้งแก๊งยิ่งแย่งกันกินยิ่งมัน ถ้าลองได้ชิมจริง ๆ รับรองว่าติดใจแน่นอน ลองทำดูค่ะแพรรับประกันความฟินกินกันจนปากเบิร์น"
ส้มตำหมูยอ,"1
นำพริกกับกระเทียมโขลกรวมกันจนแหลก จากนั้นใส่กุ้งแห้งเนื้อลงไปตำ จากนั้นเริ่มปรุงรส
2
ปรุงรสด้วยน้ำปลา น้ำตาลปีบ น้ำมะขามเปียก มะนาว น้ำปลาร้า คนจนได้ที่ ใส่มะเขือเทศกับถั่วฝักยาว ตำพอแหลก จากนั้นใส่เส้นมะละกอตำให้เข้ากัน
3
จากนั้นใส่หมูยอ คลุกให้ทั่วและเข้ากัน จัดใส่จานพร้อมรับประทาน"
อกไก่หวานไข่ยางมะตูม,"หมักอกไก่ที่หั่นเป็นชิ้นแล้วกับ ซีอิ๊ว Low Sodium ทิ้งไว้ 30 นาที ตั้งกระทะไฟปานกลาง ฉีดสเปรย์น้ำมัน ตามด้วยหอมแดงซอย ผัดให้หอมเลยค่ะ ใส่อกไก่ตามลงไป ผัดจนอกไก่สุก เติมน้ำเปล่า ซีอิ๊วดำ ผัดต่อให้เข้ากันดี ปิดฝาทิ้งไว้ 10 นาทีค่ะ

- หลังจากนั้นใส่น้ำตาลมะพร้าวตามลงไป ผัดให้น้ำตาลละลายเข้ากันดี เป็นอันเสร็จเรียบร้อยค่า

- ตักใส่จาน รอเสิร์ฟพร้อมไข่ต้มได้เลยค่ะ ตั้งน้ำให้เดือด ใส่ไข่ไก่ลงไป ทิ้งไว้ 7 นาที นำขึ้นน็อคน้ำเย็น ก็จะได้ไข่ยางมะตูมพร้อมทานแล้วค่ะ"
ผัดวุ้นเส้น,"นำวุ้นเส้นไปแช่น้ำ ทิ้งไว้ประมาณ 15 นาที จากนั้นจึงนำมาสะเด็ดน้ำให้แห้ง แล้วพักไว้
ตั้งกระทะใส่น้ำมัน แล้วเปิดไฟกลาง รอจนน้ำมันร้อนจึงใส่กระเทียม ตามด้วยหมูและหอมใหญ่ลงไปผัดจนหมูเกือบสุก
จากนั้นใส่ไข่ไก่ลงไป ใช้ตะหลิวเขี่ยไข่แดงให้แตกทิ้งไว้สักพัก พอไข่เริ่มสุกใส่วุ้นเส้น มะเขือเทศ กะหล่ำปลี และต้นหอมลงไปผัดต่อจนสุก ปรุงรสและผัดจนส่วนผสมทั้งหมดเข้ากันดี พร้อมจัดเสิร์ฟ"
ไข่ดองน้ำปลา,"ตั้งกระทะใส่น้ำเปล่า น้ำปลา และน้ำตาลทรายให้ละลายเข้ากัน จากนั้นพักไว้ให้เย็น
ตอกไข่ไก่แยกเอาเฉพาะไข่แดง ใส่ลงในน้ำดองที่เตรียมไว้ ก่อนโรยด้วยกระเทียม พริกขี้หนูและพริกจินดาแดง นำพลาสติกแรปปิดคลุม แช่เย็นไว้เป็นเวลา 4 ชั่วโมง
เมื่อครบกำหนดเวลาตักขึ้นจัดเสิร์ฟ พร้อมน้ำจิ้มซีฟู้ด ข้าวสวยและสาหร่าย หรือเครื่องเคียงตามชอบ"
ผัดฟักทอง,"ตั้งกระทะไฟกลางใส่น้ำมัน พอน้ำมันร้อนใส่กระเทียมสับ ผัดให้เหลืองหอม จากนั้นใส่ฟักทอง ตามด้วยน้ำเปล่า
ปรุงรสด้วยซีอิ๊วพริกไทย พอฟักทองใกล้สุกดีแล้ว ตอกไข่ลงไปคนเบา ๆ ให้ทั่ว พอน้ำงวดและไข่กับฟักทองสุก ใส่ใบโหระพาแล้วปิดไฟ จัดเสิร์ฟตกแต่งด้วยยอดโหระพา"
ข้าวต้มทรงเครื่อง,"ตั้งหม้อใส่น้ำลงไป ตามด้วยใส่รากผักชี และกระดูกหมูลงไป ต้มต่อ 1 ชั่วโมงจนกระดูกหมูเปื่อยนุ่ม
ผัดหมูสับ ตามด้วยกุ้งแห้ง ปลาหมึกแห้ง และตั้งฉ่าย ปรุงรสด้วยซีอิ๊วขาวผัดให้ทุกอย่างเข้ากัน และจนหมูสุก พักไว้
หลังจากกระดูกหมูเปื่อยนุ่มแล้ว ใส่ข้าวหอมมะลิลงในหม้อ ตามด้วยใส่เครื่องที่ผัดเตรียมไว้ลงไป คนเรื่อย ๆ จนข้าวสุก เม็ดเริ่มแตกบาน เท่านี้ก็พร้อมจัดเสิร์ฟ"
หมูหวาน,"นำหมูสามชั้น และ สะโพกหมู มาหั่นเป็นชิ้นเล็ก ๆ หมักด้วย ซีอิ้วขาว ซีอิ้วดำ ซีอิ้วดำหวาน น้ำตาลทราย และน้ำมันหอย คลุกให้เข้ากัน หมักไว้ 20 นาที
ตั้งกระทะ ใส่น้ำมันให้ร้อน ใส่หอมแดงซอยลงไปผัดให้สลด ใส่น้ำตาลปี๊ปลงไปเคี่ยว จนเปลี่ยนเป็นสีน้ำตาลเข้ม
นำเนื้อหมูที่หมักไว้ ใส่ลงไปผัดให้เข้ากัน น้ำจากหมูจะค่อย ๆ ออกมา เคี่ยวจนน้ำคลุกคลิก ได้ที่แล้วตักใส่ถ้วยจัดเสิร์ฟได้เลย"
ต้มข่าไก่,"นำสะโพกไก่มาหั่นให้เป็นชิ้นขนาดพอดีคำ
นำหม้อขึ้นตั้งไฟแรง เทหัวกะทิลงใส่หม้อ ตามด้วยตะไคร้ ข่าอ่อน และใบมะกรูด และเกลือ ลงต้นในหัวกะทิ รอให้เดือด และ​​ใส่เนื้อไก่ลงต้มในกะทิให้สุก
ปรุงรสตามชอบ ปิดไฟแล้วบีบมะนาวเล็กน้อย แล้วตักเสิร์ฟ พร้อมข้าวร้อน ๆ"
ต้มเล้งแซ่บ,"ล้างกระดูกเล้งให้สะอาด จนไม่มีเลือดออกมา ผึ่งให้แห้ง
ใส่กระดูกเล้งลงในหม้อ บุบรากผักชี และกระเทียม ใส่ตามลงไป ตามด้วยพริกไทย เกลือ และน้ำเปล่าลงไปพอท่วม ตั้งไฟอ่อน เคี่ยว 2 ชม. ระหว่างเคี่ยวให้คอยตักฟองออกตลอด
เสร็จแล้วตักกระดูกเล้ง และน้ำซุปใส่ถ้วย ​​ซอยผักชีฝรั่ง โรยบนกระดูกหมู ตามด้วยพริกขี้หนูสวนตำจนแหลก ปรุงรสด้วยน้ำปลา และมะนาว เพียงเท่านี้ ก็เสร็จเรียบร้อยพร้อมกินร้อน ๆ แล้วจ้า"
ปลาหมึกย่าง,"นำปลาหมึกสดที่ซื้อมาล้างด้วยน้ำเกลือ และนำไปใส่ในอ่างน้ำให้ท่วมปลาหมึก ล้างออกจนกว่าฟองจะน้อยลง และนำไปหมักกับผงขมิ้นและซีอิ๊วดำ ทิ้งไว้อีก 15 นาที
นำรากผักชี กระเทียมสับ และพริกแดงจินดาซอย โขลกให้เข้าเป็นเนื้อเดียวกัน ปรุงรสด้วยเกลือ น้ำตาลปี๊บ น้ำปลา และน้ำมะนาว เติมน้ำต้มสุกลงไป คลุกเคล้าให้เข้ากัน
เมื่อหมักได้ที่แล้วนำลงไปย่าง ใช้ไฟอ่อน จนสุกได้ที่เสร็จแล้วหั่นเป็นชิ้นพอคำ จัดเสิร์ฟพร้อมน้ำจิ้มซีฟู้ดได้เลย "
ข้าวต้มปลา,"ตั้งหม้อบนเตา ใส่น้ำซุปกระดูกหมู ข่าหั่นแว่น และรากผักชีลงไป ต้มให้เดือด แล้วตามด้วย เนื้อปลากะพงแดง และเห็ดหอม
เมื่อเนื้อปลาสุก ปรุงรสด้วย ซีอิ๊วขาว และพริกไทยป่น
ตักน้ำซุป และเนื้อปลาที่ต้มไว้ ราดลงบนข้าวสวย โรยตกแต่งด้วย ขึ้นฉ่าย ต้นหอม และกระเทียมเจียว เท่านี้ก็พร้อมรับประทาน"
เต้าหู้ไข่ทรงเครื่อง,"ตั้งกระทะใส่น้ำมันสำหรับทอด รอจนนำ้มันร้อน นำเต้าหู้ไข่ลงไปทอดจนสีเหลืองสวย แล้วตักขึ้นใส่จานพักไว้
ตั้งกระทะใส่น้ำมันสำหรับผัด รอจนน้ำมันร้อนใส่กระเทียมสับลงไปผัดให้เหลือง จากนั้นใส่แครอท และข้าวโพดอ่อนลงไป ตามด้วยหมูสับ ผัดจนทุกอย่างสุก ปรุงรสจากนั้นเติมน้ำเปล่าลงไปรอจนน้ำเดือด
เทน้ำแป้งข้าวโพดที่ละลายไว้ลงไป รีบคนให้เข้ากัน เช็กว่าน้ำราดมีลักษณะเหนียวข้นคล้าย ๆ น้ำราดหน้า จากนั้นปิดไฟ และนำไปราดลงบนเต้าหู้ เหยาะพริกไทย และโรยผักชีลงด้านบน แค่นี้ก็พร้อมจัดเสิร์ฟแล้วค่ะ"
ข้าวผัดแหนม,"ตั้งกระทะใส่น้ำมันใช้ไฟอ่อน ใส่แหนมและขิงอ่อนหั่นเต๋าในกระทะ ผัดให้เพิ่มมีน้ำออกมาจนท่วม ตามด้วยพริกขี้หนูสับและกระเทียมลงไปผัด
พอเริ่มงวดขึ้นแล้วใส่ข้าวสวยลงไปผัด ปรุงรสด้วยซอสหอยนางรม แล้วเร่งไฟให้กระทะร้อนขึ้น
พอข้าวเริ่มเปลี่ยนสีและเครื่องทุกอย่างเริ่มสุก ใส่ต้นหอมลงไปผัดกับข้าว เสร็จแล้วยกลงจากเตาพร้อมจัดเสิร์ฟ "
หมูสามชั้นทอดน้ำปลา,"หั่นบริเวณหนังของหมูสามชั้นให้ขาดออกจากกันเป็นช่วง ๆ เพื่อให้เวลานำลงไปทอดตัวหนังจะมีพื้นผิวสัมผัสกับน้ำมันมากขึ้น ทำให้กรอบมากกว่าหมูทอดทั่วไป
นำหมูสามชั้นที่หั่นหนังแล้วมาหมักกับ น้ำปลา พริกไทยป่น ไข่ไก่ แป้งทอดกรอบ และน้ำเย็น คลุกนวดผสมให้เข้ากัน แล้วหมักไว้ในตู้เย็นประมาณ 30 นาที
นำหมูสามชั้นที่หมักไว้ออกจากตู้เย็นแล้วนำลงทอดในน้ำมันท่วม ใช้ไฟกลางทอดไปเรื่อย ๆ จนเริ่มเปลี่ยนเป็นสีน้ำตาลแล้วตักขึ้นสะเด็ดน้ำมันหั่นเป็นชิ้น จัดเสิร์ฟพร้อมกับน้ำจิ้มพริกป่น และข้าว"
ลาบหมู,"ใส่น้ำเปล่าลงในหม้อ แล้วใส่หมูสับลงไปรวนให้สุก ตักหมูที่รวนแล้วใส่ในชามผสมพักไว้
TIP : การเติมน้ำลงในเนื้อหมูจะช่วยให้เนื้อหมูฉ่ำไม่แข็งกระด้าง และควรใช้ทัพพีขยี้หมูให้แตกออกจากกัน
ใส่เครื่องปรุง พริกป่น น้ำปลา ข้าวคั่ว และน้ำตาล คลุกเค้าให้เข้ากัน จากนั้นเติมมะนาว ผักชีฝรั่ง หอมแดงซอย ต้มหอม ผักชีฝรั่ง และใบสะระแหน่ จากนั้นคลุกเคล้าให้เข้ากัน
ตักลงใส่จานที่ต้องการจัดเสิร์ฟ ตกแต่งด้วยพริกแห้งทอด และใบสะระแหน่ กินคู่กับผักเคียง แค่นี้ก็เสร็จแล้ว"
แกงส้มผักรวมกุ้งสด,"ตั้งน้ำสะอาดจนเดือด เติมพริกแกงส้มลงไป คนให้ละลายเข้ากันดี ปรุงรสด้วยน้ำมะขามเปียก น้ำตาลปี๊บ และน้ำปลา ต้มต่อสักครู่
ใส่ผักแข็งลงไปก่อน เช่น แครอท ข้าวโพดอ่อน ถั่วฝักยาว และตามด้วยกะหล่ำปลี ต้มจนผักสุก จากนั้นใส่กุ้งลงไป
พอกุ้งสุกดีก็ปิดไฟ ตักใส่ถ้วยสำหรับจัดเสิร์ฟได้เลย"
ยำขนมจีน,"นำน้ำปลาร้าต้มสุกเทลงในชามผสม ใส่น้ำตาลปี๊บ คนให้ละลายเข้ากันดี
ใส่พริกป่น พริกขี้หนูซอย น้ำมะนาว และน้ำปลา คนให้เข้ากัน ตามด้วยขนมจีน เนื้อปลาทูทอด ถั่วฝักยาวซอย ต้นหอมซอย และเมล็ดกระถิน คลุกเคล้าให้เข้ากัน
ตักใส่จานเสิร์ฟ โรยด้วยเมล็ดกระถินอีกสักนิด ก็พร้อมรับประทานแล้ว"
ข้าวผัดกระเทียมเบคอนกรอบ,"ตั้งกระทะ ใช้ไฟอ่อน ใส่เบคอนหั่นชิ้นลงไป ผัดไปเรื่อย ๆ จนน้ำมันเริ่มออก เจียวต่ออีกจนเบคอนเปลี่ยนเป็นสีน้ำตาลกรอบ แล้วตักออกพักไว้
เทน้ำมันที่ได้จากเบคอนออก ให้เหลือไว้ในกระทะเล็กน้อย ใส่เนยเพิ่มเข้าไป สับกระเทียมให้ละเอียด แล้วใส่ละไปผัดให้เหลืองหอม ตามด้วยใส่ข้าวลงไปผัดให้เข้ากับกระเทียม ปรุงรสด้วยโชยุ น้ำตาล เกลือ พริกไทย คลุกเคล้าให้รสชาติกระจายทั่ว
ปิดไฟ ใส่ต้นหอมซอย คลุกให้เข้ากันอีกครั้ง ตักข้าวผัดใส่ถ้วย ท๊อปปิ้งด้วยเบคอนกรอบ"
แกงเหลือง,"ใส่พริกแห้ง และเกลือ ลงในครก แล้วตำให้ละเอียด ตามด้วยพริกขี้หนู กระเทียม ขมิ้นสด หอมแดง และข่า ตำให้ละเอียดเข้ากันดี แล้วพักไว้
นำปลากะพงมาแล่เนื้อทั้งสองฝั่งออก แล้วหั่นเป็นชิ้นตามแนวขวาง ตั้งน้ำประมาณ 1 ½ ลิตร ใส่เครื่องแกงที่ตำไว้ และกะปิลงไป คนให้ละลาย แล้วตั้งให้เดือด ตามด้วยใส่มะละกอลงไป ต้มจนมะละกอสุกใส
ใส่เนื้อปลากะพงลงไป กดให้พอจม อย่าคนจนกว่าปลาจะสุก เมื่อปลาเริ่มสุก ปรุงรสด้วยน้ำมะขาม"
เมี่ยงปลาทู,"ตั้งกระทะบนเตาแล้วใส่น้ำมัน จากนั้นเปิดไฟกลาง นำปลาทูลงทอด จนสีเหลืองทอง แล้วนำขึ้นพักไว้
โขลกถั่วตัดให้ละเอียด แล้วนำขึ้นพักไว้ โขลกพริก และกระเทียมแล้วปรุงรสด้วยน้ำเชื่อม น้ำมะนาว น้ำปลา และเกลือป่น เสร็จแล้วนำถั่วตัดที่โขลกไว้มาใส่ในน้ำจิ้มที่ปรุงแล้ว
นำปลาทูที่ทอดไว้ มาจัดเสิร์ฟกับขนมจีน เส้นหมี่ ผักสด น้ำจิ้มถั่วตัด และน้ำจิ้มซีฟู้ด"
น้ำพริกอ่อง,"โขลกน้ำพริก โดยใส่ หอมแดง กระเทียม พริกแห้ง เกลือ และกะปิ โขลกให้ละเอียด
ตั้งกระทะใส่น้ำมันเอากระเทียมบุบลงเจียวผัดจนเหลือง ตามด้วยเครื่องที่โขลกไว้ใส่ลงไปผัดให้หอม ใส่หมูสับตามลงไป หากมันดูแห้งเกินไปเติมน้ำเล็กน้อย
พอหมูใกล้สุกใส่มะเขือเทศตามลงไป ผัดจนมะเขือเทศสุกเละ ปรุงรสด้วยน้ำตาลและน้ำปลา ปิดไฟแล้วตักใส่ถ้วย โรยหน้าด้วยต้นหอม ผักชีซอย เพียงเท่านี้ ก็พร้อมรับประทานแล้ว"
เบคอนชีสทอด,"หั่นเบคอนและชีสเป็นชิ้นสี่เหลี่ยมจตุรัส เท่า ๆ กัน
นำมาสลับชั้นกันจนได้เบคอน 4 ชั้น ชุบแป้งทอดกรอบ ไข่ เกล็ดขนมปัง ตามลำดับ
ตั้งกะทะ ไฟกลาง รอจนน้ำมันร้อน นำลงทอด จนได้สีเหลืองทอง เสิร์ฟคู่กับซอสมะเขือเทศ หรือมายองเนสก็เข้ากันสุด ๆ"
สปาเก็ตตี้คาโบนาราไข่เค็ม,"ตั้งน้ำให้เดือด โดยใส่เกลือลงไปเล็กน้อย พอน้ำเดือดแล้วนำเส้นลงต้มเป็นเวลา 7 นาทีแล้วตักขึ้นพักไว้
ตั้งกระทะนำเบคอนให้น้ำมันเบคอนออกมากแล้วตักเบคอนออกมาพักไว้ นำกระเทียมและหอมหัวใหญ่ลงผัดในน้ำมันเบคอนให้สุกใส
แล้วนำครีม และไข่แดงเค็มลงไปบดและคนให้เข้ากัน

กระเทียมและหอมหัวใหญ่ลงผัดในน้ำมันเบคอนให้สุกใส นำเส้นลงไปคลุกน้ำที่ผัดไว้ให้เคลือบทั่วเส้น
ปรุงรสด้วยเกลือ และพริกไทยแล้วตักเสิร์ฟ"
ไข่เจียวหมูสับผัดกะเพรา,"ตอกไข่ใส่ชามผสมตีให้ฟูเข้ากัน ใส่หมูสับตามลงไป ปรุงรสด้วยซอสหอยนางรม
นำลงไปทอดให้สุก แล้วมาหั่นเป็นชิ้นพอคำ ตั้งกระทะที่มีน้ำมันเล็กน้อย นำกระเทียม พริกลงผัดให้พอสุก
แล้วนำไข่ที่หั่นไว้ลงผัดให้เข้ากันแล้วปรุงรสด้วยน้ำปลา น้ำตาลทราย
จากนั้นใส่ใบกะเพรา ผัดให้เข้ากัน
TIPS : เพื่อให้ได้ใบกะเพราที่เขียวไม่ดำควรผัดให้ใบกะเพราสุกก่อนตักขึ้น เตรียมข้าวสวยร้อน ๆ แล้วนำไข่เจียวหมูสับผัดกะเพรามาตักวางคู่กัน"
ขนมเปียกปูนใบเตย,"1
ผสมแป้งข้าวเจ้า และแป้งเท้ายายม่อม เข้าด้วยกัน ใส่น้ำปูนใสลงไปแค่ให้พอแป้งจับตัวกัน และนวดได้ นวดเป็นเวลา 10 นาที

2
ใส่น้ำตาลปี๊บ และน้ำตาลทรายลงไปผสม นวดให้น้ำตาลละลายดี ใส่น้ำปูนใสที่เหลือ และ น้ำใบเตยลงไป คนให้เข้ากันดี

3
กรองส่วนผสมใส่กระทะทอง ยกขึ้นตั้งไฟกลาง กวนจนขนมมีลักษณะที่เหนียว ประมาณ 40-50 นาทีถ่ายขนมใส่ลงในถาดขนาด 9x9 นิ้วที่ทาน้ำมันบาง ๆ หรือพิมพ์ขนาดพอดีคำ ตามต้องการ พักให้เย็นลง

4
ตัดขนมให้เป็นชิ้นขนาดตามต้องการ หรือนำขนมออกจากพิมพ์ เสิร์ฟกับมะพร้าวทึนทึกขูด"
มันบดกระเทียมย่าง,"1
ตักเนื้อกระเทียม และบดใส่ลงไปผสมกับครีม แล้วนำไปตั้งไฟให้พออุ่นดี ปรุงด้วยเกลือ พริกไทย และลูกจันทร์ป่น

2
ปอกเปลือกมันฝรั่งที่สุกดีแล้ว บดให้ละเอียด ใส่เนยลงไป ตามด้วยครีมที่เตรียมไว้ ชิมและปรับรสด้วยเกลือ พริกไทย อีกครั้ง ถ้าต้องการ

3
ตั้งเตาที่ 200 องศาเซลเซียส ทำความสะอาดมันฝรั่ง ห่อด้วยฟอยด์ นำไปอบเป็นเวลา 1 ชั่วโมง หั่นครึ่งหัวกระเทียม พรมกระเทียมด้วยน้ำมัน ห่อด้วยฟอยด์ อบเป็นเวลา 40 นาที

4
นำมัชรูมเกรวี่มิกซ์ ใส่หม้อ ตามด้วยนำสะอาด ¾ ถ้วย และครีม นำไปตั้งไฟ เคี่ยวให้ข้นดี เสิร์ฟพร้อมกับมันบด"
กุ้งฝอยทอด,"1
ทำน้ำอาจาด โดยนำน้ำตาลทราย น้ำส้มสายชู และเกลือ ใส่หม้อตั้งไฟ พอน้ำตาลทรายละลายดี ก็พักให้เย็นลง ก่อนที่จะใส่แตงกวาซอย พริกชี้ฟ้าแดงหั่นแฉลบ หอมแดงและขิงซอยลงไป

2
ล้างทำความความสะอาดกุ้งฝอย ใส่กระชอนสะเด็ดน้ำ


3
ตั้งน้ำมันสำหรับทอดที่ 180 องศาเซลเซียส

4
ผสมแป้ง โดยนำแป้งข้าวเจ้า แป้งสาลี เกลือ พริกแกงเผ็ด น้ำตาลทราย และไข่แดงใส่ในชามผสม ใส่น้ำปูนใส่ลงไป ผสมให้เข้ากันดี


5
ใส่กุ้งฝอยลงไปในส่วนผสมแป้ง ซอยใบมะกรูดใส่ตามลงไป

6
ใช้ทัพพีตักกุ้งฝอยหยอดลงทอดเป็นคำๆ ทอดจนสุกและกรอบดี ตักขึ้นมาสะเด็ดน้ำมัน

7
เสิร์ฟกุ้งฝอยกับน้ำอาจาด แต่งด้วยใบผักชีสวยๆ พร้อมรับประทาน"
ขนมต้มขาว,"1
ทำไส้กระฉีก นำน้ำตาลปี๊บใส่กระทะทอง ใช้ความร้อนต่ำ เคี่ยวให้น้ำตาลละลายดี ใส่มะพร้าว ทึนทึกลงไป กวนจนมะพร้าวมีลักษณะเหนียว ยกออกจากความร้อน พักให้คลายความร้อน เล็กน้อย ปั้นเป็นก้อนขนาด 1 เซนติเมตร จัดเรียงลงในหม้อที่มีฝาปิด จุดเทียนอบขนม คอยให้เปลวไฟเผาเนื้อเทียนให้หอมดี จึงค่อยดับไฟ ปิดฝา อบควันเทียนเป็นเวลาอย่างน้อย 1 ชั่วโมง หรือข้ามคืน

2
เตรียมส่วนประกอบของแป้ง ผสมแป้งข้าวเหนียวกับกะทิ ค่อย ๆ ใส่น้ำลงไปทีละช้อนโต๊ะ นวดจนแป้งมีเนื้อสัมผัสคล้ายดินน้ำมันนุ่ม ๆ

3
ปั้นแป้งเป็นก้อนกลมขนาดเส้นผ่านศูนย์กลาง ½ นิ้ว แผ่แป้งให้เป็นแผ่นกลมบางวางไส้กระฉีก ที่อบควันเทียนแล้วลงไปตรงกลาง ห่อให้มิดและปั้นให้กลมดี ทำซ้ำจนหมด

4
ตั้งน้ำสำหรับต้มแป้ง พอน้ำเดือด ใส่ขนมต้มขาวลงไป คนเพื่อไม่ให้แป้งติดก้นหม้อ พอขนม ลอยขึ้นมา ต้มต่อ 10 วินาที เพื่อให้มั่นใจว่าแป้งสุกดี สะเด็ดน้ำ แล้วนำขนมที่ยังร้อนอยู่ลง คลุกในมะพร้าวขูด พักให้เย็นลง พร้อมรับประทาน

5
นำมะพร้าวทึนทึกขูดเส้นไปนึ่งเป็นเวลา 10 นาที โรยเกลือเล็กน้อย จะช่วยทำให้มะพร้าวไม่เสียง่าย"
ชีสเค้กสไตล์ญี่ปุ่น,"1
เตรียมพิมพ์เค้กสี่เหลี่ยมขนาด 18*18 เซนติเมตร รองกระดาษไข เปิดเตาอบที่ 160 องศาเซลเซียส

2
ตีครีมชีส ชอร์ตเทนนิ่ง และน้ำตาลทราย 30 กรัมด้วยหัวตีใบพัดให้นุ่มและเข้ากันดี ใช้พายยางปาดเป็นระยะ

3
แยกไข่ขาวและไข่แดง ใส่ไข่แดงลงไปในส่วนผสมหลักทีละฟองจนหมด ตามด้วยครีม กลิ่นวานิลลา และกลิ่นเลมอน ตีให้เข้ากันดี ร่อนแป้งสาลีลงไป ตะล่อมให้เข้ากันดี

4
ตีไข่ขาวและน้ำตาลทรายที่เหลือให้เข้ากัน นำไปตะล่อมกับส่วนผสมหลัก ถ่ายใส่ในพิมพ์

5
อบชีสเค้กเป็นเวลา 1 ชั่วโมง แล้วลดไฟลงที่ 140 องศาเซลเซียส อบต่ออีก 30 นาที ปิดเตาอบ พักชีสเค้กในเตาอบต่ออีก 20 นาที แง้มประตูเตาอบออกเล็กน้อย พักให้ชีสเค้กเย็นลงที่อุณหภูมิห้อง

6
นำชีสเค้กไปแช่เย็น เมื่อต้องการรับประทาน ก็ให้หั่นเป็นชิ้นขนาดตามต้องการโรยไอซิ่งก่อนเสิร์ฟ(สามารถเสิร์ฟกับผลไม้สด หรือซอสผลไม้ได้ ถ้าต้องการ)"
เกี๊ยวกุ้งทอดยักษ์,"1
นำแป้งข้าวโพดลงไปคลุกเคล้ากับกุ้ง พักไว้ประมาณ 5 นาที แล้วล้างแป้งออก ซับกุ้งให้แห้งดีพักไว้
2
โขลกรากผักชี กระเทียม พริกไทย และเกลือ ให้เข้ากันดี
3
แบ่งกุ้งออกเป็นสามส่วน นำกุ้งสองส่วน ใส่ในเครื่องบดสับ พร้อมกับปลาหมึก เครื่องที่โขลกเตรียมไว้ ซีอิ๊วขาว และน้ำมันงา ปั่นให้เข้ากันดี นำกุ้งส่วนที่แยกไว้มาสับหยาบๆ แล้วผสมกับส่วนผสมที่บดไว้
4
ผสมแป้งเปียก โดยใช้แป้งสาลีผสมน้ำเล็กน้อย ตักส่วนผสมไส้ 1 ช้อนโต๊ะ ลงตรงกลางตัวแป้ง ทาด้วยแป้งเปียกรอบ ตัวไส้ พับทแยง จับจีบให้สวยงามทำซ้ำจนหมด
5
นำเกี๊ยวลงทอดในน้ำมันอุณหภูมิ 160 องศาเซลเซียส ทอดจนไส้สุกดีประมาณ 3 นาที ผสมน้ำจิ้มบ๊วยเจี่ยกับซอสมะเขือเทศ รับประทานคู่กัน"
ชื่ออาหาร,วิธีทำ
แกงเลียงกุ้งสด,"1: จัดเตรียมส่วนผสมและเครื่องปรุงต่างๆ
 2: เริ่มจากการทำพริกแกงเลียงกันก่อน โดยนำส่วนผสมข้างต้น กุ้งแห้ง กระชาย พริกไทย พริกขี้หนู รากผักชี หอมแดง กุ้งลวกและกะปิ โขลกเข้ากันตามลำดับ โขลกพอหยาบๆไม่ต้องละเอียดมาก
 3: ตั้งหม้อใส่น้ำซุบรอให้เดือด แล้วใส่พริกแกงลงไปรอให้เดือดอีกครั้ง
 4: ใส่ผักลงไปเริ่มจากฟักทอง ข้าวโพดอ่อน บวบ และเห็ด ปรุงรสด้วยน้ำปลา ซีอิ๊วขาว น้ำตาล แล้วต้มต่อให้เดือดและผักได้ที่แล้วใส่กุ้งลงไป
 5: ขั้นตอนสุดท้ายใส่ใบแมงลัก ปิดเตาตักเสริฟร้อนๆ"
แกงเผ็ดฟักทองใส่หมู,"1: เตรียมหั่นฟักทองและหมูให้เป็นชิ้นพอคำตั้งกะทะ ใส่น้ำมันพืช
 2: นำพริกแกงมาผัดกับน้ำมันพืชพอมีกลิ่นหอมใส่กะทิลงไป ผัดจนแตกมันแล้วใส่หมูลงไป
 3: เมื่อหมูสุกให้ฟักทองลงไปผัด
 4: ปรุงรสด้วยน้ำตาลปี๊บ น้ำปลาแล้วโรยหน้าด้วยใบโหระพา ใบมะกูด แล้วตักใส่ถ้วยพร้อมเสิร์ฟ"
ปลานึ่งมะนาว,"1: ปลาตามชอบครับ ปลากะพง ปลาทับทิมปลานิล ได้ทั้งนั้น ล้างควักใส้ และเอาตะไคร้กับรากผักชียัดท้องใว้ แล้วนำไปนึ่งจนสุก ใช้เวลาประมาณ 15 นาที
 2: ผสมน้ำปลา มะนาว น้ำตาล พริกกระเทียมสับเข้าด้วยกัน แล้วราดลงบนปลา นึงต่ออีกสัก 1-2 นาทีให้ซึมเข้าเนื้อ สุกเเล้วตกแต่งด้วยมะนาวฝาน ผักขีโรย พร้อมรับประทานครับ
 3: หม่ำๆ ,,☺️
 4: Fish sauce /2 tablespoons
Lime /2-3 tablespoonsSugar /2TeaspoonChopped Chili /2 tablespoonsMinced garlic /2 tablespoonsChopped Coriander /2 tablespoonslemon grass / 1 branchFish as you like. Snapper, Tilapia fish, Tilapia fish can all be washed, garnished and stuffed with lemongrass and coriander root. Then steamed It takes about 15 minutes.Mix fish sauce, lemon, sugar, chili, garlic, chopped together. Then pour it on one fish for another 1-2 minutes to absorb into the meat.Cooked and garnished with lemon slices, green vegetables sprinkled and ready to eat."
🥚ไข่ดองน้ำปลาแบบง่ายกว่านี้ไม่มีอีกแล้ว🥚,"1: ขั้นตอนแรก ตั้งไฟอ่อนใส่น้ำปลากับน้ำเปล่าที่เตรียมไว้ลงไปค่ะ
 2: ขั้นตอนที่2 เติมน้ำตาลปี้บ แล้วคนให้น้ำตาลละลายเข้ากัน
 3: เพิ่มเติมรูปภาพขั้นตอน2ค่าา
 4: ขั้นตอนที่3 น้ำตาลละลายเข้ากันแล้วพักไว้ให้เย็นค่ะ
 5: ขั้นตอนที่4 ตอกไข่ไก่สด เอาแต่ไข่แดงค่ะ
เพิ่มเติมสำคัญ ไข่ที่ใช้จะต้องเป็นไข่ปลอดเชื้อ salmonella นะคะ
 6: ขั้นตอนที่5 นำน้ำปลาที่พักไว้เย็นแล้วมา ตักไข่แดงใส่ลงไปค่ะ
 7: ขั้นตอนที่6 ใส่พริกกับต้นหอมซอยลงไปค่ะ
 8: ขั้นตอนสุดท้าย คนเล็กน้อยปิดฝาเข้าแช่ตู้เย็น 24hr ค่าาา 😋"
พะแนงหมู,"1: ตั้งกระทะให้ร้อน ใส่หัวกะทิลงไปเคี่ยวให้แตกมัน ใส่น้ำพริกพะแนงลงไปเคี่ยวต่อไฟกลางๆจนน้ำพริกเข้ากันดี เคี่ยวจนกว่าน้ำพริกจะหอมและเริ่มแตกมันเล็กน้อย
 2: ใส่ใบมะกรูดฉีกลงไปบางส่วนจะทำให้น้ำพริกหอมขึ้น ปรุงรสด้วยน้ำตาลปึก น้ำปลา ชิมรสดูให้ออกรสเผ็ด หวานปะแล่มๆ และเค็ม
 3: ใส่เนื้อหมูหั่นลงไปเคี่ยวด้วยกันจนกว่าจะสุกเข้าเนื้อ ถ้าทำน้อยสามารถเคี่ยวในกระทะได้เลยนะครับ ถ้าน้ำแกงข้นไปก็สามารถเติมตัวกะทิไปเรื่อยๆได้ กะดูว่าพอสุกเข้าเนื้อดีจะมีน้ำแกงพอๆกับเนื้อครับ
 4: แต่ถ้าทำเยอะแนะนำให้เคี่ยวในหม้อตัวกะทิดีกว่าครับ แกงตรงก้นจะได้ไม่ไหม้ ปริมาณตัวกะทิก็ค่อยๆเติมนะครับ เคี่ยวไปเติมไปเรื่อยๆจนกว่าจะสุกเข้าเนื้อ
 5: พอสุกเข้าเนื้อดีก็ใส่ใบมะกรูดที่เหลือ ถั่วฝักยาว
 6: พอถั่วฝักยาวสุกดีก็ใส่พริกชี้ฟ้าซอย ก็ปิดไฟได้ครับ"
มาม่าผัดขี้เมาทะเล,"1: ต้มเส้นมาม่าให้พอสุก ไม่ต้งสุกมากเพราะต้องเอาไปผัด แล้วพักไว้ จากนั้นก็ไปเตรียมเครื่องเช่น หั่นกระเทียมหยาบ ตำพริดขี้หนูสด
 2: ผัดกระเทียมกับน้ำมันจนหอมแล้วใส่ ของทะเล และ ไข่ไก่ลงไป ผัดจนสุกดี แล้วใส่เส้นมาม่าลงไป ตามด้วยเครื่องปรุงรสต้มยำ ปรุงรสด้วยน้ำตาลเล็กน้อย
 3: ใส่เม็ดพริกไทย ใบโหระพา ปรุงรสด้วยซีอิ๊วดำ น้ำมันหอย พร้อมเสิร์ฟ"
ผัดพริกแกงหมูสับถั่วฝักยาว,"1: 1. ตั้งกระทะให้ร้อน ใส่น้ำมันลงไป ตามด้วยน้ำพริกแกงเผ็ด ใช้ไฟค่อนข้างอ่อนผัดให้น้ำพริกแกงเผ็ดเข้ากับน้ำมันดี มีกลิ่นหอม
 2: 2. เร่งไฟแรงขึ้น ใส่หมูสับลงผัดให้เข้ากัน

 3: 3. ปรุงรสด้วยน้ำตาลทราย น้ำปลา ชิมรสดูให้ได้รสหวานๆ เผ็ดๆ เค็มนิดเดียว
 4: 4. ใส่ถั่วฝักยาวลงผัดให้เข้ากันจนถั่วฝักยาวสุกดี"
"“น้ำพริกเผาผัดหมูสับ""","1: นำพริกแห้ง หอมแดง กระเทียมมาคั่วด้เวยไฟอ่อนให้หอม และตำให้ละเอียด
 2: ตั้งกระทะ ใส่น้ำมัน ใส่หมูสับ ผัดให้สุก
 3: ใส่พริกแห้ง หอมแดง กระเทียม ที่ตำไว และ ค่อยๆเติมน้ำสะอาดลงไป
 4: ปรุงรสด้วย น้ำตาลปี๊บ น้ำปลา และ มะขามเปียก ชิมรสตามชอบ เสิร์ฟพร้อมไข่ต้ม และ ผักสด"
ผัดพริกหยวกหมู,"1: เตรียมส่วนผสมให้พร้อมเพื่อง่ายต่อการปรุง
 2: ผัดหมูให้สุก เติมเกลือป้องกันน้ำมันหมูกระเด็น
 3: ใส่พริกหยวก หอมใหญ่ ปรุงตามใจชอบด้วยน้ำมันหอย น้ำตาล ซีอิ้ว ผัดให้เข้ากันแล้วตักเสิร์ฟ"
สะตอผัดกะปิหมูสามชั้น,"1: แกะเม็ดสะตอ ออกจากฝักและหั่นครึ่งเม็ด
 2: กระทะใช้ไฟกลาง ใส่น้ำมันพืชลงไป
 3: น้ำมันร้อนใส่พริกแกงลงไปผัดจนหอม
จากนั้นใส่กระปิ น้ำตาลปี๊ป ที่ผสมไว้
 4: จากนั้นจึงใส่หมูสามชั้นลงไปผัด

 5: ผัดจนหมูสามชั้นสุก
 6: ใส่สะตอ ใบมะกูดซอย ลงไป ผัดให้เข้ากัน
ปรุงรสตามชอบ
 7: โรยหน้าด้วยใบมะกูดซอย พริกชี้ฟ้าซอย เพียงเท่านี้ก็เรียบร้อยแล้วค่ะ"
น้ำจิ้มขนมจีบ,"1: ปั่นพริกขี้หนูให้ละเอียด
 2: ผสมน้ำตาลทราย น้ำส้มสายชู ซีอิ๊วขาว ซีอิ๊วดำ ให้เข้ากัน
นำไปตั้งไฟอ่อนรอจนเดือด
 3: ตามด้วยพริกที่ปั่นไว้ คนให้เช้ากัน
 4: เสร็จแล้วค่ะ"
แกงไก่ ใส่ฟักเขียว,"1: มาเตรียมวัตถุดิบกันค่ะ
 2: 1. เริ่มจากใส่หัวกะทิลงกระทะ/ หม้อ และรอจนกะทิแตกมัน
2. หลังจากกะทิแตกมันแล้วให้ใส่พริกแกงลงไปผัดให้เข้ากัน3. ใส่เนื้อไก่ลงไปผัดจนไก่สุก
 3: 1. หลังจากที่ไก่สุกและเข้าเนื้อแล้ว
2. ให้เทหางกะทิลงไป3. และคนเล็กน้อย4. นำฟักเขียวที่ปลอกเปลือกและหั่นแล้ว เทลงไป
 4: 1. หลังจากนั้นปรุงรสด้วยรสดี และน้ำตาลทราย
2. และน้ำปลา ต้มต่อประมาณ 10-15 นาที3. ใส่ใบโหระพา และต้มต่อจนฟักนิ่ม
 5: เสร็จแล้วค่ะ แกงไก่ใส่ฟักเขียว :)"
มะม่วงแช่อิ่ม ไม่มีสี ไม่มีสาร,1: 1.ปอกเกลือกมะม่วงออกให้หมด ล้างด้วยน้ำสะอาด แล้วนำมาหั่นเป็นชิ้นๆ ให้พอดี ไม่หนาไป ไม่บางไป2.ต้มน้ำอุ่นๆ ละลายเกลือหมักดอง แล้วรอให้น้ำเกลือเย็น ต้องเย็นจัดเลยนะคะ ไม่มีเหลือความอุ่น3.นำมะม่วงที่หั่นแล้วมาใส่ในโหล หรือพาชนะที่มีฝาปิด นำน้ำเกลือเทลงให้ท่วมมะม่วง ปิดฝา ดอกน้ำเกลือไว้ประมาณ 1-2 ชั่วโมง หรือ ถ้ามะม่วงมีความเปรี้ยวมาก ให้ดอกไว้ 1 คืน4.นำมะม่วงที่ดองน้ำเกลือ ออกมาล้างด้วยน้ำสะอาด5.ละลายน้ำตาลทรายในน้ำอุ่นเล็กน้อย รอให้เย็น แล้วเทลงไป คนให้เข้ากัน เก็บใส่พาชนะที่สะอาดและมีฝาปิด แช่ตู้เย็นทิ้งไว้ 1 คืน เพื่อให้มะม่วงดูดน้ำตาล และมีความกรอบ หวานอมเปรี้ยวด้วยคะ
กุ้งแช่น้ำปลาน้ำจิ้มซีฟู๊ด,"1: นำกุ้งมาแช่กับ น้ำปลาและน้ำโซดา ก่อนนำไปแช่ช่องฟรีซเพื่อให้เย็นจัด
 2: นำเครื่องปรุงต่างๆ ได้แก่ พริกขี้หนู มะนาวน้ำปลาน้ำตาลทรายน้ำตาลปี๊บน้ำสะอาด กระเทียมใบสะระแหน่ใบโหระพาและผักชีมาปั่นรวมกันจนละเอียด
 3: จัดจานโดยนำกุ้งที่เตรียมไว้มาเรียง ตามด้วยมะระใบสะระแหน่กระเทียมสด และราดด้วยน้ำจิ้มซีฟู๊ด พร้อมเสิร์ฟ"
พะแนงไก่,"1: เตรียมส่วนผสมทั้งหมดให้พร้อม
 2: ตั้งกระทะเปิดไฟกลางค่อนไปทางอ่อน แบ่งกะทิใส่ลงไปเล็กน้อยแล้วใส่พริกแกงพะแนงลงไป
 3: ผัดไปเรื่อยๆ ค่อยๆเติมกะทิ ลงไปทีละน้อยๆ เพื่อดึงความมันของกระทิออกมา ผัดจนแตกมันส่งกลิ่นหอม สีสวย
 4: ใส่อกไก่ลงไป เติมน้ำตาล และตามด้วยน้ำปลา ผัดคลุกเคล้าจนเนื้อไก่สุกดี
 5: เบาไฟ เคี่ยวต่อไปอีกเล็กน้อย
 6: ตักใส่ชาม โรยด้วยพริกแดงและใบมะกรูด พร้อมเสิร์ฟ"
ไข่พะโล้,"1: ใส่ซีอิ้วดำคลุกไข่ต้มครับ ย้อมสีซะหน่อย ^^
 2: ผงพะโล้สำเร็จ ผัดกับรากผักชี รากผักชีทุบก่อนนะครับ

 3: หั่นหมูเตรียมไปผัดกับผงพะโล้แลพรากผักชีครับ
 4: ตั้งหม้อต้มใส่น้ำมัน นำรากผักชีและหมูไปผัดพอตึงๆแล้วใส่ผงพะโล้ลงไปเลยครับ
 5: หน้าตาจะเป็นแบบนี้ครับ
 6: ค่อยๆใส่ไข่ต้มที่เราคลุกซีอิ้วดำหวานครับ
 7: ใส่น้ำแล้วแรงไปแรง 5 นาที พอเดือดแล้วค่อยลดไฟอ่อนครับ ตุ๋นไป 1-2 ชั่วโมงเอาตามชอบเลยนะครับ
 8: พอหมูเปื่อยได้ที่แล้วตักเสริ์ฟครับ"
ต้มแซ่บเนื้อ,"1: เตรียมส่วนผสมและเครื่องปรุง หั่นเนื้อวัวเป็นชิ้น หั่นตะไคร้ และซอยผัก และนำพริกแห้งคั่วไปโขลกให้พอละเอียดหยาบๆ
 2: ต้มน้ำใส่ตะไคร้ หอมแดง ข่า รากผักชี และเกลือลงไป รอให้เดือด ใส่เนื้อวัวลงไปต้มพอน้ำเดือดจะมีฟองและไขมันจากเนื้อ ให้ช้อนฟองออกทิ้ง ตุ๋นด้วยไฟอ่อนประมาณ 2ชั่วโมง ระหว่างตุ๋นคอยเติมน้ำเรื่อยๆจะได้ไม่แห้ง
 3: ตุ๋นไปสักประมาณ1ชั่วโมง ใส่ใบมะกรูดลงไปแล้วตุ๋นต่อจนเนื้อเปื่อย
 4: พอตุ๋นได้ที่แล้ว ปรุงด้วยน้ำตาล น้ำปลา พริกแห้งคั่ว พริกขี้หนู น้ำมะขามเปียก ชิมรสชาตสามารถเพิ่มเติมเครื่องปรุงได้ ปิดเตา
 5: ใส่ต้นหอมซอย ผักชีฝรั่งซอย และเติมน้ำมะนาวลงไป
 6: ตักเสริฟได้เลยคะ"
ต้มยำขาหมู,"1: ล้างขาหมูให้สะอาด พักไว้ นำน้ำใส่หม้อต้มให้เดือดใส่เกลือป่นลงไป...นำขาหมูที่พักไว้ ลงไปลวกในน้ำร้อนให้พอสุก แล้วตักขึ้น เอาน้ำทิ้ง (ทำแบบนี้เพื่อดับคาวค่ะ)
 2: เอาน้ำใส่หม้อตั้งไฟอีกที ...ใส่ตะไคร้หั่นแฉลบ..ข่าหั่นแว่น และใบมะกรูดฉีก ลงไปต้ม...พอน้ำเดือด..ใส่ขาหมูตามลงไป
 3: พอน้ำเดือดอีกที หมั่นช้อนฟองทิ้งให้จนหมด...น้ำซุปจะได้ใส แล้วไม่มีกลิ่นคาว
 4: เคี่ยวต่อด้วยไฟอ่อนๆ ไปประมาณครึ่งชั่วโมง หรือจนกระทั่งขาหมูนิ่ม...ปรุงรสด้วยน้ำปลา ผงปรุงรสคนอร์ และเกลือป่น
 5: ขาหมูเปื่อยดีแล้ว ก็ปิดไฟ
 6: เวลาจะกินก็ ตักต้มยำขาหมูใส่ชาม ปรุงรสด้วยน้ำมะนาว..พริกขี้หนูแห้งทอดฉีก ๆ ลงไป ...ใครจะใส่น้ำพริกเผาด้วยก็ได้...โรยหน้า ด้วยผักชีใบเลื่อยและผักชี...แค่นี้ก็เป็นอันเสร็จ....กินร้อนๆ ซดคล่องคอมากค่ะ"
แกงคั่วหอยขมใบชะพลู,"1: แบ่งกะทิเป็น 3 ส่วน นำส่วนแรกผักกับพริกแกง
 2: พอกะทิเริ่มงวด ค่อยๆเติมกะทิลงไปอีก 2 ครั้งจนหมด
 3: เติมน้ำสะอาด
 4: รอจนเดือด ปรุงรสด้วยน้ำตาลมะพร้าว และน้ำปลาตามชอบ
 5: ใส่หอยขม
 6: รอจนเดือด ใส่ใบชะพลูและชะอมลงไป
 7: รอจนผักสุก ตักใส่ชามพร้อมเสิร์ฟ ทานกับข้าวสวยร้อนๆ"
พริกแกงเผ็ด แบบพริกสด,"1: เก็บพริก ขุดข่า ตะไคร้ กระชาย และ ผลมะกรูดในสวนมาเลยค่ะ ( ใครไม่ได้ปลูก ก็ชอปปิ้งตลาดมาได้นะคะ อร่อยกว่าแบบ สำเร็จ เพราะเราไม่ใส่สารกันบูด
 2: หั่น ซอย ส่วนผสมทุกย่าง ให้เป็นชิ้นเล็กๆ
เติมเกลือและกะปิลงไป
 3: ถ้าใครมีความสามารถ ในการโขลก หรือตำพริกแกง ด้วยมือ ขั้นตอนนี้ก็ลุยไปเลยนะคะ โยเย ยอมแพ้ค่ะ ขอโยนใส่เครื่องปั่น โถบดแห้งด้วยความเร็วแทนสาก 600 ตะบัน ต่อนาทีแทนนะคะ ตำไม่ไหวค่ะ ครกสากที่บ้านใหญ่กว่า ลูกเวทในยิมอีก
 4: พอพริกแกงเราละเอียดดีแล้วก็เตรียมกระปุกแก้ว ไว้ใส่ค่ะ
 5: นึ่งกระปุกแก้วด้วยความร้อนสูงๆ สัก10นาทีค่ะ หรอถ้า ใครชอบความเร็ว ก็ เอาน้ำสะอาดใส่ในกระปุก เข้าไมโครเวฟ ไฟแรงสุด 3 นาที จนน้ำเดือดจัดๆนะคะ ฆ่าเชื้อโรค กัน
 6: เทน้ำออกจากกระปุก คว่ำกระปุกจนแห้ง ค่อยบรรจุพริกแกงลงไปค่ะ เท่านี้เราก็จะได้พริกแกงสด ไว้ปรุงอาหารต่างๆแล้วค่ะ"
ผัดหอยลายใบโหระพา,"1: 1. ล้างหอยลายให้สะอาด
 2: 2. ทุบพริก กระเทียม ตั้งน้ำมันให้ร้อนผัดพริกกระเทียมให้หอม ใส่หอยลาย ผัดให้พอสุก ปรุงด้วยหอยนางรม เต้าเจี้ยว น้ำปลา
 3: 3. ใส่ใบโหะพาที่เด็ดแล้วเหลือแต่ใบ ปิดไฟ คลุกนิดหน่อย จัดเสริ์ฟ"
ขนมกล้วย/ขนมฟักทอง,"1: 1.ผสมแป้งข้าวจ้าวกับแป้งมันเข้าด้วยกัน เสร็จแบ่งใส่ชาม2ส่วนเท่าๆกัน
 2: 2.บดกล้วย บดฟักทองนึ่ง เตรียมเอาไว้ (ไม่ต้องเละมากนะเอาพอหยาบๆ)
 3: ใส่น้ำตาล กล้วยบด ฟักทองบด เกลือคลุกให้เข้ากัน จากนั้นค่อยเทหัวกะทิ ลงไป นวดไป และใส่มะพร้าวขูดลงไป นวดผสมให้เข้ากันเป็นเนื้อเดียวกัน
 4: พักแป้งไว้สัก10นาที เสร็จก็ตักใส่กระทงใบตองหรือถ้วยตะไล แล้วก็แต่งหน้าด้วย กล้วยชิ้น ฟังทองชิ้น มะพร้าวขูดชิ้น
 5: ก่อนนำขึ้นต้มน้ำให้เดือนก่อนนะค่ะ ค่อยยกขนมขึ้นนึ่ง ใช้เวลาในการนึ่ง15-20นาที"
ข้าวโพดทอด,"1: ฝานข้าวโพดเอาแต่เมล็ดเตรียมไว้

 2: ผสมแป้งข้าวเจ้า แป้งทอดกรอบ ใส่เกลือประมาณหนึ่งหยิบมือ และ พริกไทยป่น ใส่น้ำเย็นจัดลงไปละลายแป้งให้เข้ากัน
 3: ใส่ข้าวโพดลงไป คลุกเคล้าให้เข้ากันทั่ว ๆ
 4: ตั้งกระทะใช้ไฟกลาง ใส่น้ำมันพืช รอน้ำมันร้อน ใช้ช้อนตักข้าวโพดที่ผสมแป้งแล้วลงไปทอด จนสุกเหลืองทองทั้งสองด้านตักขึ้นเสริฟได้เลยค่ะ"
แกงสับปะรดใส่หอยแมลงภู่,"1: เตรียมวัตถุดิบกันค่ะ
- ตัวพริกแกงแดง : ครั้งนี้เดียร์ซื้อแบบสำเร็จรูปมาจากตลาดค่ะ ไม่ได้ตำเอง- หอยแมลงภู่ : ซื้อแบบแกะสำเร็จมาแล้วที่ตลาดเช่นกันค่ะ (1/2โล 55บาท เองค่ะ)
 2: เตรียมตัวหอยแมลงภู่กันค่ะ
ใครซื้อแบบแกะมาแล้วจากตลาด แนะนำให้ต้มน้ำเดือดเพื่อล้างเศษก่อนนะคะ ไม่งั้นอาจมีเศษหรือกลิ่นคาวได้
 3: กรองน้ำร้อนออกจากหอยแมลงภู่ และล้างน้ำสะอาดซัก 1-2 ที ค่ะ
 4: เตรียมสับปะรด กันต่อค่า
เดียร์จะใช้วิธีการสับๆ เหมือนสับมะละกอเวลาทำส้มตำอะค่ะ
 5: มาเริ่มทำตัวแกงกันเลยค่า
นำหัวกะทิ เทลงกะทะ ( ไม่ต้องเทหมดนะคะเหลือไว้นิดนึงเพื่อมาเทตอนหลังอีกทีค่ะ ) รอจนกะทิเดือดและแตกมัน ค่อยใส่พริกแกงแดงลงไปผัด
 6: คนจนพริกแกงและหัวกะทิละลายรวมกัน จะได้กลิ่นหอมลอยขึ้นมาเลยค่ะ
 7: หลังจากนั้นใส่หอยแลงภู่ต้มลงได้เลยค่ะ
 8: ตามด้วยใบมะกรูด
 9: ใส่หางกะทิ ได้เลยค่ะ
 10: ใส่สับปะรดสับลงต่อเลยค่ะ
 11: หลังจากนั้นก็ปรุงด้วย น้ำปลา , รสดี, น้ำตาลปี๊บ ตามที่ตัวเองชอบได้เลยค่ะ
 12: ใส่หัวกะทิที่เหลือไว้เทลงแกง และต้มต่ออีก 5 นาที เป็นอันเสร็จค่าาา"
ต้มแซ่บเนื้อตุ๋น,"1: ตั้งน้ำให้เดือดจากนั้นใส่หอมแดง, ตะไคร้, ใบมะกรูด, รากผักชีที่บุบแล้ว 
 2: นำเศษเนื้อไปล้างน้ำให้สะอาดแล้วใส่ลงไปในหม้อทั้งชิ้นไม่ต้องหั่น ใส่ซอสถั่วเหลือง ต้มพอเนื้อสุกซักพัก
 3: ตักเครื่องต้มยำออก ทิ้งไว้ให้เย็นจากนั้นนำไปแช่ช่องแข็ง (ขั้นตอนนี้จะทำให้เนื้อเปื่อยเร็วขึ้น)
 4: ก่อนที่ส่วนผสมในข้อ 2 จะเริ่มเป็นน้ำแข็งให้นำออกมาช้อนไขมันที่ลอยอยู่ออกแล้วแช่เย็นจนเป็นน้ำแข็ง
 5: หลังจากเนื้อเกาะกับน้ำซุปเป็นน้ำแข็งแล้วให้นำขึ้นตั้งไฟพอน้ำซุปละลายใส่เครื่องต้มยำลงไปตามด้วยมะเขือเทศต้มต่อให้เดือด
 6: คีบเนื้อขึ้นมาหั่นเป็นชิ้นตามชอบนำใส่ถ้วยจากนั้นราดน้ำซุปลงไป
 7: ปรุงรสตามชอบด้วยน้ำปลา มะนาว พริกขี้หนู และพริกแห้งคั่ว
 8: โรยหน้าด้วยผักชีใปเลื่อย ผักชี ทานได้ทันที"
กระเพราปลาหมึก,"1: นำปลาหมึก มาล้างน้ำให้สะอาด แล้วหั่นเป็นชิ้นๆพร้อมทั้งบั้งปลาหมึกเป็นตาราง ขนาดพอดีคำ
 2: เด็ดใบกะเพราล้างน้ำให้สะอาด สะเด็ดน้ำออก เตรียมไว้
 3: นำพริกขี้หนูกับกระเทียม มาตำพอหยาบๆ เตรียมไว้
 4: ตั้งกระทะให้ร้อน (ใช้ไฟกลาง) ใส่น้ำมันสำหรับลงไป พอน้ำมันร้อนใส่พริกขี้หนูกับกระเทียมตำพอหยาบๆ ลงไป ผัดให้หอม จากนั้นจึงใส่ปลาหมึกหั่นลงไป ผัดคนๆ คลุกเคล้าให้เข้ากัน ผัดให้ปลาหมึกสุก ใส่เครื่องปรุงรสลงไป ซีอิ้วขาว ซีอิ้วดำ น้ำมันหอย น้ำตาลทราย น้ำเปล่าลงไป ผัดคนคลุกเคล้าให้เข้ากัน
 5: ใส่ใบกะเพราลงไปผัดเร็วๆ คลุกเคล้าให้เข้ากันดี ปิดไฟ พร้อมเสิร์ฟ"
"หน่อไม้ดอง ( หน่อไม้ส้ม,หน่อไม้เปรี้ยว )","1: นำหน่อไม้เแกะเปลือกออก ตัดส่วนที่แก่ทิ้งไป ให้เหลือแต่อ่อนๆ แล้วเตรียมภาชนะใส่น้ำสะอาดไว้ให้พร้อม
 2: สไลด์หน่อไม้เป็นแผ่น ( หรือจะสับก็ได้ ) ใส่ลงไปในน้ำที่เตรียมไว้ จนหมด แล้วนำจานมาวางทับให้หน่อไม้จมน้ำ แทิ้งไว้ 1 คืน ( หรือจะแช่ไว้ประมาณ 3 - 4 ชม. ก็ใช้ได้เหมือนกัน )
 3: ครบเวลา นำหน่อไม้ล้างน้ำ 2 - 3 ครั้ง จนน้ำที่ล้างใส แล้วช้อนขึ้นใส่ภาชนะ พร้อมกับเตรียมเกลือป่นไว้
 4: นำหน่อไม้ใส่ลงภาชนะที่สะดวกในการคลุกเคล้า แล้วโรยเกลือลงไป คลุกเคล้าให้ทั่ว ทิ้งไว้สักครู่หน่อไม้จะคายน้ำและอ่อนตัวลง พร้อมที่จะบรรจุใส่โหล
 5: บรรจุใส่โหล โดยที่ต้องมีอะไรหนักๆทับเอาไว้ ให้หน่อไม้จมอยู่ในน้ำ ( เราเองใช้ถุงพลาสติกใส่น้ำและเกลือกะว่าให้เค็มๆหน่อย ) เสร็จแล้วปิดขวดโหลให้มิดชิด
 6: ทิ้งไว้ประมาณ 5 - 7 วัน ก็จะได้หน่อไม้ ขาวๆ เปรี้ยว หอม พร้อมนำมาปรุงเมนูต่างๆ ตามต้องการ"
ผัดเผ็ดไก่หน่อไม้ดอง,"1: 1. เนื้ออกไก่ ใช่แค่ครึ่งเดียว เลาะหนังออก ขยำเกลือ 1-2 ช้อนโต๊ะ ล้างน้ำเปล่า 2-3 ครั้งจนสะอาดดี
 2: หน่อไม้ดอง ซาวน้ำล้างให้สะอาด 2-3 ครั้ง และต้มให้เดือดนานประมาณ 5 นาที
 3: 1. เด็ดขั้วพริกออก และล้างให้สะอาด พักไว้ให้สะเด็ดน้ำ
2. ตำพริกให้แหลกแค่ประมาณ 50%
 4: โขลกพริกแหลกได้ประมาณ 50% แล้ว จึงใส่กระเทียมแกะเปลือกแล้วลงไป โขลกต่อจนพริกและกระเทียมแหลกเข้ากับพริก
 5: เจียวหนังไก่ที่เลาะไว้ ใส่เกลือลงไปเล็กน้อย เจียวจนมีน้ำมันไก่ออกมา และหนังไก่เหลืองกรอบ หมดน้ำมัน
 6: เมื่อได้น้ำมันมากพอแล้ว ตักหนังไก่ออก ใส่พริกแกงที่โขลกไว้ลงผัดจนมีกลิ่นหอม
 7: ใส่เนื้ออกไก่หั่นลงไป ผัดไก่กับพริกแกงให้เข้ากัน จนเนื้อไก่สุก 50% ให้เติมน้ำปลาลงไป พรมให้ทั่วเนื้อไก่ (ระวังเค็ม)
 8: หลังจากผัดไปสักพักจนไก่สุก ชิมดู ถ้าไม่เค็มปรุงรสด้วยน้ำปลาเพิ่ม
 9: เติมหน่อไม้ดองลงไป และผัดให้เข้ากัน
 10: ปรุงรสด้วยน้ำตาล
 11: ปรุงรสด้วยน้ำมันหอย
 12: เมื่อปรุงรสได้ตามต้องการและหน่อไม้ดองกับเนื้อไก่เข้ากันได้ดีแล้ว ใส่ใบโหระพาปิดท้าย ปิดไฟ และผัดต่อสักครู่ จนใบโหระพาสลดเท่านี้ก็พร้อมรับประทานละครับ"
ซอสก๋วยเตี๋ยวแห้ง 🥢,"1: นำน้ำเปล่าปริมาณเล็กน้อยใส่ในกระทะ ตามด้วยน้ำตาลทราย น้ำส้มสายชู ซอสฝาเขียว ซีอิ๊วดำเล็กน้อย พริกป่น และพริกไทยป่น ตั้งไฟกลางรอเดือด ชิมรสตามชอบ ปิดไฟ
 2: นำเส้นก๋วยเตี๋ยวตามชอบลวกให้สุก
 3: นำไปคลุกซอสให้ทั่ว
 4: ซอยขึ้นฉ่ายเตรียมไว้
 5: โรยและคลุกเคล้าให้ทั่ว
 6: เราใช้ซุปจากเนื้อเป็ดนะคะ ใครชอบซุผแบบไหนตามชอบเลยค่ะ
 7: พร้อมทาน 🥢"
ไข่เจียวไร้นำ้มัน ฟู อร่อย ด้วย Air Fryer,"1: ตอกไข่ใส่ภาชนะ ปรุงรสด้วยซอสฝาเขียวแล้วใส่ หมูยอตามด้วยหอมใหญ่ คนให้เข้ากัน
 2: เอาเข้าหม้อทอดไรน้ำมันตั้งอุณหภูมิ 180-200 องศาใช้เวลา 10-15 นาที
 3: โรยตกแต่งด้วยผักชีเล็กน้อยให้สวยงามพร้อมเสิร์ฟทานได้ทันที"
ขนมช่อม่วง ไส้หมู,"1: ผัด 3 เกลอให้หอม ตามด้วยหมูสับผัดให้พอสุก ตามด้วยหอมใหญ่ซอย
 2: ตามด้วยไชโป๊หวาน
 3: ตามด้วยน้ำตาลปี๊บ และน้ำตาล ผัดไฟอ่อน จนแห้งดี
 4: พอแห้งดีแล้วเติมถั่วลิสงตำหยาบ
 5: ตามด้วยหอมเจียวสับ
 6: ต้มดอกอัญชัญ กรอกน้ำสีน้ำเงิน
 7: บีบมะนาวให้กลายเป็นสีม่วง
 8: เติมลงในส่วนผสมของแป้งที่ผสมไว้ (แป้งข้าวเจ้า แป้งท้าวยายม่อม แป้งมัน แป้งข้าวเหนียว เกลือ น้ำมันพืช น้ำตาลทราย น้ำเปล่า กะทิ ผสมเทลงเตา ผัดให้แป้งสุก
 9: เสร็จแล้วนำมานวดต่อให้แป้งเข้าที่
 10: นำแป้งแบ่งมา 15 กรัม ห่อไส้หมูให้มิดแป้ง แล้วเริ่มจับจีบรอบช่อ
 11: เตรียมนึ่ง
 12: ถ้าหม่ผสมสี ก็จะเป็นช่อมะลิ ก่อนนึ่งให้ฉีดพรมน้ำด้วยฟ็อกกี้ รอบตัวขนม นึ่ง 3-5 นาที แล้วพรมน้ำด้วยฟ็อกกี้อีกทีนึง ตามด้วยน้ำมันกระเทียม
 13: โรยหน้าด้วยกระเทียมเจียว
 14: พร้อมเสิร์ฟ"
แกงเขียวหวานหมู (มือใหม่หัดแกง),"1: นำพริกแกงผัดกับน้ำมัน จนน้ำมันเริ่มมีสีของพริกแกง และมีกลิ่นหอม
 2: ใส่หัวกะทิเล็กน้อย ผัดไปเรื่อยๆ พอเริ่มแห้ง เติมหัวกะทิเล็กน้อย ผัดแบบนี้ประมาณ 3 รอบ
 3: ผัดเรื่อยๆ จนกะทิเริ่มแตกมัน
 4: ใส่เนื้อหมู ค่อยๆผัดจนเริ่มสุก หลังจากนั้นใส่หัวกะทิที่เหลือ แล้วใส่ใบมะกรูดคนให้เข้ากันเล็กน้อย ตั้งไฟ เบา-กลาง รอเดือด
 5: ใส่น้ำเปล่าเล็กน้อย ปรุงน้ำปลา น้ำตาลมะพร้าว รสชาติตามชอบ
 6: ใส่มะเขือเปราะ มะเขือพวง พริกชี้ฟ้า รอเดือด ปิดเตา และใส่ใบโหระพา
 7: จัดจานพร้อมเสิร์ฟค่ะ"
แกงจืดตำลึงเต้าหู้หมูสับ,"1: 1. เด็ดใบตำลึง ล้างน้ำให้สะอาด นำขึ้นมาสะเด็ดน้ำ นำเต้าหู้ไข่ 2 หลอดมาหั่นแว่นเตรียมไว้
 2: 2. นำเอาหมูสับมาปรุงรสด้วยซอสปรุงรสและพริกไทย นวดคลุกให้เข้ากันดีแล้วนำมาปั้นเป็นก้อนๆพอดีคำ
 3: 3. ตั้งน้ำ 1 หม้อใช้ไฟแรง ใส่คนอร์ซุปก้อนรสหมู พอน้ำเริ่มเดือดตักหมูที่ปั้นก้อนไว้ลงไป
 4: 4. พอหมูเริ่มสุก ปรุงรสเพิ่มด้วยซีอิ๊วขาวและน้ำปลา ใส่ตามด้วยเต้าหู้ไข่ คนเบาๆให้เข้ากัน ระวังเต้าหู้แตก
 5: 5. ในจังหวะน้ำเดือดๆ ใส่ใบตำลึงลงไป คนเบาๆจนใบตำสลดก็ปิดเตาตักเสิร์ฟได้
 6: เอ้า! กิน! (ทุบโต๊ะ!)"
ต้มยำปลาช่อน,"1: ใส่น้ำสะอาดลงไปในหม้อ ประมาณค่อนหม้อ ใส่เครื่องปรุงต้มยำลงไป (ข่า ตะไคร้ ใบมะกรูด) รอจนน้ำเดือด
 2: ใส่เนื้อปลาช่อนลงไป รอให้น้ำเดือดจนปลาสุก ปรงรสด้วยเกลือ
 3: เบาไฟให้อ่อน พริกขี้หนูสวน บุบพอแตก ใส่ลงไป
 4: ใส่พริกแห้งบุบพอแตกลงไป
 5: ปิดท้ายด้วยใบกระเพรา ปิดไฟแล้วยกลง วิธีเสิร์ฟ ให้ตักต้มยำขึ้นมาใส่ถ้วย แล้วบีบมะนาว ชิมรสให้ได้ตามใจชอบ"
ตำถั่วอร่อยสุดในสามโลก,"1: ตำพริก กระเทียม น้ำตาล ผงชูรส เข้าด้วยกัน
 2: ใส่ถั่วลงไป ตำกับเครื่องเมื่อกี้ให้แหลก
 3: ตำทุกอย่างเข้าด้วยกันแล้ว ใส่ส่วนผสมที่เหลือทั้งหมด และตำให้เข้ากันอีก
 4: หลังจากนั้นชิมรสชาติ ถูกใจก็เอาใสจานได้เลย หรือถ้ายังไม่นัวก็ปรุงเพิ่มตามใจชอบ"
กุ้งแช่น้ำปลากวน,"1: ล้างทำความสะอาด
ตัดหัวกุ้งพร้อมปอกเปลือกให้เรียบร้อย
 2: ผ่าหลังดึงเส้นสีดำออก จากนั้นแผ่กุ้งออก
 3: เสร็จแล้วนำกุ้งที่ผ่าเรียบร้อย ไปแช่ด้วยน้ำโซดาประมาณ 2 นาที
 4: นำกุ้งที่แช่โซดามาล้างน้ำ

 5: น้ำปลากวน
นำน้ำเปล่าเทลงในหม้อ ตามด้วยน้ำปลาและน้ำตาลจากนั้นนำหม้อขึ้นตั้งไฟให้น้ำตาลละลายจากนั้นพักให้เย็น /นำกุ้งลงไปแช่ในน้ำปลากวนจากนั้นนำไปแช่ตู้เย็น 30- 45 นาที
 6: จัดวางกุ้งลงในจาน (หอมน้ำปลามากๆจ้า)
 7: ทานคู่กับน้ำจิ้มแซ่บๆ
เพียงเท่านี้เราก็จะได้เมนูกุ้งแช่น้ำปลากวนกันแล้วค่ะ"
แกงป่า,"1: นำผักทั้งหมดไปล้างแล้วนำมาซอย
 2: นำพริกแกงไปผัดให้มีกลิ่นหอม จากนั้นใส่เนื้อไก่ที่เตรียมไว้ลงไปผัด จนเนื้อไก่เริ่มสุกและมีกลิ่นหอม
 3: ตามด้วย มะเขือเปาะ ถั่วฝักยาว พริกไทย ผงปรุงรส น้ำตาลเล็กน้อย ผัดต่อซักครู่ จากนั้นเติมน้ำแล้วปิดหม้อ
 4: หลังจากนั้นปิดเตาแล้วใส่ใบกะเพราและพริกแดงลงไป
 5: ขั้นตอนสุดท้ายตักเสิร์ฟได้ หน้าตาหน้าทานรสชาติก็อร่อยมากค่ะ"
ต้มข่าไก่ใส่หัวปลี,"1: แกะหัวปลีจนเหลือสีขาวๆ บีบมะนาวหรือส้มเเช่ไปด้วยไม่ให้หัวปลีดำ แช่สักพักแล้วนำไปต้มในน้ำเดือด 10 นาที พักไว้ให้เย็น เเล้วนำมาหั่นตามยาว
 2: ลอกหนังไก่ออกจากออกไก่ หั่นอกไก่เป็นชิ้นพอดีคำ
 3: ต้มน้ำซุปโดยใช้หนังไก่ที่ลอกออกมาจากอกไก่ คอยตักฟองออก
 4: ใส่กะทิลงไปครึ่งหนึ่ง ตามด้วยข่า ตะไคร้ ใบมะกรูด เกลือป่นเล็กน้อย
 5: ตั้งให้กะทิเดือด ใส่เนื้อไก่ น่องไก่ลงไป ตามด้วยหัวปลี เห็ดฟางผ่าซีก ผักชีฝรั่ง แล้วเติมกะทิอีกครึ่งหนึ่ง ปรุงรสด้วยน้ำปลา น้ำตาลทราย พริกขี้หนู มะนาว
 6: หากเข้มข้นเกินไปให้ใส่น้ำเปล่าเจือปน คนให้เข้ากัน ใส่ผักชีซอย ปิดไฟยกเสิร์ฟ"
ต้มหน่อไม้หวานซี่โครงหมู,"1: 1. ตั้งน้ำเดือด ต้มหน่อไม้กับเกลือเล็กน้อยประมาณ 20 นาทีแล้วเทน้ำทิ้ง
 2: 2. ตั้งน้ำใหม่ ใส่รากผักชีบุบ กระเทียมบุบ พริกไทยและซุปหมูก้อนคนอร์ พอเดือดใส่ซี่โครงหมู ตุ๋นประมาณ 20 นาที หมั่นช้อนฟองออก
 3: 3. ใส่หน่อไม้ที่ต้มแล้วและกุ้งแห้ง ปรุงรสด้วยซีอิ๊วขาว เกลือ น้ำตาล
 4: 4. สุกดีแล้วจัดเสิร์ฟโรยต้นหอมผักชีซอย หรือถ้าอยากได้รสชาติแปลกใหม่อาจใส่น้ำพริกเผาด้วยก็ได้"
แกงส้มปลากระพงผักรวม (แกงส้มปักษ์ใต้),"1: ตั้งน้ำให้เดือด ใส่ส้มแขก พริกแกงส้ม
คนพริกแกงให้ละลายเข้ากับน้ำ
 2: รอน้ำเดือด ปรุงรสด้วย น้ำปลา น้ำตาล ชิมรสตามชอบ รอให้เดือดอีกรอบใส่ปลากระพงลงไป
 3: น้ำเดือดอีกรอบ ใส่ผักลงไป คนผักอยู่ข้างล่าง ปลาอยู่ข้างบน
รอเดืิอด ปิดแก๊สยกลง
 4: จัดลงถ้วย พร้อมเสริฟ"
ไก่พะโล้,"1: วิธีทำ
1.นำกระเทียมตำละเอียดแล้วใสผงพะโล้ตำให้เข้ากัน2. ตั้งกะทะไฟปานกลางใส่น้ำมันเล็กน้อย นำกระเทียมที่ตำกับผงพะโล้ลงไปผัดพอหอมใส่เนื้อไก่ลงไปผัดให้พอสุด70%3.ตักไก่ที่ผัด ใส่ลงในหม้อต้มที่เตรียมน้ำไว้ พอประมาณ ต้มต่อไฟแรง จนเดือด ใส่เครื่องปรุง (ผงปรุงรส+น้ำปลา+น้ำตาลปีบ+ซีอิ๋วดำหวาน+ผงชูรส ใส่แล้วชิมรสเพิ่มเติมได้ตามความชอบ)+ใสรากผักชีทุบลงไปด้วย4.นำไข่ต้มที่ปลอกเปลือกเรียบร้อย ใส่ลงไปมนหม้อต้ม ต้มต่อไฟอ่อนดูจนเนื้อไก่นุ่ม ปิดไฟ ตักใส่ชามรับประทานกับข้าวสวยร้อนๆได้เลยค่ะ"
ข้าวผัดไข่,"1: จัดเตรียมส่วนผสมและเครื่องปรุง
 2: ตั้งกระทะใช่น้ำมันพืชรอให้น้ำมันร้อนตอกไข่ลงไปยีไข่รอให้ไข่เซ็ตตัว
 3: ใส่ข้าวสวยลงไปผัดคลุกเคล้า แล้วแครอทสับลงไป
 4: ปรุงรสด้วยซอสปรุงรส น้ำตาลทราย เกลือ ผัดคลุกเคล้าให้เข้ากัน
 5: จากนั้นใส่เนยลงไปผัดคลุกเคล้า
 6: แล้วใส่ต้นหอมซอยลงไปผัดต่อสักครู่ ปิดเตาจัดใส่จานพร้อมเสริฟค่ะ"
ปลาดุกทอดกรอบผัดพริกแกง,"1: มาเตรียมวัตถุดิบกันค่ะ
 2: ขั้นตอนแรก ทอดปลาดุกหั่นชิ้นกับน้ำมันให้กรอบค่ะ
* ก่อนนำไปทอดสะเด็ดน้ำจากปลาดุกหน่อยนะคะ ไม่งั้นตอนทอดน้ำมันจะกระเด็นหนักมาก
 3: หลังจากทอดปลาดุกให้กรอบแล้ว เรามาผัดตัวพริกแกงกันค่ะ
1. ใส่น้ำมัน ,พริกแกงลงไป และผัดให้เป็นเนื้อเดียวกัน2. ใส่น้ำตาลปี๊บ ลงไปผัด3. หากแห้งเกินไปให้ใส่น้ำสะอาดเล็กน้อยลงไปค่ะ เพื่อไม่ให้พริกแกงเราไหม้ด้วย4. ใส่กระชายตามใจชอบค่ะ
 4: ต่อมาใส่ปลาดุกทอดกรอบ , ใบมะกรูด, ใบกะเพรา, พริกชี้ฟ้า และปรุงรสด้วยซีอิ๋วขาวค่ะ
 5: เสร็จแล้วค่ะจัดเสริฟทานกับข้าวสวยร้อนๆ ฟินมาก"
ข้าวเกรียบปากหม้อ,"1: ผสมแป้งทุกอย่างเข้าด้วยกันนวดด้วยน้ำเปล่าจนเข้ากันดี จึงใส่น้ำเดือด 3 ถ้วย คนเร็วๆ อย่าให้แป้งสุก แบ่งใส่อ่างผสม และใส่สีผสมให้เข้ากัน
 2: เตรียมหม้อขึงผ้าให้ตึง กรีดผ้าให้มีช่องให้ไอน้ำขึ้นมาไว้สำหรับเติมน้ำ ตั้งไฟแรงให้น้ำเดือด ตักแป้งละเลงเป็นแผ่น ปิดฝาให้แป้งสุกใส
 3: ใส่ไส้ พับทับให้มีรอยเป็นก้นหอยตักขึ้น
 4: พรมน้ำมันกระเทียมเจียว
 5: จัดเสิร์ฟ"
ปลาทูต้มหวาน,"1: ควักไส้ สิ่งสกปรกในตัวปลาออก และล้างให้สะอาด
 2: ใส่น้ำลงในหม้อ ใส่ตะไคร้และหัวหอมแดงบุบลงไป ปรุงรสด้วยน้ำมะขามเปียก ( ใครมีส้มแขกก็ใช้ได้นะ ) ซีอิ้วดำหวาน ซีอิ้วขาว เกลือ ชิมรส ..ให้ได้หวานอมเปรี้ยว
 3: ใส่ปลาลงไปต้ม เคี่ยว จนสุก พร้อมทานแล้วครับ"
ปลาทูต้มหวาน,"1: ควักไส้ สิ่งสกปรกในตัวปลาออก และล้างให้สะอาด
 2: ใส่น้ำลงในหม้อ ใส่ตะไคร้และหัวหอมแดงบุบลงไป ปรุงรสด้วยน้ำมะขามเปียก ( ใครมีส้มแขกก็ใช้ได้นะ ) ซีอิ้วดำหวาน ซีอิ้วขาว เกลือ ชิมรส ..ให้ได้หวานอมเปรี้ยว
 3: ใส่ปลาลงไปต้ม เคี่ยว จนสุก พร้อมทานแล้วครับ"
แกงเผ็ดไก่มะเขือเปาะ,"1: หั่นเตรียมเครื่อง
 2: ใส่มัน3ยี่ห้อเลยเพื่อความเสมอภาค
 3: มะเขือเปาะ ผ่า4 แช่น้ำไว้ มะเขือพวงเด็ดแช่ปนไปกับมะเขือเปาะ
 4: พริกแกงเขียวหวาน15.-แกงแดง5.-
 5: ผัดพริกแกงกับน้ำมัน
 6: ผัดให้หอมไปสามบ้าน
 7: ใส่ไก่ลงไปผัดกับพริกแกง
 8: คลุกเคล้าให้เข้ากัน
 9: ใส่กะทิทั้งหมดลงไปเติมน้ำตามไปอีก1กล่องกะทิ
 10: รอเดือด
 11: ใส่น้ำตาลลงไปคนให้ละลายเข้ากันดี
 12: ใส่มะเขือทั้งหมดลงไป
 13: คนเเล้วค่อยๆเติมน้ำปลา ชิมรสระวังเค็ม
 14: เดือดแล้วไก่สุกแล้วใส่โหระพาลงไป
 15: คนโหระพาให้ยุบ พริกชี้ฟ้าโปรยลงไป
 16: แค่นี้ก้อเสร็จพร้อมเสริฟ
 17: น่าทานมั้ยล่ะ"
ไก่ผัดพริกแกง,"1: วิธีทำ
1. ตั้งกระทะ ใส่น้ำมันให้ร้อน นำเครื่องแกงสำเร็จรูปลงไปผัดให้หอม2. ใส่ไก่ตามลงไปผัดกับพริกแกงให้สุก3. ใส่มะเขือและถั่วฝักยาวลงไปผัดให้เข้ากัน คอยเติมน้ำเรื่อยๆ ให้ขลุกขลิก ใส่ผงซุปก้อนไก่ น้ำตาล แล้วผัดต่อจนสุกเข้ากัน4. ตักขึ้นเสิร์ฟ โดยแต่งจานด้วยใบมะกรูดและพริกสด"
ต้มยำกุ้งน้ำใส,"1: จัดเตรียมวัตถุดิบและเครื่องปรุง
 2: ตั้งน้ำในหม้อ รอให้เดือด
 3: ใส่ข่า, ตะไคร้, ใบมะกรูด, หอมแดง ลงไปในหม้อ
 4: ใส่คนอร์ขวดซอสข้นปรุงรส, มะนาว, น้ำปลา ลงไปในหม้อ
 5: ใส่เห็ดฟาง และพริกขี้หนู ลงไปในหม้อ
 6: ใส่กุ้ง ลงไปในหม้อ
 7: โรยหน้าด้วยต้นหอมและผักชี ตักใส่ถ้วย"
ก๋วยจั๊บน้ำข้น เครื่องล้นชาม,"1: เตรียมวัตถุดิบในส่วนของซุปกันค่ะ
1. เทน้ำสะอาด และต้มจนน้ำเดือด2. ใส่กระดูกหมู และหมูสามชั้นลงไปต้ม ประมาณ 30 นาที
 2: หลังจากต้มประมาณ 30 นาที
ก็เอาหมูสามชั้นขึ้นมา เพื่อนำมาเตรียมทอดค่ะ* ระหว่างที่เรามาทอดหมูสามชั้น เราก็ยังต้มน้ำซุปกับกระดูกหมูอยู่น้า
 3: หลังจากเราต้มหมูสามชั้นแล้ว เดียร์จะเอาส้อมไปจิ้มๆๆๆ บริเวณมันหมู และทาเกลือที่หมูสามชั้น ก่อนนำมาทอดค่ะ
 4: เตรียมวัตถุดิบ โป๊ยกัก พริกหอม และอบเชย ใส่ลงไปในซุปค่ะ
 5: ใส่ผงพะโล้สำเร็จรูป ใส่ในหม้อ
 6: ใส่พริกไทยขาว ประมาณ 1/2 ชต
 7: ปรุงรสและมาทำสีซุปกันต่อค่ะ
เดียร์จะใส่ ซีอิ๋วขาว , ซีอิ๋วดำหวาน , น้ำมันหอย และใส่ซีอิ๋วเค็ม ตามสัดส่วนที่เหมาะสมค่ะ
 8: เตรียม วัตถุดิบเครื่องในเมนูนี้กันค่ะ แต่จริงๆเดียร์ใส่หมูกรอบด้วยค่ะ
 9: ใส่ไส้หมูลงไปต้ม
 10: ใส่กระเทียมทุบ
 11: ใส่เลือดก้อนค่ะ
 12: น้ำตาลทราย ใส่ต่อได้เลยค่ะ
 13: อร่อยไม่อร่อยอยู่ตรงนี้เลย คนอร์ก้อน 5555 ใส่ไปได้เลยค่า
 14: ใส่ไข่ต้มค่ะ
 15: และก็ตุ๋นด้วยไฟกลางๆ ประมาณ 2 ชั่วโมงค่ะ
 16: เสร็จแล้วค่าา
จัดจาน และทานอย่างอร่อย และสบายใจที่เครื่องเย๊อะเยอะ"
แกงส้มใต้,"1: เตรียมเครื่อง:
• ล้าง/ปลอก/หั่นมะละกอเป็นชิ้นๆ• ล้างปลาด้วยน้ำผสมน้ำส้มสายชูเพื่อลดกลิ่นคาว หันปลาเป็นชิ้นๆ• มะขามเปียก คั้นน้ำ
 2: • ต้มน้ำให้เดือด เอาปลาที่หั่นเตรียมไว้ลงไปต้มให้สุกแล้วเอาขึ้นมาพักไว้ในจาน
 3: • แกะเนื้อปลา 1 ชิ้น นำมาตำเบาๆกับน้ำพริกแกงให้เข้ากัน
• ตั้งนำชุปปลาเปิดไฟรอให้น้ำชุปปลาเดือดจึงนำเครืองแกงที่เตรียมไว้ลงละลาย ปิดฝาไว้สักครู่ รอเดือด จึงเติมมะละกอ รอจนเนื้อมะละกอเริ่มใส• ปรุงรสด้วยน้ำมะขามเปียก น้ำปลา น้ำตาลปีป ชิมรสตามชอบ อร่อยชัวร• เอาปลาที่พักไว้ใส่หม้อ ปิดไฟ ชิมรสอีกครั้ง
 4: • เสร็จแล้ว พร้อมทาน"
หมูย่างน้ำจิ้มแจ่วหม้ออบลมร้อน,"1:  1
- นำเนื้อหมูส่วนที่ซื้อมา มาแล่ให้บาง เพื่อจะได้ความร้อนทั่วถึงเวลาอบ- หมักด้วย น้ำตาลทราย 1 ช้อนโต๊ะ ซอสหอยนางรม 1 ช้อนโต๊ะ ซอสปรุงรส 2 ช้อนโต๊ะ คลุกเคล้าให้เข้ากัน จากนั้นนำเข้าตู้เย็น ประมาณ 30 นาที
 2:  2
- เนื้อหมูที่หมักแล้วเมื่อนำออกมาจะเห็นว่าน้ำหมักซึมเข้าเนื้อหมดแล้ว พร้อมย่างค่ะ
 3:  3
- นำเนื้อหมูวางเรียงบนตะแกรง ตั้งอุณหภูมิที่ 180 องศา ตั้งเวลา 20 นาที
 4:  4
- ระหว่างรอเนื้อหมูสุกนะคะ เรามาเริ่มปรุงน้ำจิ้มแซ่บ ๆ กันค่ะ นำถ้วยเปล่ามา เติมพริกป่น 2 ช้อนโต๊ะ น้ำตาลทราย 1 ช้อนโต๊ะ น้ำปลา 1 ช้อนโต๊ะ น้ำมะนาว 4 ช้อนโต๊ะ (สำหรับไม่ทานเปรี้ยวลดจำนวนลงนะคะ) ข้าวคั่ว 2 ช้อนโต๊ะ ใส่หอมแดง ต้นหอม ผักชีฝรั่ง เท่านั้นน้ำจิ้มก็พร้อมสำหรับทานคู่หมูย่างแล้วค่ะ
 5:  5
- นำเนื้อหมูที่ย่างสุกแล้วมาหั่น เท่านี้ก็เสิร์ฟพร้อมเครื่องเคียง แตงกวา และน้ำจิ้มได้แล้วค่ะ"
สะตอหมูสับผัดกะปิ,"1: ผ่าสะตอแบ่งครึ่งนำไปล้างพักไว้
 2: เอาหอมแดงกระเทียมพริกและกะปินำมาโขลกรวมกัน
 3: ตั้งกะทะพอร้อนใส่น้ำมัน​ เอาส่วนผสมข้อ2ไปผัดพอหอมแล้วใส่หมูสับลงไปผัดต่อ
 4: ใส่สะตอพร้อมปรุงรสตามต้องการผัดต่อชิมรสตักใส่จาน"
สะตอหมูสับผัดกะปิ,"1: ผ่าสะตอแบ่งครึ่งนำไปล้างพักไว้
 2: เอาหอมแดงกระเทียมพริกและกะปินำมาโขลกรวมกัน
 3: ตั้งกะทะพอร้อนใส่น้ำมัน​ เอาส่วนผสมข้อ2ไปผัดพอหอมแล้วใส่หมูสับลงไปผัดต่อ
 4: ใส่สะตอพร้อมปรุงรสตามต้องการผัดต่อชิมรสตักใส่จาน"
หลนเต้าเจี้ยวหมูสับ,"1: เทกะทิใส่หม้อเล็กน้อยก่อน เคี่ยวไปเรื่อยๆ แล้วค่อยใส่เต้าเจี้ยวตามลงไป
 2: เมื่อเต้าเจี้ยวกับกะทิเข้ากันแล้ว ใส่หมูบดลงไป
 3: ตามด้วยตะไคร้ ใบมะกรูด หอมแดง พริกขี้หนูและพริกชี้ฟ้าหั่น
 4: ปรุงรสด้วยน้ำตาลปี้บก่อน คนให้เข้ากัน ลองชิมดู ถ้าอ่อนเค็มเติมเกลือเล็กน้อย (ระวังด้วย เต้าเจี้ยวก็เค็ม 😣)
 5: จากนั้นตัดรสเปรี้ยวนิด ด้วยน้ำมะขามเปียก ประมาณ 1 ช้อนโต๊ะ (แต่บางสูตรก็ไม่ใช้ อันนี้ก็แล้วแต่เช่นกัน😅)"
ต้มยำไก่น้ำข้น,"1: หั่นข่า ตะไคร้ หอมแดงและพริกขี้หนูทุบเตรียมไว้
 2: ลงไปคั่วในหม้อให้พอได้กลิ่นสมุนไพรละเหยออกมา
 3: จากนั้นเติมน้ำเปล่าลงไป ต้มให้เดือดใส่ใบมะกรูดลงไปก่อน 3ใบ
 4: พอน้ำเดือดใส่ไก่ลงไป ใส่เกลือลงไปต้มให้ไก่สุก
 5: ระหว่างนั่นจะมีฟองก็ให้ตักฟองออก
 6: จากนั้นก็ใส่เห็ดและพริกขี้หนูทุบลงไปต้มต่อจนเห็ดสุก
 7: พอเห็ดสุกปรุงรสด้วยน้ำปลา พริกเผาคนให้เข้ากัน แล้วใส่นมข้นจืดลงไป
 8: ใส่ใบมะกรูด ผักชีฝรั่ง พริกแห้งคั่วลงไปคนให้เข้ากัน ปิดเตาแล้วใส่น้ำมะนาวลงไปคนให้เข้ากันตักใส่จานพร้อมเสริฟค่ะ"
แกงผักกาดใส่ไก่,"1: 1.โขลกกระเทียม 5 กลีบ ตะไคร้ หอมแดง พริกแห้งให้ละเอียด
 2: 2.โขลกกะปิ เกลือ ปลาร้า ให้เข้ากันกับกระเทียม ตะไคร้ พริกแห้ง หอมแดงที่โขลกไว้
 3: 3.นำน้ำพริกที่โขลกไว้ลงผัดกับน้ำมันให้มีกลิ่นหอม จากนั้นสับน่องไก่ให้เป็นชิ้นพอดีคำ ลงไปผัดพร้อมกับน้ำพริก
 4: 4.ผัดไก่และน้ำพริกพอแห้งแล้วเติมน้ำสะอาดลงไป ต้มจนไก่สุก พอแกงเดือดก็ใส่ผักกาดกวางตุ้งลงไปและใส่ผักชีลาวหั่นฝอยลงไป จากนั้นปิดเตา"
ยำขนมจีนทะเล,"1: กุ้งลวก
 2: หอยแมลงภู่นึ่ง แกะเปลือกออก
 3: ปลาหมึกลวก
 4: วิธีทำ
""เราสะดวกทำในครก""1.ผสมน้ำตาลปี๊ป น้ำปลา มะนาว น้ำปลาร้า พริกขี้หนู พริกป่น เข้าด้วยกัน2.ใส่ขนมจีน ถั่วฝักยาว คลุกเคล้ากับน้ำยำ3.จากนั้น ใส่กุ้ง ปลาหมึก หอยแมลงภู่ คลุกเคล้าให้เข้ากันอีกครั้ง4.โรยผักชีฝรั่ง ต้นหอม คลุกเคล้าใให้เข้ากัน พร้อมเสิร์ฟจ้า
 5: เครื่องยำ
 6: พร้อมเสิร์ฟ ยำขนมจีนทะเล
 7: พร้อมเสิร์ฟ ยำขนมจีนทะเล
 8: ยำขนมจีนทะเล"
ไข่ยัดไส้,"1: หั่นผักต่างๆเตรียมไว้ (เมนูนี้ต้องหั่นเยอะหลายอย่างหน่อยค่ะ) หมักหมูสับด้วยซอสปรุงรสฝาเขียวและซอสหอยนางรม พักไว้ (ถ้าไม่หมักก่อน เก็บไว้ปรุงรสตอนผัดได้นะ)
 2: เจียวไข่ในชาม ปรุงรสด้วยซีอิ๊วขาวเล็กน้อย(ไม่ควรปรุงรสจัด เพราะจะได้รสชาติจากไส้หมูสับเสริม) แล้วทอดไข่ให้เป็นแผ่นโดยการเอียงกระทะไปมาให้ทั่วกระทะ ไม่ต้องกลับด้าน ... เมื่อไข่สุกแล้ว ให้พักใส่จาน เตรียมไว้ห่อหมูสับ
 3: ใส่น้ำมันในกระทะ พอร้อนใส่แครอทก่อน ตามด้วยหมูสับและผักที่เหลือ (ยกเว้นต้นหอม) ... ปรุงรสด้วยซอสปรุงรสลุงหนวดฝาส้ม ภูเขาทอง, ซอสมะเขือเทศ, น้ำตาลทราย, พริกไทยป่น ผัดให้เข้ากัน ชิมรส
 4: พอทุกอย่างสุก โรยต้นหอมซอย ผัดให้เข้ากันอีกครั้งแล้วพักไว้
 5: นำแผ่นไข่วางบนชามหลุม เพื่อให้ห่อได้ง่าย ตักหมูสับที่ผัดไว้ใส่ลงไป (เหลือหมูสับไว้บางส่วน ใส่ทีหลังเพื่อให้ดูน่าทาน)
 6: พับไข่เข้าหากัน นำจานมาคว่ำวางปิดลงบนชามแล้วพลิกชาม
 7: กรีดหน้าไข่เป็นกากบาท แหวกออกให้เห็นไส้ใน แล้วใส่หมูที่เหลือจากผัดไว้ลงไปให้ดูพูนสวยงาม
 8: แต่งจานด้วยต้นหอม-ผักชีก่อนเสิร์ฟ"
ปลาเผาผักสด/เมี่ยงปลาเผา/ปลานิลเผาเกลือ แบบใช้เตาอบ,"1: 👉น้ำจิ้มถั่วสูตรนี้อร่อย👈
(ที่จรืงใช้ถั่วตัดอร่อย แต่เราไม่มีเลยทำออกมาแบบนี้แต่อร่อยคะ,)ถั่วลิสงคั่วบดพอหยาบ 2 ชต.พริกแดงจินดา 5 เม็ด( วันนี้ทำไม่เผ็ดมากใครชอบเผ็ดมากเพิ่มพริกได้เลยคะ)กระเทียมสับละเอียด 1 ชต.น้ำตาลปี๊บ 2 1/2 ชต.น้ำปลา 2 ชต.น้ำมะนาว 2 ชต.นำพริกแดงจินดา+กระเทียมสับ+น้ำตาลปี๊บ+น้ำปลา+น้ำตาล นำมาโขลกหรือปั่น เรานำมาปั่นเพราะเราสะดวกแบบนี้คะ ชิมรสชาติได้ตามชอบแล้ว นำถั่วลิสงคั่วบดใส่ลงไปคนเคล้าให้เข้ากัน ตักใส่ถ้วยน้ำจิ้ม พักไว้
 2: 👉น้ำจิ้มซีฟู้ดแบบสีเขียว👈
พริกขี้หนูสวน 20 เม็ดกระเทียม 3 กลับน้ำตาลปี๊บ 1 ชต.น้ำมะนาว 3 ชต.น้ำปลา 3 ชต.น้ำหอมดอง 2 ชต.ผักชีตามชอบใบสาระแหน่ตามชอบพริกขี้หนูสวน +กระเทียม+น้ำตาลปี๊บ+น้ำมะนาว+น้ำปลา+น้ำหอมดอง+ผักชีตามชอบ+ใบสาระแหน่ตามชอบ นำมาโขลกหรือปั่น เรานำมาปั่นเพราะเราสะดวกแบบนี้คะ ชิมรสชาติได้ตามชอบแล้ว คนเคล้าให้เข้ากันอีกครั้ง แล้วตักใส่ถ้วยน้ำจิ้ม พักไว้
 3: นำปลามาล้างให้สะอาด เอาไส้ออกให้หมด นำใบเตย+ตะไคร้บุบเล็กน้อย ใส่เข้าไปในท้องปลา จากนั้นนำเกลือ+แป้งสาลีเอนกประสงค์ ผสมคนเคล้าให้เข้ากัน นำไปพอกที่ตัวปลา โดยลูบสวนเกร็ด ทำทั้งสองด้าน พักไว้10 นาที ให้เกลือและแป้งติดผิวบนตัวปลา
 4: วอมเตาอบ 180 องศา เวลา 10 นาที นำปลาเข้าเตาอบ 40-50 นาที เมื่ออบเวลาผ่านไป 25 นาทีแรก นำปลาออกมาพลิกกลับด้านปลาบนลงล่าง นำเข้าเตาอบต่ออีก 25 นาที วันนี้เรานำเข้าเตาอบใช้เวลารวมทั้งหมด 50 นาที หรือจนกว่าปลาจะสุกทั้งสองด้าน (อย่าลืมว่าความร้อนของเตาแต่ละบ้านไม่เท่ากันนะคะ ให้สังเกตุความสุกของปลาด้วย ตัวเล็กใหญ่ขนาด size ไม่เท่ากันด้วย)
 5: นำมามาจัดใส่จานพร้อมทานคู่กับน้ำจิ้มถั่ว/น้ำจิ้มซีฟู้ด และผักต่างๆตามชอบ พร้อมทานคร้าา😊❤🥰"
ต้มยำน่องไก่,"1: ล้างทำความสะอาดวัตถุดิบ จากนั้นตั้งไฟต้มน้ำ ใส่ตะไคร้ พริก ใบมะกรูด ข่า คนอร์ต้มยำก้อน ลงไปรอจนน้ำเดือด
 2: จากนั้นใส่น่องไก่ แล้วเคี่ยวไปเรื่อยๆจนน่องไก่สุก
 3: จากนั้นปิดไฟ แล้วโรยต้นหอมซอยใส่ เป็นอันเสร็จสิ้น"
กระเพราหมูสับ,1: นำพริกกับกระเทียมไปโขลกพอหยาบ ตั้งไฟใส่น้ำมัน พอน้ำมันร้อนใส่พริกและหอมที่โขลกลงไปผัดสักครู่ ตามด้วยหมูสับผัดพอสุก ตามด้วยเครื่องปรุง น้ำมันหอย ซอสผาเขียว ผงปรุงรส (หมู) น้ำตาล ซีอิ้วดำ ผัดให้เข้ากัน ใส่น้ำพอควร (ไม่ชอบน้ำมากไม่ใส่ก็ได้) ผัดต่ออีกนิด ใช้ไฟแรงใส่ใบกระเพราผัดให้เข้ากันปิดแก๊ส ตักใส่จาน พร้อมเสริฟ
ผัดเผ็ดหน่อไม้ดองหมูสับ,"1: หั่นเตรียมวัตถุดิบให้พร้อม
 2: เริ่มจาดเอาพริกแกงลงผัดในน้ำมัน
 3: พริกแกงหอมดีแล้วใส่หมูลงไปผัด
 4: หมูสุกดีแล้วใส่หน่อไม้ดองลงไป
 5: ปรุงรสให้เรียบร้อย ชิมรสออกเผ็ดเค็ม จากนั้นใส่พริกเหลืองลงไป
 6: ใส่โหระพา และใบมะกรูดสุดท้าย คลุกเคล้าให้เข้ากัน
 7: เสร็จพร้อมรับประทานแล้วครับ"
ไข่คนทรงเครื่องราดข้าว,"1: นำไข่ไก่มาตอกเเล้วผสมกับ ซีอิ๊ว เเละ คนอร์
 2: ตั้งกระทะเทฟร่อน พร้อมมีไอร้อน เทไข่ที่ผสมเครื่องปรุงลงไป พร้อมใช้ ไม้พายคนตลอดเวลา
 3: ใส่ปูอัดฉีดฝอย เเละ เต้าหู้ไข่ลงไป พร้อมเทราดบนข้าวสวยร้อนๆ"
พะโล้ขาหมู,"1: ต้มน้ำเดือดใส่รากผักชี กระเทียม หอมแดง
 2: ใส่ผงพะโล้ และขาหมูที่หมักซีอิ๋วดำหวาน
ตุ๋นไว้ประมาณ 1 ชม.
 3: ใส่ไข่ไก่ต้ม และปรุงรสเพิ่มน้ำตาลทราย น้ำปลาตามใจชอบตุ๋นไว้อีกครึ่ง ชม.
 4: เสร็จพร้อมเสริฟจร้า"
น้ำจิ้มแจ่ว สูตรมะขามเปียก,"1: ผสมน้ำมะขามเปียก น้ำปลา น้ำตาลปี๊บ พริกป่น เข้าไมโครเวฟ 1 นาที เพื่อให้น้ำตาลละลายง่าย คนให้ละลาย เติมมะนาวชิมรส
 2: ซอยผักชีฝรั่ง ต้นหอม โรยข้าวคั่ว แล้วเสร็จ"
เนื้อตุ๋นเอ็นละลาย,"1: ล้างเนื้อทั้หมดให้สะอาด
 2: หั่นเนื้อที่ล้างเสร็จแล้วพอคำ
 3: นำเครื่องเทศทั้งหมดห่อในผ้าขาวบาง
 4: นำส่วนผสมทั้งหมดใส่ลงในหม้อ
 5: ต้มด้วยหม้ออัดความดัน45นาที หรือมากกว่านั้น หากไม่มีหม้ออัดความดัน ตุ๋นไปเรื่อยๆจนเดือดแล้วค่อยลดไฟลงประมาณ2-3ชม. จากนั้นตักเสิร์ฟ"
ปูผัดผงกะหรี่,"1: ตำกระเทียม ไม่ต้องละเอียดมาก
 2: ผสมไข่ไก่สองฟอง และนมสด และผงกระหรี่เล็กน้อย และตีให้เข้ากัน หลังจากเข้ากันใส่น้ำมันหอย น้ำปลา น้ำตาล น้ำมันพริกเผา
 3: ตั้งกระทะ ใส่กระเทียม ผัดให้หอม
- ให้หอมใหญ่- ผงกระหรี่- ปู (ผัดให้หอม)- ให้ผัดโรยเล็กน้อย- ใส่น้ำปลา- ใส่น้ำ เล็กน้อย
 4: - ใส่น้ำปรุง
- ใส่ผัก"
น้ำพริกกะปิสูตรคุณยาย,"1: ตำพริกกับกระเทียมให้แหลกละเอียด
 2: ใส่น้ำตาลปี๊บกับกะปิตำให้เป็นเนื้อเดียวกัน
 3: ตำพอเป็นเนื้อเดียวกันประมาณนี้ค่ะ
 4: ค่อยๆหยอดมะเขือพวงลงทีละ2เม็ด ใช้สากตำให้เม็ดแตก
 5: ใส่น้ำมะนาวสดลงไป ค่อยๆคลุกกันให้เป็นเนื้อเดียวกัน
 6: พอเป็นเนื้อเดียวกันแล้วใส่น้ำเปล่าลงไปคลุกอักรอบ
 7: คลุกจนเป็นเนื้อเดียวกัน พร้อมจิ้มผักทานแล้วจ้าา"
ต้มโคล้งปลาย่าง,"1: 1. ตั้งน้ำในหม้อพอประมาณ นำขึ้นตั้งไฟ ใส่ซุปก้อน ข่า ตะไคร้ มะขามเปียก พริกขี้หนูแห้งทอด ปล่อยให้เดือด น้ำซุปมีกลิ่นหอม
 2: 2. ใส่ปลาแห้ง ปรุงรสด้วยน้ำปลา ชิมรสดูให้ได้รสเปรี้ยว เผ็ด เค็ม

 3: 3. ใส่เห็ดนางรม ใบมะกรูด พอเห็ดสุกใส่ใบกะเพราเด็ด ปิดไฟได้"
สะเดาน้ำปลาหวาน (สูตรหวานนัวหลัวหลง),"1: 1. ลวกสะเดาในน้ำเดือด แปปเดียวแล้วเอาออกมาแช่น้ำเย็น พักใส่จานเตรียมไว้
 2: 2. ผัดหอมแดงกับน้ำมัดให้หอม ลดไฟลง ใส่น้ำตาล 5 ช้อนโต๊ะ น้ำมะขามเปียก 2 ช้อนโต๊ะ น้ำส้มสายชู 2-3 ช้อนโต๊ะ น้ำปลา 3 ช้อนโต๊ะ คนให้ส่วนผสมเข้ากัน และ น้ำตาลละลายดี
 3: 3. เติมพริกแห้งทอดบุบหยาบๆลงไป ตักเสิร์ฟ โรยหน้าด้วยหอมแดงเจียวกรอบๆ
 4: 4. เสิร์ฟพร้อม ปลาดุกย่าง หรือ ปลาช่อนแดดเดียวทอด เข้ากันสุดๆ
 5: 5. จัดเสิร์ฟ
 6: 6. เสน่ห์ปลายจวัก ถ้าผัวไม่รัก ให้เอาจวักเขกหัว นะคะ 555555"
แกงเขียวหวานไก่,"1: ทำความสะอาดวัตถุดิบทุกอย่างค่ะ
- เนื้อไก่ จะใช้ส่วนไหนยังไงก็ได้แล้วแต่ชอบและสะดวกค่ะ-เครื่องใน ล้างและหั่นให้ชิ้นใหญ่นิดหนึ่ง เพราะเมื่อต้มไปแล้วเครื่องในไก่จะหดตัวลงค่ะ- เลือกไก่ (จะใส่หรือไม่ใส่ก็ได้ค่ะ) ล้างแล้วหั่นเป็นก้อนสี่เหลี่ยมพอดีคำ หรือแล้วแต่ชอบ- มะเขือพวง + พริกขี้หนู ล้างให้สะอาดเด็ดขั้วออก พักไว้- มะเขือเปราะ ล้างให้สะอาด ยังไม่ต้องผ่า พักไว้- ใบโหระพา ล้างให้สะอาด เด็ดเป็นใบๆ และพักไว้- พริกชี้ฟ้าสีแดง ล้างและหั่นแฉลบ หรือหั่นเป็นเส้นๆ ตามชอบ
 2: ** เนื่องจากครั้งนี้ได้ใช้อกไก่ จึงจะทำน้ำสต๊อกไก่ไว้นิดหนึ่งโดย
- นำหม้อใส่น้ำเปล่า ประมาณ 1 ถ้วยตวง (ดูตามสำควรแล้วแต่กระดูกไก่ที่มีอยู่)- เมื่อน้ำเดือด ใส่กระดูกไก่ที่มี +เกลือดเล็กน้อย ต้มต่อโดยใช้ไฟกลาง
 3: เนื่องจากพริกแกงเขียวหวานที่มีคือซื้อจากตลาดมาแบบสำเร็จรูป โคลกพริกขี้หนูเพิ่ม และพริกแกงเขียวหวานที่ซื้อมาเคล้าให้เข้ากันดี
 4: ตั้งกระทะ นำกะทิกล่องเล็กเทลงไปเคียวๆ ผัดๆ กับพริกแกงให้งวดเข้ากัน
 5: นำไก่สดลงไปผัดให้พอเข้ากันดี แล้วตักส่วนผสมจากกระทะ ไปใส่ในหม้อน้ำสต๊อกให้หมดเลยค่ะ เสร็จแล้วเพิ่มปริมาณน้ำแกงด้วยน้ำกะทิ (กะเอาตามสมควร) ต้มต่อโดยใช้ไฟกลาง-อ่อน รอจนแกงเดือด
 6: ระหว่างรอน้ำแกงเดือด ก็หั่นมะเขือเปราะค่ะ
** บางครั้งใส่มะเขือยาวเพิ่มไปด้วยก็อร่อยดีเหมือนกันนะคะ**
 7: พอน้ำแกงเดือดแล้วใส่มะเขือเปราะ มะเขือพวง คนให้เข้ากันพอน้ำแกงเดือดอีกรอบ ใส่เครื่องในไก่ เลือดไก่ ลงไป และรอน้ำเดือดอีกครั้ง
 8: ปรุงรสด้วยน้ำตาล น้ำปลา ตามชอบ และใส่ใบโหระพา รอเดือดอีกครั้งปิดไฟ พร้อมเสิร์ฟค่ะ
 9: ** เพิ่มอรรถรสด้วยน้ำปลาพริก **
- ซอยพริกขี้หนูสด- ปลอกเปลือกกระเทียมสด และนำมาซอยเป็นแผ่นบางๆ- เทน้ำปลา ลงในพริกขี้หนูและกระเทียม- หั่นมะนาวเป็นแผ่นๆ สัก 2-3 แผ่น และ บีบน้ำมะนาวสดลงไปอีกนิดหน่อยเพื่อเพิ่มรสชาติก็ได้จะน้ำปลาพริกแสนอร่อย"
ยำหัวปลีปลากระป๋อง,"1: ผสมน้ำยำ น้ำปลา น้ำมะนาว น้ำตาลทราย น้ำพริกเผา พริกขี้หนู พริกป่น ชิมรสตามชอบ
 2: ใส่หัวปลี และ ปลากระป๋องลงไปคลุกให้เข้ากัน
 3: โรยผักชีฝรั่งเพิ่มความหอมค่ะ
 4: ตักใส่จานทานคู่กับข้าวสวยร้อนๆหรือเป็นกับแกล้มก็ได้ค่ะ"
น้ำยาปลาหมอนิล,"1: ตั้งน้ำให้เดือด ใส่กระชายหั่นเป็นแว่นหนาๆลงไป พร้อมใส่ พริกแห้ง ตะไคร้ หอมแดง ผิวมะกรูด ลงไปรอจนน้ำเดือด
 2: ใส่ปลาหมอนิลลงไปห้ามคน รอจนน้ำเริ่มเดือด ใส่กะปิ น้ำปลาร้า รอจนน้ำเดือดและปลาสุก
 3: ตักปลาออกแล้วนำทุกอย่างที่อยู่ในหม้อไปกรองผ่านกระชอนแล้วเก็บน้ำต้มปลาไว้
 4: นำพวกเครื่องพริกแกงที่ต้มมาโขกให้ละเอียด นำปลาที่ตักออกเอามาแกะเอาแต่เนื้อไปโขกรวมกับพริกที่ละเอียด
 5: นำกะทิมาเคี่ยวให้เริ่มเดือด แล้วใส่เครื่องแกงน้ำยาที่เตรียมไว้ใส่ลงไปในน้ำกะทิ ต้มจนเริ่มเดือด
 6: ใส่เครื่องปรุงตามอัตราส่วนลงไป แล้วชิมรส แล้วเติมน้ำต้มปลาที่กรองแล้วลงไป 3-4 ทัพพี แล้วใส่ลูกชิ้นปลาลงไปแล้วรอจนเดือด ตักพร้อมเสิร์ฟเลยจร้า"
พะโล้สูตรโบราณ ทำง่าย,"1: ตำพริกไทยให้ละเอียด ใช้พริกไทยดำ ขาว หรือผสมกันก็ได้
 2: ใส่กระเทียม รากผักชีสับ โขลกให้ละเอียด
 3: ตั้งกระทำให้ร้อน ใส่น้ำมัน 1 ชต เอาเครื่องที่ตำไว้ลงไปผัดให้หอม
 4: ใส่น้ำตาลปี๊บ ซีอิ๊วขาว ซีอิ๊วดำ คนจนน้ำตาลละลาย
 5: เอาหมูสามชั้นลงไปผัด เติมน้ำพอขลุกขลิก ผัดหมูพอสุก
 6: เติมน้ำเพิ่มประมาณ 3 ถ้วยตวง ใช้ไฟแรง ต้มจนเดือดจัด
 7: ใส่ไข่ที่ต้มไว้ลงไป หรี่ใช้ไฟอ่อน ต้มต่อ 15 นาที เป็นอันเสร็จเรียบร้อย"
ไข่เยี่ยวม้ากะเพรากรอบ,"1: 1.ตำพริกขี้หนู กระเทียม เด็ดใบกะเพรา เตรียมไว้
 2: 2.ทอดไข่เยี่ยวม้า ทอดใบกะเพรา เตรียมไว้
 3: 3.กระทะตั้งไฟ ใส่น้ำมันนิดหน่อย เอาพริกขี้หนู กระเทียมที่ตำไว้ลงไปผัดให้หอม.. แล้วใส่ไก่สับลงไป ปรุงรสด้วยซอสหอยนางรม น้ำตาลทราย และน้ำปลาดี
 4: 4.ไข่เยี่ยวม้าผ่าแบ่งเป็น4ชิ้น หรือ 2 ชิ้นตามชอบใส่ลงไป.. ตามด้วยใบกะเพราลงไปผัดให้เข้ากัน..
 5: 5.จัดใส่จาน โรยด้วยใบกะเพรากรอบ..พร้อมอร่อยได้เลยค่ะ"
บัวลอยนมสดสอดไส้,"1: บดฟักทองนึ่ง มันม่วงนึ่งให้ละเอียด
 2: แบ่งฟักทองนึ่ง มันม่วงนึ่ง ออกเป็น 2 ส่วน สำหรับทำไส้ และผสมแป้ง
 3: เทแป้งข้าวเหนียวใส่กะละมังผสม ใส่ฟักทองนึ่งที่บดแล้วลงผสมแป้งค่อยๆ เติมน้ำทำละนิด นวดให้แป้งเป็นเนื้อเดียวกับแป้ง สำหรับมันม่วงทำเหมือนกัน
 4: นำแป้งที่นวดแล้วห่อไว้ด้วยแรปกันอากาศเข้าจะทำให้แป้งแข็ง
 5: นำฟักทองนึ่ง มันม่วงนึ่งที่บดแล้ว ส่วนที่แยกไว้ในข้อ 2 มาปรุงรสด้วยน้ำตาลทราย (น้ำตาลปีบก็ได้เช่นกัน) ใช้ส้อมคนให้เข้ากันชิมให้มีรสหวานตามชอบ
 6: นำแป้งที่นวดไว้มาปั้นให้กลม แล้วกดให้แป้งแผ่จากนั้นนำไส้มาใส่ตรงกลาง แล้วห่อหุ้มด้วยแป้งให้มิด คลุกแป้งข้าวเหนียวพักไว้ ไม่ให้แป้งติดกัน
 7: ต้มน้ำเปล่าให้เดือด ใส่ใบเตยลงไปจากนั้นใส่ตัวบัวลอยที่ปั้นไว้ ปั้นพอตัวบัวลอยลอยขึ้นมา แล้วตักมาพักในน้ำอุณหภูมิห้อง ตักใส่ถ้วยเตรียมไว้
 8: นำนมสดไปอุ่นพอร้อน เทใส่ถ้วยที่ทำตัวบัวลอยไว้"
แกงส้มมะละกอปลากระป๋อง,"1: นำส้มมะขาม ละลายน้ำ

 2: ปอกเปลือกมะละกอและหั่นเป็นชิ้นๆพอดีคำ ล้างน้ำให้สะอาด

 3: ต้มน้ำให้เดือด ใส่พริกแกงส้ม น้ำตาลปี๊บ คนให้ละลาย หลังจากนั้นใส่มะละกอ (ใช้ไฟกลางๆต้มจนเดือด)
 4: ใส่เนื้อปลากระป๋อง และปรุงรส ปรับไฟเป็นไฟอ่อน เคี่ยวสักพัก

 5: ตัดใส่ชามพร้อมเสิร์ฟ โรยผักชีเพื่อความหอม"
แกงป่าหมู,"1: หั่นและล้างผักเตรียมไว้
-มะเขือเปราะ ผ่า 4-กระชาย ซอยเป็นเส้น-ข้าวโพดอ่อน หั่นเป็นท่อนขนาดเท่าๆกัน-ฟักทอง ปอกเปลือกและหั่นเป็นชิ้นขนาดเท่าๆกัน-มะเขือพวง เด็ดออกจากขั้ว-พริกไทยอ่อน หั่นเป็นท่อนๆ-พริกชี้ฟ้าแดง หั่นเฉียง
 2: -ตั้งกระทะ ใส่น้ำมัน ตามด้วยพริกแกงเผ็ด ผัดให้สุกหอม
-ใส่เนื้อหมู ผัดให้เนื้อหมูสุกและส่วนผสมคลุกเคล้าให้เข้ากัน
 3: -เติมน้ำเปล่าหรือน้ำซุป
-ปรุงรสด้วย คนอร์ขวดซอสข้นปรุงรส รสหมู อย่างเดียวพอ-น้ำแกงมีรสเค็ม จากกะปิและเกลือป่น ที่ผสมอยู่ในพริกแกง อยู่แล้ว-ชิมให้ได้รสตามที่ชอบ แต่ถ้าใครอยากใส่น้ำปลา กับ น้ำตาลเพิ่มก็ได้
 4: -ใส่ผักที่สุกยากก่อน
-ใส่กระชายฝอย ตอนใส่ขยี้ให้มีกลิ่นออก-ให้ชิมรสอีกครั้ง เพราะจะมีน้ำออกจากผักต่างๆที่ใส่ลงไปแล้วอาจจะทำให้น้ำแกงมีรสอ่อนลง-เมื่อได้รสที่ชอบ ใส่ใบกะเพราเด็ดกับพริกชี้ฟ้าแดงหั่นเฉียงลง คนคลุกเคล้าให้เข้ากัน ปิดไฟ-ตักเสิร์ฟ"
ปลาร้าทรงเครื่อง,"1: ตั้งหม้อใส่น้ำเปล่าต้มจนเดือด ใส่ปลาร้า ข่า ตะไคร้ ใบมะกรูด ต้มให้ปลาร้าเปื่อย
 2: เตรียมผัก หั่นเป็นชิ้นพอดีคำ และหั่นปลาดุกเป็นชิ้นเตรียมไว้
 3: นำน้ำปลาร้าที่ได้มาใส่หม้อ ใส่น้ำกะทิ ใส่ปลาดุก ปิดฝาให้ปลาดุกสุก ตักฟองทิ้งเรื่อยๆค่ะ
 4: ปรุงรสด้วยมะขามเปียก น้ำตาลมะพร้าว ชิมให้ได้อีก​รสตามชอบ
 5: ใส่ผักต่างๆ ลงไป รอจนผักสุก ชิมรสอีกครั้ง
 6: ตักใส่ถ้วยพร้อมรับประทาน"
พริกแกงเหลือง (แกงส้มใต้),"1: เตรียมส่วนผสมให้พร้อม
 2: นำพริกแห้งและเกลือใส่ครก โขลกพอแหลก จากนั้นใส่ขมิ้นและกระเทียม โขลกให้ส่วนผสมทั้งหมดแหลกดี สุดท้ายใส่กะปื โขลกต่อไปให้กะปิเข้ากับเนื้อพริกแกงจนเนียนดี
 3: พริกแกงที่ได้"
น้ำพริกอ่อง homemade,"1: เทน้ำมันมะกอก และนำพริกแกงลงไปผัดในกระทะจนละลายทั้งหมด และส่งกลิ่นหอมของพริกแกงออกมาก่อน
 2: จากนั้นนำหมูสับลงไปผัดต่อ คลุกเคล้าให้เข้ากันจนเนื้อหมูกับพริกแกงนั้นผสมผสานจนได้ที่กำลังดี หรือจนกระทั่งเนื้อหมูสุก (ประมาณ 4-5 นาที)
 3: หั่นมะเขือเทศที่เตรียมไว้เป็น 4 ส่วนต่อ 1 ลูก ตามจำนวนที่ต้องการ แล้วนำลงกระทะอีกครั้งรวมกับพริกแกงที่กำลังเดือด ผัดและคนให้เข้ากันจนมะเขือเทศคายน้ำออกมา (สังเกตุปริมาณน้ำในกระทะจะเพิ่มขึ้นจากน้ำของมะเขือเทศ) ประมาณ 2 นาที
 4: ปรุงรสด้วยน้ำปลา น้ำตาล และเกลือ ลองชิมเพื่อเช็ครสชาติตามที่ต้องการ จากนั้น
 5: นำน้ำพริกอ่องที่ได้จัดใส่ถ้วยขนาดพอเหมาะ นำเสิร์ฟคู่กับผักสด เช่น แตงกวา ผักกาด หรือผักอื่นๆ ตามใจชอบ เท่านี้ก็เสร็จเรียบร้อย พร้อมอร่อยได้ทั้งครอบครัว"
“ห่อหมกทะเลย่าง”,"1: เตรียมวัตถุดิบให้พร้อม
 2: นำพริกแกงเผ็ด เนื้อปลาขูด และไข่ไก่ ลงไปขยำคลุกเคล้าให้เข้ากัน
 3: ใส่น้ำตาลปี๊บ น้ำปลา ใบมะกรูดซอย และกะทิลงไป คลุกเคล้าให้เข้ากัน
 4: ใส่กุ้ง ปลาหมึก และ เนื้อปลาทับทิมลงไป คลุกเคล้าให้เข้ากัน
 5: เตรียมใบตอง วางใบยอ หรือ ใบโหรพารอง แล้วตักเครื่องแกงใส่ลงไป ปิดใบตองกลัดด้วยไม้จิ้มฟัน
 6: นำไปปิ้งข้างละประมาณ 5 นาที หรือ สุกตามชอบ เสิร์ฟร้อนๆคู่กับไข่ต้มและพริกน้ำปลา"
น้ำพริกขี้กา,"1: นำพริกหยวกมาตัดก้านให้สั้น พริกขี้หนูเด็ดคั่วออก ล้างน้ำให้สะอาด

 2: นำพริกหยวก พริกขี้หนู กระเทียมทั้งเปลือก หอมแดงทั้งเปลือกไปเผา หรือเข้าเตาอบ
 3: พอเปลือกพริกหยวกมีสีเกรียมๆ นำออกมาพักไว้ให้เย็นแล้วลอกเปลือกออก หอมแดงกับ กระเทียมปอกเปลือกเช่นกัน
 4: เอาน้ำตาล, น้ำมะนาว, น้ำปลา มาคนให้เข้ากัน

 5: นำส่วนผสมใสข้อ 3 มาตำให้เข้ากันแต่ไม่ต้องละเอียดมาก จากนั้นนำน้ำปรุงในข้อ 4 มาผสมให้เข้ากัน
 6: หากตัวน้ำพริกข้นไปสามารถเติมน้ำต้มสุกได้ หากขาดรสไหนสามารถปรุงเพิ่มได้"
ยำปลากระป๋องทรงเครื่อง,"1: เทปลากระป๋องใส่ในชาม
 2: ซอยหอมแดง ตะไคร้ ใบมะกรูด และพริก ส่วนใบผักชีฝรั่งให้หั่นหยาบๆ พร้อมทั้งใส่ใบโพระพาลงไป
 3: จากนั้นบีบมะนาวคลุกเคล้าอีกทีให้เข้ากัน พร้อมเสิร์ฟ"
ผัดหมี่สีชมพู Pad Mee See Chompoo,"1: นำเส้นหมี่มาแช่น้ำจนนิ่มพักไว้
นำซอสเย็นตาโฟ+น้ำตาลทราย+น้ำมะขามเปียก+น้ำปลา+น้ำเปล่า คนส่วนผสมให้ข้ากัน คนขนน้ำตาลละลาย พักไว้นำไข่ไก่มาตีให้เข้ากัน ตั้งกระทะทาน้ำมันเล็กน้อยนำไข่เทให้ทั่วกระทะ ทำให้ไข่สุก แล้วนำมาหั่นเป็นเส้นฝอยๆ พักไว้นำเต้าหู้แข็งมาหั่นเป็นแท่งเล็กๆ ตั้งกระทะรอน้ำมันร้อน ทอดให้สีสวยตักขึ้นพักไว้ตั้งกระทะ ใส่น้ำมันเล็กน้อยใส่หอมแดงสับลงไปผัด ผัดจนหอมแดงมีสีใสมีกลิ่นหอม จากนั้นใส่ซอสเย็นตาโฟที่ผสมเตรียมไว้ใส่ลงไปผัด ตามด้วยเต้าเจี้ยวเม็ด ลงไปผัดให้ส่วนผสมทั้งหมดเข้ากันรอให้น้ำซอสเดือดใส่เส้นหมี่ลงไปผัดจนกว่าเส้นหมี่จะสุก เมื่อเส้นสุกดีแล้วนำเต้าหู้มาใส่ผัดให้เข้ากัน จากนั้นใส่ถั่วงอกกับกุ่ยช่าย ผัดจนสุกตามชอบ ผัดให้เข้ากันปิดไฟตักใส่จาน จัดจานโรยหน้าหมี่สีชมพูด้วยไข่หั่นฝอย ตกแต่งจานตามชอบใจ พร้อมเสริฟความอร่อย"
ไก่รวนเค็ม,"1: ฉีกไก่ต้มเป็นเส้นๆ
 2: โขลกกระเทียม รากผักชี พริกไทยดำเม็ดจนละเอียด
 3: เทน้ำมันพืชใส่กะทะ ตั้งเตาไฟกลาง
 4: น้ำมันร้อนใส่กระเทียม พริกไทย รากผักชีที่โขลกไว้ เจียวพอเหลืองทอง

 5: จากนั้นใส่ไก่ฉีกลงผัดให้เข้ากัน
 6: เติมน้ำซุปลงไปเล็กน้อย
 7: จากนั้นปรุงรสด้วยซอสข้นคนอร์ รสไก่
 8: ปรุงรสด้วยน้ำตาล /ปรุงรสตามชอบ
 9: คั่วไปเรื่อยๆ จนไก่ฉีกสีเหลืองทอง
 10: เสร็จแล้ว “ไก่รวนเค็ม หอมกระเทียมพริกไทย”
 11: เสร็จแล้ว “ไก่รวนเค็ม หอมกระเทียมพริกไทย”"
ทอดมันหมูเนียนนุ่ม 🐷,"1: นำหมูบดไปใส่ในโถปั่นให้เนื้อเนียนละเอียด
 2: เติมพริกแกง ผงปรุงรส ซอสหอยนางรม ลงไปในเนื้อหมูบดของเรา แล้วคลุกเคล้าให้เข้ากัน
 3: หั่นถั่วฝักยาวและซอบมะกรูด
 4: เมื่อพริกแกงและหมูบดของเราคลุกเคล้าจนเข้ากันเนียนเป็นเนื้อเดียวเติมถั่วฝักยาวหั่นและใบมะกรูดค่ะ
 5: และนวดต่อจนเข้ากันเป็นเนื้อเดียวค่ะ
 6: นำไปใส่ในตู้เย็นประมาณ 30 นาทีค่ะ
 7: ตั้งกระทะเติมน้ำมันไปค่ะ ใช้ไฟปานกลางนะคะ
 8: ปั้นเป็นเเบเป็นแผ่น ใส่ลงไปทอดค่ะ
 9: ตักขึ้นพักไว้ให้สะเด็ดน้ำมันนะคะ
 10: ตักใส่จานพร้อมเสิร์ฟค่ะ"
ผัดพริกแกงหน่อไม้หมูสับ,"1: ตั้งกระทะไฟกลางตามด้วยน้ำมันถั่วเหลือง และพริกแกง ผัดจนพริกแกงหอม เติมน้ำเล็กน้อย ตามด้วยหมูสับ
 2: เมื่อหมูสับเริ่มสุกตามด้วยหน่อไม้ ปรุงรสด้วย น้ำตาลทราย ผงปรุงรส ชิมรสตามชอบ
 3: ตามด้วยใบมะกรูด และใบกะเพรา ปิดไฟ
 4: ตักใส่จาน พร้อมทาน 🔥"
แกงคั่วหมูฟักเขียว,"1: ฟักเขียว ปอกเปลือก เอาไส้กลางออก หั่นเป็นชิ้น
 2: เนื้อหมู นำมาหั่นเป็นชิ้นขนาดเท่าๆกัน
 3: ตั้งกระทะ ใส่น้ำมัน รอน้ำมันร้อน ใส่น้ำพริกแกงลงผัดให้สุกหอม
 4: ใส่หัวกะทิ ลงผัดให้แตกมัน
 5: ใส่เนื้อหมูลงผัด ค่อยๆเติมกะทิที่เหลือ
 6: -เทใส่ลงในหม้อ
-ใส่ฟักเขียว เคี่ยวให้ฟักสุก-ปรุงรสด้วย น้ำตาลปี๊บกับน้ำปลา คนให้เข้ากัน ชิมให้ได้รสตามที่ชอบ(ถ้าชอบรสจัดปรุงเพิ่มได้เลย)
 7: ใส่พริกชี้ฟ้าหั่นและใบโหระพาที่เด็ด
 8: คนให้เข้ากัน ปิดไฟ ยกลง ตักเสิร์ฟ"
น้ำพริกกะปิสูตรอร่อยเด็ด,"1: แกะกระเทียมใส่ในครกประมาณ 1 ช้อนโต๊ะ ตำพอแตก
 2: ตามด้วยกะปิ 1 ช้อนโต๊ะ ตำให้เข้ากัน
 3: ใส่น้ำตาลปี๊บ ครึ่งช้อนโต๊ะ (สำหรับคนไม่ชอบหวาน) ตำให้เข้ากัน
 4: ใส่พริกขี้หนูสวน 15 เม็ด (สำหรับทานเผ็ดไม่มาก) ตำพอแตก
 5: ใส่มะเขือพวง 1 ช้อนโต๊ะ บุบพอแตก
 6: ใส่น้ำมะนาว 4 1/2 ช้อนโต๊ะ คนให้เข้ากัน
 7: ชิมรส เติมน้ำมะนาว น้ำปลา ตามใจชอบ
 8: ใส่ถ้วย ตกแต่งด้วยพริกขี้หนู มะเขือพวง พร้อมเสิร์ฟค่ะ"
หมูสับปั้นทอด,"1: ตำรากผักชี กระเทียม พริกไทย ให้ละเอียด
 2: -นำหมูสับลงไปผสม คลุกเคล้าให้ส่วนผสมเข้ากัน
-ปรุงรสด้วย น้ำมันหอย+ซีอิ้วขาว+น้ำตาลทราย คลุกเคล้าและนวดส่วนผสมทั้งหมดให้เข้ากันอีกรอบ พักไว้
 3: -ตั้งกระทะ ใส่น้ำมัน รอจนน้ำมันร้อน
-ปั้นเนื้อหมูเป็นก้อนลงทอดจนสุก ตักพักไว้ให้สะเด็ดน้ำมัน-จัดใส่จานเสิร์ฟ จะจิ้มกับซอสมะเขือเทศก็ได้"
ผัดซีอิ๊ว + สอนเทคนิคผัดเส้นระดับโปร ♥️,"1: นำเส้นคลุกซีอิ๊วดำใว้
เทคนิคการผัดเส้นแบบนี้ ดูต่อได้ที่ราดหน้าฮ่องกงข้างล่างนี้ ทำแบบเดียวกัน
 2: เทคนิคนี้ไม่มีในคู่มือ หรือตำราทำอาหารแน่นอนค่ะ
การวอร์มกระทะ- ใช้กระทะเหล็ก ตั้งกระทะ ใช้ไฟแรงให้น้ำมันร้อนจนควันขึ้น คนให้น้ำมันเคลือบกระทะให้ทั่ว- จากนั้นให้เทน้ำมันร้อนออก แล้วใส่น้ำมันใหม่ลงไป ไม่ต้องเยอะนะ ช้อนเดียวพอ รับประกันความลื่นหัวแตกเลยจ้า
 3: ใส่น้ำมันใหม่ลงไป 1 ช้อนพอ กระทะยังร้อนระอุ
 4: แล้วรีบใส่เส้นลงไปเลย ก่อนที่น้ำมันใหม่จะร้อน มันจะไม่ติดกระทะแน่นอน
ผัดไม่เกิน 1 นาที ไฟแรงตลอด ไม่ต้องลดไฟ มีเท่าไหร่ใส่ไปให้เต็มๆ ใครยังสงสัยมาถามได้น้า
 5: นำเส้นมาพักใว้ก่อน
จะได้เส้นที่หอมจากการผัด หนังปูดๆพองๆนิด แต่เส้นไม่แข็ง แบบนี้ แล้วก็ไม่ไหม้ด้วยนะจ๊ะ
 6: เราใช้เนื้อจ้า
 7: ตั้งกระทะใหม่ ล้างน้ำเปล่าก่อนก็ได้ 1 รอบ เอานำเปล่าใส่พอเดือดแล้วเทออก ใส่น้ำมันลงไปใหม่ ทำเหมือนเดิม พอน้ำมันร้อนแล้วเททิ้ง เปลี่ยนน้ำมันใหม่ใส่หมูลงไปผัด (จะไม่ใส่เครื่องปรุงอะไรในตอนนี้ มันจะทำให้ติดกระทะ และเนื้อเราหมักมามีรสชาติอยู่แล้ว)
 8: ใส่ไข่ แล้วตามด้วยใส่เส้นทันที
 9: เหยาะ ซีอิ๊วขาว นำมันหอยลงไปหน่อย แล้วใส่คะน้า (แอบแถมเห็ดลงไปหน่อยมันเหลือจากราดหน้า 😄)
 10: เสร็จแล้วจ้า
 11: จะเห็นได้ว่า ไม่ติดกระทะ ไม่ไหม้ แล้วก็มันไม่มันเยิ้ม หรือมันหยดติ๋งจ้า
 12: พร้อมหอมอร่อยจ๊ะ"
หมูสามชั้นทอดน้ำปลา,"1: นำหมูสามชั้นมาแร่เอาหนังส่วนแข็งออก ก่อนจะหั่นหมูขนาดที่สามารถนำลงทอดในกระทะได้
 2: นำหมูสามชั้นใส่ถ้วย หรืออ่างผสม ใส่น้ำปลา และพริกไทลงไป นวดให้ส่วนผสมเข้ากับเนื้อหมูประมาณ 1-2 นาที แล้วนำเข้าตู้เย็นอย่างน้อย 15 นาที
 3: นำหมูออกจากตู้เย็น ใส่แป้งชุบทอดลงไป คลุกเคล้าให้เข้ากัน
 4: ตั้งกระทะ ใส่น้ำมันในปริมาณที่พอท่วมหมูสามชั้น รอจนน้ำมันร้อน นำหมูสามชั้นลงไปทอด ทอดด้วยไฟกลางให้สุกทั่ว
 5: เมื่อหมูสามชั้นสุกแล้วให้นำขึ้นมาสะเด็ดน้ำมันพักไว้ ก่อนจะหั่นเป็นชิ้น ๆ พอดีคำ พร้อมเสิร์ฟ"
ต้มยำไก่เห็ดนางฟ้า,"1: ล้างเนื้อสะโพกไก่(สับ) และเครื่องในไก่ให้สะอาด

 2: เตรียมเครื่องต้มยำ พริก ขิง ข่า ตะไคร้ ใบมะกรูดและเห็ด ให้พร้อม

 3: นำน้ำซุปไปตั้งไฟให้เดือด ใส่เครื่องต้มยำลงไปให้หมด

 4: ใส่คนอร์ต้มยำ 2 ก้อน
 5: พอเดือดอีกครั้งก็ใส่ไก่ที่เตรียมไว้ลงไปเลย
 6: เมื่อไก่สุกแล้วใส่เห็ดนางฟ้าลงไป
 7: ปรุงรส จากนั้นโรยต้นหอมผักชี
ปิดเตาแล้วค่อยปรุงด้วยมะนาวพร้อมรับประทาน"
น้ำพริกมะม่วง,"1: วัตถุดิบที่ใช้
 2: เตรียมส่วนผสมทุกอย่างให้พร้อม
 3: นำกระเทียม+หอมแดง+พริก และกะปิ ตำให้แหลก จากนั้นใส่น้ำตาลลงไป ตำต่อไปจนน้ำตาลละลาย
 4: ใส่มะม่วงที่สับเตรียมไว้ ลงไปให้หมด คลุกเคล้าจนเข้ากันดี ตักใส่ถ้วยเสิร์ฟพร้อมผักเคียงตามชอบ"
แกงเขียวหวานเนื้อพริกขี้หนู,"1: จัดเตรียมวัตถุดิบ
 2: ใส่หัวกะทิลง ตั้งไฟกลางจนแตกมัน
 3: -ใส่พริกแกงลงไปผัดจนได้สีสวย
-ปรับไฟแรง ใส่บรรดามะเขือลงไป ผัดจนได้ระดับความนิ่มที่พอใจ-ปรุงรส-ปรัยไฟกลาง ใส่เนื้อและกะทิที่เหลือลงไป เมื่อเนื้อสุก ชิมรสอีกทีและใส่ใบโหระพา+ใบมะกรูด+พริกขี้หนู
 4: พร้อมเสริฟ"
ผัดหน่อไม้ใบโหระพา,"1: เตรียมส่วนผสมทุกอย่างให้พร้อม
 2: กะทะตั้งไฟ ใส่น้ำมันพอประมาณ นำพริกกระทียมที่ตำหยาบๆ ลงไปผัดให้ส่งกลิ่นหอม
 3: ใส่เนื้อไก่ลงไปผัด ให้กระจายตัว
 4: ใส่หน่อไม้ลงไปผัด แล้วตามด้วยซีอิ๊วขาว ผัดคลุกเคล้าจนเข้ากันดี โรยพริกชี้ฟ้าและใบโหระพา
 5: ผัดต่อไปจนพริกชี้ฟ้าและใบโหระพาสลด ตักใส่จานพร้อมเสิร์ฟ"
ขนมบ้าบิ่นเผือก(สูตรคลีนไม่ใส่แป้ง),"1: นำเผือกมาหั่นเป็นเส้น 40 กรัม ที่เหลือหั่นเป็นท่อนๆ
จากนั้นนำเนื้อมะพร้าวหั่นเป็นเส้น
 2: นำน้ำตาลไปละลายกับน้ำมะพร้าว แล้วใส่ไปในเผือกที่หั่นเป็นท่อนจากนั้นนำเข้าไมโครเวฟไฟแรงประมาณ 5 นาที พอสุกแล้วบดให้ละเอียด
 3: จากนั้นนำส่วนผสมทุกอย่างมาคลุกเคล้าให้เข้ากัน
 4: นำไปย่างบนกระทะเชฟร่อนให้มีสีสันสวยงามทั้งสองด้าน
พร้อมจัดเสิร์ฟ"
ยำถั่วพลูกุ้งสด,"1: ผสมน้ำยำเตรียมไว้ก่อน ด้วยการผสมน้ำปลา น้ำตาล น้ำพริกเผา นมสด มะนาว คนให้เข้ากัน ถ้าใครชอบทานเผ็นจะใส่พริกขี้หนูเพิ่มก็ได้ แล้วก็คนให้เข้ากัน พักไว้
 2: แกะกุ้ง ผ่าหลัง หั่นถั่วพลูเป็นชิ้นเล็กๆ
 3: ลวกกุ้ง และหมูสับ พอสุก ก็ใส่เข้าไปในน้ำยำ
 4: ลวกถั่วพลู 10 วินาที จากนั้นน๊อกด้วยน้ำเย็น
 5: นำส่วนผสมทั้งหมด ใส่ในน้ำยำและคนให้เข้ากัน ตกแต่งด้วยไข่ต้ม และ แคปหมู"
น้ำจิ้มกะปิหวาน,"1: ผสมกะปิกับน้ำตาลโตนด ให้เข้ากัน
 2: ใส่น้ำอุ่นเล็กน้อยผลสมให้เข้ากันดี มีเนื้อข้น
 3: ตามด้วย ปลาป่น กุ้งแห้ง พริก หอมแดง คนให้เข้ากัน
 4: ตักใส่จานพร้อมเสิร์ฟ คู่กับมะม่วงเปรี้ยวๆ"
กะหล่ำปลีผัดวุ้นเส้น,"1: 1. ตั้งกระทะให้ร้อน เจียวกระเทียมให้หอม
 2: 2. ผัดหมูต่อจนสุกดี
 3: 3. ตอกไข่ลงไป ยีให้แตกจนเกือบสุก
 4: 4. ใส่กระหล่ำปลี ผัดจนสุก
 5: 5. ใส่วุ้นเส้น ตามด้วยมะเขือเทศ
 6: 6. ปรุงรสด้วยน้ำมันหอย น้ำปลา น้ำตาลทราย เมื่อสุกดีโรยต้นหอมซอย จบอย่างง่ายดาย"
แกงไก่ใส่ฟักทอง,"1: นำเนื้อไก่ล้างใหสะอาด แล้วหั่นเป็นชิ้นลูกเต๋า พักไว้
 2: นำหม้อตั้งไฟ ใส่กะทิลงไป รอเดือดใส่เครื่องแกงเผ็ดลงไป ผัดให้กะทิแตกมัน และใส่ใบมะกรูดลงไปผัดให้หอม
 3: ใส่ไก่ที่หั่นไว้ลงไปผัดสักครู่ เติมกะทิส่วนที่เหลือลงไปให้ท่วมเนื้อไก่ และใส่ฟักทองตามลงไป ปรุงรสด้วยเครื่องปรุงทั้งหมด ใส่ใบโหระพาและพริกชี้ฟ้าซอย ตักใส่ถ้วยพร้อมเสิร์ฟ"
✿ แหนมหมู ✿,"1: ตัดใบตอง ตัดถุงแกง เตรียมยางรัดให้พร้อมสำหรับห่อนะคะ
 2: เตรียมส่วนผสมให้พร้อมค่ะเวลาจับผสมกันจะได้สะดวก
 3: นำทุกอย่างมาผสมด้วยกันแล้วขยำๆนวดๆไปสัก15 นาทีนะคะนวดให้เหนียวๆเลยค่ะ
 4: พอนวดๆขยำหมูให้เข้ากันจนเหนียวแล้ว ปั้นเป็นก้อนๆเตรียมไปห่อเลยค่ะ
 5: มาห่อกันค่ะห่อตามที่เราสะดวกเลยนะคะจะไม่วางถุงแบบเราก็ได้ ห่อใบตอง2ชั้นก็ได้ วางแหนม วางกระเทียม วางพริก เอายางรัดเลยค่ะ
 6: ห่อเสร็จแล้วจะได้แบบนี้ค่ะ
 7: ห่อๆจนเสร็จเราทำได้ 8ห่อ^^ ใส่กระปุกวางไว้ในห้องครัว 2 วัน(ไม่ต้องแช่ตู้เย็น) พอครบ2วันแล้วค่อยเอาไปแช่ตู้เย็นค่ะ"
กุ้งผัดพริกเกลือ,"1: เตรียมวัตถุดิบให้พร้อม โดยนำกุ้งมาปอกเปลือก เหลือหัวไว้ ผ่าเอาไส้กลางออก และตัดพวกหนวดกุ้งออกพริกกระเทียมนำมาสับ ต้นหอมซอยเล็กให้เรียบร้อย
 2: ตั้งกระทะ ใส่น้ำมันเล็กน้อย (พอดีเราไม่มีน้ำมันอย่างอื่นเลยใช้น้ำมันมะกอก จริงๆ ใช้น้ำมันอะไรก็ได้นะคะ) แล้วนำกุ้งลงไปผัดให้พอสุก แล้วเทลงจานพักไว้ก่อน
 3: นำพริกกระเทียมลงมาผัด แล้วใส่เกลือ ใส่น้ำตาลลงไป
 4: เมื่อพริกกระเทียมเริ่มเกรียมนิดๆ ก็นำกุ้งที่ผัดไว้ ลงมาใส่
 5: จากนั้นนำต้นหอมลงมาใส่ คลุกๆ แล้วปิดไฟ เสริฟ์ใส่จานได้เลย
 6: ตักใส่จาน เสริฟ์พร้อมข้าวสวย หรือเพิ่มไข่ดาวสักนิด อร่อยเลยจ้า"
แกงส้มชะอมกุ้งพริกแกงใต้,"1: ต้มน้ำให้เดือด ใส่พริกแกงส้มลงไป 3-4 ช้อน
 2: พอน้ำแกงส้มเดือดให้ใส่กุ้งลงไป ต้มจนกุ้งเริ่มสุก
 3: จากนั้นปรุงรสด้วยน้ำปลา กับน้ำตาลปีบ และเติมน้ำมะขามเปียก (ค่อยๆเติมค่อยๆชิม) ให้ได้ตามรสที่ชอบ
 4: เอาชะอมมาล้าง เด็ดแต่ยอดอ่อน ตอกไข่ใส่ลงไป แล้วทอดพอสุกก้อตักขึ้นให้สะเด็ดน้ำมัน หั่นเป็นชิ้นสี่เหลี่ยม ใส่ชามรอ
 5: ตักน้ำแกงส้มราดพร้อมทาน"
สังขยาใบเตย,"1: - เตรียมวัตถุดิบ
- ปั่นใบเตย+กะทิ พักไว้
 2: ใส่ไข่แดง+น้ำตาลมะพร้าว+น้ำตาลทราย คนจนละลาย
ใส่นมข้นจืดใส่แป้งข้าวโพดคนให้ละลาย
 3: ใช้ผ้าขาวบางกรองน้ำใบเตย ใส่ลงไป คนให้เข้ากัน
 4: ใช้ตะแกรงกรองส่วนผสมทั้งหมดลงหม้อ
กวนจนเป็นริ้ว ปิดไฟ ยกลง
 5: ถ้าอยากให้เนียน กรองใส่ตะแกรงอีกที
 6: ก่อนทาน โรยนมข้นจืดเพิ่ม จิ้มขนมปัง 😋"
ฟักทองแกงไก่ แกงกะทิแบบไทย รสกลมกล่อม อร่อยง่าย,"1: เตรียมส่วนผสม
 2: ผัดกะทิจนแตกมันด้วยไฟอ่อน แล้วใส่พริกแกงลงไปผัด
 3: ใส่ไก่ลงไปผัดพอสุก ใส่ฟักทองตาม ผัดจนหอม เข้ากันดี
 4: เติมหางกะทิ คำนวนจากชามที่เราจะใช่เสิร์ฟ ใส่น้ำปลา แกงต่อจนได้ที่ ฟักทองจะสุกพอดี ลองหยิบฟักทองมาแทะดูได้555
 5: ใส่พริก ใบมะกรูด ปรุงรสด้วยน้ำตาลเล็กน้อย"
ผัดถั่วลันเตาใส่หมู,"1: ตั้งกระทะใส่น้ำมันพอร้อน ใส่กระเทียมสับลงไปผัด พอหอมเหลือง
 2: ใส่เนื้อหมูลงไปผัดตามด้วยถั่วลันเตาและแครอท เติมน้ำเล็กน้อย
 3: ปรุงรสด้วย น้ำปลา ซีอิ๊วขาว น้ำตาล และน้ำมันหอย ผัดไปจนสุก ปิดไฟ ตัดใส่จาน"
กุ้งอบวุ้นเส้น,"1: ** วิธีทำน้ำปรุง **
นำหม้อมาตั้งไฟอ่อนๆ ใส่น้ำมัน
 2: ผัดกระเทียม พริกไทยดำ ให้หอม
 3: จากนั้นเติมน้ำเปล่าลงไปในหม้อ

 4: จากนั้นใส่น้ำตาลปี๊ป,ซีอิ๊วดำ ,ซอสหอยนางรม,ซีอิ๊วขาว

 5: ปรุงรสโดยด้วยซอสข้นคนอร์

 6: ผสมให้เข้ากัน / ปิดไฟ
 7: นำกุ้งขาวลงไปแช่ในน้ำปรุง
 8: อย่าแค่นานเกินไป พอเริ่มสุกตักขึ้น
 9: จากนั้นก็นำวุ้นเส้น(ที่แช่น้ำแล้ว) ลงไปคลุกกับส่วนผสม

 10: คลุกเคล้าให้เข้ากัน

 11: ** อบวุ้นเส้น **จัดวางขิงซอยลงกระทะให้ทั่ว
 12: จัดวางหมูสามชั้นลงบนขิงซอยให้ทั่วกระทะ

 13: ตั้งกระทะเปิดไฟอ่อนๆ

 14: ใส่วุ้นเส้นลงในกระทะ

 15: นำกุ้งมาจัดวางให้ทั่วๆ

 16: โรยคื่นช่าย
 17: โรยพริกไทยป่น

 18: ปิดฝากระทะอบ อบด้วยไฟอ่อน 5 นาที
 19: เสร็จแล้วก็ยกลงมาจากเตา เสิร์ฟทั้งกระทะ หรือจะตักใส่จานเสริฟก็ได้ค่ะ *ตามสะดวกเลยจ้า"
ผัดมะเขือยาว เข้าเนื้อ,"1: ผัดกระเทียมและพริกให้เกือบๆไหม
 2: ใส่มะเขือยาวลงไป พร้อมเติมน้ำ พอขลุกขลิก ใส่น้ำมันหอย เต้าเจี้ยว น้ำตาล แมกกี้ ลงไป รอจนเดือด เติมน้ำอีกครั้ง รอจนเดือด และเข้ากัน
 3: ใส่โหระพาลงไป ผัดให้เข้ากัน
 4: สุดแล้วปิดไฟ พร้อมเสิร์ฟ"
ปลากระพงนึ่งมะนาว,"1: ล้างปลาให้สะอาด
 2: ใส่ภาชนะ นำไปนึ่งประมาณ 20 นาทีจนสุก
 3: ผสมน้ำมะนาว น้ำปลา น้ำตาล คนให้เข้ากันจนน้ำตาลละลาย
 4: ราดน้ำที่ปรุงไว้ลงบนปลาที่นึ่งสุกแล้ว โรยพริก กระเทียมซอย และผักชี"
ยำไข่มดแดงสุดแซ่บ,"1: นำต้นหอม ผักชี สะนะแหน่ หัวหอมแดง พริกชี้ฟ้า ไปล้างทำความสะอาดให้เรียบร้อย ใส่กระชอนไว้ให้สะเด็ดน้ำ แล้วนำมาซอย
 2: เตรียมน้ำยำโดยการนำ ผงชูรส ข้าวคั่ว พริกป่น มะนาว พริกชี้ฟ้า หอมแดง ลงในชามแล้วคนจนกว่าผงชูรสจะละลาย
 3: หลังจากนั้นค่อยใส่ไข่มดแดงลงไปในชามน้ำยำแล้วคนให้เข้ากันตามด้วยต้นหอม ผักชี และสะระแหน่
 4: จากนั้นตักใส่จานแล้วตกแต่งด้วยสะระแหน่เป็นอันเสร็จสิ้น"
ต้มจืดมะระ กระดูกหมู,"1: ล้างกระดูกหมู ปอกเปลือกกระเทียม ขูด รากผักชี ตั้งน้ำต้มพอน้ำเดือด ใส่ลงไป พร้อมคนอร์ หมั่นช้อนฟองทิ้ง
 2: ล้าง หั่น มะระ หมักเกลือทิ้งไว้ 30 นาที
 3: ล้างหลายๆ น้ำ สะเด็ดน้ำ นำลงต้ม หรี่ไฟอ่อน ยิ่งต้มนาน ยิ่งหอมอร่อย
 4: เสร็จพร้อมเสริฟ"
ไก่ต้มน้ำปลา,"1: ต้มน้ำให้เดือด ใส่กระเทียมทุบ รากผักชี ใส่น่องไก่
 2: ปรุงรสด้วยน้ำปลา น้ำมันหอย น้ำตาลปี๊บ ซีอิ๊วดำ
ตั้งไฟปานกลาง ประมาณ15นาที เพื่อให้เนื้อไก่ด้านในสุก และเครื่องปรุงซึมเข้าเนื้อไก่
 3: เมื่อสุกแล้วตักขึ้นพักไว้ เลาะกระดูกออกสับเป็นชิ้น จัดเรียงใส่จานพร้อมเสิร์ฟคู่กับน้ำจิ้มซีฟู้ดรสแซ่บค่ะ"
ต้มยำน้ำใสหมูสับ,"1: ขั้นแรกปรุงหมูสับด้วยน้ำมันหอย น้ำตาล และเกลือ 1/2 ช้อนชา คนให้เครื่องปรุงเข้ากัน วางพักไว้
 2: ทุบข่า ตะไคร้ และพริกให้พอแตก
 3: ตั้งน้ำให้เดือด ใส่ข่าและตะไคร้ลงไป
 4: พอน้ำเดือด ให้ใส่หมูสับที่หมักไว้
 5: รอจนเดือดใส่เห็ดตามชอบ
 6: รอจนเดือดอีกครั้ง ปรุงรสด้วยผงปรุงรส และเกลืออีก 1/2 ช้อนชา ใส่พริกและใบมะกรูดฉีก
 7: ในชามที่จะเสิร์ฟ บีบน้ำมะนาวลงไป กะความเปรี้ยวตามชอบ ตักต้มยำใส่ชาม ตกแต่งด้วยผักชี ถ้าขาดเค็มเติมน้ำปลาตามชอบ"
ตำขนุนอ่อน,"1: ขนุนดิบอ่อน ซื้อมา ให้นำมาต้มจนสุกนิ่ม
 2: นำเนื้อขนุนที่ต้ม มาโขลกให้ละเอียด พักไว้
 3: -ตำพริกแกง มี พริกขี้หนูแห้ง+กระเทียม+หัวหอม+ข่า+ตะไคร้+กะปิ ให้ละเอียด พักไว้-ซอยต้นหอม พักไว้-ซอยผักชี พักไว้-ซอยใบมะกรูด พักไว้-เจียวกระเทียม พักไว้
 4: ใช้กระทะและน้ำมันที่เจียวกระเทียม ผัดพริกแกงให้ให้สุกหอม ตามด้วยหมูสับ ผัดให้หมูสุก ใส่เนื้อขนุน ผัดให้ทั้งหมดเข้ากัน
 5: ใส่ใบมะกรูดซอย ผัดให้คลุกเคล้า เข้ากันทั้งหมด ปิดไฟ
 6: ใส่กระเทียมเจียว+ต้นหอมซอย+ผักชีซอย คลุกเคล้าให้เข้ากัน ตักใส่ถ้วยเสิร์ฟ รับประทานกับพริกขี้หนูแห้งทอด"
ผัดฉ่าปลาหมึก,"1: ปลาหมึกหั่นชิ้นหนาพอสมควร
 2: เตรียมเครื่องอย่างอื่นให้พร้อม
 3: พริกสับกระเทียมสับ ใบมะกรูดลงผัดให้หอม
 4: ใส่ปลาหมึก
 5: ปลาหมึกเริ่มสุกเร่งไฟแรง
 6: ปรุงรสตามชอบออกหวานเค็ม
 7: ใส่ทุกอย่างที่เตรียมไว้ยกเว้น พริกชี้ฟ้ากับกระเพรา
 8: คลุกเคล้าชิมรสถูกใจแล้วใส่พริกลงไปเขย่าๆ
 9: ใส่ใบกระเพราสุดท้ายคลุกๆๆพร้อมเสริฟ
 10: น่าทานมั้ย"
ยำปลากระป๋องแบบบ้าน,"1: เตรียมหอมแดงและพริกขี้หนู ล้างทำความสะอาดให้เรียบร้อย หลังจากนั้นนำหอมแดงมาซอย และหั่นพริกขี้หนู
 2: นำมะนาวมาหั่นครึ่งซีก ใครที่ชอบเปรี้ยวสามารถเพิ่มได้ค่ะ
 3: นำปลากระป๋องมาเทใส่ชาม
 4: นำพริก หอมแดงซอยมาคลุกเคล้าให้เข้ากัน บีบมะนาวลงไป
 5: เพียงเท่านี้จากปลากระป๋องธรรมดาๆ ก็จะกลายเป็นเมนูยำปลากระป๋องแบบง่ายๆ บ้านๆ และแสนอร่อยแล้ว"
ขนมขี้หนู,"1: นำแป้งและกะทิมานวดรวมกัน

 2: น้ำแป้งที่นวดกับกะทิไปยีกับกระชอน เเล้วน่ำไปนึ่งรองผ้าขาวบาง นึ่ง25-30นาที
 3: ต้มน้ำลอยดอกมะลิเเละน้ำตาลรวมกันพอละลายเเล้วยกลง
ใครอยากใส่สีใส่ในน้ำเชื่อมได้เลยนะคะ
 4: พอขนมสุกเเล้ว ใส่กะละมังค่อยๆเทน้ำเชื่อมลงไปให้ทั่วแล้วค่อยๆใช้ส้อมตะกุยขนมอย่างเบามือนะคะ
 5: ถ้าใครชอบอบควันเทียนทิ้งขนมให้เย็นเเล้วค่อยอบนะคะ
 6: ตักเสริฟใส่จานโรยมะพร้าว"
ข้าวเกรียบฟักทอง,"1: มาเตรียมส่วนประกอบกันก่อนนะคะ
 2: นำแป้งมัน ผสมกับเกลือ + พริกไทยบ่น + น้ำตาลทราย ผสมให้เข้ากัน
 3: พอผสมเข้ากันแล้ว ใส่ฝักทองนึ่ง (นึ่ง 30 นาที) นวดให้เข้ากัน
 4: พอเข้ากันเรียบร้อยแล้วปั้นเป็นก้อนยาวๆ
 5: นำไปนึ่ง 45 นาที พอสุกแล้ว รอให้เย็นใช้แร๊ปอาหาร แร๊ปเข้าตู้เย็นช่องแข็งประมาณ 1 คืน
 6: แล้วนำออกมาจากตู้เย็น ใช้มีดสไลด์ผลไม้ค่อยๆสไลด์ให้เป็นแผ่นบางๆ แล้วนำไปตากแดด สัก 1-2 แดด
 7: พอแห้งเรียบร้อยแล้วนำ ไปถอดในน้ำมัน จะพองตัวน่ารับประทานเลยคะ. เพื่อนๆคนไหนสนใจชมคลิปได้นะคะ ⬇️https://youtu.be/rVZ_omQsYik"
แกงมัสมั่นเนื้อ,"1: 1.หม้อตั้งไฟใส่หางกะทิ ใส่เนื้อวัวหั่นเต๋าลงไปเคี่ยวจนเนื้อวัวเปื่อยนุ่มดี ประมาณ 1ชม.จากนั้นตั้งกระทะใส่น้ำมันนิดหน่อยผัดพริกแกงมัสมั่นให้หอมดี.. แล้วค่อย ๆ ใส่กะทิลงไปเคี่ยวให้แตกมันหอมพริกแกง
 2: 2.เอาเนื้อวัวที่เคี่ยวจนนุ่มแล้วใส่ลงไปเคี่ยวต่อในกระทะ.. ใส่ซุปเนื้อก้อนคนอร์ลงไปเพิ่มความหอมกลมกล่อม..ใส่อบเชย ดอกจันทร์ ลูกกระวานที่คั่วหอม ๆ ดีแล้วลงไป.. ใส่ถั่วลิสงคั่ว ใส่มันฝรั่งหั่นเต๋า ต้มต่อให้มันฝรั่งสุกดี..
 3: 3.ปรุงรสด้วยน้ำตาลมะพร้าว น้ำมะขามเปียก น้ำปลาดี เกลือ และน้ำส้มซ่า..ชิมรสชาติให้อร่อยถูกใจหวานนำ เปรี้ยวนิด เค็มพอดี..รสกลมกล่อม..สังเกตมันฝรั่งเริ่มใสขึ้น ใส่หอมหัวใหญ่หั่นเต๋าลงไป รอให้สุกพอดี เป็นอันเสร็จค่ะ.. จะกินกับข้าวสวย ขนมปังจิ้ม หรือแผ่นโรตี ก็เข้ากันดีเลยค่ะ.."
แกงเห็ดผักหวานใส่กะปิ,"1: เผากะปิให้สุกหอม โขลก ตะไคร้ พริกแก้งพริกสดหอมแดง รวมกัน
 2: นำใบย่านางมาคั้นกับน้ำเปล่า เทใส่หม้อตั้งไฟให้เดือด เติมเครื่องแกงลงไป
 3: ล้างทำความสะอาดผัก และเห็ดต่างๆ พักให้สะเด็ดน้ำ
 4: ใส่ผักทุกอย่างลงไป รอน้ำแกงเดือดอีกครั้ง ปิดไฟ เสิร์ฟได้"
น้ำพริกกะปิ ปลาทูทอด,"1: ตำน้ำพริกก่อนเลยค่ะ ปอกเปลือกกระเทียมให้เรียบร้อย ใส่ลงครกไปตำให้ละเอียด
 2: ใส่พริกลงไปตำต่อจนละเอียด
 3: ใส่น้ำตาลแว่นลงไป ถ้าไม่มีอาจจะเป็นน้ำตาลปึก หรือน้ำตาลปี๊บได้ค่ะ
 4: ใส่กะปิลงไปแบบพูนๆ ช้อนเลยค่ะ
 5: โขลกให้เข้ากัน แล้วบีบมะนาวลงไปค่ะ ตามหลักแล้วควรนำมาบีบมะนาวข้างนอก แต่ด้วยความอยากชิมและให้เข้าเนื้อเลยบีบลงไปเลยค่ะ
 6: โขลกให้เข้ากัน ตักใส่ถ้วยได้เลยค่ะ
 7: ต่อไปเป็นขั้นตอนลวกผักให้กรอบ และสีสวยๆ ต้มน้ำให้เดือดปุดๆค่ะ
 8: ใส่ผักลงไป สังเกตุผักจะเริ่มเขียวจนทั่ว ประมาณ 1 นาที ก็ตักขึ้นได้แล้วค่ะ
 9: ใส่ในน้ำเย็น เพื่อให้คงความกรอบแล้วเขียว
 10: จัดใส่จานพลางๆค่ะ ในภาพมีทั้งผักต้มและไม่ต้มตามความชอบได้เลยค่ะ
 11: ตั้งน้ำมันร้อนพอปานกลาง ทอดแปบเดียวค่ะ เพราะปลาทูเขานึ่งมาแล้ว เอาแค่ให้กรอบก็ตักขึ้นได้แล้วค่ะ
 12: ตักใส่จานเสิร์ฟคู่กับน้ำพริกและผักต้ม รับรองหรอยจังฮู้วววว ❤️"
แกงมัสมั่นหมู,"1: เนื้อหมูส่วน สันนอก สันใน หรือสันคอตามชอบ หั่นชิ้นหนาๆใหญ่ๆ
 2: นำพริกแกงลงผัดกับกะทิให้แตกมัน
 3: พอกะทิแตกมันดีแล้วให้ใส่เนื้อหมูลงไปผัด
 4: เติมน้ำสะอาดลงไป 1ถ้วย กับกะทิที่ติดก้นถ้วยใช้แทนหางกะทิ แล้วเคี่ยวต่อ
 5: นากนั้นปรุงรส ด้วยน้ำตาลปีบ มะขามเปียก เกลือ
 6: จากนั้นเติมหอมใหญ่ ผ่าสี่ ลงไปเคี่ยว
 7: ตามด้วยมันฝรั่ง ใบกระวาน
 8: จากนั้นใส่ถั่วลิสงลงไปเป็นท้ายสุด เคี่ยวไปจนเนื้อหมูเปื่อยนุ่ม ชิมรสเข้มข้นตามชอบอีกครั้ง ทานคู่กับน้ำจิ้มอาจสด"
หมกหน่อไม้ใส่ไก่,"1: เอาหน่อไม้สดล้างให้สะอาด ใช้ช้อนส้อมขูดเป็นฝอยๆ เส้นๆ แล้วต้มหน่อไม้ ต้มเส้นรอให้เย็นบีบเอาน้ำออก แล้วเอาหน่อไม้มาแช่ในใบย่านางซักพัก ตัดใบตองสำหรับห่อ
 2: ล้างทำความสะอาดไก่ สับเป็นชิ้นๆ แล้วเอาแป้งข้าวเหนียวมาละลายน้ำ เตรียมไว้ ชอบแบบข้นๆ ก็ใส่แป้งเยอะหน่อย ถ้าชอบข้นน้อยก็ใส่แป้งน้อยค่ะ แล้วแต่ชอบค่ะ
 3: ตั้งกะทะให้ร้อน ใส่หัวกะทิ แล้วใส่พริกแกงแดง ผัดให้เข้ากันพอกลิ่นหอม ใส่ไก่ผัดจนไก่สุกใส่หน่อไม้ แล้วคนต่ออีกนิด ใส่ใบย่านางลงไป สีจะได้สวย
 4: ปรุงรสน้ำปลา น้ำปลาร้า น้ำตาล ชิมตามชอบ จากนั้น เอาแป้งข้าวเหนียวที่ละลายน้ำไว้ใส่แล้วคนให้เข้ากัน
 5: จากนั้นตักใส่ใบตองห่อ แล้วนำมานึ่งสักพัก จะหอมใบตอง
 6: ยกเสริฟ์ ร้อนๆ ทานกับข้าวสวย หรือว่าทานเล่นก็ได้ค่ะ"
หมูสับผัดหนำเลี๊ยบ,"1: สับกระเทียมพร้อมแกะหนำเลี๊ยบเอาแต่ส่วนเนื้อ
 2: ผสมหมูสับกับหนำเลี๊ยบที่ยีจนละเอียด ตามด้วยซีอิ๊วขาว, น้ำมันหอย, และพริกไทยป่น พักไว้ซักครู่
 3: ตั้งกระทะ เจียวกระเทียมในน้ำมันบางส่วนจนเหลืองกรอบ ตักขึ้น ส่วนกระเทียมที่เหลือจะนำไปผัดกับหมูสับ
 4: ผัดหมูสับในกระทะ ใช้ไฟกลาง ปรุงรสด้วยน้ำตาลทรายและผงปรุงรส
 5: ผัดไปเรื่อยๆ จนหมูสุกทั่วกัน ลองชิมรส ขาดรสอะไร สามารถปรับได้ ปรับไฟเป็นแรงสุด ทิ้งหมูไว้ในกระทะซักครู่ให้ตรงผิวเกรียมเล็กน้อย คั่วต่อไปจนแห้ง ปิดไฟ
 6: ตักขึ้นใส่จาน โรยกระเทียมเจียว จัดเสริฟกับพริกขี้หนู, มะนาว, และหอมแดง"
ไข่ทอดชะอม,"1: ตอกไข่ไก่ใส่ลงชาม

 2: ตีไข่ให้แตก
 3: หั่นชะอมเป็นชิ้นเล็กๆ ใส่ลงกับไข่ตีให้เข้ากัน
 4: ใส่ผงปรุงรสคนอร์ และตีให้เข้ากัน
 5: ตั้งกระทะใส่น้ำมันพืชลงไปเล็กน้อย เปิดไฟปานกลาง
เมื่อน้ำมันร้อนเทไข่ชะอมที่เตรียมไว้ลงไปทอด
 6: พอไข่เริ่มสุก ให้ใช้ตะหลิวกลับไข่อีกด้านและใช้ตะหลิวกดเล็กน้อย เพื่อให้ไข่สุก
 7: ทอดจนสุกทั้งสองด้าน

 8: ตักขึ้นใส่จาน"
แกงเขียวหวานไก่ใส่ฟัก,"1: ล้างหั่นมะเขือและพริก เด็ดใบโหระพาเตรียมไว้
หั่นไก่เป็นชิ้นพอดีคำล้างตีนไก่ให้สะอาด
 2: ตั้งกระทะให้ร้อนใส่หัวกระทิลงไปเล็กน้อย พอร้อนกระทิจะแตกมันให้ใส่พริกแกงเขียวหวานที่เตรียมไว้ลงไปผัดให้หอม
 3: จากนั้นเอาเนื้อไก่กับตีนไก่ลงไปผัดให้พอสุก เติมหัวกระทิที่เหลือได้เลยและเคี้ยวต่อไปจนเดือดอีกประมาณ 15 นาที เพื่อรอให้ไก่สุกและตีนนุ่ม ถ้าน้ำข้นเกินไปให้เติมหางกระทิลงไปอีกเล็กน้อย
 4: ใส่ฟักที่เตรียมไว้ลงไปต้มอีก 5 นาที
 5: ตีนไก่เริ่มนุ่มให้ใส่มะเขือลงไปและรอให้เดือด
 6: ตามด้วยพริกชี้ฟ้า จากนั้นคนให้เข้ากัน ปรุงรสชาติด้วยเครื่องปรุงที่เตรียมไว้ และชิมรสชาติที่ชอบ
 7: ใส่ใบโหระพาเป็นขั้นตอนสุดท้าย คนให้เข้ากันและปิดไฟได้เลย
 8: เตรียมตักใส่จาน"
ปลาทับทิมทอดกระเทียมกับน้ำจิ้มรสเด็ด,"1: ซับปลาให้แห้ง นำเกลือป่นมาทาตัวปลา หลังจากนั้นนำแป้งทอดกรอบทาตัวปลาบางๆ
 2: ตั้งน้ำมันให้ร้อน นำกระเทียมที่ตำแล้วมาเจียวให้กรอบ แล้วพักไว้
 3: นำปลาลงทอดในน้ำมันร้อนปานกลาง
 4: เมื่อสุกก็พลิกด้าน
 5: นำขึ้นสะเด็ดน้ำมัน ใส่จาน โรยด้วยกระเทียมเจียว
 6: นำน้ำตาลผสมน้ำร้อนคนให้ละลาย ใส่น้ำปลา หอมแดง พริก มะนาว คนให้เข้ากัน ยกเสิร์ฟ"
หน่อไม้ผัดไข่,"1: ต้มหน่อไม้ล้างให้สะอาดอีกรอบ
 2: หั่นหอมใหญ่ ต้นหอม พริก กระเทียม
 3: ตั้งเตาใส่น้ำมัน ผัดหอม กระเทียมให้เหลือ แล้ว ใส่ หน่อไม้ลงไปผัด
ตอกไข่ ปรุงรสแล้ว ผัดจนไข่สุกค่อยใส่พริก ตามด้วยต้นหอมก็เสร็จ"
เส้นเล็กผัดซีอิ้ว สูตรไม่ใส่น้ำมัน,"1: หมักหมูกับซอสหอยนางรม ซีอิ้วขาว น้ำตาล น้ำปลา
 2: ตั้งกระทะต้มน้ำ ใส่น้ำมัน และ น้ำส้มสายชู อย่าละ 1 ช้อนโต๊ะ พอเดือดใส่เส้นเล็ก นับ 1-10 เอาขึ้น ผ่านน้ำเย็น สะเด็ดน้ำ พักไว้
 3: ลวกผักคะน้า น็อคน้ำเย็น พักไว้
 4: เส้นเล็ก และ คะน้าที่ได้ค่ะ
 5: ตั้งกระทะ คั่วกระเทียมให้หอม
 6: ใส่หมูหมัก ผัดให้สุก
 7: เติมไข่ ผัดให้เกือบสุก
 8: ใส่เส้นเล็ก ซอสต่างๆ ผัดให้ซอสเคลือบเส้น แห้ง หอมกลิ่นคั่วกระทะ
 9: เติมคะน้า ใส่พริกไทยเยอะๆ
 10: เสร็จพร้อมเสริฟ"
ข้าวผัดโบราณ,"1: สันคอหมูเหยาะซีอิ๊วขาว กับ พริกไทย ขยำให้เข้ากัน และหมักไว้สัก 10 นาที
 2: หอมใหญ่หั่นตามยาวบาง ๆ ..มะเขือเทศหั่นตามยาว (ไม่เอาไส้มะเขือเทศ)...ผักคะน้าหั่นเป็นท่อนพอคำ
 3: ตั้งกระทะเปิดไฟแรงสุด ๆ รอจนกระทะร้อนจัด...จึงใส่น้ำมัน
และกระเทียมสับลงไป ....ตามด้วยเนื้อหมู ผัดจนหมูสุกพอประมาณ
 4: ตอกไข่ตามลงไป ผัดไปมาจนไข่สุกประมาณ 80 %
 5: ตามด้วยหอมใหญ่ ผัดจนหอมใหญ่เกือบจะใส ...ใส่ข้าวลงไป ปรุงรสด้วยซีอิ๊วขาว น้ำตาลทราย ...ผัดจนนัวเข้ากัน ตามด้วยซีอิ๊วดำหวาน
 6: ชิมรสให้ถูกใจ แล้วใส่ผักคะน้า กับ มะเขือเทศลงไป ผัดให้สุกเข้ากันดี ก่อนยกขึ้น โรยพริกไทยป่นเยอะหน่อย จะหอมระเริงใจมาก
 7: ตักใส่จาน กินแกล้มกับแตงกวาสักหน่อย...หรือใครจะเอาไข่เป็ดมาทอดเป็นไข่ดาวกินแกล้มด้วยก็เริ่ดมากค่ะ"
ต้มยำรวมมิตรทะเล,"1: เตรียมกุ้ง กับปลาหมึก โดยนำกุ้งมาแกะเปลือก ผ่าหลัง แล้วเอาเส้นดำออก ล้างให้สะอาด ส่วนปลาหมึกนำมาหั่นเป็นท่อนๆ เตรียมไว้
 2: ขั้นตอนการเตรียมน้ำต้มยำ
นำหัวกะทิเทใส่หม้อ ตั้งไฟให้ร้อน เติมข่า ตะไคร้ เกลือ น้ำตาลปิ๊บ พอกะทิเดือด เติมพริกเผาลงไป
 3: พอน้ำต้มยำเดือดพร่าน ให้ใส่ปลาหมึก กับ กุ้งลง จากนั้นใส่ใบมะกรูด ทิ้งหม้อไว้ห้ามคน รอจนเดือด
 4: ชิมรสตามใจชอบ หากอ่อนให้เติมน้ำปลา หากเค็มไปให้เติมน้ำตาลเพิ่ม
ต้มจนกุ้งสุกประมาณ 80%
 5: ปิดแก๊ส เติมน้ำมะนาว และผักที่เตรียมไว้ เป็นอันเสร็จพร้อมรับประทาน"
ไข่เจียวหมูสับหน้ากรอบ,"1: นำไข่มาตี
 2: ใส่หมูสับลงไปตีให้เข้ากัน
 3: ปรุงรสในไข่ โดยใส่ น้ำปลา ซอสหอยนางรม น้ำตาล ตามชอบ
 4: ตั้งน้ำมันให้ ค้อนใส่ไข่ลงไป
 5: พยายาม พลิกให้สุกทั้งหมดก่อน แล้ว เลือกด้านนึง ทาทอดให้กรอบ"
ผัดพริกแกงหมูใส่มะเขือเปราะ,"1: นำกระทะ ใส่น้ำมันตั้งไฟให้ร้อน แล้วใส่กระเทียมลงไปเจียวให้หอม แต่ไม่ต้องเกรียมค่ะ
 2: ตักกระเทียมขึ้นพักไว้ก่อน แล้วนำพริกแกงลงไปผัดต่อในน้ำมันที่เหลือในกระทะ แล้วเติมน้ำเปล่าลงไปเล็กน้อย ไม่ให้ไหม้
 3: พอพริกแกงเริ่มกลิ่นหอม ให้ใส่เนื้อหมูหั่นซอยลงไป
 4: ผัดจนพริกแกงเข้ากับเนื้อหมูดี แล้วใส่น้ำมันหอย น้ำปลา น้ำตาล ซอสปรุงรส แล้วเติมน้ำเปล่าพอขลุกขลิก
 5: แล้วนำกระเทียมที่เจียวไว้ลงไปผัดด้วยกัน
 6: ตามด้วยมะเขือเปราะหั่นเป็นแว่นๆ มะเขือพวง ใบมะกรูด พริกขี้หนู หรือพริกชี้ฟ้า ผัดจนสุก
 7: ถ้าแห้งไปใส่น้ำลงไปเล็กน้อย"
เทคนิค กะเพราหมูสับ แบบแห้ง อร่อยกว่าร้าน,"1: เตรียมส่วนผสม
 2: เตรียมส่วนผสม
 3: เตรียมส่วนผสม
 4: นำหมูสับคลุกกับกระเทียมพริกไทยซีอิ๊วขาว ทิ้งใว้สัก 5 นาที
 5: ตั้งกระทะใส่น้ำมันไม่ต้องเยอะ เจียวพริกกระเทียม
 6: พอพริกกระเทียมจวนสุก ใส่หมูที่หมักใว้ลงไป เติมน้ำลงไปสัก 1/3 แก้ว เร่งไฟให้แรงๆ เหยาะน้ำปลาลงไป ตามชอบ ถ้าหมูใส่ซีอิ๊วขาวเยอะแล้วน้ำปลาก็ไม่ต้องมาก
 7: แค่นี้หน่ะเหรอ ยังๆ...
จงคั่วต่อไป...
 8: แล้วก็คั่วต่อไป ...
ตอนปรับไฟแรงต้องคั่วให้เร็วตามด้วยนะจะได้ทั่วๆเมื่อน้ำเริ่มแห้ง ลดไฟลงเบาๆ (ตอนนี้กระทะจะเริ่มไหม้แล้วนะครับ)ลดไฟลงแล้วคั่วต่ออีกหน่อยจนหมูเป็นสีทองทั่วกัน
 9: เมื่อหมูเป็นสีทองแล้ว ปิดไฟ ใส่กะเพราลงไป ความร้อนที่ยังระอุอยู่จะทำให้กะเพราสุกเอง ถ้าปิดไฟช้ากว่านี้ กะเพราจะสุกไปจนดำไม่น่ารับประทาน
 10: คลุกให้ทั่ว
 11: เสร็จแล้วจ้า อร่อยจริงๆ กะเพราหมูสับแห้งๆ แต่รสชาติเข้มข้น... รสชาติมันไม่ได้หายไปกับน้ำแต่อย่างได ...น้ำแค่ระเหยไปแต่ความเข้มข้นมาอยู่ที่หมูแทนครับร้านทำไม่ได้แบบนี้แน่นอน เพราะจานนึง เสียเวลานานมาก"
แกงเหลืองหน่อไม้ดอง,"1: ปลากะพง ขอดเกล็ดปลาออก ล้างทำความสะอาด หั่นเป็นชิ้น เตรียมไว้
 2: หน่อไม้ดอง
-หั่นให้ชิ้นเล็ก-ล้างทำความสะอาด-ต้มน้ำให้เดือดจัด นำหน่อไม้ลงต้ม-ตักขึ้น ล้างน้ำเย็น พักไว้
 3: นำน้ำเปล่าหรือน้ำซปใส่หม้อ ต้มน้ำให้เดือดจัด ใส่พริกแกงลงต้ม คนให้พริกแกงละลาย ต้มให้เดือดจัดจนพริกแกงสุก
 4: -ใส่หน่อไม้ดอง ต้มสักพักจนหน่อไม้นิ่ม
-ปรุงรสด้วย น้ำมะขามเปียก+น้ำตาลปี๊บ+เกลือป่น ปรุงและชิมให้ได้รสตามชอบ
 5: รอเดือดจัดอีกครั้ง ใส่เนื้อปลาหั่นลง ห้ามคน รอจนเดือดและปลาสุก ไม่ต้มนานเพราะเดี๋ยวปลาจะเละ ปิดไฟ ยกลง
 6: ตักใส่ถ้วยเสิร์ฟ รับประทาน"
ส้าจิ้น,"1: เลือกเนื้อวัวที่สดและสะอาดจริงๆ (ห้ามใช้เนื้อหมูดิบนะครับ) ล้างให้สะอาดซับให้แห้ง นำมาหั่นเป็นชิ้นเล็กๆบางๆ
 2: ซอยตะไคร้ หอมแดง ผักแพ้ว ต้นหอม ผักชี
 3: ผ้าขี้ริ้ว ล้างให้สะอาด นำมาลวก พักไว้
 4: นำตะไคร้ หอมแดง ผักแพ้ว ต้นหอม ผักชี ผ้าขี้ริ้ว ลงไปคลุกกับเนื้อวัวพร้อมพริกลาบ ใส่เกลือ ชิมรสตามชอบ ตักเสิร์ฟ โรยผักชีต้นหอมด้านบน ใบสะระแหน่ ผักแพ้ว กินเป็นผักเคียง"
ไก่คั่วเกลือ,"1: เตรียมวัตถุดิบ
-นำกระเทียม 7 กลีบ ไปปอกเปลือก จากนั้นสับพอหยาบ แล้วนำไปพักไว้-นำไก่ 1 ซีกตัวไปล้างให้สะอาด แล้วสับชิ้นพอคำและพักไว้
 2: ตั้งกะทะไฟกลางใส่น้ำมันพืช 3 ช้อนโต๊ะลงไป รอจนน้ำร้อนดีแล้วจึงใส่กระเทียมสับหยาบที่เตรียมไว้ลงไปเจียว เจียวจนกระทั่งกระเทียมจนมีสีเหลืองทอง แล้วจึงตักออกมาพักไว้
 3: นำไก่ที่หั่นไว้ใส่ลงไปในกะทะแล้วทำการคั่วไปเรื่อยๆจนไก่สุกและมีความแห้งดี ก่อนทำการปรุงรสให้เทน้ำมันออกก่อนเนื่องจากอาจมีน้ำมันออกมาจากไก่ที่เราคั่วจากนั้นทำการปรุงรสด้วย น้ำตาลทราย 1 ช้อนชา ผงปรุงรส 1/2 ช้อนชา น้ำมันหอย 2 ช้อนชาและซีอิ๊วขาว 1 ช้อนโต๊ะ เป็นอันเสร็จจ้า
 4: ตักใส่จาน จากนั้นโรยหน้าด้วยกระเทียมเจียวที่พักไว้ และต้นหอมพักชีซอย"
ข้าวเหนียวเปียกลำไยมะพร้าวอ่อน,"1: นำข้าวเหนียวมาล้างน้ำ 2 รอบ แล้วแช่น้ำไว้ซักพักนึง แล้วนำขึ้นจากนั้นซาวข้าวขึ้นใส่ตะแกรง พักให้สะเด็ดน้ำ
 2: นำหม้อตั้งไฟ ใส่น้ำมะพร้าว ใส่ใบเตยที่มัดไว้ลงไป
ปล่อยให้น้ำเดือด ใส่ข้าวเหนียวที่พักไว้ลงไป ใช้ทัพพีคนข้าวเหนียวให้กระจายตัวหรี่ไฟกลาง ๆ ต้มต่อ หมั่นคนบ่อย ๆ ไม่เช่นนั้นข้าวเหนียวจะติดก้นหม้อ ระหว่างต้มคอยสังเกตดูถ้าเม็ดข้าวเริ่มบานฟูเต็มน้ำตาลลงไปคนให้น้ำตาลละลาย แล้วใส่ลำไย และเนื่อมะพร้าวอ่อนลงไป ปิดเตา
 3: ทำกะทิราด โดยตั้งกระทะใส่กะทิลงไปเคี่ยวไฟอ่อนๆ พอเดือดแต่ไม่ให้แตกมันเติมเกลือลงไปเคี่ยวต่ออีกสักครู่ปิดเตา ตักข้าวเหนียวเปลียกลำไยใส่ชาม. ราดด้วยน้ำกะทิยกเสริฟได้ค่ะ"
หลนปูเค็ม,"1: เตรียมส่วนผสมโดย ล้างปูเค็มให้สะอาดแล้วแกะใส่ถ้วยพักไว้ ส่วนผสมอื่นๆ ก็ให้เตรียมพร้อมไว้ทั้งหมดเลย
 2: นำหางกะทิเทใส่โถปั่น ตะไคร้ และ หัวหอมแดง ที่ซอยเตรียมไว้ ใส่ลงไปด้วยกัน แล้วปั่นให้ละเอียด
 3: เมื่อปั่นจนละเอียดดีแล้ว เทลงใส่ในกระทะ
 4: เริ่มต้น เคี่ยวด้วยไฟ ค่อนข้างแรง
 5: พอกะทิเริ่มงวดลง ใส่หมูสับ( หรือไก่ ) ลงไป
 6: ใช้ทัพพี ยีให้หมูสับ ( หรือไก่ ) ให้แตกตัวจากกัน
 7: นำปูเค็มที่แกะไว้เรียบร้อยแล้วเทลงไป
 8: เทหัวกะทิลงไป ตามด้วยพริกชี้ฟ้า และใบมะกรูด
 9: เติมส้มมะขามและน้ำตาลปี๊บลงไป
 10: เติมเกลือลงไป ( แต่ก่อนจะเติมเกลือ ให้ชิมดูก่อน เพราะถ้าปูเค็มมาก ก็ไม่ต้องใส่เกลือ )
 11: คนให้ทั่ว เร่งไฟให้เดือดอีกครั้ง ตักใส่ชามพร้อมรับประทาน"
ฟักทองผัดไข่โบราณ สูตรคุณยายร้านขายข้าวแกง,"1: หั่นฟักทองให้เป็นลูกเต๋า
 2: โขลก 3 เกลอ เพื่อความหอมรัญจวน
 3: ลวกหมู เตรียมไว้นะคะ
 4: ทอดไข่ ไว้ก่อน 3 ฟอง
 5: ใส่น้ำมัน มะกอก นำฟักทองลงไปผัด จนหอม
 6: ใส่หมูที่ลวกลงไปเลยค่ะ แล้วก้อรวนๆ
 7: ปรุงรส ใส่เกลือ น้ำตาลแดง ซีอิ๊วขาว
 8: เติมน้ำ เคี่ยวจนกว่าน้ำจะแห้ง เครื่องปรุงจะได้ซึมลงไปถึงเนื้อฟักทอง
 9: เมื่อแห้งแล้วใส่ไข่ที่รวนลงไป
 10: ตอกไข่ไก่ ที่แบ่งไว้ 1 ฟอง แล้วคนไข่ให้ไข่แดงแตก นิดๆ
 11: ผัดจนแห้ง และไข่สุก
 12: เสร็จแบ้วววว ตักใส่จานเลยค่า
ขอบคุณที่ติดตาม และรับชมเจ้าค่าาา"
แกงเขียวหวานไก่ผัดแห้ง,"1: จัดเตรียมส่วนผสมและเครื่องปรุง หั่นเนื้อไก่และมะเขือเปราะเป็นชิ้นๆ ล้างน้ำให้สะอาด พักไว้
 2: ตั้งกระทะใส่น้ำมันพืชเล็กน้อย ใส่พริกแกงเขียวหงานลงไปผัดให้พอหอม แล้วใสเนื้อไก่ลงไปผัดเติมน้ำเปล่าลงไปเล็กน้อย
 3: จากนั้นใส่มะเขือเปราะ มะเขือพวงและใบมะกรูดลงไปผัดต่อสักพัก
 4: ใส่พริกแดงปรุงรสด้วยน้ำปลา น้ำตาลปี๊บ และนมข้นจืดผัดคลุกเคล้า
 5: ใส่ใบโหระพาลงไปผัด ปิดเตา
 6: ตักเสริฟพร้อมข้าวสวยร้อนๆ อร่อย"
กระหล่ำปลีผัดน้ำปลากระเทียมกรอบ,"1: ทุบกระเทียมแล้วสับหยาบๆ นำลงทอดให้เหลืองกรอบ พักไว้สำหรับโรยหน้า
 2: ตักน้ำมันที่ใช้ทอดกระเทียมออก ให้เหลือพอใช้ผัดต่อได้ และใส่กระหล่ำปลีที่หั่นเป็นชิ้นพอดีคำลงไป
 3: เร่งไฟแรงให้ผักสุกเร็ว ใส่เครื่องปรุงทั้งหมดลงไป โดยหยอดน้ำปลาที่ขอบกระทะ ให้น้ำปลาไหม้เล็กน้อย ผัดทุกอย่างรวมกันจนสุก ตักใส่จานและโรยด้วยกระเทียมทอดกรอบ"
วิธีทำแผ่นเกี๊ยวไข่(ห่อขนมจีบ),"1: นำส่วนผสมทั้งหมด ผสมให้เข้ากัน นวดจนเนียนดี
 2: พักแป้ง 30 นาที ก่อนนำไปรีดคะ
 3: โรยแป้งนวล ก่อนคลึงแผ่แป้ง รีดแป้งให้ได้ 1 มิล คะ
 4: นำแป้งห่อแร็ป พักไว้ในตู้เย็น 30 นาที
ก่อนนำมาตัด
 5: หลังพักแป้ง ไว้ 30 นาที
 6: ให้ตัดแป้งตัดขนาด 3x3 นิ้ว
 7: จะได้แผ่นเกี๊ยวพร้อมห่อขนมจีบแล้วคะ"
“ปูหลน”,"1: ตั้งหม้อใส่กะทิลงไปรอเดือด ใส่หมูสับลงไปคั่วให้สุก แล้วเติมน้ำสะอาดลงไป
 2: ใส่หอมแดง และปูเค็มลงไป คนให้เข้ากัน
 3: ปรุงรสด้วย น้ำตาลปี๊บ ผงปรุงรส เกลือป่น น้ำปลา และ น้ำมะขามเปียก คนให้เข้ากัน ชิมรสตามชอบ
 4: ใส่ตะไคร้ซอย ใบมะกรูดแบบฉีก และ พริกใหญ่ลงไป คนให้เข้ากัน จนพริกสลบนิดหน่อย
 5: ใส่ใบมะกรูดแบบซอยลงไป คนให้เข้ากัน รอเดือดปิดไฟตักใส่ถ้วยพร้อมเสิร์ฟกับผักตามชอบ"
หมักหมูหรือเนื้อให้นุ่มเด้งแบบภัตราคารจีน,"1: เครื่องปรุงมีแค่นี้ ผมแนะนำยี่ห้อตามนี้เลยครับ กลิ่นหอมเข้ากัน
 2: หั่นหมูเป็นชิ้น ใส่ซีอิ๊วขาว กระเทียมพริกไทย ฝงฟูลงไป แล้วเติมน้ำประมาณ 1/4 ถ้วย
 3: คลุกให้เข้ากันทิ้งใว้ 15 นาที ความเป็นด่างของผงฟูจะนำพาให้ น้ำและเครื่องปรุงทั้งหมดซึมเข้าเนื้อจนหมดคราวนี้ก็กรอบนุ่มๆเด้งๆแล้วลองไปทำดูนะครับ รับประกันความนุ่มเด้ง แบบภัตราคารจีนเป๊ะเลยคราวนี้จะเอาไปทำอะไร ไม่ว่าจะลวกหรือนำไปทำอะไร รสชาติมันก็จะอยู่ติดเนื้อ"
แกงจืดผักกาดขาวหมูสับวุ้นเส้น,"1: ต้มน้ำให้พอร้อน ใส่แครอทลงไปต้ม รอน้ำเดือด
 2: พอน้ำเดือด ใส่ผงปรุงรสลงไป เอาหมูสับ มาปั้นเป็นก้อนขนาดพอคำใส่ลงไป รอหมูสุก
 3: ใส่ผักกาดขาวลงไป ปิดฝา
 4: พอเดือด ผักกาดขาวสุก ชิมน้ำซุป ถ้ายังจืดไปให้ใส่เกลือเพิ่มนิดหน่อย
 5: ตักเสริฟ โดยการเอาวุ้นเส้นที่แช่น้ำแล้ว มาใส่ไว้ในถ้วยรอ
 6: ตักแกงจืดมาราดลงบนวุ้นเส้น โรยพริกไทยให้พอหอม เสริฟกับข้าวสวย"
ต้มยำซี่โครงหมูอ่อน,"1: เห็ดฟาง ตัดส่วนโคนออก ผ่าครึ่ง
 2: มะเขือเทศผ่าครึ่ง
 3: -นำน้ำเปล่าใส่หม้อ ตั้งไฟ ต้มจนน้ำเดือดจัด
-ใส่กระดูกหมูลง เบาไฟ ต้มจนซี่โครงหมูเปื่อย หมั่นช่อนฟองออก-ซี่โครงหมูเปื่อยแล้ว ใส่เครื่องต้มยำ ข่า,ตะไคร้,ใบมะกรูดฉีก,หัวหอมบุบ ต้มจนมีกลิ่นหอมของสมุนไพร
 4: ใส่เห็ดฟาง ต้มจนเห็ดฟางสุก
 5: -ใส่มะเขือเทศ
-ปรุงรสด้วย น้ำปลา,น้ำมะนาว,พริกขี้หนูบุบหั่นหยาบ ชิมให้ได้รสตามที่ชอบ
 6: -ใส่พริกแห้งทอด
-ผักชีใบเลื่อยหั่นท่อน ปิดไฟ ยกลง ตักเสิร์ฟ"
✿ ก๋วยเตี๋ยวแห้งสุโขทัย ✿,"1: มาทำหมูแดงเลยค่ะเราใช้ผงสำเร็จนะคะ ใส่ถุงซิปแช่ไว้ข้ามคืนค่ะ

 2: พอเช้าแล้วก็นำหมูแดงมาต้มจนน้ำงวดสีจะสวยค่ะ
 3: ได้หมูแดงแล้วค่ะ เราต้มให้พอสุกค่ะเนื้อไม่แห้งดี เราชอบแบบนี้ค่ะ ในจานนี้เราทำกินได้ประมาณ 7-8 จานค่ะ
 4: ลวนหมูสับ หั่นหมูแดงเตรียมไว้เลยนะคะ พอดีในตู้เย็นมีลูกชิ้นเลยเอามาแจม ^^
 5: ลวกผักต่างๆ ต้มเส้น ลวกเส้นเลยค่ะ แล้วนำมาคลุกๆกับน้ำมันเรามีน้ำมันมาม่าพอดี ชอบค่ะหอมดี ^^
 6: ใส่เลยค่ะอย่างละนิดหน่อย ลืมถ่ายพริกป่นค่ะ
 7: จะได้หน้าตาแบบนี้ค่ะ เราเพิ่มลูกชิ้นและไข่ต้มไปด้วยนะคะ
 8: บีบมะนาว คลุกเคล้าให้เข้ากันค่ะ เอ้า กิน ตบโต๊ะ! very good (เสียงนายฮ้อยชวนชิม^^)"
ขนมจีนแกงเขียวหวานไก่ 💚,"1: เตรียมอกไก่และเลือดไก่
 2: เตรียมพริกแกงเขียวหวานและกะทิ
 3: หั่นมะเขือแช่น้ำไว้
 4: ตั้งไฟใส่น้ำมันเล็กน้อย นำน้ำพริกแกงเขียวหวานลงไปผัด จากนั้นใส่ไก่ รวนให้ไก่พอสุก
 5: จากนั้นใส่กะทิลงไปรอให้กะทิเดือด จึงใส่มะเขือตามลงไป ฉีกใบมะกรูดใส่ลงไปด้วว
 6: รอให้เดือดอีกครั้งจึงใส่เลือดลงไป
 7: พอทุกอย่างสุกได้ที่ใส่ใบโหระพาและติดแก๊สได้เลย
 8: แกงเขียวหวานพร้อมเสิร์ฟแล้วจ้า
 9: เพิ่มรสชาติด้วยพริกน้ำปลา"
แกงเผ็ดเนื้อ,"1: เตรียมวัตถุดิบ
 2: ผัดพริกแกง+ใบมะกรูด+กะทิเล็กน้อย ผัดจนหอม
 3: ใส่กะทิลงไปครึ่งหนึ่ง+น้ำ รอจนเดือด จึงใส่เนื้อ
 4: เมื่อเนื้อเริ่มสุก ใส่มะเขือเปราะ + กะทิที่เหลือ
 5: เมื่อสุกได้ที่ ปิดไฟ โรยโหระพา
 6: ตักลงถ้วย พร้อมรับประทานแล้วค่ะ"
ซอสผัดไทย...(ซอสมะขาม),"1: เตรียมของจร้า...มีแค่นั้นแหละ
 2: นำมะขามเปียกละลายในน้ำขยี้ให้ได้มากที่สุดกรองเอากากออกตั้งไฟใส่น้ำตาล...เคี่ยวให้เดือด...ค่อยปรุงรสด้วยน้ำปลา...ชิมด้วยให้ออกรส เปรี้ยว>หวาน>เค็ม.รูปช้อนคือขนาดของช้อนที่ใช้
 3: เคียวด้วยไฟอ่อนให้งวดลงเล็กน้อย(รู้สึกข้น..ปิดไฟ..ทิ้งไว้ให้เย็นใส่ขวดเก็บไว้ได้)"
ลาบปลาทับทิมทอดกรอบ,"1: ปลา
ผสมน้ำกับเกลือป่น คนให้ละลายเข้ากันนำไปล้างปลาเสร็จแล้วใส่จานพักไว้ให้เนื้อปลาแห้งหมาดๆ
 2: ปลาทับทิมหั่นชิ้นขนาดพอดีคำ
 3: นำปลามาคลุกกับแป้งทอดกรอบคนอร์
 4: ตั้งน้ำมันให้ร้อน นำปลาลงทอดให้เหลืองกรอบตักขึ้นใส่จานพักไว้
 5: เครื่องลาบ
ใส่ผงคนอร์รสลาบ ต้นหอมซอย หอมแดงซอย และผักชีฝรั่งซอย คลุกเคล้าให้เข้ากัน(ปรุงรสตามชอบ *เติมน้ำปลา น้ำมะนาว น้ำตาลทราย พริกป่น)
 6: ตามด้วยปลาทับทิมทีเราทอดเอาไว้

 7: คลุกเคล้าให้เข้ากันอีกทีก็เป็นอันเสร็จเรียบร้อยแล้วค่ะ
 8: ลาบปลาทับทิมทอดกรอบ
 9: ลาบปลาทับทิมทอดกรอบ"
ไก่ต้มน้ำปลา,"1: นำน่องไก่มาล้างให้สะอาด หั่นบั้งเผื่อให้ซอสเข้าเนื้อ
 2: นำไก่ใส่ในหม้อสำหรับต้ม ตามด้วยรากผักชี กระเทียม ตะไคร้พริกไทยดำ ใบมะกรูด
 3: ปรุงรสด้วย น้ำปลา ซอสปรุงรส ซีอิ๊วขาว ซีอิ๊วดำ น้ำตาล
 4: เติมน้ำเปล่าลงไปให้พอท่วมน่องไก่ แล้วนำไปต้ม 20-30 นาที
 5: ต้มจนสุก ตักใส่จานเสิร์ฟพร้อมผักลวกกับน้ำจิ้มซีฟู๊ด"
ไก่ผัดผงกะหรี่,"1: จัดเตรียมส่วนผสมและเครื่องปรุง. ล้างผักให้สะอาด หั่นเนื้อไก่เป็นชิ้นพอดีคำ ตีไข่กับนมข้นจืดให้เข้ากัน
 2: ตั้งกระทะเจียวกระเทียมให้พอหอม ใส่เนื้อไก่ลงไปผัดให้พอสุก เทไข่ที่ผสมนมข้นจืด ปรุงรสด้วยซอสน้ำมันหอย ซีอิ๊วขาว. น้ำตาลทราย ผงกะหรี่ ผัดให้เข้ากัน
 3: ใส่พริกหวานสามสี หอมหัวใหญ่ลงไปผัด เติมน้ำเปล่าลงไปเล็กน้อย จนผักสุกได้ที่ ใส่คื่นช่าย และต้นหอมซอยลงไปผัดแค่พอสลด ปิดเตา
 4: ตักใส่จานพร้อมเสริฟค่ะ"
หมูสามชั้นย่างน้ำจิ้มแจ่วรสเด็ด,"1: นำสามเกลอ+น้ำตาลปี๊บ+ซอสหอยนางรม+ซอสปรุงรส ใส่ลงในชามผสมคนทุกอย่างให้เข้ากัน คนจนน้ำตางละลาย นำหมูลงไปหมักพักไว้อย่างน้อย 1 ชม. ขึ้นไป
 2: ระหว่างรอการพักหมูมาทำน้ำจิ้มแจ่วเตรียมไว้กันคะ หั่นหอมแดง+ต้นหอม+ผักชี พักไว้ นำน้ำตาลปี๊บ+น้ำมะขามเปียก+น้ำปลา+พริกป่น+ข้าวคั่ว ใส่ลงในชามผสมคนเคล้าทุกอย่างให้เข้ากัน เพิ่มเติมรสชาติได้ตามชอบใจ ใส่หอมแดง ต้นหอมผักชีซอยลงไป คนเคล้าผสมทุกอย่างเข้าด้วยกัน ตักใสถ้วยน้ำจิ้ม พักไว้
 3: นำหมูไปย่างระหว่างย่างทาน้ำผึ้งลงบนตัวหมู ให้ตัวหมูมีสีสวย และกลิ่นหอม ทาทั้งสองด้าน ย่างจนหมูมีสีสวย และสุกตามที่เราต้องการ หั่นเป็นชิ้น จัดใส่จาน พร้อมด้วยน้ำจิ้มแจ่ว พร้อมทานคะ🥰❤😊"
คอหมูทอด,"1: ล้างสันคอหมูให้สะอาด พักให้สะเด็ดน้ำ
 2: นำเครื่องปรุงน้ำปลา ซีอิ้วขาว แป้งทอดกรอบ ผสมให้เข้ากัน
 3: นำสันคอหมูมาหมักกับส่วนผสมด้านบน พักทิ้งไว้ในตู้เย็นประมาณ 30 นาที
 4: ตั้งน้ำมันให้ร้อนไฟกลาง นำสันคอหมูลงไปทอดในกระทะ ให้เหลืองทอง
 5: วางสันคอหมูทอดไว้บนตระแกรงให้สะเด็ดน้ำมัน
 6: หั่นเป็นชิ้นๆ
 7: จัดเสริฟสันคอหมูทอดน้ำปลา
*ปล.ทานกับข้าวเหนีวก็อร่อยนะ
 8: จัดเสริฟสันคอหมูทอดน้ำปลา
*ปล.ทานกับข้าวเหนีวก็อร่อยนะ"
ทอดปลาทู หนังกรอบ เนื้อนุ่ม,"1: ตั้งกระทะให้ร้อน ใช้ไฟกลางค่อนข้างสูง

 2: ใส่ปลาทูลงกระทะ ในน้ำมันเดือดๆ (ปลาทูจะได้ไม่อมน้ำมัน)
 3: ทอดปลาทูให้สุกทั่วกันทั้งตัว หหน้าตาก็จะเหลืองกรอบแบบนี้เลยค่ะ

 4: ปลาทู หนังกรอบ เนื้อนุ่ม
*ไม่ว่าจะทานกับสวยร้อนๆ กินคู่กับน้ำพริก*หรือจะเป็นเมนูยำขนมจีนปลาทูก็อร่อยไม่แพ้กันจ้า"
น้ำจิ้มข้าวหมกไก่,"1: ผสมน้ำตาลทราย น้ำส้มสายชู และเกลือ จากนั้นคนให้เข้ากัน
 2: นำไปตั้งไฟพอเดือด ปิดไฟ
 3: จากนั้นปั่นพริกขี้หนู ผักชี สะระแหน่ และกระเทียม ผสมลงไป
 4: เรียบร้อยค่ะ"
กุ้งต้มหวาน,"1: ทำความสะอาดกุ้งให้สะอาด ตัดหนวดน้องกุ้งออกค่ะ
 2: ตั้งกระทะไฟไฟปานกลาง ใส่น้ำเปล่าก่อน ตามด้วย น้ำตาลปี๊บ น้ำตาลทราย เกลือ
 3: เคี่ยวน้ำไปสักครู่จนเกือบเหนียวใส่กุ้งของเราลงไปค่ะ
 4: เเล้วเคี่ยวผัดจนกุ้งสีสวยน่ารับประทานค่ะ เคี่ยวต่อจนน้ำเกือบแห้ง แล้วปิดไฟ
 5: ตักน้องกุ้งใส่ถ้วยเลยค่ะ พร้อมทานกับข้าวสวยแล้วค่ะ"
ต้มโคล้งปลากรอบใบมะขามอ่อน,"1: นำปลากรอบไปปิ้งให้หอม และกรอบขึ้นพักไว้ให้แห้งแล้วบิเป็นชิ้นๆ

 2: นำหอมแดง, ข่า, ตะไคร้, ใบมะกรูด, พริกแห้ง ไปคั่วให้หอม
 3: ตั้งน้ำให้เดือดใส่รากผักชี ตามด้วย หอมแดง, ข่า, ตะไคร้,ใบมะกรูดที่คั่วไว้แล้ว
 4: พอน้ำเดือดแล้วใส่มะเขือเทศที่หั่นแล้ว (ใส่เห็ดก็เข้าเช่นกัน) ตามด้วยปลากรอบ

 5: ให้ทุกอย่างเดือดเข้ากันซักพัก แล้วค่อยปรุงรสด้วยน้ำมะขามเปียก และน้ำปลา

 6: นำใบมะขามอ่อนวางรองก้นถ้วย ตามด้วยพริกแห้งที่คั่วแล้วบุพอแตก แล้วตักต้มโคล้งใส่ลงไป
 7: โรยหน้าด้วยผักชี และผักชีใบเลื่อย กินตอนร้อนๆ เอาอะไรมาแลกก็ไม่ยอม"
ยำเส้นแก้ว,"1: ลวกเส้นแก้ว หมูยอ กุ้ง พักไว้
 2: ทำน้ำยำด้วยน้ำมะนาว น้ำตาล น้ำปลา พริกสับ ชิมรส
 3: ใส่เครื่องยำทั้งหมด เคล้าให้เข้ากัน
 4: เสร็จพร้อมเสริฟ"
🌱 ยำสามกรอบ 🌶,"1: ผสมน้ำยำโดยใช้ น้ำปลา มะนาว น้ำเชื่อม พริกขี้หนู และน้ำเปล่า ชิมรสตามชอบ
 2: ตามด้วยหัวหอมใหญ่ ขึ้นฉ่าย คลุกให้เข้ากัน
 3: ตามด้วย หนังไก่กรอบ หมูแผ่นอบกรอบ เมล็ดมะม่วงหิมพานต์ คลุกเคล้าให้เข้ากัน
 4: จัดใส่จาน เสร็จแล้วค่ะ"
ไข่เจียวชะอม,"1: เด็ดยอดชะอมและใบชะอม
ล้างน้ำให้สะอาดพักไว้
 2: ตอกไข่ ใส่ถ้วย ตีไข่ ปรุงรสด้วยน้ำปลา ใส่ชะอม ตีให้เข้ากัน
 3: ตั้งกะทะให้ร้อน ใส่น้ำมันลงไป
รอให้น้ำมันร้อน เทไข่ลง รอให้สุกพลิกกลับ ทอดอีกด้าน จนสุก
 4: จัดใส่จาน ทานคู่กับ น้ำพริกกระปิ"
ถั่วเขียวต้มน้ำตาล,"1: 1.ล้างถั่วเขียวด้วยน้ำเปล่า แล้วเทน้ำเปล่าออก
2.ต้มน้ำเปล่าไฟระดับกลาง จากนั้นใส่ถั่วเขียวลงไปต้ม จนน้ำเดือด ทิ้งไว้ให้ถั่วสุกประมาณ 30นาที จะเห็นว่า เม็ดถั่วเขียวแตกแล้ว3.เติมน้ำตาลลงไป คนจนน้ำตาลทรายละลาย
 2: 4.ตักใส่จาน ทานถั่วเขียวอร่อยๆ"
พริกแกงใต้ ตำเองง่ายจริง,"1: เตรียมทุกอย่างตามนี้ครับ
ถ้าไม่มีตาชั่งก็กะๆเอาโดยประมาณนะครับถ้าชอบกลิ่นไหนเป็นพิเศษก็สามารถเพิ่มได้1.พริกขี้หนูแห้ง    40 %2.กระเทียม 12 %3.ขมิ้น 12 %4.ตะไคร้ 10 %5.หอมแดง 10 %6.พริกไทย 10 %7.ข่า 3 %8.ผิวมะกรูด 3 %
 2: พริกแห้งแช่น้ำเอาเม็ดออก่อนนะครับ ทุกอย่างมาหั่นเป็นชิ้นเล็กๆก่อนจะตำง่ายขึ้น (ผกเว้นพริกไทยไม่ต้องหั่นนะครับ 555)ตำทุกอย่างเข้าด้วยกัน โดยเริ่มจากสิ่งที่แข็งสุดก่อนคือพริกไทย ใส่ลงไปตำทีละอย่าง...จนครบครับถ้าต้องการให้เก็บได้นานขึ้นอีกนิด ก็ใส่เกลือลงไปสัก 1-2 ช้อนชา เกลือจะช่วยฆ่าเชื้อและถนอมอาหาร แต่อย่าลืมไปลบเวลาทำกับข้าวนะครับ
 3: ตำทุกอย่างเข้าด้วยกันก็เสร็จแล้วครับ พร้อมผัดหรือแกง อร่อยกว่าซื้อตลาดแน่นอน เพราะสด/หอม และสีสันสวยงาม.... ง่ายจริงๆไม่ต้องไปหาซื้อให้วุ่นวาย ตำแค่นี้กำลังพอดี ใช้ผัดได้ 3-4 จาน เก็บในถุงzip หรือขวดโหลใส่ในตู้เย็นได้เป็นอาทิตย์"
ยำขนมจีนปลาทู,"1: นำน้ำปลาร้าเทลงในชามผสม ใส่น้ำตาลปี๊บคนให้ละลายเข้ากันดี
 2: ใส่พริกป่น น้ำมะนาว น้ำปลา คนให้เข้ากัน

 3: ใส่ขนมจีนลงไป ตามด้วย ต้นหอม หอมแดง ถั่วฝักยาว ผักชีฝรั่ง ผักชีลาวคลุกเคล้าให้เข้ากัน
 4: ใส่เนื้อปลาทูทอดลงไป คลุกเคล้าให้เข้ากัน
 5: พร้อมเสิร์ฟ "" ยำขนมจีนยั่วๆนัวน้ำปลาร้า "" พร้อมรับประทาน
 6: "" ยำขนมจีนยั่วๆนัวน้ำปลาร้า "" พร้อมรับประทาน
 7: "" ยำขนมจีนยั่วๆนัวน้ำปลาร้า "" พร้อมรับประทาน
 8: "" ยำขนมจีนยั่วๆนัวน้ำปลาร้า "" พร้อมรับประทาน
 9: "" ยำขนมจีนยั่วๆนัวน้ำปลาร้า "" พร้อมรับประทาน
 10: "" ยำขนมจีนยั่วๆนัวน้ำปลาร้า "" พร้อมรับประทาน"
ไก่น้ำผึ้งอบลมร้อน,"1: ล้างปีกไก่ให้สะอาด พักไว้พอแห้ง ใช้ช้อนส้อมจิ้มให้ทั่วปีกไก่
 2: เทส่วนผสมทั้งหมดคลุกเคล้ากับปีกไก่ หมักไว้ในตู้เย็น 1-2 ชั่วโมง

 3: นำปีกไก่ เข้าเตาอบลมร้อน อุณหภูมิ 150-200 องศา เวลา 45 นาที
และปรับไฟขึ้น 250 องศา เวลา 10 นาที
 4: *หากไม่มีเครื่องอบลมร้อน สามารถย่างเตาธรรมดาได้นะคะ"
ขนมจีนน้ำยาปลาทู,"1: 1. ละลายน้ำพริกแกงเผ็ดใต้ กระชายตำ กับกระทิ เคี่ยวในหม้อบนไฟกลางๆ ให้มีกลิ่นหอมๆ ระวังอย่าให้ไหม้
 2: 2. ค่อยๆเติมกะทิลงไปจนได้ปริมาณที่พอใจ ใส่น้ำเปล่าลงไปให้ได้ความเข้มข้นที่ชอบ ใส่เนื้อปลาทูที่แกะแล้ว ตั้งไฟกลางๆเคี่ยวต่อซัก 15 นาที
 3: 3. ปรุงรสด้วยน้ำตาลมะพร้าว น้ำปลา ชิมรสดูตามชอบ

 4: 4. ใส่ลูกชิ้นปลา ปล่อยให้เดือดดีๆอีก 5 นาที ปิดไฟได้"
ดอกหอมผัดตับ,"1: ล้างตับให้สะอาด นำมาหั่นเป็นชิ้น ตามต้องการ ล้างน้ำเปล่าอีกครั้ง
 2: เอาขิงมาสับหยาบ แล้วนำคลุกตับกับขิงสับหยาบ เคล้าให้ทั่วพักไว้สัก 5 นาที และล้างออก
 3: ปลอกเปลือกกระเทียม ล้างให้สะอาด และนำไปสับหยาบๆ
 4: ตั้งกระทะ ใส่น้ำมัน ไฟกลาง นำกระเทียมสับลงผัดพอเปลี่ยนสีเล็กน้อย ใส่ตับลงไปผัดให้พอสุก
 5: ล้างดอกหอมให้สะอาด และนำไปหั่นเป็นท่อนพอดีคำ
 6: นำดอกหอมที่หั่นเตรียมไว้แล้วลงกระทะ ใส่น้ำเปล่าให้มีน้ำคลุกคลิกเล็กน้อย คนให้เข้ากัน ปรุงรสด้วยซอสปรุงรส น้ำตาล ตามชอบ
 7: ผัดจนดอกหอมสุก ตักใส่จาน พร้อมรับประทานค่ะ"
ข้าวผัดไก่,"1: หั่นไก่ ให้เป็นชิ้นพอดีคำ และ ปลอกแล้วหั่นหอมใหญ่ เป็นลูกเต๋าเล็กๆ และ ซอยผักชี ต้นหอม เป็นชิ้นเล็กๆเพื่อโรย
 2: ซอยกระเทียม แล้วสับให้ได้กลิ่น
 3: ตั้งกระทะ ใส่น้ำมัน พอร้อน ใส่กระเทียม ให้เหลือง จากนั้นใส่ไก่ลงไป ผัดจนสุก ตามด้วยซอสหอยนางรม
 4: ใส่หอมใหญ่ และ ใส่ซอสหอยนางรม ผัดหอมให้ใส จากนั้น ใส่ไข่ รอสักครู่จึงคนให้ทั่ว
 5: ใส่ข้าว แล้วผัดต่อ
 6: ทำการปรุงรส ใส่น้ำปลา น้ำตาล ทำการชิมตามชอบ
 7: ใส่ผักที่เตรียมไว้ทั้งหมด แล้วปิดไฟ พร้อมเสริฟ
 8: ทำน้ำปลาพริก โดย ซอยพริกขี้หนู ใส่ในน้ำปลา เสริฟพร้อม มะนาวฝานซีก"
น้ำพริกไข่ปู,"1: โขกพริกขี้หนูพอแหลก

 2: ใส่กระเทียมทั้ง 2 ประเภทลงไปโขลกพอแหลก
 3: ใส่น้ำมะนาว น้ำปลา น้ำตาลปี๊บ คนให้เข้ากันในครก
 4: ใส่ไข่ปูลงไปในครก โขลกเบาๆพอแหลก
 5: จัดเตรียมผักเคียงจานที่อยากกิน"
ต้มจืดหัวไชเท้ากระดูกหมูอ่อน,"1: ตำพริกไทยเม็ดจนละเอียด ใส่กระเทียม รากผักชี ตำจนละเอียด
 2: ต้มน้ำสะอาดให้เดือด
 3: ใส่คนอร์ก้อน กระดูกหมู ลงไป ปิดไฟ ตั้งไฟกลางทิ้งไว้ 15 นาที
 4: ใส่หัวไชเท้า ปิดฝา ตั้งไฟกลางต่ออีก 10 นาที
 5: ใส่ต้นหอมผักชี"
ผัดผักบุ้งหมูสับ,"1: โขลกกะเทียม และพริก พอแหลก จากนั้นล้างผักบุ้งให้สะอาด
 2: ตั้งกระทะใส่น้ำมันพอร้อน ใส่กระเทียมพริกที่โขลกไว้ จากนัเนใส่หมูสับลงไปผัดจนสุก ตามด้วยผักบุ้ง ใส่เครื่องปุงทั้งหมด ลงไป ผัดให้ส่วนผสมเข้ากัน สังเกตุผักบุ้งดูว่าสุกทั่วแล้วให้ตักขึ้น"
ก๋วยเตี๋ยวหมูโบราณ เครื่องแน่น,"1: ล้างทุกอย่างให้สะอาดระวังเศษกระดูกเล็กๆ
 2: ล้างหมูตับไส้ม้ามแยกไว้
 3: นำเล้ง โครงไก่ กระดูกโบน เรียงใส่หม้อเติมน้ำพอท่วม ต้มเดือดทิ้งไป1น้ำ
 4: เติมน้ำใหม่ ใส่ตับหมู สันคอหมู ไส้ ม้ามลงไปพร้อมกันเติมน้ำเต็มหม้อ ใส่กระเทียม 3-4กลีบ รากผักชีที่มีทั้งหมด
 5: พอเริ่มเดือดฟองจะมาเยอะ หมั่นช้อนฟองออกเรื่อยๆทั้งฟองและมัน
 6: ตักหมูและตับขึ้นตรวจดูว่าสุกดีหรือยัง ส่วนไส้กับม้ามต้มต่อไป
 7: ใส่ชุดเพิ่มความหอมของก๋วยเตี๋ยว รวมทั้งปรุงรสด้วย น้ำตาลปึก เกลือและน้ำปลาใส่น้ำตาลแล้วใส่เกลือ ชิมพอมีรสหวานเค็มนิดๆ จากนั้นค่อนเติมน้ำปลาไปเรื่อยจนกว่าจะมีรสหวานเค็มชัดเจน
 8: หน้าตาแบบนี้สำหรับชุดเครื่องปรุงมีขายตามร้านขายเส้น
 9: ต้มไปเรื่อย รอจนกว่าไส้กับม้ามจะเปื่อย
 10: ระหว่างรอ ทำกระเทียมเจียว ระวังไหม้นะจ้ะ
 11: คั่วถั่วแล้วบด
 12: คั่วพริกแล้วบด
 13: หั่นผักชีต้นหอมผสมกัน
ส่วนขึ้นฉ่ายหั่นแล้วแยกไปอีกชามที่บ้านมีคนไม่ทานต้นหอมเลยต้องมีผักโรย2ชนิด
 14: หั่นตับหมู หั่นหมูก้อน และม้าม ให้บางกำลังดีไม่หนาเกินไป เตรียมไว้
 15: หั่นๆๆๆเตรียมไว้
 16: ไส้หมูเปื่อยกำลังดีหั่นเป็นชิ้นๆ
 17: เส้นพร้อม...ต้มน้ำอีกหม้อสำหรับลวกเส้น
 18: เซี่ยงจี้ลวกพอสุกนำขึ้นแช่น้ำซุปไว้ หมูเด้งตัดปลายบีบแล้วตัดลงในหม้อซุปเป็นก้อนๆเหมือนหมูโจ้ก555 สำหรับลูกชิ้นจะทานค่อยใส่ในหม้อซุป ลอยแปลว่าสุก
 19: มะนาวสำหรับต้มยำ
 20: ชามนี้ เครื่องแน่นมาก บะหมี่น้ำ
 21: จัดไป
 22: แห้งก้อได้
 23: ต้มยำก้อมา
 24: คลุกคลิกก้อมี
 25: การลวกเส้นลวกเส้นในน้ำเดือดจัด เส้นเล็กเส้นใหญ่อย่าลวกนาน บะหมี่ล้างแป้งก่อนเวลาลวกเอาตะเกียบคนๆให้สุกทั่ว"
ไก่นึ่งสมุนไพร/ไก่นึ่งสมุนไพรสูตรเมืองเหนือ(Kai Nueng Samoon Prai),"1: ล้างไก่ให้สะอากสะเด็ดน้ำมัน นำไก่ทาขมิ้นให้ทั่วพักไว้
 2: นำเกลือ+เมล็ดผักชี+รากผักชี+พริกแห้ง++ข่า+หอมแดง+ขมิ้น+ตะไคร้ซอย+กะปิ+ใบมะกรูด+น้ำปลาร้า โขลกหรือใส่เครื่องปั่นอาหาร
 3: บด/ปั่น/โขลกให้ละเอียดให่ส่วนผสมเป็นเนื้อเดียวกัน (แค่เรานำไปปั่นเพราะง่ายและเราสะดวกแบบนี้คะ)
 4: จากนั้นนำน้ำมันใส่กระทะ เปิดไฟ น้ำมันร้อนใส่กระเทียมบุบลงไปผัดจนหอม จากนั้นนำพริกแกงใส่ลงไปผัด จนมีกลิ่นหอม ปิดไฟ
 5: นำพริกแกงที่เราผัดแล้วบางส่วนทาให้ทั่วตัวไก่ ส่วนที่เหลือนำไปยัดใส่ในท้องไก่
 6: นำชามใหญ่วางลงบนหม้อนึ่งชั้นที่แรก
 7: ชั้นที่ 2 วางตะไคร้+ข่า+ใบมะกรูด
 8: จากนั้นวางไก่ลงไป ปิดฝา นึ่งประมาณ 1 ชั่วโมง - 2 ชั่วโมง วันนี้เราใช้เวลานึ่งไก่ทั้งหมด 1 ชั่วโมง 30 นาทีคะ (หรือนึ่งจนไก่สุกขึ้นอยู่กับขนาดของไก่ด้วย)
 9: เมื่อไก่สุกแล้ว ตักพริกแกงในตัวไก่ใส่ลงในถ้วย นำน้ำซุปที่ได้จากการนึ่งไก่ลงไป คนเคล้าส่วนผสมให้เข้ากัน ปรุงรสเพิ่มได้ตามชอบ แต่เราไม่ปรุงเพิ่มเราว่าอร่อยแล้ว ทำเป็นน้ำจิ้มไก่นึ่ง อร่อยมากคะส่วนน้ำซุปที่เหลือ ตักใส่ถ้วย ใส่ต้นหอมซอยลงไปนำไก่จัดใส่จาน เสริฟคู่กับน้ำซุป กับน้ำจิ้มไก่ที่เราทำไว้ พร้อมทาน รับรองอร่อยคะ😊❤🥰"
ขนมดอกโสน,"1: -ดอกโสน นำมาเด็ดออกจากก้านใช้แต่ส่วนที่เป็นดอก
-นำมาล้างน้ำแบบเบามือ พักบนตะแกรงให้น้ำแห้ง
 2: -นวดแป้งข้าวเจ้ากับน้ำมะพร้าวหรือน้ำเปล่าจนแป้งนุ่ม
-นำแป้งที่นวดมายีกับกระชอนให้แป้งละเอียดเป็นผงเล็กๆ-ผึ่งแป้งที่ยีให้แห้ง
 3: -นำดอกโสนคลุกเคล้ากับแป้ง
-เทลงในลังถึง(ที่นึ่ง) ที่เราปูผ้าข้าวบาง นึ่งไฟแรง ประมาณ 10 นาที หรือ จนขนมสุก-เทขนมที่สุก ใส่ชามผสม ใช้ส้อมเขี่ยเบาๆให้ขนมไม่ติดกันเป็นก้อน-จัดเสิร์ฟ โดยตักขนมใส่จาน โรยด้วยเนื้อมะพร้าวทึนทึกขูด(คลุกเกลือป่น)และน้ำตาลทรายขาวหรือทรายแดง"
หมูสามชั้นตุ๋นซีอิ้วสไตล์ญี่ปุ่น,"1: ล้างเนื้อหมูให้สะอาด หั่นชิ้นขนาดนี้นะครับ
 2: ตั้งหม้อใส่น้ำ รากผักชี และกระเทียม เปิดเตาไฟแรงเร่งให้น้ำร้อนเร็วๆ
 3: ใส่โชยุ และซุปน้ำดำ
 4: นำหมูสามชั้น หัวหอมใหญ่ (หั่น 4 ส่วนแบบในรูป) ใส่ลงหม้อ ปรับลดเป็นไฟกลาง
 5: ตุ๋น 30 นาที ชิมรส ขาดรสอะไรปรุงเพิ่มได้ เมื่อครบเวลาแล้ว พักไว้ให้เย็นปิดฝา
 6: เช้าวันถัดมาตุ๋นอีกรอบ 30 นาที แล้วจึงสามารถทานได้ครับ น้ำงวดๆซอสเข้าเนื้อ รสกลมกล่อม"
แกงส้มปลาหน่อไม้ดอง,"1: ตั้งน้ำให้เดือด ใส่พริกแกงส้มที่ผสมกัปิแล้ว ลงไปคนให้เข้ากัน
 2: ปรุงรสโดยใช้น้ำตาลมะพร้าว น้ำปลา เกลือ น้ำมะขามเปียก น้ำมะนาว
 3: ใส่หน่อไม้ลงไป ชิมรสอีกครั้ง หากรสยังไม่จัดสามารถปรุงเพิ่มได้ตามชอบ
 4: รอน้ำเดือดจัดอีกครั้ง ใส่ปลาลงไป ค่อยๆคน และไม่ต้องคนบ่อยเพราะปลาจะเละ รอเดือด
 5: เสร็จแล้วจ้า
 6: ตักใส่ชาม"
ยำถั่วพู,"1: ถั่วพู นำไปล้างให้สะอาด แล้วนำมาหั่นเป็นชิ้นเล็ก
 2: ต้ำน้ำเปล่าให้เดือดจัด นำถั่วพูที่หั่นลงไปลวก 3 นาที
 3: นำไปน็อคน้ำเย็นจัด ตักขึ้นพักบนตะแกรงให้สะเด็ดน้ำ
 4: นำหมูสับไปลวกให้สุก พักไว้
 5: -นำถั่วพูที่พักไว้ใส่ในชามผสม
-ใส่พริกขี้หนูซอย-ใส่หอมแดงซอย-ใส่หมูสับที่ลวก-ปรุงรสด้วย น้ำปลา+น้ำตาลทราย+น้ำมะนาว คลุกเคล้าให้เข้ากัน ชิมให้ได้รสตามที่ชอบ
 6: ตักใส่จานเสิร์ฟ รับประทานกับไข่ต้มหรือโรยเม็ดมะม่วงหิมพานต์ด้วยก็ได้"
ขนมจีบอกไก่,"1: เตรียมส่วนผสมทั้งหมดให้พร้อม
 2: นำอกไก่เข้าเครื่องบด/เครื่องปั่น เพื่อปั่นให้ละเอียด พร้อมทั้งใส่รากผักชี กระเทียมลงไปเพื่อให้ส่วนผสมทุกอย่างคลุกเคล้า
 3: เมื่ออกไก่ละเอียดจนได้ที่แล้ว ให้ใส่กระทะใหญ่ๆ เอาเอามานวดกับแครอทและหัวไชเท้า ปรุงรสด้วยซีอิ๊วขาว พริกไทยดำ และพริกไทยป่น
 4: นำแป้งเกี๊ยวตัดมุมทั้ง 4 ด้านออก นำมาห่อเป็นรูปทรงที่สวยงาม
 5: ทาน้ำมันลงในซึ้งเพื่อป้องกันไม่ให้แผ่นแป้งติดก้นซึ้งเวลาที่แป้งสุกแล้ว
 6: นึ่งประมาณ 10-15 นาที ก็จะได้ขนมจีบอกไก่ที่สุกและน่ารับประทาน"
ไข่ลูกเขยแซ่บ,"1: 1. นำไข่ไก่มาต้มในน้ำเดือดจนสุก นำลงไปแช่ในน้ำเย็น แล้วนำขึ้นมาปอกเปลือกให้สวย อย่าให้แตก
 2: 2. นำไข่ที่ปอกเปลือกแล้ว ไปทอดในน้ำมันร้อนๆ ไฟกลาง คอยคนบ่อยๆหน่อย เพราะไข่จะติดกระทะ ให้ทอดจนด้านนอกของไข่ต้มเปลี่ยนเป็นสีน้ำตาลอ่อน (แล้วแต่ความชอบ ชอบผิวไข่ต้มกรอบมาก กรอบน้อย)
 3: 3. นำพริกแห้งลงไปทอดในกระทะ ใช้ไฟอ่อนๆ จนกรอบหอม แล้วพักสะเด็ดน้ำมันไว้
 4: 4. แบ่งพริกทอดมาสัก 3-4 เม็ด มาบุๆพอหยาบเตรียมไว้
 5: 5. ทำน้ำราดด้วยการ ตั้งกระทะให้ร้อน ไฟกลาง ใช้น้ำมันประมาณ 2 ช้อนโต๊ะ ผัดหอมแดงซอยจนสุกหอม แล้วเติมน้ำลงไป 1 ถ้วยตวง ใสีน้ำตาลปี๊บ น้ำตาลทราย และมาขามเปียกลงไป เคี่ยวจนนำตาลละลายหมด ให้ตักเศษมะขามเปียกออก แล้วปรุงรสด้วยน้ำปลา เคี่ยวจนน้ำราดงวดตามความต้องการแล้วปิดแก๊ส โรยพริกครัวที่ตำพอหยาบลงไปคลุกๆ เป็นอันเสร็จ
 6: 6. จะหั่นไข่ต้มทอดเป็น 2 หรือ 4 ซีก หรือ ราดทั้งลูกโดยไม่ผ่าซีกก็ได้ แล้วราดน้ำหวานที่เคี่ยวไว้ ตามที่เราชอบเลยจ้า กินแก้มกับพริกแห้งที่ทอดไว้ แซ่บนัวดี"
สาคูไส้หมู,"1: ล้างสาคู 1 น้ำ เหมือนซาวข้าว เทน้ำออก พักไว้สักครู่ เพื่อให้สาคูบาน นวดให้เข้ากัน ถ้าแข็งพรมน้ำให้พอนุ่มมือ
 2: แผ่สาคูให้บางใส่ไส้ห่อให้มิด รองชั้นรังถึงด้วยใบตองที่ทาน้ำมันกระเทียมเจียว เพื่อไม่ให้สาคูติดกัน นึ่งประมาณ 5 นาที
 3: ทาน้ำมันกระเทียมเจียวให้ทั่ว
 4: จัดเสิร์ฟ"
ต้มจืดแตงร้านยัดไส้หมูสับ,"1: นำแตงร้านมาปอกเปลือกออก แบ่งครึ่งลูก ใช้ปลายช้อนควักไส้แตงร้านออกให้หมด
 2: ตำ รากผักชี กระเทียมพริกไทยเม็ดให้ละเอียด นำหมูสับลงไปตำและปรุงรสหมูสับด้วยน้ำมันหอย ตำให้ส่วนผสมเข้ากันและหมูสับมีความเหนียว
 3: นำหมูสับที่ปรุงรสแล้ว ไปยัดไส้ลงในแตงร้าน ให้
 4: นำน้ำเปล่าหรือน้ำซุปใส่หม้อ ตั้งไฟให้เดือด นำแตงร้านที่เรายัดไส้หมูสับแล้วมาต้ม หมั่นช้อนฟอง ปรุงรสด้วยซีอิ้วขาวและเกลือป่น รอจนหมูและแตงร้านสุก ยกลง ใส่ต้นหอมกับผักขีหั่นท่อน ตักใส่ชามเสิร์ฟ โรยพริกไทยป่น"
เทคนิคการทำ ไส้กรอก Home Made,"1: ไส้กรอก (Sausage) เมนูที่มีประวัติศาสตร์ดึกดำบรรพ์มาตั้งแต่ยุคบาบิโลเนีย (3500ปี ก่อน) ซึ่งนักโบราณคดีได้พบหลักฐานจากบันทึกในแผ่นหิน ส่วนทางฝั่งเอเชียคือจีน ก็พบบันทึกไม่ต่ำกว่า 2000 ปีเช่นกันคำว่า Sausage มาจากคำว่า Salsus ในภาษาลาตินแปลได้ว่า ""การเก็บรักษาเนื้อสัตว์โดยใช้เกลือ""บนโลกใบนี้น่าจะมีสูตรไส้กรอกอยู่เป็นพันๆหมื่นๆสูตร แล้วเเต่ขนบธรรมเนียมและวัฒนธรรมในแต่ละพื้นที่ว่าจะใส่อะไรลงไปบ้าง นะครับ
 2: ผมค้นพบวิธีการทำ ""เครื่องกรอกไส้กรอก"" ที่ยอดเยี่มมากเลยซาร่า วันนี้ก็เลยนำมาสาธิตให้ลองทำกัน ไม่ต้องลงทุนอะไรเลยใช้อุปกรณ์พื้นๆที่มีกันทุกบ้าน นั่นก็คือขวดน้ำนั่นเอง
 3: ถอดฝาออกมา เอามีดทำครัว เจาะฝาด้านบนมันออกก่อน
 4: เอาแค่พอขาดออก ไม่ต้องกลมมากก็ได้
 5: ใช้คัตเตอร์แต่งให้กลมๆอีกหน่อย เรียบร้อยละ สำหรับอุปกรณ์
 6: เวลาใช้ก็เอาไส้ครอบปากขวดลงไปก่อน แล้วปิดฝา มันก็จะล๊อค อยู่แบบนี้ครับ ไม่มีลื่นหลุด อย่างแน่นอน
 7: เอาเครื่องปรุงที่จะยัด ใส่กระบอกลงไป เอานิ้วยัดๆ แบบนี้ มันก็จะลงไปแล้ว แล้วก็รูดมันไปจนสุด ง่ายม๊ะ
 8: ปลายของไส้ มัดปมใว้ แล้วใช้ไม้จิ้มพันจิ้ม ก็อยู่แล้วคลีนๆเลย
บางทีเค้าใช้ด้าย แต่ด้ายคงไม่มีกันทุกบ้าน มัดก็ยาก และหายากกว่าไม้จิ้มฟันนะครับอย่าเอาเชือกฟาง เอาไรไปมันแบบรถเข็นนะ ย่างมาสารพิษทั้งนั้น
 9: แต่ละข้อก็ใช้ผูกปมในตัว คลีนๆ ไม่มีสิ่งแปลกปลอม
จบแล้วจ้า มาดูการเตรียมไส้ต่อได้เลยจ้า
 10: # ภาค2 การเตรียมไส้
ผมใช้ไส้อ่อนหมูครับ ทำง่าย ล้างง่าย ไม่คาว ไส้ 1 ขีดจะทำไส้กรอกได้ประมาณ 1 เมตรครับขั้นแรกจัดการ ลอกมันผังผืด ที่ติดมาออกให้หมดก่อนไม่มีไรมาก ดึงได้เลย ไม่ต้องกลัวขาด ไส้ที่ยังไม่สุกมันมีความเหนียวมากครับ
 11: รีดมันด้านในออกให้หมด แล้วคลุกเกลือ ล้างออก
 12: ใช้ตะเกียบ ดันกลับด้าน พลิกด้านในมันออกมา ล้างด้วยเกลืออีกรอบ
 13: ล้างด้านในเสร็จแล้ว ก็พลิกมันกลับตามเดิมนะ โดยใช้ตะเกียบแหย่เหมือนเดิมที่ต้องพลิกกลับอีกเพราะว่า ด้านในจะลื่นกว่าและยัดไส้ง่ายกว่า ส่วนด้านนอกจะสวยกว่า ย่างมาแล้วก็จะสวยงาม
 14: มีแค่นี้ละครับ ส่วนสิ่งที่จะนำมาทำ ทำได้ทุกไส้กรอกเลยจ้า ทั้งไส้อั่ว, ไส้กรอกอีสาน, ไส้กรอกข้าว, ไส้กรอกหมู, ไส้กรอกไก่, หรือไส้กรอกเยอรมันก็ได้หมดเลยจ้า
 15: # สูตรเครื่องของไส้กรอกอีสาน
1.หมูบดติดมัน 1 กิโลกรัม2.รากผักชี 2-3 ราก สับแล้วโขลกละเอียด3.กระเทียม 1 ถ้วย สับแล้วโขลกละเอียด4.พริกไทยบด 1 ช้อนโต๊ะ หรือป่นสำเร็จก็ได้5.น้ำตาลทราย 1/2 ช้อนโต๊ะ (หรือน้ำมันหอย 1 ช้อนแทนเลยก็ได้ ถ้าไม่ชอบติดหวาน)6.เกลือ 1/2 ช้อนโต๊ะ7.ข้าวสุก 2 ถ้วยหมูบด ถ้าซื้อมาจากตลาด นำมาสับต่ออีกนิดจะได้ texture ที่ทานอร่อยกว่าน้ำมานวดให้เข้ากัน ก็นำไปยัดได้แล้วครับ
 16: # สูตรเครื่องของไส้อั่ว
1.เนื้อหมูติดมัน 1 kg หรือสามชั้นบดเลย2.พริกแกง 3 ช้อน3.ซีอิ๊วขาว 1 ช้อนโต๊ะ4.น้ำปลา 2 ช้อนโต๊ะ5.ใบมะกรูดหั่นฝอย 3 ช้อนโต๊ะ6.รากผักชีซอยโขลกละเอียด 1 ถ้วย7.น้ำมันหอย 1 ช้อน8.ผงขมิ้น 1 ช้อนนำมานวดให้เข้ากันครับ
 17: พอยัดไส้เสร็จแล้วก็นำไปตากลมไว้ให้แห้ง สัก 2-3 ชั่วโมงครับ ครับ เสร็จแล้วจะเก็บในตู้เย็นก็ได้
 18: ก่อนนำไปย่าง อบ หรือทอด ให้ใช้ไม้จิ้มฟัน หรือส้อม จิ้มๆมันเพื่อเป็นรูระบายอากาศเวลาโดนความร้อนครับ ไม่งั้นมันจะแตกตอนปรุง
 19: ดูไส้กรอกข้าวสูตรกวางตุ้ง ได้ในเมนูถัดไปครับ"
ผัดกระเพราหมูสับใส่ถั่วฝักยาว,"1: เตรียมวัตถุดิบ หมูสับ ถั่วฝักยาวหั่นชิ้นเล็ก พริกกระเทียมโขลกหยาบๆ เครื่องปรุงรส
 2: นำพริกกระเทียมลงผัดกับน้ำมันพอหอม ใส่หมูสับลงผัด
 3: พอหมูสับเริ่มจะสุกใส่เครื่องปรุงรส ผัดต่อจนสุกเท่ากันหมด
 4: จากนั้นใส่ถั่วลงผัด
 5: พอถั่วเริ่มสุกใส่ใบกระเพราลงผัด ปิดไฟทันที ผัดต่อจนใบกระเพราสลด
 6: ตักขึ้นใส่จานรับประทานกับข้าวสวยร้อนๆ อร่อยมากค่ะ"
ปลาทอดกระเทียม,"1: -ซื้อปลาสด ให้แม่ค้าขอดเกล็ดและผ่าเอาไส้ออก
-นำปลามาล้างเมือกและเลือดให้สะอาด-ใช้ช้อนขูดเอาขี้ปลาดำๆออกให้หมด(ตรงเนื้อบริเวณที่ผ่าควักเอาไส้ออกไปแล้ว-บั้งปลาตามขวางแล้วนำเกลือป่นทาให้ทั่วตัวปลา พักปลาให้สะเด็ดน้ำ
 2: กระเทียม มาปอกเปลือกแข็งออก ให้ติดแต่เปลือกที่อ่อนๆ นำไปตำในครก พอหยาบๆ
 3: -ตั้งกระทะ ใส่น้ำมันกะให้ท่วมตัวปลา นำปลาลงทอดให้สุกเหลืองกรอบ
-เบาไฟ นำกระเทียมด้วยไฟอ่อน ให้สุกเหลืองกรอบ-ใช้กระชอน ตักกระเทียมพักไว้ให้สะเด็ดน้ำมัน
 4: -นำกระเทียมเจียวที่ยังอุ่นๆอยู่(ถ้ารอกระเทียมเย็นเกลือจะเป็นเม็ด)คลุกเคล้ากับเกลือป่นและพริกไทย จัดเสิร์ฟโดย นำปลาทอดวางบนจาน โรยกระเทียมเจียวลงบนตัวปลา"
น้ำกระทิทุเรียน,"1: เอาทุเรียนมาแกะเอาเม็ดออก
 2: เอาหางกระทิ ประมาณ 1/2 ลิตร มาตั้งไฟให้เดือด
 3: พอกระทิเริ่มเดือด ปรุงรสด้วยน้ำตาลปีบ เกลือ คนให้เข้ากัน จากนั้นใส่เนื้อทุเรียน
 4: เติมหัวกระทิ รอเดือดประมาณ 5 นาที
 5: รอเดือดชิมรสตามชอบใจ
 6: ตักเสริฟ์พร้อมข้าวเหนียวได้เลย"
แกงเห็ดระโงก (mushroom soup),"1: นำเห็ดระโงกมาล้างดินออกให้เกลี้ยง อย่างเบามือ ใช้มีดผ่าเห็ดดอกที่มีขนาดใหญ่ออก ให้มีชิ้นพอดีคำ
 2: ตั้งหม้อ ใส่น้ำเปล่า ต้มให้น้ำเดือด จากนั้นนำตะไคร้ซอย หอมแดง และพริกที่บุบแล้วลงไปต้มให้มีกลิ่นหอม
 3: เมื่อน้ำเดือดอีกครั้งใส่เห็ดลงไป ต้มจนเห็ดเริ่มสุก จากนั้นปรุงรส ด้วย น้ำปลาร้า เกลือ และ ผงชูรส
 4: ต้มต่อจนเดือด ชิมรสชาติ ระวังอย่าให้เค็มจัดจนเกินไป นำใบแมงลัก ใบติ้วใส่ลงไป คนให้ผักสลด
 5: ตักใส่ถ้วย พร้อมรับประทาน"
ต้มจืดฟักน่องไก่,"1: ตั้งหม้อไฟกลาง ตามด้วยน้ำเปล่า ราผักชี และซุปก้อน
 2: น้ำเดือดได้ที่ ใส่น่องไก่ลงไป
 3: เมื่อไก่เริ่มสุก ตามด้วยฟัก
 4: ตามด้วยเก๊ากี้ และเห็ดหอม ต้มไปเรื่อยไป ประมาณ 30 นาที ให้ฟักและไก่นุ่ม
 5: ช้อนฟองออกด้วยนะคะ
 6: เติมเกลือเล็กน้อย โรยพริกไทย ชิมรสตามชอบ
 7: ปิดไฟ ตามด้วยผักชี"
ผัดเห็ดรวมสารพัดประโยชน์,"1: ตั้งกระทะใส่น้ำมันลงไป พอกระทะเริ่มร้อนใส่กระเทียมสับลงไปผัดพอสุก
 2: ใส่เห็ดลงไปผัดปรุงรสด้วยซอสหอยนางรม ซีอิ้วขาว น้ำตาลทรายผัดให้เข้ากันจนสุกหรือปรุงรสตามใจชอบ
 3: ใส่พริกขี้หนูสับและใบโหระพาลงไปผัดคลุกเคล้าให้เข้ากัน ยกลงตักใส่จานพร้อมทานเลยจ้า"
หอยแมลงภู่นึ่งใบโหระพา,"1: หอยแมลงภู่ล้างให้สะอาด (หลายๆรอบ)

 2: ใส่โหระพาไว้ก้นหม้อใส่หอยแมลงภู่ทั้งหมด วางโหระพาอีกครึ่งด้านบน
ปิดฝาหม้อ (ไม่ต้องเติมน้ำ)
 3: ยกขึ้นเตาเปิดไฟแรงปานกลาง นึ่ง10นาที
(โดยไม่เติมน้ำ ไม่ต้องกลัวว่าไฟจะไหม้หม้อ เพราะน้ำอยู่กับหอยแมลงภู่เยอะจะไหลลงก้นหม้อ)
 4: สุกแล้ว หอยแมลงภู่นึ่งใบโหระพา"
เกาเหลาเนื้อตุ๋น,"1: เตรียมส่วนผสมและเครื่องปรุงสำหรับตุ๋นเนื้อ ล้างเนื้อให้สะอาดแล้วหั่นเป็นชิ้นๆ และหั่นหอมหัวใหญ่พักไว้
 2: จากนั้นนำเครื่องตุ๋นมาห่อด้วยผ้าขาวบาง ห่อและผูกให้แน่น
 3: ตั้งหม้อต้มน้ำให้เดือด นำส่วนผสมเครื่องตุ๋นเนื้อทั้งหมดลงไปต้มรอให้เดือดแล้วให้เนื้อวัว และเกลือป่นลงไปต้มให้เดือด จะมีฟองให้ตักฟองออก จะทำให้ทำซุปใส
 4: จากนั้นปรุงรสด้วยซอสปรุงรส ซอสน้ำมันหอย ซีอิ๊วดำ และน้ำตาลกรวดลงไป ปิดฝาใช้เวลาตุ๋นประมาณ 2-3ชั่วโมง
 5: ตุ๋นจนเนื้อเปื่อยได้ที่ ปิดเตา
 6: เตรียมส่วนผสมและเครื่องปรุงเกาเหลา ถั่วงอกลวก ผักบุ้งลวก กระเทียมเจียว ต้อมหอมผักชีซอย และลูกชิ้นเนื้อ
 7: ใส่ผักบุ้ง ถั่วงอกลวกลงไปในชาม แล้วตักเนื้อตุ๋นและน้ำซุป ลูกชิ้นเนื้อตามลงไป เพิ่มคววามหอมด้วยกระเทียมเจียวโรยผักชี ต้นหอม ปรุงรสเพิ่มด้วยเครื่องปรุง พริกป่น พริกไทย น้ำตาลทราย น้ำปลา พริกน้ำส้มได้ตามชอบ พร้อมเสริฟค่ะ"
ถั่วฝักยาวผัดกะปิกุ้งแห้ง (สูตรจันทบุรี),"1: เตรียมส่วนผสมให้พร้อมนะคะ นำถั่วฝักยาวมาหั่น ซอยหอมเล็กน้อยจะได้ตำง่ายๆ เอากุ้งแห้งเอาไปล้างน้ำก่อนด้วยนะคะ
 2: แล้วก็เอากระเทียมไปตำให้ละเอียด แล้วก็ตามด้วยหัวหอม และกะปิค่ะ
 3: นำกุ้งแห้งมาทอด กุ้งแห้งทอดให้พอเหลืองๆหน่อยค่ะ ถ้าเอาขึ้นเร็ว กุ้งแห้งก็แข็งเคี้ยวยาก เอาขึ้นช้าก็ไหม้ ระวังด้วยนะคะ ต้องเอาตะหลิวคอยเขี่ยๆไปมาในกะทะค่ะ เสร็จแล้วก็พักไว้
 4: ใส่น้ำมันในกระทะ แล้วกะเอากะปิที่เราตำไว้มาผัดให้มีกลิ่นหอมค่ะ
 5: แล้วก็ใส่ถั่วฝักยาวตามลงไป ปรุงรสด้วยน้ำตาล บางคนก็ใส่น้ำปลาเพิ่มแต่เราว่ากะปิกับกุ้งแห้งมีรสเค็มอยู่แล้วจึงไม่ใส่น้ำปลาแล้วค่ะ ใส่น้ำนิดหน่อย อย่าใส่เยอะนะคะ เดี๋ยวแฉะแล้วถั่วฝักยาวจะไม่กรอบค่ะ ใส่กุ้งแห้งที่ทอดไว้แล้วตามลงไปค่ะ
 6: พอถั่วฝักยาวเริ่มสุกก็ตักเสริฟกับข้าวสวยร้อนๆได้เลยค่ะ😊"
แกงปลาดุกใส่ใบยอ,"1: 1.หั่นปลาดุกเป็นแว่น แล้วนำมาล้างด้วยน้ำเกลือและน้ำเปล่าพักไว้ แล้วนำใบยอมาหั่นเป็นชิ้นขนาดตามภาพ
 2: 2.นำกะทิใส่หม้อ แล้วนำพริกแกงลงไปผัด
 3: 3.เมื่อผัดพริกแกงได้ที่แล้ว เติมน้ำเปล่าลงไปเล็กน้อย พอเดือดใส่ปลาดุกลงไป
 4: 4.รอจนปลาดุกเริ่มสุกจึงใส่ใบยอลงไป ปรุงรสด้วยน้ำปลา และน้ำตาล ชิมดูตามชอบ
 5: 5.เมื่อผักสุกเรียบร้อยก็ตักใส่จานพร้อมข้าวสวยร้อนๆได้เลยค่ะ"
ยำไข่ดอง,"1: นำไข่ไก่ดิบมาแยกไข่แดงออก (ใช้เพียงไข่แดงเท่านั้น)
นำไข่แดงไปแช่ในซอสถั่วเหลืองปริมาณพอปริ่มไข่แดงปิดภาชนะที่ใช้ดองด้วยแรป แล้วนำเข้าตู้เย็น ครบ 24 ชั่วโมงขึ้นไปไข่แดงจะเริ่มแข็ง
 2: คั่วกุ้งแห้งให้หอมกรอบ กะทะไม่ต้องใส่น้ำมัน พักไว้ให้เย็นแล้วบุบพอแตก
 3: นำหอมแดง กระเทียม พริกขี้หนู มาสับพอละเอียด ปรุงรสด้วย น้ำมะนาว น้ำตาลทรายเล็กน้อย น้ำปลาเล็กน้อย คลุกให้เข้ากัน3. นำเครื่องยำที่ได้ใส่ถ้วย จากนั้นผ่าไข่ดองที่ทำไว้ (ไม่ใช้ซอสดองไข่ทิ้งได้เลย) วางบนเครื่องยำ
 4: โรยหน้าด้วยกุ้งแห้ง ก่อนทานคลุกทุกอย่างให้เข้ากัน ทานแนมกับผักสดหรือ ผักลวกเจริญอาหารสุดๆ ค่ะ"
ลาบหนังหมู,"1: ต้มหนังหมูให้นิ่ม ใช้เวลาประมาณ 30 นาที เสร็จแล้วหั่นเป็นชิ้นๆ
 2: ตั้งหม้อใส่น้ำเปล่าและหมูสับลงไปรวนจนสุก
 3: นำหนังหมู หมูสับ และเครื่องปรุงทั้งหมดใส่ชามผสม คลุกเคล้าให้เข้ากัน เป็นอันเสร็จ"
สูตรหมักไก่ ให้นุ่มชุ่มชื่นแบบภัตราคารจีน,"1: ไก่ สโพกใก้หั่นชิ้นบางยาวเล็ก อย่าหนามาก อกหั่นแบนๆบางๆ ชื้นบางแต่ใหญ่ได้จะเหมาะกว่า
 2: ผสม แป้ง ไข่ขาว เกลือ น้ำตาล
 3: ตีให้เข้ากัน
 4: นำไปนวดกับไก่
 5: ใส่พริกไทย นวดจนทั่วทั่วแล้ว ค่อยใส่น้ำมันงา นวด แล้วใส่น้ำมันพืช นวดอีก
 6: เสร็จแล้วหมักทิ้งใว้สักครึ่งชั่วโมง ให้เข้าเนื้อ
แล้วถึงนำไปผัด หรือทำอาหาร หรือเก็บในตู้เย็น"
พริกแกงมัสมั่น​,"1: คั่ว ลูกผักชี​ เม็ดยี่หร่า​ เม็ดกระวาน​ กานพลู​ ลูกจันทน์​ ดอกจันทน์​ อบเชย​ ทีละอย่างในกระทะด้วยไฟอ่อนจนหอม​ จากนั้นตักขึ้นจากระทะโขลกจนละเอียด​ พักไว้
 2: จากนั้นโขลกพริกกับเกลือสมุทร​เข้าด้วยกันจนละเอียด​ ใส่พริกไทยขาวป่น​ ข่า​ ตะไคร้​ ผิวมะกรูด​ กระเทียมไทย​ หอมแดง​ ลงโขลกให้เป็นเนื้อเดียวกัน​ โดยค่อย​ ๆ​ ใส่ทีละอย่างตามลำดับ​ จึงใส่กะปิ​และเครื่องเทศที่พักไว้​ตาม จากนั้นโขลกจนส่วนผสมทุกิย่างเป็นเนื้อเดียวกัน​ ตักใส่ถ้วยเป็นอันเสร็จ"
ข้าวทอด,"1: นำข้าวสวยใส่ในภาชนะ ตามด้วยใบมะกรูด พริกแกง ไข่ไก่
ปรุงรสด้วย ผงปรุงรส และ น้ำตาลทราย เล็กน้อย คลุกเคล้าให้เข้ากัน
 2: ปั้นเป็นก้อนกลมๆ เตรียมไว้
 3: ผสมแป้งชุบทอด + น้ำเย็น คนให้เข้ากัน นำข้าวที่ปั้นไว้มาชุบสำหรับทอด
 4: ตั้งกระทะไฟกลางตามด้วยน้ำมันพืช นำข้าวลงไปทอด ให้เหลืองสุกน่ารับประทาน
 5: ตักขึ้นพักไว้
 6: ได้แล้วค่ะ ข้าวทอด สำหรับทำยำแหนมข้าวทอด"
น้ำผัดไทยสำเร็จรูป #ซอสมะขาม (เก็บใว้ใช้ ได้นาน),"1: มะขามเปียก
 2: ต้มแล้วบีบเอาแต่น้ำ ให้ได้น้ำมะขามเปรี้ยวเข้มข้นประมาณ1 ถ้วย
 3: น้ำตาลปี๊บ 1 ทัพพี
น้ำปลา 2 ทัพพี ถ้ายี่ห้อที่เค็มมากก็ลดเหลือทัพพีครึ่งซอสพริก 1 ทัพพี (ถ้าเด็กไม่ต้องใส่)
 4: น้ำพริกเผา 2 ช้อนโต๊ะ
 5: เคี่ยวสัก 15 นาทีเป็นอย่างต่ำ เพื่อฆ่าเชื้อโรค และเพื่อให้ส่วนผสมละลายเข้ากันเป็นการฆ่าเชื้อในระดับ พาสเจอไรซ์ (pasteurization) ซึ่งจะใช้วิธีเก็บอาหารในตู้แช่เย็นต่อ
 6: ทิ้งใว้จนเย็น ไม่ใช่ค่ำ 🤣
หาขวดโหลแก้วสูญญากาศสะอาดมีฝาปิดสนิดเก็บตู้เย็นช่องธรรมดาได้เป็นเดือนเก็บในช่องฟรีส ได้หลายเดือนอันนี้เป็นแบบเข้มข้นเลยนะครับ เวลาใช้ ผมสมน้ำเพิ่มจบแล้ว ง่ายจริงๆ ลงทุนน้อยทำง่ายมากๆ ทำขายดีไหมเนี่ย 😂😂😂
 7: เวลาจะใช้ก็แค่เจียวหอมแดง ผสมน้ำใส่เส้นตามลงไป
อ่านวิธีทำง่ายๆต่อได้ในสูตร- ผัดไทยโคราช- พาสต้าผัดไทย... ด้านบนเมนูของนี้เลยครับ"
กุ้งซอสมะขาม,"1: ผ่าหลังกุ้งและทำความสะอาด ชุบแป้งทอดกรอบและพักไว้
 2: ตั้งน้ำมันให้เดือด นำกุ้งลงทอด พอสุกสีเหลืองตักขึ้น และซับน้ำมัน
 3: ตั้งไฟอ่อน นำน้ำมะขามเปียกใส่น้ำปลา น้ำตาลปี๊บ เคี่ยวให้เดือดเล็กน้อย ตักขึ้นพักไว้
 4: ทอดหอมแดงซอย กระเทียมซอย พริกแห้ง และเม็ดมะม่วง พักไว้
 5: นำซอสมะขามมาราดบนตัวกุ้ง พร้อมตกแต่งด้วยพริกแห้งทอด หอมแดงทอด กระเทียมทอด และเม็ดมะม่วงทอด โรยผักชีบนด้านหน้า"
คางกุ้งทอดกรอบ,"1: ล้างคางกุ้งให้สะอาด พักในกระชอนให้สะเด็ดน้ำ
 2: หมักคางกุ้งด้วย เกลือป่น ผงปรุงรส พริกไทยป่น คลุกให้เข้ากัน
 3: ตามด้วยการใส่แป้งทอดกรอบลงไป คลุกเคล้าให้เข้ากันอีกครั้ง
 4: ตั้งกระทะใส่น้ำมัน ใช้ไฟกลาง ๆ รอให้น้ำมันร้อน นำคางกุ้งลงไปทอดจนเริ่มสุกสีสวย ให้เร่งไฟแรงขึ้น ทอดต่ออีกแค่สักแป๊บเดียว (เพื่อไม่ให้อมน้ำมัน) ตักขึ้นให้สะเด็ดน้ำมัน...จะทานเป็นกับข้าว หรือ ทานเล่น ๆ ก็อร่อยค่ะ"
มะระผัดไข่แต่ไม่ขม,"1: นำมะระไปล้างให้สะอาด และซอยบางๆ เสร็จแล้วนำไปขยำในน้ำเกลือ เพื่อลดความขมของมะระ
 2: นำกระเทียมมาสับหยาบ ใส่น้ำมันลงในกระทะ ใช้ไฟกลาง รอน้ำมันร้อน แล้วใส่กระเทียมลงไปเจียวให้พอเหลืองและหอม
 3: นำมะระลงผัดให้สุก ตามด้วยไข่ไก่ และยีไข่ให้สุก ปรุงรสด้วยน้ำตาลทราย ซีอิ๊วขาว ซอสปรุงรส ชิมตามชอบ"
ขนมครกสิงคโปร์,"1: หั่นใบเตยเป็นชิ้นๆ เอาเข้าเครื่องปั่นใส่น้ำ กรอกเอาแต่น้ำรอไว้เลย
 2: นำแป้งสาลี แป้งมัน มาผสมใส่กับผงฟู แล้วก็ร่อนทั้งหมดไว้ในชาม
 3: ใส่นำ้ตาล เกลือ ลงไปในแป้งคนให้เข้ากัน ใส่ไข่ไก่ น้ำมันพีช ลงไป นวดมือให้เข้ากัน
 4: ค่อยๆเติมกระทิ และนมสดรสจืดลงไป ใช้ตะกร้อตีมือคนๆตีๆ
 5: เสร็จแล้วใส่น้ำใบเตยลงไป ใช้ตะกร้อตีมือคนๆให้ส่วนผสมเข้ากันดี จนน้ำตาลละเอียดดีแล้ว เราก็พักแป้งไว้สัก10-15นาที
 6: ระหว่างรอขนม10-15นาที ก็เตรียมตั้งเตาเปิดเตาได้เลยค่ะ พอได้ที่ก็เริ่มหยอดขนมเลยค่ะ ใช้ไฟอ่อนๆนะค่ะเดี๋ยวขนมจะไหม้ หยอดเส็ดปิดฝาจะทำให้ขนมสุกไว พอสุกก็ใช้ไม้จิ้มฝันจิ้มขนมออกมาได้เลยจ้า"
น้ำพริกหมู(สูตรแม่แหม่ม),"1: 1.นำน้ำมันลงกระทะตั้งให้ร้อน
2.นำกระเทียมที่ตำกับหอมลงกระทะเจียวสักครู่3.นำเนื้อหมูที่สับละเอียดแล้วลงกระทะ คนให้เข้ากัน พอประมาณ4.นำมะเขือเทศที่หั่นแล้วลงกระทะ5.ใส่เครื่องปรุงทุกอย่างที่เตรียมไว้6.คนให้เข้ากัน รอให้หมูสุกได้ที่7.โรยผักชีต้นหอม8.เสร็จขั้นตอน"
ไก่ตุ๋นฟักมะนาวดอง,"1: ต้มน้ำ ใส่รากผักชี เม็ดพริกไทย กระเทียบบุบ กระเทียมดอง และเห็ดหอมลงไป
 2: พอน้ำเดือดให้ใส่ไก่ลงไป แล้วลดไฟอ่อน เคี่ยวต่อไปนาน 30-60 นาที
 3: นำฟักที่ปอกเปลือก หั่นชิ้น และมะนาวดองใส่ลงไป ตามด้วยน้ำกระเทียมดอง และน้ำมะนาวดองนิดหน่อยลงไป
 4: พอฟักสุก (สีใสขึ้น) ให้ใส่ผักชี ต้นห้อม และปรุงรสด้วยซีอิ้วขาว น้ำปลา น้ำมะนาวดองตามใจชอบ"
ไก่ผัดเม็ดมะม่วงหิมพานต์ (น้ำพริกเผา) Gai Pad Med Mamuang,"1: นำกระทะตั้งไฟ ใส่น้ำมันลงไป น้ำมันเริ่มร้อนให้ใส่เม็ดมะม่วงหิมพานต์ลงไปทอดให้สุกให้กรอบให้มีสีเหลืองทองพักไว้
 2: จากนั้นนำพริกที่หั่นท่อน แล้วเอาเมล็ดพริกข้างในออกให้หมด นำลงไปทอดกรอบ ให้มีสีสวย พอสุก ตักขึ้นพักไว้
 3: นำหอมหัวใหญ่ลงไปผัดให้พอสุก ตักขึ้นพักไว้
 4: น้ำพริกหวานสามสี ลงไปผัดไปทอดในน้ำมัน ถ้าเรานำไปลวกไปผัดในน้ำมันแบบนี้เวลาผัดมันจะไม่เหี่ยว มันจะทำให้มีสีสวย ผัดพอสุก
 5: นำแป้งทอดกรอบชุบไก่ให้ทั่วทุกชิ้น ชุบบางๆอย่างให้หนา (เราใข้วิธีนำแป้งทอดกรอบใส่ในกล่องพลาสติกแล้วนำเนื้อไก่ใส่ลงไป แล้วทำการเขย่า วิธีนี้ทำให้ไก่ทุกชิ้นโดนแป้งทั่วถึงและอีกอย่างแป้งไม่หนาด้วย)
 6: จากนั้นตั้งกระทะใส่น้ำมันลงไป พอน้ำมันร้อนได้ที่ นำไก่ที่ชุปแป้งแล้วนำไปทอด ทอดให้สุก ให้มีสีเหลืองทองสวยงาม จากนั้นตักขึ้นสะเด็ดน้ำมันพักไว้
 7: นำน้ำมันใส่กระทะเล็กน้อย เปิดเตา ใส่กระเทียมลงไปผัดให้หอม พอกระเทียมเริ่มสุกและมีกลิ่นหอมแล้ว ใส่ซอสหอยนางรม+ซีอิ้วขาว/ซอสปรุงรส+น้ำพริกเผา+เหล้าจีน+น้ำตาลทราย คนเคล้าส่วนผสมให้เข้ากัน ชิมรสชาติรสมารถเพิ่มเติมได้ ตามชอบ รอจนซอสเดือด ซอสเริ่มข้น
 8: จากนั่นใส่หอมหัวใหญ่+พริกหยวกพริกหวานสามสี+เมล็ดพุทราเชื่อมหรืออบแห้ง+ไก่ทอด ใส่ลงไป
 9: คนเคล้าส่วนผสมทั้งหมดให้เข้ากัน
 10: ใส่ เม็ดมะม่วงหิมพานต์ทอด+พริกแห้งทอดกรอบ+ลงไป
 11: คนเคล้าส่วนผสมทั้งหมดให้เข้ากัน
 12: จากนั้นใส่ต้นหอมซอยลงไป
 13: คนเคล้าส่วนผสมให้เข้ากันอีกครั้ง ปิดเตา
 14: ตักใส่จานพร้อมเสริฟ ความอร่อย😍❤🥰"
ข้าวผัดปลาทู,"1: ทอดปลาทูให้สุกเหลืองแล้วแกะเอาแต่เนื้อปลา
 2: ตั้งกระทะใส่น้ำมันเจียวกระเทียมให้พอหอม ใส่ข้าวสวยลงไปผัด ตามด้วยหน่อไม้ฝรั่ง และแครอทลงไปผัดให้เข้ากันและผัดจนผักสุก
 3: ปรุงรสด้วยน้ำปลา ซีอิ๊วขาวผัดคลุกเคล้า
 4: ใส่เนื้อปลาลงไปผัดต่อ
 5: ใส่ต้นหอมซอยลงไป ปิดเตาตักใส่จานพร้อมเสริฟค่ะ
 6: สำหรับจานของผู้ใหญ่โรยพริกขี้หนูกับหอมแดงซอย บีบมะนาวหน่อยช่วยเพิ่มรสชาติความอร่อย"
วุ้นเส้นผัดไข่,"1: พร้อม
 2: ใส่น้ำมันผัดกระเทียมให้หอมแล้วตอกไข่ลงไปให้เซ็ทตัวก่อนนะคะ
กระเทียมเยอะๆ หอมอร่อยดี
 3: ใส่ผักกาดขาวลงไป น่าจะสุกยากกว่าทักสิ่ง
 4: ใส่วุ้นเส้น เครื่องปรุงแล้วเติมน้ำด้วย
ตอนนี้ไข่น่าจะเริ่มติดกะทะหน่อยๆแล้วผัดให้เข้ากันค่ะ
 5: ตามด้วยมะเขือเทศ ต้นหอม คื่นช่ายลงไปผัด
 6: ผัดๆ ให้มันเข้ากัน พอผักสลดดีก็ปิดไฟ พร้อมหม่ำกันแล้วค่ะ ☺️"
น้ำพริกเห็ด😋,"1: 1.ย่างพริก,กระเทียม,หัวหอมและเห็ดฟาง ในกระทะเทฟล่อน
2.นำส่วนผสมในข้อ1มาตำให้ละเอียด3.ปรุงรสด้วยน้ำปลา น้ำมะนาว และเติมน้ำซุปเล็กน้อย4.โรยด้วยต้นหอมผีกชีเป็นอันพร้อมเสริฟค่า🤘🏼😋🤘🏼"
กุ้งผัดพริกขี้หนู,"1: นำพริกขี้หนู รากผักชี กระเทียม บุบรวมกัน ผัดในกระทะพอขึ้นหอม ไฟปานกลาง
 2: นำกุ้งลงผัด เร่งไฟแรงขึ้น
 3: ผัดให้เข้ากัน พอกุ้งเริ่มสุก
ปรุงรสด้วย น้ำมันหอย น้ำตาล ซีอิ้วขาว
 4: โรยพริกไทย ทีหลังสุดเพื่อให้ กุ้งผัดพริกขี้หนู กระเทียมยังมีความหอม
โรยผักชี พร้อมเสริ์ฟ"
แกงส้มผักบุ้งกุ้งลอยน้ำ,"1: นำผักบุ้งมาล้างแล้วตัดส่วนที่แก่โคนต้นทิ้ง หั่นเป็นชิ้นยาวพอดีคำ
 2: นำกุ้งมาปอกเปลือกเด็ดหัวออก แล้วล้างทำความสะอาด
 3: นำพริกแกงมาตำใส่กะปิ ใส่หัวหอม กระชายเพิ่ม เพื่อเพิ่มความหอม
 4: นำน้ำใส่หม้อตั้งไฟแรง พอน้ำเดือดตักน้ำมาใส่ถ้วยเพื่อแช่มะขามเปียกทิ้งไว้ แล้วใส่พริกแกงส้มลงไปในหม้อ คนให้ละลาย
 5: ใส่กุ้งลงไป พอเดือด ใส่มะขามเปียก น้ำตาลทราย น้ำปลา ปรุงรสตามชอบ
 6: ใส่ผักบุ้งลงไป และฉีกใบมะกรูดใส่ลงไป พอเดือดปิดไฟ ยกลงตักใส่จานพร้อมเสริฟ"
ส้มตำหมูยอ,"1: นำพริกกับกระเทียมโขลกรวมกันจนแหลก จากนั้นใส่กุ้งแห้งเนื้อลงไปตำ จากนั้นเริ่มปรุงรส
 2: ปรุงรสด้วยน้ำปลา น้ำตาลปีบ น้ำมะขามเปียก มะนาว น้ำปลาร้า คนจนได้ที่ ใส่มะเขือเทศกับถั่วฝักยาว ตำพอแหลก จากนั้นใส่เส้นมะละกอตำให้เข้ากัน
 3: จากนั้นใส่หมูยอ คลุกให้ทั่วและเข้ากัน จัดใส่จานพร้อมรับประทาน"
แกงเห็ดน้ำใบย่านาง,"1: ต้มน้ำใบย่านาง
 2: ระหว่างรอน้ำใบย่านางเดือด ให้นำหอมแดงมาตำให้ละเอียด ตามด้วยตำพริกแต่ไม่ต้องละเอียดมาก
 3: ใส่ฟักทอง, บวบ , ข้าวโพดอ่อนลงไป
 4: ตามด้วยเห็ด รอเดือดสักหน่อย จึงตามด้วยผักที่เหลือ
 5: ต้มจนเดือด แล้วชิมรสชาติ พร้อมปรุงรสตามใจชอบ(น้ำปลา)
 6: ตักเสริมพร้อมทานค่า"
กุ้งผัดกระเทียม,"1: ส่วนผสม
 2: เริ่มจากเจียวมันหมูก่อนค่ะ
 3: พอมันเริ่มเหลือง ใส่กระเทียมลงไปเจียวด้วยกัน
 4: เมื่อได้สีเหลืองกรอบ ตักพักไว้ให้สะเด็ดน้ำมัน
 5: เริ่มผัดกันเลยค่ะ โขลกกระเทียมพริกไทยรากผักชีรวมกัน ผัดกับน้ำมันหมูที่เจียวไว้
 6: พอกระเทียมเริ่มเหลือง ใส่มันกุ้งที่เตรียมไว้
 7: ใส่เครื่องปรุงทั้งหมดลงผัด
 8: พอผัดเข้ากันดีใส่กุ้งลงผัดจนสุก
 9: ผัดสุกแล้วเตรียมจัดเสริฟค่ะ
 10: ตักราดข้าวสวยร้อนๆ โรยด้วยกากหมูกระเทียมเจียวค่ะ"
มะระยัดไส้ไม่ขม,1: 1 หั่นมะระ ดึงไส้มันออกแล้วแช่ในน้ำ+ใส่เกลือ แช่สักครึ่งชัวโมว(ยิ่งนาน ยิ่งดี ล้างน้ำก่อน หรือ น้ำไปต้มน่ำแล้วทิ้ง ก่อน 1รอบ)2. นำหมูสับกับวุ้นเส้นมะผสมกัน นำมะระที่แช่น้ำเกลือ(ครึ่งชั่วโมง) มา เอาหมูวุ้นเส้นยัดใส่แน่นๆ3. ตำรากผักชีกับพริกไทย4.ตั้งหม้อใส่น้ำและปรุงรสตามใจชอบ ใส่รากผักชีที่ตำ ลงไป +ใสปลาหมึกแห้ง + กุ้งแห้ง( กุ้งเนื้อ) +กระดูกหมู5. น้ำเดือด ใส่มะระที่เตรียมไว้ลงไป เบาไฟ ต้มต่อให้มะระนิ่ม ประมาณ 1 ชั่วโมง
ยำไข่ต้ม 🥚,"1: ต้มไข่ยางมะตูม 10 นาที ปอกเปลือก ผ่าพักไว้
ตั้งหม้อต้มน้ำนิดเดียว รวนหมูบดพอสุก ปิดไฟ
 2: เติมน้ำตาล น้ำปลา คนให้ละลาย เติมมะนาว
 3: ใส่พริกซอย ชิมรสตามชอบ
 4: ไข่ต้ม โรยหน้าด้วยหอมแดงซอย ต้นหอม ผักชีซอย
 5: ราดน้ำยำ เสร็จพร้อมเสริฟ"
ข้าวผัดซีอิ๊วดำ,"1: เตรียมส่วนผสมและเครื่องปรุง ล้างผักให้สะอาด หั่นผักคะน้าเป็นท่อนๆ และหั่นมะเขือเทศเป็นชิ้นๆ พักไว้
 2: ตั้งกระทะใส่น้ำมันพืชเจียวกระเทียมให้พอหอม ใส่หมูลงไปผัดให้พอสุก ตอกไข่ไกลงไป ยีให้ใข่รอให้ไข่เซ็ตตัว ผัดรวมกับหมูให้เข้ากัน แล้วใส่ข้าวลงไปผัดคลุกเคล้าให้เข้ากัน
 3: ปรุงรสด้วย ซีอิ๊วดำ ซีอิ๊วขาว น้ำปลา น้ำตาลทรายแล้วผัดให้เข้ากัน
 4: จากนั้นใส่ผักคะน้า หอมหัวใหญ่ และมะเขือเทศ ลงไปผัดคลุกเคล้า
 5: ผัดเสร็จตักใส่จาน ขาดไม่ได้เลยคือ แตงกวากับพริกน้ำปลา บีบมะมาวเข้าไปหน่อย อร่อยสุดๆ"
สันคอหมูย่าง,"1: นำสันคอหมูมาทำความสะอาด แล้วเตรียมตำพริกไท กระเทียมรากผักชีแล้วพักไว้
 2: นำเครื่องปรุงน้ำตาลปี๊บ น้ำปลาดี น้ำมันหอย ซีอิ๊วขาว ซีอิ๊วดำมาผสมให้เข้ากัน
 3: นำส่วนผสมข้อ 2 มาเทใส่ข้อ 1 คลุกเคล้าให้เข้ากัน โดยการขยำหมูประมาณ 5 นาที จนรู้สึกว่านำปรุงเข้าเนื้อ แล้วนำเข้าตู้เย็นหมักไว้อย่างน้อย 2 ชม.ก่อนนำมาย่าง
 4: เมื่อครบตามเวลาแล้วให้นำหมูมาย่างบนเตาอบไฟฟ้าใช้ไฟอ่อน ไม่นานก็สุก"
กุ้งอบวุ้นเส้น,"1: ตำกระเทียม + พริกไทยเม็ด + รากผักชี ให้ละเอียด
 2: แช่วุ้นเส้นให้นิ่มด้วยน้ำเปล่า 1 ชาม ปรุงรสด้วยเครื่องปรุงทั้งหมด
 3: ใช้กระทะเทฟล่อน ผัดหมูสามชั้นให้สุก น้ำมันจะออกมาเองค่ะ
 4: ใส่สามเกลอลงไป
 5: ใส่ขิง และกุ้งลงไปผัดแค่แปปเดียว ให้กุ้งเริ่มเปลี่ยนเป็นสีแดง (อย่าให้กุ้งสุกนะคะ)
 6: ใส่วุ้นเส้นลงไป คนให้เข้ากันและปิดฝา รอจนกว่าน้ำจะแห้งค่ะ
 7: โรยต้นหอมลงไป และรออีกแปปเดียว และปิดไฟเลยค่ะ
 8: เสร็จแล้วค่า อิ่มอร่อยทั้งครอบครัวค่า"
พะแนงไก่มะเขือเปาะ,"1: ผ่ามะเขือเปาะเป็น4ส่วนแล้วนำไปล้าง ทำความสะอาด
 2: นำพริกแกงกับกะทิลงในกระทะ เคี่ยวไปเรื่อยๆจนมีกลิ่นหอมและเป็นเนื้อเดียวกัน
 3: นำอกไก่ที่หั่นเป็นชิ้นพอคำแล้วลงผัดกับพริดแกง ตามด้วยผงปรุงรสและน้ำตาล
 4: ผัดไปเรื่อยๆจนเนื้อไก่เริ่มสุก จากนั้นใส่มะเขือเปาะลงไป ตามด้วยน้ำเปล่า ปิดฝาหม้อ รอจนมะเขือจะสุก
 5: เมื่อมะเขือเปาะสุกแล้วให้ปิดเตา แล้วใส่โหระพาลงไป
 6: คนให้เข้ากัน ตกแต่งด้วยใบโหระพาและพรกชี้ฟ้าเสิร์ฟได้"
หมูผัดผงกะหรี่,"1: เปิดแก๊สใส่น้ำมันมะกอกลงไปในกระทะ
 2: นำเนื้อหมูสันในที่หั่นไว้แล้ว ไปผัดจนสุก
 3: ตอกไข่ไก่สดลงไปผัดให้เข้ากัน
 4: ต่อด้วยผงปรุงรส น้ำมันหอย น้ำตาลทราย และซอสปรุงรส ผัดให้ส่วนผสมเข้ากัน
 5: จากนั้นใส่ผงกะหรี่ลงไป
 6: ใส่หัวหอมใหญ่ และต้นหอมที่ซอยผัดให้ส่วนผสมเข้ากัน
 7: ปิดแก๊ส ยกลงตักเสิร์ฟใส่จาน พร้อมรับประทานคู่กับข้าวสวยร้อนๆ"
เสือร้องไห้น้ำจิ้มขม,"1: นำเนื้อเสือร้องไห้มาหมักด้วยซอสหอยนางรม และพริกไทย เวลา 30 นาที
 2: นำเนื้อเสือร้องไห้มาย่างด้วยเตาถ่าน หากทานเองสามารถย่างความสุกตามชอบได้
 3: ระหว่างการย่าง หันมาทำน้ำจิ้มขม โดยนำพริกป่น น้ำปลา น้ำตาลทราย ข้าวคั่ว น้ำมะนาว ผสมเข้าด้วยกัน แล้วใส่ผงปรุงรส (หากไม่ทานผงชูรสก็ไม่ต้องเติมลงไป) และดีวัว ค่อยๆปรุงจนได้รสที่ต้องการ
 4: นำเนื้อที่ย่างมาหั่นเป็นชิ้น เสิร์ฟพร้อมน้ำจิ้มขมรับประทานพร้อมเครื่องดื่ม"
ปลาหมึกผัดพริกเผา,"1: ตั้งกระทะเติมน้ำมันลงไปพอประมาณ...พอน้ำมันร้อน...ใส่กระเทียมลงไปเจียวพอส่งกลิ่นหอม
 2: ตามด้วยหอมใหญ่ลงไปผัดจนเริ่มใสเล็กน้อย
จึงใส่ปลาหมึกตามลงไป...ผัดไปมาจนปลาหมึกเริ่มจะสุก
 3: ใส่น้ำพริกเผาตามลงไป
ปรุงรสด้วยน้ำปลา น้ำตาลทราย ผัดจนนัวเข้ากันดี...จึงใส่ต้นหอมลงไป
 4: ชิมรสชาติ ให้ได้รสชาติกลมกล่อม...หวานเล็กน้อย เผ็ดหน่อย ๆ เค็มนิด ๆ
 5: เสร็จแล้วตักใส่จานเสิร์ฟได้เลยค่ะ...จะกินกับข้าวสวยร้อนๆ หรือจะลวกเส้นหมี่เอามากินกับจานนี้ก็อร่อยเริ่ดค่ะ"
ต้มเนื้อเปื่อย,"1: ใส่ตะไคร้, ใบมะกรูด, หอมแดงบุ ลงในน้ำ
 2: เมื่อน้ำเริ่มเดือดใส่เนื้อที่หั่นเตรียมไว้แล้ว ใส่เกลือ
 3: ปรับไฟกลาง ต้มต่อไป 2 ชั่วโมง
 4: ใส่เห็ด ต้มต่อ 5 นาที
 5: ปรุงรสด้วยน้ำมะขามเปียก, ผงปรุงรส, น้ำปลา, พริกขี้หนูบุ, ตั้งโอ๋ซอย แล้วปิดแก๊ส เป็นอันเสร็จ"
น้ำพริกปลาย่าง,"1: -เนื้อมะขามเปียก แกะเอาแต่เนื้อ(เม็ดกับส่วนที่เป็นเส้นใยเอาทิ้งไป)สับเนื้อมะขามเปียกให้เป็นชิ้นๆ-ปอกหัวหอม-ปอกกระเทียม
 2: ปลาย่าง นำไปตำหรือปั่นให้ป่นละเอียด
 3: -หัวหอม กับ กระเทียม นำไปคั่วให้สุกหอม
-พริกทั้ง 2 อย่าง นำไปคั่วให้สุกหอม
 4: -โขลก หัวหอม+กระเทียม+พริกขี้หนูแห้ง+พริกแห้งใหญ่+เกลือป่น ให้เข้ากัน

 5: -ตั้งกระทะ ใส่น้ำมัน เทน้ำพริกที่ตำลงผัด ให้สุกหอม
-ใส่เนื้อปลาป่น ผัดให้ส่วนผสมเข้ากัน-ใส่เนื้อมะขามเปียกลงผัดต่อให้ส่วนผสมเข้ากันทั้งหมด-ชิมรสให้ได้ตามชอบ-ตักเสิร์ฟ ทานกับไข่ต้มและผักสดที่ชอบ"
ผัดแตงกวาหมูสับใสไข่,"1: ล้างแตงกวาให้สะอาดปอกเปลือกหั่นแตงกวาเป็นชิ้นๆเฉียงพักไว้ ตั้งกระทะใส่น้ำมันเจียวกระเทียมพอหอม
 2: ใส่หมูสับ ปรุงรสด้วยซีอิ๊วขาว ซอสหอยนางรม น้ำตาล ผัดคลุกเคล้าให้เข้ากัน ใส่แตงกวาและแครอทลงไปผัดต่อ
 3: จากนั้นตอกไข่ลงไป ใช้ตะหลิวยีให้ใข่ขาว ไข่แดงเข้ากันแล้วผัดคลุกเคล้ากับแตงกวา ใส่น้ำเปล่าลงไปเล็กน้อยผัดต่อแล้วตักใส่จานพร้อมเสริฟ"
แกงป่าหมู,"1: เตรียมวัตถุดิบ
1. กระชาย :: ซอยกระชาย2. ถั่วฝักยาว :: หั่นถั่วฝักยาว3. ใบกระเพรา :: เด็ดใบกระเพรา4. พริกชี้ฟ้าแดง :: หั่นพริกชี้ฟ้าแดงให้เฉียง5. มะเขือเปราะ :: หั่นมะเขือเปราะออกเป็นสี่แฉก6. เนื้อหมู :: หั่นเนื้อหมูเป็นชิ้นพอดีคำ
 2: นำพริกแกงป่าไปละลายน้ำ
 3: ตั้งหม้อใช้ไฟปานกลาง เทพริกแกงป่าลงไป คนให้เข้ากันจนเดือด
 4: ใส่เนื้อหมูลงไป คลุกเคล้าให้เข้ากัน จนเนื้อหมูสุก
 5: ใส่มะเขือเปราะลงไป
 6: ใส่มะเขือพวงลงไป
 7: ใส่ถั่วฝักยาวลงไป
 8: ใส่พริกชี้ฟ้าลงไป
 9: ใส่พริกไทยเม็ดลงไป
 10: ปรุงรสด้วยน้ำปลา
 11: ใส่กระชายหั่นซอยลงไป
 12: ใส่ใบกระเพราลงไป
 13: ให้เดือดสักพัก ค่อยปิดไฟ
 14: ตักเสิร์ฟใส่ชาม"
แกงหมูชะมวง,"1: เอาพริก หอมแดง กระเทียม ข่า และตะไคร้มาคั่วในกระทะให้หอม
 2: แล้วเอาสมุนไพรที่คั่วแล้วมาโขลก เมื่อเริ่มละเอียดให้ใส่กะปิลงไปโขลกซ้ำแนะนำให้ใส่เกลือเม็ดหยาบลงไปก่อน ตามด้วยพริก พอโขลกเริ่มละเอียด แล้วค่อยใส่ข่า ตะไคร้ หอมแดง ปละกระเทียมตาม
 3: เอาเครื่องแกงที่ได้ (ข้อ 2) ไปผัดให้หอมขึ้น แล้วเอาขาหมูลงไปผัดตาม
 4: เติมน้ำลงในกระทะให้ท่วม (อาจย้ายลงหม้อ) พอหมูเริ่มนิ่มให้ปรุงรสด้วยน้ำตาล น้ำปลาให้รสค่อนข้างจัด โดยให้หวานนำ
 5: พอเริ่มเดือดอีกครั้งให้ใส่ใบชะมวงฉีกลงไป ต้มไปสักครู่ หากไม่เปรี้ยวให้ใส่เติมลงไปอีก
 6: เคี่ยวต่อไปเรื่อยๆ จนขาหมูเปื่อยดี และมีรสชาติ หวาน เปรี้ยว เค็ม กลมกล่อม เมื่อทานไม่หมดก็เคี่ยวได้อีก ไม่ต้องกังวลว่าใบชะมวงจะเละกินกับข้าวสวยร้อนๆอร่อยมาก"
หน่อไม้ฝรั่งผัดน้ำมันหอย,"1: ล้างหน่อไม้ฝรั่ง หั่นใช้ส่วนยอดหน่อไม้ และ ปอกเปลือกส่วนล่างบางส่วน
 2: ตั้งกระทะไฟปานกลาง เจียวกระเทียมที่สับทั้งเปลือกกับน้ำมันพืช เวลาผัดจะหอมกว่า
 3: ใส่หน่อไม้ฝรั่งลงไปผัดพร้อมน้ำมันหอยจนหน่อไม้สุก ปรุงรสด้ายน้ำตาลทราย/น้ำปลา ตามชอบ ตักใส่จานเป็นอันเสร็จ"
ผัดฉ่าหมู,"1: เตรียมหั่นเครื่องปรุงทุกอย่างให้พร้อม
 2: นำน้ำมันพืชใส่กะทะตั้งไฟ ใส่กระเทียมลงไปเจียวให้หอม ใส่เนื้อหมูลงไปผัดให้พอสุก
 3: ใส่เครื่องปรุงทุกอย่างลงไปผัดกับหมู ได้แก่ น้ำปลา ซอสหอยนางรม น้ำตาล ผงปรุงรส สักพักใส่มะเขือเปาะ และมะเขือพวง
 4: พอมะเขือเริ่มสุกใส่พริกไทยสด กระชาย ใบมะกรูด และพริกชี้ฟ้า ผัดให้เข้ากันเป็นอันเรียบร้อย"
หมูย่างพริกไทยดำ,"1: นำหมูมาหั่นเป็นชิ้น
 2: นำพริกไทยดำ กระเทียม และรากผักชีมาโขลก เพื่อจะนำไปหมักหมู
 3: นำส่วนผสมที่โขลกไว้ + เกลือ + รสดี +ซอสหอยนางรม มาหมักกับหมูที่เราหั่นไว้คะ
 4: นำหมูที่หมักไว้ มาย่างให้สุก (กลิ่นจะหอมกรุ่นทั้งบ้าน555)"
ขนมจีนน้ำยากะทิไก่,"1: นำอกไก่ กระชาย ตะไคร้ พริกแห้ง หัวหอมแดง ข่า กระเทียม ลงไปต้มในน้ำเดือด
 2: นำขึ้นมาปั่นให้เข้ากัน ตอนปั่นใส่น้ำต้มลงไปด้วย
 3: เตรียมกะทิใส่หม้ออีกหนึ่งใบ ก่อนจะเทีรวมกันให้นำน้ำต้มไก่ที่เหลือลงไปเคี่ยวในเครื่องแกงจนเดือด จากนั้นจึงเทลงไปในกะทิ ต้มจนเดือด
 4: ปรุงรสให้ได้ตามใจชอบ
 5: ใส่ลูกชิ้นปลาลงไปต้มจนลูกชิ้นสุด
 6: ฉีกใบมะกรูดลงไป
 7: เสิร์ฟพร้อมผักสด ไข่ต้ม และขนมจีน"
น้ำจิ้มซีฟู้ด,"1: นำพริกขี้หนูสวนใส่ลงไปในครก ตามด้วยกระเทียม และรากผักชีโขลกหยาบ ๆ
 2: ปรุงรสด้วยน้ำตาลปี๊บ น้ำปลา น้ำมะนาว และผักชีสับคนให้เข้ากัน

 3: - เสิร์ฟคู่กับอะไรก็อร่อย ""ปูไข่นึ่ง""
 4: - เสิร์ฟคู่กับอะไรก็อร่อย ""ปูไข่ดอง""
 5: - เสิร์ฟคู่กับอะไรก็อร่อย ""กุ้งอบชีส""
 6: - เสิร์ฟคู่กับอะไรก็อร่อย ""ปูไข่นมสด"""
หลนหมูสับป๊อกป๊อก,"1: ตั้งกระทะ ใส่กะทิ
 2: ใส่หมูสับ
 3: พอหมูสุกใส่ ใบมะกรูด พริก หอมแดง หอมใหญ่ รอเดือดอ่อนๆใส่น้ำมะขามเปียก น้ำตาลปี๊ป ปรุงรสชาดตามใจชอบค่ะพอส่วนผสมนิ่มดีแล้วปิดไฟ ตักเสริฟเลยค่ะ"
ต้มยำเห็ดน้ำข้นใส่กุ้ง,"1: เตรียมเครื่องต้มยำ​ ทุบตะไคร้หั่นเป็นท่อน​ ทุบหอมแดง​ หั่นข่าเป็นแว่น​ ขยำใบมะกรูด​ ใส่ลงในหม้อที่ใส่น้ำไว้แล้ว​ ต้มให้เดือด​ ตักเครื่องบางส่วนออก​ ตามด้วยซุปก้อน​คนอร์
 2: เมื่อเดือดใส่กุ้งสด​ และเห็ดฟางลงไป​
 3: เมื่อเดือดอีกครั้ง​ ปรุงรสด้วย​น้ำพริก​เผา​ น้ำปลา​ น้ำตาลเล็กน้อย​ ชิมรสตามชอบ
 4: ใส่นมข้นจืด​ลงไป​ รอให้เดือดอีกครั้ง​ ใส่น้ำมะนาวแล้วปิดไฟ
 5: หั่นผักชี​ ผักชีฝรั่ง​ ทุบพริกสดใส่ชาม
 6: ตักต้มยำใส่ในชามที่เตรียมไว้ โรยหน้าด้วยผักชี"
ไข่เจียวชะอมกรอบ,"1: เด็ดชะอมเอาเฉพาะยอดอ่อนๆ แช่และล้างน้ำหลายๆรอบก่อน แล้วพักไว้ให้สะเด็ดน้ำ
 2: ตอกไข่ใช่ชาม และตามด้วยชะอม ตีส่วนผสมให้เข้ากัน
 3: ปรุงรสด้วยน้ำปลา ตีให้เขากัน
 4: ตั้งกระทะใส่น้ำมันให้พอท่วมไข่ รอให้น้ำมันร้อนแล้วเทไข่ลงไป เกลี่ยชะอมให้กระจายทั่ว หรี่ไฟลงเป็นไฟกลาง
 5: พอไข่ด้านล้างเริ่มเหลืองสุก ค่อยๆพลิกอีกด้านลงไปทอดให้สุก แล้วตักขึ้นพักไว้
 6: จากนั้นนนำไข่เจียวชะอมมาหั่นเป็นชิ้นๆ สี่เหลี่ยม
 7: นำไข่เจียวชะอมที่หั่นเตรียมไว้ไปคลุกแป้งทอดกรอบ ชุบไข่ คลุกแป้งทอดกรอบอีกที ชุบไข่อีกรอบ แล้วนำไปคลุกกับเกล็ดขนมปัง
 8: ทำไปเรื่อยๆจนไข่ชะอมหมด
 9: ตั้งกระทะใส่น้ำมันให้ร้อน แล้วนำไข่เจียวชะอมที่ชุบแป้งลงไปทอด
 10: ทอดให้สุกเหลืองกรอบทั้งสองด้าน ตักขึ้นพักไว้ให้สะเด็ดน้ำมัน
 11: จัดใส่จาน ทานคู่กับน้ำพริก ทานเป็นกับข้าว ได้หมด อร่อยชัวร์ค่ะ"
หมูผัดพริกหวาน,"1: หั่นส่วนผสมทั้งหมด
 2: ตั้งกระทะไฟกลาง ตามด้วยน้ำมันถั่วเหลือง และกระเทียม ผัดจนหอม
 3: และเทส่วนผสมทั้งหมดลงไป
 4: ปรุงรสด้วย คนอร์ซอสข้นปรุงรส และ น้ำตาลทราย ปรับไฟเป็นไฟอ่อน รอจนทุกอย่างสุก ชิมรสตามชอบ
 5: เสร็จแล้วค่า"
หมูผัดพริกไทยดำ,"1: 1. ตั้งกระทะให้ร้อน ใส่น้ำมันลงไป ใส่กระเทียมสับลงไปเจียวให้เหลือง หอม
 2: 2. ใส่หมูหั่นชิ้นลงผัดจนสุก

 3: 3. ปรุงรสด้วย น้ำตาลทราย ซอสปรุงรส น้ำมันหอย ผัดจนเข้ากันดี

 4: 4. ใส่ หอมใหญ่ พริกหวาน พริกไทยดำ และต้นหอม ผัดจนมีกลิ่นหอม ปิดไฟได้"
มะละกอผัดไข่,"1: สับมะละกอเป็นเส้นๆเหมือนทำส้มตำ
 2: ตั้งกระทะ ใส่น้ำมันพอกระทะร้อนใส่กระเทียมลงไปเจียวพอเหลืองๆ ใส่ไข่ไก่ลงไป คนๆให้ไข่แตก
 3: ใส่มะละกอสับลงไป ผัดจนมะละกอสุก
 4: ปรุงรสด้วยน้ำมันหอย ซีอิ๊วขาว น้ำตาลเล็กน้อย
 5: ผัดจนเครื่องปรุงเข้ากันและมะละกอสุก ชิมรสและตักใส่จานพร้มเสิร์ฟเลยค่ะ"
หมูฝอย ไก่ฝอย เนื้อฝอย,"1: -นำเนื้อหมูไปต้มหรือนึ่งให้สุก พักให้อุ่นๆ(ถ้าต้มต้องพักให้เนื้อหมูสะเด็ดน้ำก่อนนำมาฉีก ตอนต้มใส่เกลือลงนิดหน่อย )-นำมาทุบเบาๆ แล้วฉีกเป็นเส้นๆ
 2: -ใส่หมูลงกระทะ(ยังไม่เปิดไฟ)ใส่น้ำตาลทราย+เกลือป่น+ผงคนอร์อร่อยชัวร์+ใส่น้ำมัน คนให้ส่วนผสมเข้ากัน-นำขึ้นตั้งไฟ ใช้ไฟกลาง พอน้ำมันเริ่มจะร้อน เราต้องคอยคนตลอดเวลา ใช้ตะหลิวหรือไม้ 2 อัน หมั่นคน พลิกและยี ต้องใช้ 2 มือ พร้อมหัน
 3: พอน้ำมันเริ่มเดือด ก็ใส่หอมแดงลงไป เบาไฟให้อ่อนสุด ต้องคอยคนและพลิกเนื้อหมูตลอดเวลา ห้ามทิ้งไปไหน
 4: พอสีน้ำตาลได้ตามต้องการ ตักใส่ ภาชนะที่มีรูวางและเราต้องวางไว้บนภาชนะที่จะรับน้ำมันได้ นำหมูที่ทอดใส่ลงในภาชะที่มีรู ใช้ทัพพีบีบหรือกดเนื้อหมูให้ไล่น้ำมันออก ให้หมด
 5: นำไปวางบนกระดาษทิชชูซับมัน เกลี่ยให้เนื้อหมูกระจายตัวออกจากกันไม่ติดเป็นก้อน พักให้เย็น เก็บในภาชนะ ปิดฝาไว้รับประทาน"
แกงเผ็ดหมูใส่หน่อเหลียง,"1: ตั้งหางกะทิให้เดือด
ถ้าไม่มีกะทิคั้น ก็ซื้อกะทิกล่องแล้วมาแบ่ง ผสมน้ำเพื่อให้กลายเป็นหางกะทิ
 2: ใส่พริกแกงเผ็ดลงไปผัดให้สุก ให้มีกลิ่นหอมของพริกแกง เป็นใช้ได้ พร้อมใส่เนื้อหมูแล้ว
 3: เมื่อกะทิเดือดแล้ว ก็ใส่เนื้อหมูลงไป ปรุงรสด้วย เกลือ น้ำตาล
 4: เปิดไฟแรง แล้วใส่หน่อเหลียง พระเอกของเรา ตั้งไฟให้เดือด
แล้วใส่หัวกะทิลงไปตามชอบ
 5: ใส่ใบโหระพา พริกชี้ฟ้า (ถ้ามี) ปิดไฟ ยกลง ตักใส่ชาม"
ยำมะเขือยาวเผาไข่ต้ม,"1: -นำมะเขือยาวไปล้างน้ำให้สะอาด แล้วก็เอาไปย่างบนเตาถ่าน ย่างทั้งเปลือกเลย ดูให้ข้างในสุกเปลือกข้างนอกไหม้ๆ-มะเขือยาวที่เผาไปล้างน้ำ ลอกเปลือกออกเหลือแต่ตัวเนื้อข้างใน หั่นเป็นท่อนตามชอบ จัดลงบนจาน
 2: -หมูสับ นำไปรวนให้สุก
-ซอยใบมะกรูด พริกขี้หนู หัวหอม
 3: -นำหมูสับที่รวนแล้ว ใส่ลงในชามผสม ปรุงรสด้วย น้ำปลา น้ำตาลทราย น้ำมะนาว พริกขี้หนูซอย. คลุกเคล้าให้เข้ากันและปรุงรสให้ได้ตามชอบ-เมื่อได้รสที่ถูกใจ ใส่หัวหอมซอย ลงคลุกเคล้าอีกครั้ง-นำไปราดลงบนมะเขือที่เราจัดลงจาน โรยด้วยใบมะกรูดซอย
 4: เวลาทานมักจะทานคู่กับไข่ต้มจะเข้ากันสุดๆ"
ผัดชะอมวุ้นเส้นหมูสับ,"1:  1
- ตั้งกระทะใส่น้ำมัน รอจนน้ำมันร้อน ใส่กระเทียมสับลงไป ผัดจนมีกลิ่นหอม สีเหลืองสวย
 2:  2
- ใส่หมูสับที่เตรียมไว้
 3:  3
- นำวุ้นเส้นที่แช่ไว้จนนิ่มแล้วใส่ลงในกระทะ- ตามด้วยเครื่องปรุง น้ำตาลทราย ซอสหอยนางรม ซอสปรุงรส
 4:  4
- นำชะอมที่เด็ดเอาแต่ยอดอ่อนไว้ใส่ลงในกระทะ- ผัดคลุกเคล้าจนเข้ากันดี พอชะอมเริ่มสุกก็ตักขึ้นใส่ภาชนะได้เลยค่ะ
 5: เท่านี้ก็จะได้เมนูที่ทำง่าย ใช้วัตถุดิบน้อย และใช้เวลาไม่มาก ลองปรุงทานนะคะ"
ปลาซาบะนึ่งมะนาว,"1: มาเตรียมวัตถุดิบหลักๆกันค่ะ
 2: นำปลาซาบะ มาบั้งเป็นแนวขวางตามสวยงาม และนำมานึ่งให้ปลาสุก
 3: มาทำส่วนน้ำ กันค่ะ
1. ตำพริกกับกระเทียม2. ละลายน้ำตาลทรายกับน้ำอุ่น3. บีบมะนาว4. ใส่ซีอิ๋วขาว5. เทส่วนผสมทุกอย่างรวมกัน
 4: หลังจากนั้นพอเรานึ่งปลาจนสุกแล้ว ให้เทน้ำยำที่เตรียมไว้ และขึ้นฉ่ายบนปลาค่ะ และอุ่นต่ออีกประมาณ 5 นาที เป็นอันเสร็จค่ะ"
ปลาทับทิมทอดราดซอสมะขาม,"1: ผสมน้ำกับเกลือป่น คนให้ละลายเข้ากัน นำไปล้างปลา
เสร็จแล้วใส่จานพักไว้ให้เนื้อปลาแห้งหมาดๆ
 2: ปลาทับทิมหั่นชิ้นขนาดพอดีคำ
 3: นำปลามาคลุกกับแป้งทอดกรอบคนอร์
 4: ตั้งน้ำมันให้ร้อน นำปลาลงทอดให้เหลืองกรอบ ตักขึ้นใส่จานพักไว้
 5: ทอดปลาให้เหลืองกรอบ ตักขึ้นใส่จานพักไว้
 6: ผสมน้ำมะขาม น้ำปลา น้ำตาลปี๊บ พริก หอมเจียว กระเทียมเจียว และน้ำลงในหม้อนำไปตั้งไฟเคี่ยวให้เหนียวยกลงพักไว้
 7: ตักซอสมะขามสำหรับราดบนเนื้อปลาใส่ถ้วยเวลาทานค่อยทานก็ตักราดบนเนื้อปลา
(ปลาจะได้กรอบๆ)
 8: ประกอบร่างปลา (เหมือนเดิม เพิ่มเติมคือน่าทาน)

 9: โรยหน้าด้วยกระเทียมเจียว หอมเจียว ตกแต่งด้วยใบสาระแหน่ พริกกระเหรี่ยงคั่วใบมะกูดหั่นฝอย ก่อนเสิร์ฟ"
ข้าวหมูทอดกระเทียม,"1: หั่นหมูสันนอกเป็นแผ่นๆ บาง ความหนาครึ่งซม.
 2: โขลกกระเทียมและรากผักชีให้ละเอียด
 3: ในชามผสม ใส่เนื้อหมู, กระเทียมและรากผักชีโขลก, น้ำมันหอย, ซีอิ๊วขาว, น้ำตาลทราย, พริกไทยป่น ลงไปแล้วคนให้เข้ากัน
 4: คลุมปากชามด้วยพลาสติกใส จากนั้นนำไปแช่ช่องฟรีส 2 ชั่วโมงขึ้นไป
 5: สับกระเทียบให้ละเอียดเพื่อเจียว
 6: เมื่อกระเทียวเจียวสุก ตักกระเทียมเจียวออกจากกระทะให้หมดแล้วพักไว้
 7: พอหมูหมักได้ที่แล้ว นำมาลงทอดในน้ำมันที่ใช้ทอดกระเทียมเจียวเมื้อกี้ จนเหลืองกรอบ
 8: เมื่อหมูสุก นำขึ้นใส่จาน แล้วโรยกระเทียมเจีนวด้านบน
 9: เสิร์ฟพร้อมกับข้าวสวยร้อนๆและซอสพริก เป็นอันฟินที่สุดครับ"
หลนปลาเค็ม หอมหวานกลมกล่อม,"1: นึ่งปลาเค็ม20นาทีเพื่อให้สุกและลดคาวลดเค็ม
 2: ทุกอย่างหั่นให้พร้อม
 3: เตรียมเครื่องให้พร้อม
 4: ใส่กะทิลงกะทะ
 5: หมูสับกับปลาเค็มลงไปยีให้ทั่ว
 6: ใส่น้ำตาลลงไปคนให้ละลาย
 7: เพิ่มรสชาดให้เปรี้ยวหวานด้วยน้ำมะขามและมะนาว
 8: อร่อยโดนใจแล้วใส่หอมแดง
 9: ใบมะกรูด
 10: พริกทั้ง2ที่หั่นไว้ คนให้เข้ากันชิมรสอีกครั้ง
 11: เสร็จพร้อมรัปทาน
 12: ตักใส่ถ้วย
 13: ทานกับผักสดและข้าวสวยร้อนๆ"
ปลาทูหอมทรงเครื่อง,"1: เตรียมส่วนผสมและเครื่องปรุง ล้างปลาทูหอมให้สะอาด บั้งตัวปลาพักไว้ ซอยพริกและหอมแดง
 2: เอาปลาทูหอมไปคลุกแป้งข้าวโพดบางๆแล้วนำลงไปทอดให้เหลืองสุกทั้ง2ด้านตักขึ้นพักไว้ให้สะเด็ดน้ำมัน
 3: พอปลาทูสะเด็ดน้ำมันแล้ววางใส่จานโรยด้วยพริกขี้หนู และหอมแดงหั่น บีบมะมาวใส่ กินกับข้าวสวยอร่อยจนลืมอ้วนเลย😅"
ดอกหอมผัดไข่,"1: ล้างดอกหอมให้สะอาด
 2: เตรียมส่วนผสมตามรูปค่ะ
 3: ผัดกระเทียมกับหมูให้สุก ใส่ไข่ไก่ ใส่ดอกหอม เติมน้ำเปล่าเล็กน้อย ปรุงรสด้วยน้ำมันหอย ซีอิ๊วขาว น้ำตาลทรายค่ะ
 4: ผัดดอกหอม หอมๆร้อนๆ ทานกับข้าวสวย แค่นี้ก็ฟินไปอีกหนึ่งมื้อจ้า"
ปิ้งงบหัวปลี,"1: นำมะขามเปียกมาละลายกับน้ำเปล่า จากนั้นปอกเปลือกหัวปลี เอาเปลือกสีแดงทิ้งให้เหลือแต่สีขาวหรือเขียวอ่อนๆ ผ่าครึ่ง แช่ลงในน้ำที่ละลายมะขามเปียกไว้
 2: ตัดตรงแกนกลางของหัวปลีทิ้ง เขย่าให้นมของหัวปลีออกให้หมด
 3: หั่นหัวปลี จะซอยเป็นเส้นหรือหั่นตามขวาง(แล้วสับหยาบ) ก็ได้ แต่วันนี้ซอยเป็นเส้น
 4: เตรียมชามผสม นำเนื้อปลากราย พริกแกง ไข่ หมูสับ กะทิ ผสมรวมกัน คนจนส่วนผสมเหนียวและเข้ากันดี
 5: ใส่หัวปลี น้ำตาลทราย น้ำปลา ใบมะกรูดซอยคนต่อให้ส่วนผสมเหนียวเหมือนทอดมัน
 6: ฉีกใบตอง ตักส่วนผสมลงบนใบตอง พับทบและกลัดด้วยไม้กลัด หัวท้าย ติดเตาถ่าน นำงบที่ห่อไปปิ้งจนสุก"
น้ำพริกหนุ่ม,"1: นำพริกหนุ่ม หอมแดง กระเทียม ไปคั่วในกระทะจนเกรียม

 2: ลอกส่วนที่เกรียมของพริกหนุ่ม หอม กระเทียมออก

 3: นำพริกหนุ่ม กระเทียมและหอมแดงที่ปลอกเปลือกเสร็จแล้ว
มาโขลกรวมกันให้ละเอียด
 4: เมื่อส่วนผสมเข้าดีแล้ว เติมน้ำตาล มะนาวและน้ำปลา ผงคนอร์(รสหมู) ผงชูรสลงไป คลุกเคล้าให้เข้ากัน ปรุงรสตามชอบ
 5: จัดใส่จาน กินกับผักสด"
หมูฮ้อง,"1: 1.คั่วอบเชย โป๊ยกั๊ก พริกไทยดำ-ขาว ให้มีกลิ่นหอม แล้วนำมาตำให้ละเอียด ใส่รากผักชี กระเทียม และเกลือนิดหน่อย ลงไปตำให้เข้ากันสำหรับหมักหมูสามชั้น
 2: 2.หมูสามชั้นหั่นชิ้นหนาประมาณ 2นิ้ว หมักให้เข้าเนื้อด้วยเครื่องที่ตำไว้ ปรุงรสด้วยซีอิ้วขาว ซีอิ้วดำ น้ำตาลทรายแดง น้ำตาลปิ๊ป และเกลือเล็กน้อย
 3: 3.ผัดหมูสามชั้นที่หมักไว้ในกระทะให้พอผิวด้านนอกสุกนิดหน่อย.. แล้วเติมน้ำลงไปใส่ซุปหมูก้อนคนอร์เพิ่มความหอมกลมกล่อม..เคี่ยวให้หมูเปื่อยนุ่มดีใช้เวลาประมาณ 1ชม. น้ำจะงวดลงเข้าเนื้อหมูเข้มข้น..หอมหวลชวนกินเป็นอันเสร็จค่ะ..
 4: 4.เสร็จแล้วค่ะ ""หมูฮ้อง"" หอม ๆ รสชาติเค็มนำหวาน หอมกลิ่นเครื่องเทศต่าง ๆ เปื่อยนุ่มกำลังดี"
ก๋วยเตี๋ยวหลอดทรงเครื่องแบบห่อ,"1: แช่กุ้งแห้ง 2 ชนิดในน้ำร้อน หั่นหมู เต้าหู้ เป็นเต๋าเล็กๆ
 2: ล้าง แช่เห็ดหอม พอนิ่ม หั่นแว่น
 3: คั่วผงพะโล้ พริกไทยให้หอม ตัดออกพักไว้
 4: ตักน้ำตาลปี๊บใส่ ทิ้งให้ละลาย ขอบไหม้นิดๆ
 5: ใส่หมูลงผัด
 6: เติมซอสต่างๆ ผงพะโล้คั่ว ผัดให้เข้าเนื้อ
 7: เติมเต้าหู้ กุ้งแห้ง แล้วเทลงหม้อน้ำเห็ดหอม ตุ๋นไฟอ่อน 45 นาที
 8: วางเส้นก๋วยเตี๋ยว โรยกุ้งแห้งฝอย ถั่วงอก ห่อๆๆๆ
 9: เสร็จแล้วนำไปนึ่ง 7 นาที เส้นจะใสค่ะ
 10: ตักเสริฟ ราดน้ำพะโล้ โรยกระเทียมเจียว น้ำจิ้มซีอิ้วดำค่ะ"
ต้มแซ่บกระดูกหมู,"1: จัดเตรียมส่วนผสมและเครื่องปรุง ล้างผักให้สะอาด แล้วพักไว้. (ภาพอาจไม่ชัด เพราะขั้นตอนการทำถ่ายวีดีโอไว้)
 2: ล้างซี่โครงหมู แล้วต้มน้ำให้เดือดใส่ซี่โครงหมู. และเกลือลงไปต้มจนซี่โครงเปื่อยใช้เวลาประมาณ 45-50นาที หมั่นตักฟองออก
 3: พอซี่โครงหมูเปื่อยได้ที่แล้วจากนั้นใส่ตะไคร้ หอมแดง ข่า ใบมะกรูด มะเขือเทศ พริกลงไป รอให้เดือดพอใส่เห็ดลงไป
 4: ปรุงรสด้วยน้ำปลา น้ำมะขามเปียก ข้าวคั่ว พริกป่น
 5: ผักชีฝรั่งแล้วปิดเตาบีบมะมาวยกเสริฟได้เลยค่ะ แซ่บๆ"
วุ้นเส้นหมูสับต้มยำ,"1: ต้มกระดูกหมู สำหรับทำน้ำซุป ใส่เกลือ โดยต้มน้ำให้เดือด แล้วเบาไฟลง ตักฟองออก
 2: ลวกวุ้นเส้นสดตั้งไว้
 3: ลวกหมูสับตั้งไว้
 4: หั่นผักชี บดถั่วลิสง ตั้งไว้
 5: ตักวุ้นเส้นใส่ถ้วย ปรุงน้ำซุปโดยปรุงน้ำซุปด้วยมะนาว น้ำปลา น้ำตาล ชิมให้กลมกล่อม โรยถั่ว พริกแดงป่น และผักชี"
แกงบอน ใส่กะทิ,"1: ล้างหมู หั่นหมูเป็นชิ้นเล็กๆ เตรียมบอนเลือกที่อ่อน ล้างให้สะอาด หั่นเป็นท่อน
 2: นำส่วนผสมเครื่องแกงทั้งหมดใส่ครกโขลกให้ละเอียด
 3: เตรียมน้ำปลาร้า ต้มน้ำปลา 1 ถ้วย ใส่ปลาร้าคนให้ปลาละลาย เดือดแล้วเอาผ้าขาวบางกรองเอาแต่น้ำ
 4: เตรียมหม้อตั้งเตา ใส่กะทิ ใส่น้ำเปล่า ต้ม แล้วใส่หมูสามชั้น ตามด้วยบอน ใส่เกลือไม่ต้องมาก ต้มจนบอนเปื่อยนิ่ม แล้วก็ใส่พริกแกงที่เตรียมไว้ ใส่น้ำปลาร้า
 5: ปรุงรสด้วย น้ำปลา น้ำตาลปี๊บ น้ำมะขามเปียก น้ำมะกรูด มะกรูดหั่นชิ้น รสชาติเค็ม หวาน เปรี้ยวเล็กน้อย เผ็ดไม่มาก เดือดแล้วใส่ใบมะกรูด ตักเสริฟ์ร้อนๆ รับประทานได้เลย"
ต้มยำหัวปลาแซลมอนน้ำใส,"1: เตรียมเครื่องต้มยำทั้งหมด
 2: ต้มน้ำให้เดือดใส่ ใส่เครื่องต้มยำลงไป ปิดฝา รอให้เดือด
 3: นำปลาที่เตรียมไว้ ลงในน้ำเดือดที่มีเครื่องต้มยำ และ ปิดฝา
 4: เมือปลาสุกให้ปรุงรสด้วย พริก น้ำปลา มะนาว ตามชอบ"
ราดหน้ารวมมิตรใส่ไข่,"1: หมักหมูโดยนำหมูเคล้ากับน้ำมันหอยและซอสปรุงรสให้ทั่ว แช่เย็นไว้อย่างน้อย 4 ชั่วโมง
 2: ตั้งกระทะใช้ไฟแรง ใส่น้ำมันเล็กน้อย เติมน้ำปลา 1 ช้อนชา นำเส้นใหญ่ลงไปคั่วให้ทั่ว พอให้เส้นมีสีน้ำตาลเกรียมเล็กน้อย เส้นใหญ่จะมีความหอม เค็ม มัน ตักออกมาพักไว้สำหรับบะหมี่นำลงไปผัดกับน้ำมันอย่างเดียว จนเส้นน้ำตาลเกรียมเล็กน้อย ตักออกมาพักไว้เช่นกัน
 3: ตั้งกระทะไฟกลาง ใส่กระเทียมสับกับเต้าเจี้ยวลงไปผัดพอหอม จากนั้นใส่น้ำเปล่าลงไป พอเดือด ให้ใส่หมูพร้อมซอสที่หมักทั้งหมดลงไป ตามด้วยคะน้าฮ่องกง คนให้ทั่ว รอจนเดือดอีกรอบ
 4: ใส่หมึกลวก กุ้งสด และเห็ดเออรินจิลงไป คนให้ทั่วจนเดือดอีกรอบ ปรุงรสน้ำตาล แล้วละลายแป้งเท้ากับน้ำ ค่อยๆเทใส่ลงไป คนจนน้ำราดหน้าค่อยๆข้น จากนั้นตอกไข่ตีให้ละเอียด แล้วค่อยๆเทลงไปเป็นสาย คนให้ทั่ว
 5: จัดเส้นใส่จาน ราดด้วยน้ำราดหน้า พร้อมเสิร์ฟ"
ไข่ระเบิด,"1: ขั้นตอนที่ 1 🔔
ตั้งกระทะใส่น้ำมัน พอน้ำมันร้อนก็ตอกไข่ไก่ลงไปเลยค่ะ ทอดแบบไหนก็ตามแต่ชอบนะคะ อันนี้ส่วนตัวชอบแบบไข่ขาวกรอบๆแล้วไข่แดงมีความเยิ้มๆนิดๆ 😍
 2: ขั้นตอนที่ 2 🔔
เทน้ำมันที่ทอดไข่ดาวออกให้เหลือในกระทะนิดหน่อยนะคะ แล้วนำหัวหอมใหญ่สับ แครอทสับ ข้าวโพดอ่อนสับ หมูสับ และไส้กรอกหั่นลงไปผัดค่ะ พอของเริ่มสุกเติมน้ำต้มสุกลงไปพอสมควรค่ะ แล้วปรุงรสด้วยเกลือ พริกไทยดำ ซอสพริก ซอสมะเขือเทศค่ะ
 3: ขั้นตอนที่ 3 🔔
ชิมรสตามชอบค่ะ แล้วตักที่ผัดไว้ราดไปบนไข่ดาวเลยค่ะ โรยหน้าด้วยต้นหอมซอย และผักชีตกแต่งนิดหน่อยค่ะ"
หุง(นึ่ง)ข้าวเหนียว ด้วยไมโครเวฟ,"1: - ตวงข้าวสารเหนียว 1 ถ.
- ซาวข้าวให้สะอาด- เติมน้ำให้สูงกว่าเมล็ดข้าว ประมาณ 1 ซม.
 2: - นำเข้าไมโครเวฟ ใช้ไฟ450 ตั้งเวลา 5 นาที
- นำข้าวเหนียวออกมาคลุกเคล้า กลับเอาด้านบนลงล่าง ด้านล่างขึ้นบน แล้วเข้าไมโครเวฟด้วยไฟ450 ตั้งเวลา 5 นาที อีก 1 รอบ- พอหมดเวลา ไฟตัด ปิดฝาอบทิ้งไว้สักครู่
 3: จะได้ข้าวเหนียวนุ่มๆ กินคู่กับหมูฝอย อร่อยยย"
หมูหวาน,"1: เตรียมเครื่องปรุงให้พร้อม นำหมูสามชั้น หั่นเป็นชิ้น พอดีคำ ปอกเปลือกหอมแดงซอยบางๆ
 2: ตั้งกระทะใส่น้ำมันพืชลงไป ใส่หอมแดงผัดให้หอม ใส่หมูลงไปผัดพอสุก ประมาณ 5 นาที
 3: ปรุงรสด้วยซีอิ้วดำ ซีอิ้วขาว ซอสถั่วเหลือง ผัดให้เข้ากันประมาณ 10 นาที ระหว่างนี้ค่อย ๆ เติมน้ำเข้าไปทีละนิด
 4: ใสน้ำตาลปี๊บคนให้น้ำตาลละลาย ตักขึ้น จัดจานพร้อมเสิร์ฟ"
ผัดกะเพราเนื้อสับ,"1: ตำกระเทียมและพริกขี้หนูให้ละเอียด
 2: ตั้งกระทะ ไฟอ่อน-กลาง ใส่น้ำมันเล็กน้อย พอกระทะร้อนใส่พริกกระเทียมที่ตำไว้ลงไปผัดให้หอม
 3: ใส่เนื้อบดลงไปผัดพอสุก
 4: เติมเครื่องปรุงต่างๆ และน้ำต้มสุกผัดให้เข้ากัน ชิมรสชาติให้ได้ตามชอบใจ
 5: ปิดไฟแล้วใส่ใบกะเพรา
 6: ผัดให้ใบกะเพราสลด เป็นอันเสร็จ
 7: ตักใส่จาน เสิร์ฟพร้อมข้าวสวยร้อนๆเข้ากันเป็นอย่างดี"
สังขยาฟักทองมันม่วง หวานละมุ่นนน,"1: ใช้มีดปลายแหลมเจาะด้านบนของผลฟักทอง ใช้ช้อนควักเอาเมล็ดออก ล้างน้ำ ผึ่งให้แห้ง
 2: ตอกไก่ไข่ลงในชามผสม ใส่นมข้นจืด ผงมันม่วง น้ำตาลทราย น้ำตาลมะพร้าว วนิลา เกลือ
 3: ผสมส่วนผสมให้เข้ากันด้วยมือ แล้วใช้เครื่องตีให้เข้ากันดี ความเร็วปานกลาง
 4: กรองส่วนผสมที่เข้ากันดีแล้วด้วยกระชอน เบาๆ 2 ครั้ง
 5: ค่อยๆ เทใส่ในผลฟักทอง เบาๆไม่ให้เกิดฟองนะ นึ่งไฟแรง 1 ชั่วโมง และปรับเป็นไฟกลาง 30 นาทีค่ะ คอยเปิดดูทุกๆ 20 นาทีคะ
 6: ได้แล้ววว สังขยาฟักทองมันม่วง หวานละมุ่นนุ่มม๊าาากกก"
แกงจืดเต้าหู้หมูเด้ง,"1: 1.ต้มน้ำสำหรับทำน้ำซุปแกงจืด พอเดือด ใส่คนอร์ซุปก้อนรสหมู ผักกาดขาวหั่น ใส่หมูเด้งปั้นเป็นก้อนพอคำ
 2: 2.ปรุงรสด้วยน้ำปลา ชิมให้ได้รสตามชอบ
 3: 3.ใส่เต้าหู้หั่นท่อน รอจนหมูเด้งลอยขึ้นมา แสดงว่าหมูสุกแล้ว ใส่วุ้นเส้น ใส่ต้นหอม ขึ้นช่ายลงไปบางส่วน ส่วนที่เหลือไว้โรยแต่งหน้า รอจนวุ้นเส้นใส ประมาณ1นาที ปิดเตา
 4: 4.ตักแกงจืดใส่ชาม ก่อนเสิร์ฟโรยต้นหอม ขึ้นช่ายหั่นท่อนที่เหลือ กระเทียมเจียว พริกไทยเล็กน้อย เสิร์ฟร้อนๆ"
ห่อหมกทะเล,"1: หั่นกะหล่ำปลีเป็นเส้นเล็กๆ เด็ดใบโหระพา ลวกน้ำร้อนพอสุกแล้วแช่น้ำเย็น ปีบน้ำออกให้หมด รองใส่กระทงใบตองพักไว้
 2: นำกะทิ 200 กรัม พริกแกงเผ็ดใส่ชามผสมให้เข้ากัน ใส่เนื้อปลากราย ไข่ไก่ นวดๆคนๆให้เข้ากัน ให้เนื้อปลาหนืดๆ เหนียวๆ
 3: ปรุงรสด้วย น้ำตาล น้ำปลา นวดให้เข้ากัน แบ่งไปนึ่งเล็กน้อยเพื่อชิมรส
 4: เตรียมกุ้งผ่าหลังเอาเส้นดำออก ปลาหมึกหั่นชิ้นพอคำ ใส่ในกระทงใบตองเตรียมไว้
 5: ตักเนื้อปลากรายที่ปรุงรสแล้วใส่กระทง
 6: ราดหน้าด้วยน้ำกะทิข้น ใบมะกรูดหั่นฝอย พริกแดงหั่นแฉลบ
 7: นึ่ง 20 นาที หรือจนกว่าจะสุก"
กาละแม,"1: ผสมแป้งข้าวเหนียว แป้งท้าวยายท่อม และน้ำกะทิให้ละลายเข้ากันดี
 2: ใส่ดอกเกลือ และน้ำตาลทรายแดง
(ปริมาณความหวานตามชอบนะครับ)
 3: ใช้ไฟแรงปานกลาง กวนวนไป
 4: แป้งสุก สีเริ่มเปลี่ยน
 5: กวนต่อไปจนกะทิเริ่มแตกมัน สังเกตได้จากแป้งเริ่มมีน้ำมันออกมาเคลือบผิว
 6: กวนจนได้กาละแมสีแบบนี้ เป็นอันเสร็จ พักไว้ให้เย็น ใส่ถุง มัดยางเก็บไว้ทาน"
มะเขือยาวผัดหมูสับ,"1: หั่นมะเขือยาวเป็นแว่น แล้วนำไปแช่น้ำเกลือ ล้างให้สะอาด แล้วนำไปต้ม
 2: ผัดกระเทียมสับและหมูสับให้หอม ปรุงรสด้วยซีอิ๊วขาว ซอสหอยนางรม และพริก แล้วผัดให้ทุกอย่างเข้ากัน
 3: นำมะเขือยาวที่พักไว้ ลงไปผัดกับขั้นตอนที่ 2 ให้เข้ากันและหอม
 4: เติมน้ำสะอาดลงไปเล็กน้อย พอคลุกคลิก แล้วปรุงรสด้วยน้ำตาลทรายปลายช้อนชา ผัดให้เข้ากัน
 5: ตามด้วยใบโหระพา ปิดไฟแล้วผัดให้เข้ากัน เตรียมเสิร์ฟได้เลยค่ะ"
หมูสับต้มบ๊วย,"1: ตั้งน้ำพอประมาณในหม้อ ใส่ซุปก้อนลงไป รอให้เดือดดีและซุปก้อนละลายหมด ใส่หมูสับลงไป ไม่ต้องปั้นเป็นก้อน
 2: ใส่บ๊วยดอง น้ำบ๊วยดองลงไป ชิมดู อาจจะเติมซอสปรุงรสเพื่อความกลมกล่อมอีกเล็กน้อย
 3: พอเดือดดีๆใส่ต้นหอมแล้วปิดไฟ"
ไก่บ้านนึ่งสมุนไพร,"1: นำพริกแห้ง รากผักชีกระเทียม หอมแดง ข่าตะไคร้ ขมิ้น หั่นให้เป็นชิ้นเล็กๆ เพื่อเตรียมโขลก
 2: นำส่วนผสมที่ได้ มา โขลก ให้ละเอียดเติมกะปิเล็กน้อย ในกรณี ที่ขี้เกียจโขลก ให้ใช้เครื่องปั่นก้อได้แบบผุ้รีวิว
 3: โขลกหรือปั่นให้ละเอียดแบบนี้
 4: พอได้เครื่องแกงตามที่ต้องการให้ใส่ต้นหอมผักชี ผักชีฝรั่ง ปรุงด้วยซีอิ๊วขาว เอาใส่ไปในตัวไก่
 5: เสดแล้วให้นำไปนึ่ง ใช้ไฟปานกลาง นำไปนึ่ง ประมาณ 45 นาที เพราะไก่จะเปื่อยกำลังดีไม่เหนียวจนเกินไป และให้เอาถ้วยรองข้างใต้ไก่เพื่อรองน้ำชุปไก่ไว้ซด
 6: เสร็จพอนึ่งสุกแล้ว วิธีเสิร์ฟให้แบ่งครึ่ง โดยใช้การสับทีละครึ่งตัว หรือจะเสิร์ฟมาเป็นตัวก็ได้ค่ะตามแต่สะดวกเลย แต่เราแบ่งเป็น 2 จานคือเสิร์ฟแบ่งครึ่งตัว ได้ 2 จานค่ะ"
ข้าวผัดปลาเค็มทรงเครื่อง,"1: เตรียมวัตถุดิบทุกชนิดหั่นให้เหมือนกัน
 2: รวมถึงยีปลาเค็มที่ทอดแล้วให้ฝอย
 3: เริ่มจากตั้งกระทะใส่น้ำมันพอประมาณจากนั้นใส่หอมใหญ่แครอทผัดให้พอเริ่มสุก ใส่แฮมและคะน้าลงไปผัดจากนั้นใส่ไข่ค่อยค่อยคน อย่าขยี้ไข่จนเละ
 4: ค่อยๆทยอยใส่ข้าวทีละนิดคนส่วนผสมให้เข้ากัน เติมข้าวไปเรื่อยจนครบ
 5: จากนั้นชิมรสตามชอบ ถ้าไม่เค็ม
 6: เสร็จแล้วเอาขึ้นใส่ภาชนะพร้อมรัปทาน
 7: อย่าลืมทานคู่กับแตงกวาและน้ำปลาพริกนะครับ"
แกงเขียวหวานตีนไก่,"1: ก่อนอื่นล้างไก่ก่อนเลย เราไม่รู้หรอกว่าไก่พวกนี้ปกติล้างเท้าหรือไม่ ฉะนั้นล้างให้สะอาดเข้าไว้จะดีเอย
 2: ที่บอกให้ซื้อกระทิ ที่ตลาด เพราะมันจะได้หัวกระทิ และ หางกระทิ ซึ่งในที่นี้เราจะใช้หางกระทิ ต้มตีนไก่ไปพลางๆก่อนเลยซัก 20 นาทีขึ้นไป ไฟอ่อนๆ ไม่ต้องรีบ ระหว่างนี้ไปเด็ดโหระพา หั่นพริกรอก็ได้
 3: ทีนี้มานำหัวกระทิตั้งไฟอ่อน ใส่พริกแกงเขียวหวานลงไป ค่อยๆคน จนแตกมัน
 4: เมื่อได้เครื่องแกงที่แตกมันแล้ว รวมร่างกับตีนไก่ที่ต้มไว้ได้เลย คือถ้าชอบน้ำเยอะๆก็เอาหัวกระทิเทใส่ในหม้อที่ต้มตีนไก่ แต่ถ้าชอบคลุกคลิกๆ ก็ค่อยๆตักตีนไก่มาใส่หม้อหัวกระทิ
 5: ใส่สะโพกไก่ที่ลงไป (ถ้าเน้นตีน ก็ตัดออกก็ได้) ใส่หน่อไม้ ปรุงรสด้วยน้ำปลาดี น้ำตาลมะพร้าวเล็กน้อย ค่อยๆปรุงชิมจนชอบ
 6: เมื่อชิมรสว่าโอเคแล้ว ก็ดูความเปื่อยของตีนไก่ตามต้องการ อยากเปื่อยๆลิ้นดุนๆแล้วหลุดก็ต้มนานหน่อย ระหว่างนี้ฉีกใบมะกรูดใส่ลงไปซัก 4-5 ใบ เมื่อได้ความเปื่อยตามต้องการก็ใส่พริกชี้ฟ้า และ โหระพา สุดท้าย
 7: แค่นี้แหละ ตักแหลกได้เลย"
เนื้อพิโรธ,1: ใส่น้ำมันลงไปเล็กน้อย ผัดพริกแกงแดงกับพริกแกงใต้ให้หอมใส่เนื้อลงไปผัด ใช้ไฟแรง เพราะเนื้อใกล้สุกกำลังดี ปรุงรสด้วยน้ำมันหอยเหล้าจีน น้ำปลา ภูเขาทองฝาเขียว ผงชูรสถ้าชอบ ขั้นตอนสุดท้ายใส่ใบกะเพรากระชาย ยี่หร่าและมะกรูดซอยเป็นอันเสร็จสิ้น
เคบับไก่ (กะบับ) สูตรเร่งด่วนใน 10 นาที,"1: คั่วเมล็ดยี่หร่า แล้วตำ
 2: ตำพริกไทยดำผสมลงไป
 3: ก็จะได้แบบนี้
 4: ไก่ให้หั่นบางๆเล็กๆ
 5: หอมแขกมะเขือเทศหั่น
 6: ใส่มาซาล่า ยี่หร่า ปาปริก้า เกลือลงไป
 7: กระเทียมสับทุบด้วย
 8: นวดให้เข้ากัน
 9: นำหอมไปผัดกับเนย
 10: ใส่ไก่ลงไป
 11: หยอดน้ำเล็กน้อยผัดจนสุก ไฟกลางค่อนไปทางแรง เพราะถ้าผัดนานมากข้างในจะไม่นิ่ม
 12: ใส่มะเขือเทศลงไป
 13: เสร็จละ กลิ่นห๊อมหอม... ทำไปน้ำลายไหลไปเลยจ้า 🥰🥰🥰
 14: ปิ้งขนมปัง วางผักลงไป ผมหยอดด้วย ชีส ดิ๊ฟ และทาบาสโก้ กลิ่นส่งเสริมกันดี
 15: อันนี้ทานแบบแซนวิช
 16: หรือทานคู่กัน ทานได้หลายแบบ
 17: แบบนี้
 18: รับประกันรสชาติและกลิ่น เคบับ 99% แท้เลยจ้าไม่มีมั่ว
 19: ออกลูกมาเป็น ปอเปี๊ยสดยังได้เลย
 20: 🥰"
🦐 กุ้งกระเทียม 🧄,"1: นำรากผักชีและกระเทียมตำให้ละเอียด
 2: จากนั้นตั้งกระทะไฟกลาง ตามด้วยรากผักชีและกระเทียมที่ตำไว้ ผัดจนหอม
 3: ตามด้วยกุ้ง
 4: ปรุงรสด้วยซีอิ๊วขาว พริกไทยขาวป่น น้ำตาลทราย และผงปรุงรส ชิมรสตามชอบ
 5: พร้อมทาน 🦐🧄🌿"
"“ผัดฉ่าปลาดุกกรอบ""","1: ตั้งกระทะ ใส่น้ำมัน และพริกแกงลงไป ผัดให้แตกมัน ใส่น้ำสะอาดลงไป
 2: ใส่ปลาดุกทอดกรอบลงไป ปรุงรสด้วย น้ำตาลทราย น้ำปลา ผงปรุงรส ชิมรสตามชอบ
 3: ใส่กระชาย ใบมะกรูด พริกไทยเม็ด และพริกใหญ่แดง ตักใส่จานพร้อมเสิร์ฟ"
หมูกรอบ ฉุกเฉิน 15 นาที ...เร็วสุดในโลก,"1: ใช้หมูสามชั้นแบบที่แม่ค้าหั่นเป็นเส้นๆขายได้เลย
ข้อดี..- ไม่ต้องซื้อยกชิ้นให้วุ่นวาย- แล้วก็ทำทีละน้อยก็ได้ สะดวกทุกเวลา- ทำจานเดียวก็ยังได้
 2: หั่นเป็น 3 ท่อน เอาเกลือทาหน่อย
 3: นำไปเข้าไมโครเวฟ 600/ 1.5 นาที ต่อข้าง (ทำทั้ง2ข้าง)
ครบแล้วพลิกกลับด้าน 600/ 1.5 นาที เช่นกัน
 4: ซับน้ำให้แห้ง
 5: ใช้ส้อม 2 คัน คันแรกจิ้มลงมากดใว้ อีกคันจิ้มเข้าไปสลับฟันปลา ค่ะ ตามรูปเลย
 6: นำมาเรียงประกบกันทั้ง 3 ชิ้น ใช้ที่คีบแบบนี้ล๊อคใว้ เอาด้านหนังจุ่มน้ำมันลงไปทอด ไม่เกิน 5 นาทีก็พองแล้วค่ะ
 7: ก็จะได้หนังพองๆละ
 8: จากนั้นก็ทอดธรรมดาตออีกหน่อย ไม่เกิน 5 นาที ไฟแรงได้เลย เพราะชิ้นมันบางๆ
 9: จบแล้วจ้า ลองดูได้เลย work จริง กรอบจริง เร็วจริง
 10: update🌞🌞🌞🌞🌞 ทำอีกครั้งที่ 2
เพิ่มความหนา ใช้หมูชิ้นหนากว่าเดิม
 11: ทำเหมือนเดิมเลยค่ะ
🌞แต่ให้เพิ่มลดไฟ ตามความหนาของหมูนะคะคราวนี้เพิ่มไฟเป็นสูงสุด 1.5 นาทีต่อข้าง ทำทุกอย่าง เหมือนเดิม
 12: หนาถึง 1 นิ้วเลยค่ะ
ใช้ส้อมจิ้มแบบเดิม แล้วก็ซับน้ำออกให้แห้ง
 13: ทอดเหมือนเดิม
 14: ขั้นตอนเหมือนเดิมค่ะ
 15: พร้อมกรอบอร่อยได้"
ป่นปลาทูสูตรเด็ด,"1: นำปลาทูนึ่ง มาทอดในกะทะที่ตั้งน้ำมันร้อนๆ ทอดปลาให้เหลือง ตักพักไว้ให้เย็น พอเย็นแล้วแกะปลาทูเป็นชิ้นๆ เอาก้างกับหัวออกให้หมด
 2: ต่อมาตั้งกะทะให้ร้อน ใช้ไฟอ่อน นำเอา พริก หัวหอม กระเทียม คั่วทั้งเปลือก ให้หอม อย่าคั่วให้ดำ ระวังไหม้ นะคะ
 3: จากนั้น เอาที่คั่วไว้มาใส่ครก ตำพอหยาบๆ ถ้าไหม้ดำมากให้ เอาที่ดำๆ ออก แล้วใส่ปลาทูลงไปตำด้วย โขลกให้เข้ากัน
 4: ปรุงรสด้วยน้ำปลา น้ำมะนาว รสชาติ ออก 3 รส เผ็ด เปรี้ยว เค็ม ตักเสริฟ์ กินกับข้าวสวยร้อนๆ กินกับผักสด ผักต้ม ค่ะ"
น้ำพริกกุ้งสด (Nam Prik Goong Sod),"1: ย่างกุ้งแม่น้ำด้วยไฟกลางจนกุ้งสุกดี แกะเอาเฉพาะเนื้อ หั่นหรือฉีกเนื้อกุ้งตามยาว เป็นชิ้นเล็กๆ ใส่ถ้วยเตรียมไว้ ได้เนื้อกุ้งประมาณ 120 กรัม
 2: โขลกกะปิ กับกระเทียมเข้าด้วยกันให้ละเอียด (การโขลกกระเทียมในขั้นตอนแรก จะช่วยลดกลิ่นคาวของกะปิ) ใส่พริกชี้ฟ้า และพริกขี้หนู โขลกเข้าด้วยกันพอให้พริกละเอียด ใส่มะเขือพวง ใช้สากบุบเบา ๆ พอให้มะเขือแตก
 3: ปรุงรสด้วยน้ำมะนาว น้ำปลา และน้ำตาลปี๊บ คนให้น้ำตาลละลาย ชิมรสปรับรสให้กลมกล่อม ใส่กุ้งลงไปส่วนหนึ่ง เหลือไว้เล็กน้อยเพื่อโรยหน้า จัดเสิร์ฟกับผักต่างๆ และไข่ต้ม"
แกงคั่วปลาดุกใบชะพลู,"1: เตรียมส่วนผสมทั้งหมดไว้
1.ปลาดุกหั่นชิ้นที่ซื้อมาจากตลาดต้องคลุกเกลือก่อนล้างน้ำให้สะอาด ซาวสัก2-3น้ำเพื่อให้เมือกและความคาวหายไป2.ล้างใบชะพลูแล้วนำมาหั่นฝอย3.เตรียมกระชายและพริกแดงหั่นฝอย4.เด็ดใบโหระพาและล้างน้ำให้สะอาด
 2: เทกะทิลงในกระทะประมาณ1/3ของกล่องนำมาผัดกับพริกแกงคั่วจนหอม เปิดไฟกลาง
 3: ใส่ปลาดุกลงไป พยายามอย่าคนบ่อย เพราะจะทำให้คาวได้ เติมน้ำเปล่าลงไปแล้วปิดฝารอเดือดแล้วเปิดฝา กลับด้านปลาดุกที่ยังไม่สุก
 4: รอจนแน่ใจว่าปลาดุกสุกแล้วปรุงรสด้วยน้ำตาลปิ๊บและน้ำปลา
 5: เติมกะทิที่เหลือลงไปจนหมดกล่อง
 6: ใส่กระชายและใบชะพลูลงไปผัดให้เข้ากัน รอจนสุก
 7: ใส่พริกแดงและใบโหระพาลงไป
 8: คนให้เข้ากันแล้วปิดไฟ
 9: ตักเสิร์ฟกินกับขนมจีน หมี่ขาว หรือข้าวสวยร้อนๆตามใจชอบเลย"
ต้มยำทะเลน้ำใส,"1: ล้างปลาหมึก และกุ้งให้สะอาด เอาขี้กุ้ง เปลือกกุ้ง ฟันปลาหมึก กระดูกหลัง ออกให้หมด แล้วนำมาหั่นพักไว้
 2: ตั้งน้ำ ใส่ ตะไคร้ ข่า หอมแดง คนอร์ก้อนลงไป พอน้ำเดือดใส่กุ้ง ปลาหมึก มะเขือเทศ น้ำมะขามเปียก คนให้เข้ากัน
 3: พอน้ำเดือดอีกรอบ ใส่มะนาว น้ำปลา พริก ชิมรสชาติ
 4: ปิดไฟ ใส่ผักชีฝรั่ง ต้นหอม ผักชี คนให้เข้ากัน
 5: เตรียมถ้วย พร้อมเสริฟได้ทันที"
ผัดเผ็ดหมูสามชั้น,"1: ใส่น้ำมันพืชในกะทะพอร้อน นำหมูไปรวนให้สะดุ้งไฟ พักไว้
 2: ใส่พริกแกง กะปิ คั่วจนหอมแล้วใส่หมูที่รวนไว้เติมน้ำแล้วผัดจนพริกแกงแห้ง
 3: ปรุงรสด้วยน้ำตาล น้ำปลา ผงคนอร์รสหมู ใส่ใบมะกรูด พริกไทยอ่อน
 4: ปิดไฟ ตักเสิร์ฟ"
ยำปลาดุกฟู,"1: นำปลาดุกย่างมาตัดคอ อะชิ้ง 555++ เลาะเอาแต่เนื้อ
 2: ได้เนื้อแล้วนะคะ 2 ตัวได้แค่นี้ค่ะ
 3: นำลงไปตำ
 4: เติมเกล็ดขนมปัง ตำต่อ
 5: เสร็จแล้วเอามาตะกุย ใส่ในกระชอน พักให้แห้ง ตามภาพแห้งไปนิดนะคะ ไม่เกาะ ต้องใส่เกล็ดขนมปังน้อยกว่านี้ค่ะ
 6: ตั้งกระทะ นำลงทอดค่ะ
 7: ผสมน้ำยำด้วย น้ำปลา มะนาว น้ำตาล คนให้ละลาย
 8: เติมพริกจินดา หอมแดง
 9: เติมมะม่วงสับ
 10: เสริฟโรยเม็ดมะม่วงหิมพานต์ค่ะ"
ต้มยำปลาทู,"1: เตรียมปลาทูนึ่ง
 2: ตั้งน้ำให้เดือด ใส่เครื่องต้มยำลงไป รอน้ำเดือดอีกครั้ง
 3: ใส่ปลาทูลงไป เติมเครื่องปรุงรสชาติ ตามใจชอบ หลักๆ จะใช้แค่เกลือ แล้วก็ผงปรุงรส น้ำปลา
 4: เติมพริกชี้ฟ้าไปลง คนให้เข้ากัน ตักเสิร์ฟ บีบมะนาว เพิ่มรสชาติจัดจ้าน"
แกงกะทิหมู,"1: ตั้งกระทะใส่น้ำมันเล็กน้อย ใส่พริกแกงผัดจนมีกลิ่นหอม นำหมูที่หั่นเป็นชิ้นเรียบร้อยแล้วลงมาผัดให้เข้ากัน พอหมูเริ่มสุก
 2: ต้มกะทิที่ผสมน้ำเปล่าเรียบร้อยแล้ว ต้มจนกระทิแตกมัน นำหมูที่ผัดกับพริกแกงมาใส่ รอจนน้ำเดือด
 3: ใส่มะเขือเปาะลงไป พร้อมพริกชี้ฟ้า ที่หั่นเป็นแว่นเรียบร้อยแล้ว ต้มไปสักพักให้น้ำจากมะเขือมันออกมา แล้วจึงปรุงรสตามใจชอบ เติมน้ำปลา น้ำตาล ชิมจนได้รสชาติที่ถูกใจ
 4: ใส่ใบโหระพา ปิดไฟ พร้อมเสริฟจ้า"
น้ำพริกตะไคร้หมูสับ,1: วิธีทำ สับตะไคร้ หอมแดง แล้วทอดให้กรอบ เอาพริกขี้หนูไปคั่ว แล้วเอาไปตำให้เข้ากัน เอากระเทียมไปผัดกับหมูสับจนสุก เอาพริกที่ตำใส่ ปรุงรสตามชอบ
กบผัดกระเพรา,"1: กบที่เตรียมใว้นำมาหั่นชิ้นไม่ต้องเล็กมาก เด็ดพริกขี้หนู กระเทียม ใบกระเพรา
 2: นำพริกขี้หนูกับกระเทียมใส่ครกหิน โขลกรวมกัน
 3: ตั้งกระทะ ใส่น้ำมันพืช เจียวพริกกระทียมให้หอม ใส่กบที่หั่นไว้ ผัดเข้าด้วยกัน ปรุงรสตามชอบ
 4: เมื่อกบสุกใด้ที่ใส่ใบกระเพรา แล้วปิดไฟเลย ผัดให้เข้ากัน ตักใส่จานพร้อมเสริฟ"
น้ำจิ้มซีฟู้ด สำหรับทำขาย,1: นำน้ำตาลปี๊ปมาละลายกับน้ำอุ่นใส่ชูรสเกลือคนให้ละลายจากนั้นใส่น้ำมะนาวลงไปคนทุกอย่างให้เข้ากัน จากนั้นนำผักชี พริกขี้หนู กระเทียม อย่างละนิดหน่อยลงในโถปั่นแล้วเติมน้ำตาลที่ผสมไว้ลงไปปั่นจะละเอียด(ควรใช้เครื่องปั่นแบบปั่นละเอียด) ปั่นจะหมดจะได้น้ำจิ้มประมาณ1โถแก้วขนาดกลาง น้ำไปจิ้มกับกุ้งเผา อาหารทะเล หรือเอาไปทำน้ำยำ
มะปรางลอยแก้ว,"1: ล้างมะปรางให้สะอาด ปลอกเปลือกออก แล้วใช้มีดคว้านเมล็ดออก
 2: ต้มน้ำ ใส่น้ำตาลทราย เกลือ คนจนน้ำตาลและเกลือละลายจนหมด
 3: ปิดไฟ รอจนน้ำเชื่อมเย็น แล้วจึงนำมะปรางมาใส่ นำไปแช่ไว้ในตู้เย็น 2-3ชั่วโมง"
คอหมูย่าง (กระเทียมพริกไทยดำ),"1: ล้างคอหมูให้สะอาดพักไว้ให้สะเด็ดน้ำ (เครื่องปรุงจะได้เข้าเนื้อ)
 2: นำส่วนผสมมาผสมจนเข้ากัน
 3: คลุกเคล้าคอหมูกับเครื่องปรุง
พักทิ้งไว้ในตู้เย็นประมาณ 2 ชม.
 4: นำคอหมูอบด้วยหม้ออบลมร้อน อบใช้ไฟ225 องศา ประมาณ 30 นาที
 5: อบด้วยหม้ออบลมร้อน
อบใช้ไฟ225 องศา ประมาณ 30 นาที
 6: หั่นเป็นชิ้น จัดใส่จานรับประทานคู่กับน้ำจิ้มแจ่ว
 7: หั่นเป็นชิ้น จัดใส่จานรับประทานคู่กับน้ำจิ้มแจ่ว
 8: หั่นเป็นชิ้น จัดใส่จานรับประทานคู่กับน้ำจิ้มแจ่ว
 9: หั่นเป็นชิ้น จัดใส่จานรับประทานคู่กับน้ำจิ้มแจ่ว"
ปลาทูนึ่ง,"1: 1. นำปลาทูที่เราซื้อมา ทำการนำไส้ เหงือก เครื่องในออกให้หมด จากนั้นล้างจนสะอาด
 2: 2. นำเกลือ 5 ช้อนโต๊ะ ใส่ลงในน้ำ 1 ลิตร ละลายให้เข้ากันจากนั้นนำปลาทูที่ล้างไว้ลงไปแช่ในน้ำเกลือ เป็นเวลา 5 นาที
 3: 3. พอครบ 5 นาทีแล้ว เราก็นำปลาไปนึ่งค่ะ แต่ก่อนจะวางปลาลงบนที่นึ่งให้เรา ทุบกระเทียม หอมแดงและตะไคร้วางลงไปบนที่นึ่งก่อน จากนั้นค่อยจัดเรียงปลา อย่าลืมหักคอปลาด้วยนะคะ ใช้เวลาในการนึ่งประมาณ 10 นาที"
น้ำพริกมะขามอ่อนผัด,"1: 1.ล้างขัดผิวมะขามให้สะอาด หักเป็นท่อน
2.ตำมะขามกับเกลือหรือใช้เครื่องบดก็ได้3.ตำ หอมแดง กะปิ กระเทียม พริกขี้หนู กุ้งแห้งป่น ให้เข้ากัน4.นำเนื้อมะขามใส่ลงในครกที่ตำเครื่องไว้ ตำให้ส่วนผสมเข้ากัน5.ตั้งกระทะ นำเนื้อหมูลงไปรวน พอมีน้ำมันออกมา ใส่เนื้อมะขามลงผัด ให้สุกและเข้ากัน6.ปรุงรส ด้วยน้ำตาลปี๊บ ชิมรส ถ้าถูกใจก็ปิดไฟยกลง ถ้าชอบเค็มก็ใส่เกลือป่นเพิ่ม"
น้ำจิ้มซีฟู้ดพริกแดง (Spicy Red Sauce)🌶🌶,"1: ตำพริกกับกระเทียมและรากผักชี ให้เกือบละเอียดค่ะ
ปรุงรสด้วยการใส่เกลือน้ำปลา น้ำตาล น้ำต้มสุก ลงไป
 2: ผ่ามะนาวเป็นซีก ทั้งสองผลและซอยผักชี เพื่อโรยค่ะ บีบมะนาวลงไปทั้งหมด อย่าลืมชิมก่อนนะคะ
 3: ตักใส่ถ้วยโรยผักชีพร้อมเสิร์ฟกับเครื่องเคียงแล้วค่ะ"
ผักหวานผัดไข่,"1: เตรียมอุปกรณ์
 2: นำไข่ลงไปยีในกะทะ
 3: ใส่ผักหวานลงไป
 4: ปรุงรสชาดให้พร้อม
 5: เสร็จพร้อมเสริฟ"
ข้าวคลุกกะปิ,"1: ทำข้าวผัดกะปิ
- หุงข้าวสวยเตรียมไว้- เอากะปิ ใส่ใบตองห่อให้หนาแน่ แล้วเอาไปปิ้งให้หอม- นำกะปิปิ้งที่ได้ มาใส่คลุกกับข้าวสวยให้พอเข้ากันก่อน- ตั้งกระทะ ใส่น้ำมันเล็กน้อย เอาข้าวสวยที่คลุกกะปิ ลงไปผัดให้พอหอม เสร็จแล้วตักใส่หม้อหุงข้าวเหมือนเดิม ปิดฝา แล้วพักไว้
 2: ทำหมูหวาน
- ล้างหมูให้สะอาด หั่นเป็นชิ้นพอคำ- นำเนื้อมาคั้นเอาเฉพาะน้ำ แล้วเอาไปคลุกกับหมู ทิ้งไว้สัก 5 นาที- ปลอกเปลือกกระเทียม และ หอมแดง สับหยาบๆ- ตั้งกระทะ ใส่น้ำมันเล็กน้อย ใช้ไฟอ่อน นำกระเทียบสับที่เตรียมไว้ลงไปผัดพอหอม จากนั้นใส่หอมแดงลงไปผัดต่อพอได้กลิ่นหอม (ระหว่างนี้แสบตามาก 555 ควันเยอะเกิ๊น)- ให้ใส่น้ำตาลลงไปผัด (เราใช้น้ำตาลปี๊บ แต่ถ้ามีน้ำตาลปึ๊ก น้ำตาลมะพร้าว ก็สามารถใช้ได้ค่ะ แต่ไม่แนะนำน้ำตาลทรายค่ะ ) ระหว่างนี้ยังใช้ไฟอ่อนนะคะ จนสักพักน้ำตาลเปลี่ยนเป็นสีอ่อน- ใส่เนื้อหมูลงไปผัด และเติมน้ำเปล่าลงไป(ส่วนตัวใส่ไปครึ่งถ้วยข้าวต้มต่อหมู1กก.ค่ะ) และปรับเป็นไฟกลาง- ใส่ซีอิ้วดำ และปรุงรสตามชอบ คนให้เข้ากันอีกครั้งลดไฟลงไปเป็นไฟอ่อน-เคี่ยวหมูต่อไปอีกประมาณ 15-20 นาที หรือจนน้ำงวดตามความเหมาะสม (สังเกตจากความเงา และความเหนียวของน้ำในหมูหวาน)- เมื่อได้แล้วก็ปิดไฟรอเสิร์ฟค่ะ
 3: ระหว่างเคี่ยวหมูหวาน ก็ทำเครื่องเขียงที่เป็นของทอดกันค่ะ
- ทอดไข่ โดยทำเป็นแผ่นบางๆ แล้วนำมาหั่นเป็นเส้นฝอย- ก็ตั้งกระทะ ใส่น้ำมัน ทอดกุนเชียง (จะหั่นเป็นเส้นๆ หั่นเฉียง หรือเป็นลูกเต๋า แบบไหนก็ได้ตามสะดวก) ทอดจนกุนเชียงสุก ตักขึ้นสะเด็ดน้ำมัน พักไว้ ** หมายเหตุ ไม่ต้องใส่น้ำมันเยอะ เดียวน้ำมันจากกุนเชียงก็ออกอีกค่ะ **- นำกุ้งแห้งล้างให้สะอาดแล้วสะเด็ดน้ำ ใช้น้ำมันจากการทอดกุนเชียงต่อ ทอดกุ้งแห้งพอกรอบ ตักขึ้นสะเด็ดน้ำมัน พักไว้- ใช้น้ำมันจากการทอดกุ้งแห้งต่อ นำปลาทูมาทอด พอกรอบ ตักขึ้นสะเด็ดน้ำมัน พักไว้
 4: เตรียมเครื่องเขียงที่เป็นผักค่ะ
- ถั่วฝักยาว ล้างให้สะอาด นำมาหั่นบางๆ เป็นแว่นฝอยๆ- หอมแดง ปลอกเปลือก ล้างให้สะอาด หั่นบางๆ เป็นเส้นฝอยๆ- มะม่วง ปลอกเปลือก ล้างให้สะอาด ใช้มีดสองคนฝานเป็นแผ่น แล้วนำมาซอยเป็นเส้น- พริกขี้หนู ล้างให้สะอาด และน้ำมาซอยละเอียด ๆ- ผักชี ล้างให้สะอาด เด็ดเป็นใบๆ หรือซอยหยาบๆ- ปลอกเปลือกไข่เค็ม แล้วผ่า 4 หรือหั่นเป็นลูกเต๋า แล้วแต่ชอบ หากไม่มีไข่เค็มก็ต้มไข่แทนก็ได้ค่ะ
 5: เตรียมทุกอย่างแล้ว หมูหวานก็ได้แล้ว จัดจาน โดยตักข้าวใส่พิมพ์ วางลในจาน ตักเครื่องเขียงทุกอย่างราด พร้อมเสิร์ฟ ทานคู่กับแตงกวาแช่เย็น และเพิ่มรสชาติด้วยมะนาวสดค่ะ"
สตูไก่ สูตรไม่ใส่เครื่องเทศ,"1: หมักไก่กับเกลือ พริกไทย แป้งสาลีพักไว้ 30 นาที
 2: ชิ้นมันใหญ่ 😅 เปลี่ยนใจ สับให้เล็กลง ทอดให้ผิวพอตึงๆ เหลืองสวยค่ะ
 3: ตั้งหม้อตุ๋นใส่เนย กระเทียมสับ หอมแขกสับ จริงๆ ต้องใช้หอมหัวใหญ่นะคะ แต่ไม่มี หาซื้อไม่ได้ มีอะไรก็ใส่ๆ ลงไป 🤣🤣 ผัดให้หอม
 4: เติมมันฝรั่ง แครอท น้ำเปล่า ซอสมะเขือเทศ ผงปรุงรส
 5: อันนี้เทคนิดแม่สอนมานะคะ พอมันฝรั่งสุก ตักมาบี้ๆ บดๆ 2 ทัพพี จะทำให้น้ำข้นขึ้นโดยไม่ต้องใส่แป้งค่ะ แล้วน้ำซุปก็จะอร่อยกว่าด้วยค่ะ
 6: เสร็จพร้อมเสริฟ"
ฟักทองแกงบวชสูตรเด็ด,"1: เตรียมหั่นฟักทองเป็นชิ้นพอประมาณ
 2: ต้มหางกะทิไฟกลาง ใส่ใบเตยลงไป 2-3 ใบ
 3: พอเริ่มร้อนใส่ฟักทองลงไปต้มจนสุกต้มจนฟักทองสุก ใส่น้ำตาลปี๊บลงไป ตามด้วยเกลือ ชิมรสชาติ ปรุงรสตามชอบ ใส่หัวกะทิลงไป จนเดือดเล็กน้อย ปิดไฟและปิดฝาหม้อได้เลย"
ฉู่ฉี่กุ้งปลาหมึก 🦐🦑,"1: ปอกเปลือกกุ้ง ผ่าหลัง บั้งปลาหมึก
 2: ตั้งกะทิ ใส่พริกแกง มันกุ้ง น้ำตาลปี๊บ คนให้ละลาย
 3: ใส่กุ้ง ปลาหมึก ผัดให้สุก
 4: หยอดหน้าด้วยกะทิ ใบมะกรูดซอย พริกซอย"
ผัดยอดมะพร้าวอ่อนใส่หมูสับ,"1: นำยอดมะพร้าวอ่อน มาหั่นเป็นท่อนเล็กๆ
 2: ตำกระเทียมกับพริกขี้หนู พอหยาบๆ(เหมือนผัดกะเพรา)
(พริกแดงจินดา หั่นเป็นท่อนเพื่อความสะดวกในการตำ)
 3: ตั้งกระทะใส่น้ำมัน พอน้ำมันร้อน นำกระเทียมกับพริกขี้หนูลงผัดให้ส่งกลิ่นหอม
 4: ใส่เนื้อหมูลงผัดให้สุก
 5: ใส่ยอดมะพร้าวที่หั่นลงผัดให้สุกและคลุกเคล้าให้เข้ากัน
 6: -ปรุงรส ด้วย น้ำมันหอย,ซีอิ้วขาว,ซอสปรุงรส ชิมให้ได้รสตามชอบ
-ใส่ใบกะเพรา ผัดคลุกเคล้าให้ทั่ว ปิดไฟ
 7: ตักลงจาน จัดเสิร์ฟ"
กระเพราหมึกกุ้ง,"1: ตำพริกขี้หนูสวนเเละกระเทียมเข้ากัน
 2: ตั้งกระทะ เติมน้ำมัน เเล้วใส่พริกขี้หนูสวนเเละกระเทียมที่ตำหยาบๆเเล้ว
 3: ใส่กุ้งปอกเปลือกเเละปลาหมึกที่หั่นเป็นเเว่นๆลงกระทะ
 4: ปรุงเครื่องปรุงด้วย คนอร์ ซีอิ๊วขาว น้ำมันหอย น้ำปลา น้ำตาล
 5: ปิดเตา โรยใบโหระพาเเละพริกชีฟ้า พร้อมเสริฟกับข้าวสวยร้อนๆ"
น้ำพริกปลาร้า,"1: ต้มปลาร้า
ใส่น้ำเปล่าเล็กน้อยต้มจนเดือดกรองเอาแต่น้ำ
 2: เผาพริกชี้ฟ้า
แล้วลอกเอาเปลือกออก
 3: นำหอมแดงกับกระเทียม
คั่วจนสุก
 4: โขลกพริกชี้ฟ้าเผา
หอมแดง กระเทียม
 5: พอละเอียดดีแล้ว
ตักใส่ชามบีบมะนาว
 6: ใส่น้ำปลาร้าต้มสุก
ปรุงรสตามชอบ"
ต้มซุปเปอร์ตีนไก่ แค่15นาที ก็ได้ดูดตีนกันมันแล้ว,"1: นำตีนไก่ที่ตัดเล็บแล้วมาขยำกับเกลือ แล้วล้างน้ำให้สะอาด จากนั้นนำน้ำเดือดเทล้างตีนไก่อีกรอบ
 2: ตั้งน้ำ 2 ลิตร แล้วใส่กระเทียมทุบ รากผักชี เก๋ากี่ ตามด้วยเครื่องปรุง เกลือ น้ำมันหอย ซอสฝาเขียว ซีอิ๊วดำ จากนั้นรอให้น้ำเดือดจัด ใส่ตีนไก่ลงไป แล้วเคี่ยวต่ออีก 15 นาที (ใช้หม้อแรงดัน)
 3: จัดเสิร์ฟใส่จาน ใส่น้ำมะนาว พริกตามชอบ โรยผักชี"
เทคนิคทอดปลาทูระดับส่งประกวด,"1: ตั้งกระทะแล้วเร่งไฟแรงสุดใส่ Turbo Boost สูงสุดไปเลยจนควันขึ้น ประมาณว่าทอดนาทีเดียวไหม้แน่ๆ
 2: ใส่ปลาลงไป... ซู่ !!! ... ไหม้แน่นอนครับ ถ้าไม่ลดไฟ เอ่า 555..พอใส่ปลาแล้วก็ให้รีบลดไฟลงเลยจ้า..ให้เบาที่สุดนะ แล้วก็รีบกลับปลาพลิกไปพลิกมา การที่เป็นกระทะเหล็กนี่ล่ะ มันดีตรงนี้ครับ มันจะยังระอุอยู่แต่จะค่อยๆลดอุณหภูมิลงไปเรื่อยๆ จนถึงคงที่ ส่วนเกลือจะเริ่มทำงานแล้วตอนนี้... เกลือจะทำหน้าที่เสมือนลูกกลิ้ง ทำให้ปลากลิ้งไปกลิ้งมาในกระทะได้
 3: ใส่ปลาแล้วรีบลดไฟลงเลยนะให้เบาที่สุด รีบกลับปลาพลิกไปพลิกมา ขยันราดน้ำมันบ่อยๆราดให้ทั่วๆ
 4: เมื่อสังเกตุว่าอุณหภูมิต่ำลง จนคงที่แล้ว
จากนั้นให้เร่งไฟกลับขึ้นมาเป็น กลางๆ เหมือนทอดปลาปกติ หมั่นตักน้ำมันราดไปเรื่อยๆนะ พลิกไปพลิกมาบ้างQ: ทำไมถึงต้องลงต่ำสุดแล้วค่อยเพิ่มในขึ้นตอนนี้ ลดแค่ถึงไฟกลาง ทอดต่อไม่ได้เหรอA: ไม่ได้ครับ เพราะความร้อนสะสมจากตอนแรก มันยังมากอยู่ ถ้าลดลงไม่ต่ำพอ จะทำให้ไหม้ครับ ต้องต่ำจนคงที่ก่อนเเล้วค่อยเพิ่ม
 5: เร่งไฟกลับขึ้นมาเป็น กลางๆ เหมือนทอดปลาปกติ หมั่นตักน้ำมันราดไปเรื่อยๆ พลิกไปพลิกมาบ้าง
 6: พอทอดไปสักพัก เอาแค่ข้างในสุกพอนะ ให้เร่งไฟขึ้นมาอีก แต่คราวนี้ไม่ต้องแรงสุดแบบครั้งแรก เอาแค่ประมาณ 70% พอ ในขั้นตอนนี้เป็นการทำให้หนังเปลี่ยนสีเป็นเหลืองทอง ก่อนปิด job ครับ แต่เนื้อข้างในจะยังคงความนุ่มอยู่ครับ ตักน้ำมันราดไปเรื่อยๆ จนทั่วแล้วก็ ปิด job เลย
 7: เรียบร้อยละครับ
สรุปว่า สูตรของผมนี้ใช้น้ำมันใหม่ และใช้ไฟ 4 ระดับครับอร่อยกว่าซื้อตลาดแน่นอนครับ
 8: กระทะเหล็ก VS กระทะเทฟล่อน
ภาพประกอบ: Apollo11 launched: 16 July 1969, at 8:32 PM GMT+7เรื่องนี้เกิดมาตามสัญชาติกำเนิดครับกระทะเทฟล่อนกำเนิดมาจากอเมริกา โดยนำเทคโนโลยีการเคลือบเทฟล่อน จากยานอวกาศในยุค 60 มาใช้กับของใช้ในบ้านเป็นครั้งแรก กระทะเทฟล่อนจึงถือกำเนิดเกิดขึ้นเทคโนโลยีนี้เป็นความลับมานาน และเกี่ยวข้องกับสิทธิบัตรด้วยครับ อเมริกาจึงเป็นประเทศแรก และต่อมาประเทศพันธมิตรทางยุโรปในตอนหลัง จึงทำกระทะเทฟล่อนอยู่ฝ่ายเดียวมาเป็นเวลาหลายสิบปี...ในภายหลังเมื่อหมดอายุสิทธิบัตรแล้ว (ใช้เวลากี่ปีผมจำไม่ได้)เทคโนโลยีการเคลือบเทฟล่อน จึงไม่ได้เป็นความลับอีกต่อไปสูตรได้กระจายไปทั่วโลกอาหารอเมริกัน หลักๆ ก็จะมีลักษณะ เป็นชิ้นแบนๆ แบบเบอร์เกอร์ สเต็กพวกนั้น มันเหมาะกับการให้ความร้อนในแนวพื้นราบ กับชิ้นเนื้อแบนๆ หรืออย่างปลา ฝรั่งจะกินเนื้อปลาที่แล่เป็นชิ้นๆแล้ว ไม่นำปลาเป็นตัวๆมาทำอาหาร ซึ่งต่างจากอาหารทางเอเชียมากครับถึงเทฟล่อนจะมีข้อดีที่แตกต่าง แต่.. ข้อจำกัดมันเยอะครับ และก็มีหลายๆอย่างที่ด้อยกว่าเหล็กโดยเป็นอย่างยิ่งเมื่อนำมาใช้ทำอาหารเอเชีย ......คนขายกระทะ มักจะไม่บอกเราในเรื่องนี้อย่างเช่นเรื่องเนื้อในของกระทะที่เป็นอลูมิเนียม คุณสมบัติของอลูมิเนียมคือมันส่งผ่านความร้อนได้เร็วและดีมาก...ที่ว่าประหยัดแกสนั้นถูกต้องครับ แต่เซลขายกระทะมักจะบอกไม่หมด ในบางครั้งมันมากเกินไปสำหรับการปรุงอาหารบางอย่างอีกอย่างอลูมิเนียมกระจายความร้อนได้เป็นวงแคบ เพราะงั้นตรงไหนโดนไฟมันจะร้อนเฉพาะจุดๆนั้นตามแนวเตาแกส เลยครับ ต่างกับเหล็ก ที่กระจายความร้อนไปเป็นวงที่กว้างกว่าการที่เราเห็นเชฟจีนโยกกระทะควงกระทะ นั่นก็เพื่อกระจายความร้อนให้มันทั่วกระทะนั่นเองครับความระอุ การอมความร้อน เหล็กดีกว่าและ...ที่สำคัญเป็นข้อด้อยของเทฟล่อนเลยก็คือมันหลุดลอกง่าย เชฟเอเชีย จึงยังคงนิยมกระทะเหล็ก เหมือนเดิมเนื่องจากการปรุงอาหารทางเอเชียโหดกว่า ต้องใช้ไฟแรงๆ แต่ต้องทำเร็วๆ มีทั้งเคาะ /กะเเทก /โยน /โยก เหล่านี้มีคำอธิบายทางวิทยาศาสตร์ได้หมดครับ เพียงแต่คนส่งต่อสูตรกันมา แล้วไม่มีคำอธิบาย บางครั้งเราจึงนึกว่ามันเป็นแค่ลีลา 😄😄😄ไม่มีอะไรที่ดีพร้อมทุกประการ...ก็เลยต้องแยกประเภทกระทะกันไปเลยดีกว่าครับ เทฟล่อนทำก้นเอ่งมาก็สู้เหล็กไม่ได้ ด้วยข้อจำกัดหลายอย่างส่วนกระทะเหล็กก็ทำก้นแบบราบไม่ work เพราะต้องใช้เหล็กหนามาก ซึ่งก็จะหนักมากและใช้งานยาก ทำสเต็กทำอาหารฝรั่งสู้เทฟล่อนไม่ได้ ไม่ workในปัจจุบัน กระทะเหล็ก แบบดีๆหนาๆ หายาก และเเพงกว่ากระทะเทฟล่อนครับ เชฟส่วนใหญ่หวงกระทะเหล็กดำๆเก่าๆของเค้ามากนะ เพราะกระทะเหล็กกว่าจะเข้าที่มันใช้เวลานานมาก ซื้อมาใหม่ๆ ทำอะไรมันจะติดกระทะไปหมด แต่พอใช้ไปสักพักเเล้วเหล็กจะเปลี่ยนสีจะเข้าที่ ผิวจะเปลี่ยนเป็นมัน คราวนี้แหละ ทำอะไรก็ลื่นก็อร่อยเมื่อเริ่มสนุกกับการทำอาหารมาได้ระยะนึงแล้ว ควรมีทั้ง 2 แบบครับ ถ้ายังไม่มีเหล็กควรหา กระทะเหล็ก อีกใบครับ จะช่วยพัฒนาฝีมือและเทคนิคการทำได้อีกเยอะเลยครับ เพราะในเรื่องการใช้ไฟนั้น อาหารเอเชียมีความจุกจิกกว่า และเหมาะกับกระทะเหล็กมากกว่าครับ ถัาไปต่ออีก  นึง ก็ต้องไปเล่นกับมีดเหล็กจากญี่ปุ่น ซึ่งมีความคม และมีความละเอียดอ่อนกว่ามีดสแตนเลสในครัวทั่วไปเยอะครับ หั่น/ซอย/แล่ ได้ในพริบตา ไวมากๆชีวิตง่ายขึ้นเยอะ ฯลฯ.ผัดข้าว กระทะเทฟล่อน กับกระทะเหล็ก ยังออกมาต่างกันเลยครับ ถ้าจะให้อร่อยสุดๆไฟต้องแรง ผัดไวๆ ทำเทฟล่อนไม่ได้อ่ะ ครับเคาะทีเดียวหลุดละ 😅สมัยก่อนเริ่มกันที่กระทะเหล็ก ค่อยไปหา เทฟล่อน เพราะเทฟล่อนแพงมากปัจจุบันเริ่มกันที่เทฟล่อน ค่อยไปหา เหล็ก เพราะกระทะตามห้างแทปไม่มีขายแล้ว เหล็กดีๆ หายากและแพงมากเกิดขึ้นตามตามกลไกธุรกิจเเละการตลาดครับ 😊
 9: ขยายให้ดูร่องรอยของอารยะธรรมที่เกิดขึ้นจากการทำอาหารครับ กระทะเหล็กใบนี้รับใช้ผมมาเกือบ 20 ปีแล้ว ก็ยังใช้งานได้ดี ถือว่ายังเป็นวัยรุ่นอยู่มากสำหรับกระทะเหล็ก 😄😄😄 ส่วนเทฟล่อน หมดอายุทิ้งไปสองสามใบละ ครับกลไกในทางธุรกิจ โรงงานทำกระทะเหล็กมันก็จะเจ๊งก่อน เพราะใบนึงซื้อไปสิบปีกว่าปีมันก็ไม่กลับมาซื้ออีก ส่วนเทฟล่อนไม่นานก็ต้องกลับมาซื้ออีก โรงงานทำกระทะเหล็กก็อยู่ไม่ได้ ทำกระทะเทฟล่อนขายดีกว่า 😄😄😄ผมนึกไปเขียน อาจเป็นบทความได้ไม่ดีเท่าไหร่นะเพราะไม่ได้เปิดตำราเขียน ,😅 ถ้าอยากหากระทะเหล็กผมยินดีให้คำปรึกษาครับ มันมีทั้งของดีและไม่ดีขายกันเยอะนะสมัยนี้ พวกใบละไม่กี่ร้อยสีดำๆพวกนั้น เคลือบสีมา อย่าไปใช้นะครับ ถึงจะเหล็กจริงๆแต่เค้าใช้เหล็กไม่ดี และเป็นสนิมง่าย เค้าถึงต้องเคลือบสีมา เหล็กมีหลายเกรดตั้งแต่เกรดก่อสร้างยันกิโลละเป็นหมื่นอย่างที่ใช้ทำมีดแพงๆ กระทะเหล็ก carbon steel อย่างดีๆที่เป็นสีเนื้อเหล็กจริงไม่เป็นสนิมง่ายราคาเป็นพันขึ้นครับ"
กล้วยบวชชี (เมนูมัดใจหลัว),"1: 1. ปลอกเปลือก และหั่นกล้วยเป็นชิ้นๆ
 2: 2. ตั้งหม้อ ใส่กะทิ 1 ถ้วย น้ำ 5 ถ้วย ให้เดือด
 3: 3. กะทิเดือดใส่กล้วยลงต้มจนนิ่ม เติมเกลือ และ น้ำตาล (น่ำตาลใส่หวานตามชอบ)
 4: 5. น้ำตาลละลาย ใส่หัวกะทิที่เหลือ คนนิดหน่อย ปล่อยให้เดือดเล็กน้อย ปิดไฟ พร้อมรับประทานค่ะ"
กุ้งผัดผงกะหรี่,"1: เริ่มจากแกะปลอกเปลือกกุ้งของเรา นำหนวดน้องกุ้งออก เหลือหางไว้สวยๆค่ะ กรีดเส้นที่หลังออก แล้วล้างทำความสะอาดให้สะอาดค่ะ
 2: นำผักที่เตรียมไว้มาหั่นตามยาวค่ะ ทั้งแครอท หัวหอมใหญ่ พริกหวาน พริกชี้ฟ้า และต้นหอมค่ะ ไม่ซอยต้นหอมนะคะ หั่นเป็นท่อนยาวๆ เพื่อความสวยงามค่ะ
 3: นำผงกะหรี่สำเร็จรูปเทลงชามค่ะ ตอกไข่ไก่ 2 ฟอง ลงไว้ และตีให้เข้ากันค่ะ เติมน้ำเปล่าประมาณ 4 ช้อนโต๊ะค่ะ แล้วตามด้วยพริกเผาค่ะ เทน้ำมันพริกเผาลงไปด้วยนะคะ เพื่อสีสันค่ะ
 4: ตั้งกระทะใส่น้ำมันเล็กน้อยค่ะ เรานำกุ้งลงไปผัดจนพอสุก แล้วตักขึ้นพักไว้ค่ะ
 5: หลังจากนำกุ้งขึ้นแล้ว ใส่ผักค่ะ เริ่มจากแครอท พอแครอทเริ่มสุก ตามด้วยหัวหอมใหญ่และพริกหวานค่ะ
 6: ผัดไปจนผักเกือบสุกทั้งหมด ตามด้วย ซอส(ผงกะหรี่ที่ตอกไข พริกเผาและน้ำเปล่า) ลงไปค่ะ แล้วเติมกุ้งของเราลงเลยค่ะ
 7: ชิมรสก่อนนะคะ ถ้ารสอ่อน เติมซีอิ๊วขาวเล็กน้อย น้ำตาลเล็กน้อย และผงปรุงรสนิดหน่อยตามชอบค่ะ ผัดจนสุกค่ะ
 8: โรยต้นหอมกับพริกชี้ฟ้าที่เราหั่นเตรียมไว้ค่ะ เท่านี้ก็เสร็จแล้วค่ะ กุ้งผัดผงกะหรี่ 🍃💛"
กล้วยน้ำว้าอบเพื่อสุขภาพ,"1: เลือกกล้วยน้ำว้าที่ยังไม่สุกมาก
 2: แลอกเปลือกกล้วยน้ำว้า พักใส่จานไว้
 3: หั่นกล้วยน้ำว้าเป็นชิ้นเล็กๆพอดีคำ
 4: นำกล้วยน้ำว้าไปอบด้วยหม้ออบลมร้อน 5 นาที ใช้ไฟ 200 225 องศา
 5: ใช้ช้อนกินข้าวกดกล้วยให้แบน
 6: จะได้กล้วยน้ำว้าอบเพื่อสุขถาพไว้ทานเป็นอาหารว่าง
 7: แบ่งปันเพื่อนๆ"
ต้มยำน้ำข้น,"1: 1.หมูสามชั้นหั่นบางมัวนเป็นก้อน นำไปย่างให้พอหอม
 2: 2.หม้อตั้งไฟ ต้มน้ำเดือดใส่รากผักชี ตะไคร้ ใบมะกรูด หอมแดง ลงไป ใส่ซอสต้มยำลงไปเพื่อความเข้มข้น
 3: 3.ใส่หมูย่าง.. ปรุงรสด้วยน้ำปลาดี ใส่กะทิเรียลไทย ลงไปเพิ่มความหอมมัน.. ใส่ผักชี ผักชีฝรั่ง ทุบพริกขี้หนูสวนใส่ลงไป..ปิดไฟ
 4: 4.บีบมะนาวเพิ่มความเปรี้ยวตามชอบได้เลยเจ้าค่ะ"
ซุปน่องไก่ใส่มันฝรั่ง,"1: วิธีทำ
1. เตรียมผักต่างๆ ล้าง ปอกเปลือก หั่นเป็นชิ้นขนาดพอคำที่ใหญ่หน่อย พักไว้2. ตั้งหม้อใส่น้ำ ใส่ผงซุปหมูก้อนลงไปต้ม คอยตักฟองออกน้ำซุปจะได้ใส3. พอน้ำเดือด นำผักลงไปต้ม เริ่มที่แครอท และ มันฝรั่ง จนสุก จากนั้นใส่น่องไก่ลงไปต้มจนสุก ระหว่างนี้ใส่หัวหอมใหญ่ลงไป จะใส่เป็นรายการสุดท้าย เพราะหอมสุกง่าย4. ตักเสิร์ฟโรยหน้าด้วยผักชีสวยงาม"
หมูสะดุ้ง (boiled pork spicy with lime ),"1: นำสันคอหมูที่หั่นเป็นชิ้นพอดีคำไปลวกในน้ำเดือดจัด ลวกพอให้หมูสุกดี ตักขึ้นสะเด็ดน้ำแล้วจัดใส่จานพักไว้
 2: เตรียมน้ำยำ โดยละลายน้ำตาลปึกด้วยน้ำมะนาว และน้ำปลา จากนั้นเติมน้ำกระเทียมดอง ชิมรสชาติ ให้ออกเปรี้ยวหวานนำ
 3: เมื่อได้รสชาติที่ถูกปากแล้ว ผสมพริกและกระเทียมที่ตำละเอียดแล้วลงไปในน้ำยำ
 4: นำก้านคะน้าที่แช่เย็นไว้ ออกมาวางเคียงคู่กับสันคอหมูที่เราลวกเตรียมไว้ จากนั้นนำน้ำยำที่ได้ ราดลงไปในหมูสันคอ
 5: ตกแต่งด้วยใบผักชีให้สวยงาม และจัดเสิร์ฟได้เลยจ้า"
ต้มฟักน่องไก่ สูตรดอกเกลือ,"1: 1. ปอกกระเทียม เตรียมรากผักชี ล้างให้สะอาดโขลกกระเทียมที่ปอกเปลือกแล้วกับรากผักชี พอหยาบ
 2: 2 ล้างน่องไก่ให้สะอาด เอาหนังออกบางส่วน ( เอาไปทำหนังไก่ทอดได้)
 3: 3. หมักน่องไก่ด้วยกระเทียมและรากผักชีที่โขลกแล้ว ร่วมกับพริกไทย คลุกให้เข้ากัน หมัก 15 นาที
 4: 4. ปอกฟัก และหันเป็นชิ้นพอดีคำ
 5: 5 ต้มน้ำให้เดือด เมื่อน้ำเดือดให้ลดไฟลงเล็กน้อย เเล้วใส่น่องไก่ทั้งหมดลงไป(ในรูปคือน้ำซุปไก่ที่แบ่งไว้ทำหม้อที่สองเนื่องจากมีแต่หม้อไซด์เล็ก)
 6: 6. หลังช้อนฟองที่เป็นไขออกหมด และ ไก่เริ่มสุก ให้ใส่ฟักลงไป
 7: 7.ปิดฝาหม้อรอฟักสุก โดยไม่ต้องคน
 8: 8.เมื่อฟักสุกดีแล้ว (สังเกตจากฟักเปลี่ยนสีจากสีขาว เป็นเนื้อที่ใสใส) ให้ใส่ดอกเกลือ รอ 30 วินาที โดยไม่ต้องคน ชิมน้ำซุป ถ้าพอดีแล้ว เราจะสัมผัสได้ถึงรสชาติของเนื้อไก่ และ ฟัก ผสมกับรสดอกเกลือ ร่วมกับกลิ่นหอมๆจาก กระเทียมรากผักชีพริกไทย ตักใส่ถ้วยโรยผักชีที่หั่นเป็นท่อนประมาณ 1 cm เพื่อตกแต่งได้เลย"
ถั่วฝักยาวผัดไข่,"1: ล้างถั่วฝักยาวให้สะอาด สับกระเทียมแบบหยาบหรือตามใจชอบ
 2: ตั้งกระทะไฟปานกลาง ใส่น้ำมันพืช เจียวกระเทียม สุกพอดี และใส่ถั่วฝักยาวลงไปผัด
 3: รอถั่วฝักยาวใกล้สุก ตอกไข่ลงกระทะ และเกลี่ยให้ทั่ว
 4: รอไข่สุกเล็กน้อย ปรุงน้ำตาลและน้ำมันหอย ตามชอบ คลุกให้เข้ากัน ตักใส่จานเป็นอันเสร็จ"
ส้มตำข้าวโพด ฉบับมือใหม่หัดแซ่บ,"1: ขูดมะละกอและแครอทหรือสับเป็นเส้น ฝานข้าวโพด และเตรียมส่วนประกอบอื่นๆให้เรียบร้อย
 2: ตำกระเทียม พริก น้ำตาลปี๊บ น้ำปลา เกลือ น้ำมะนาวลงไปจนเข้ากัน แล้วค่อยใส่มะเขือเทศ ถั่วฝักยาว กุ้งแห้ง ข้าวโพดลงไปคลุก/ตำเบาๆ
 3: เอาเส้นมะละกอและแครอทลงไปตำด้วย
 4: เสร็จแล้วจ้า"
หมูสามชั้นทอด,"1: ล้างหมูสามชั้นให้สะอาดพักให้สะเด็ดน้ำ (เครื่องปรุงจะได้เข้าเนื้อ)
 2: นำหมูสามชั้น หมักกับซอสข้นปรุงรส ผงบาร์บีคิว ขยำให้เข้ากัน

 3: คลุกแป้งทอดกรอบ แล้วนำลงทอดทันที
 4: ตั้งน้ำมันให้ร้อนไฟกลาง นำหมูสามชั้นไปทอดในกระทะ

 5: ทอดให้หมูสามชั้นสุกเหลืองทอง
 6: วางพักหมูสามชั้นทอดไว้บนตระแกรง ให้สะเด็ดน้ำมัน
 7: หั่นเป็นชิ้นพอดีคำ จัดใส่จานพร้อมรับประทาน"
ต้มส้มปลากระบอก,"1: 1. ตำพริกไทยเม็ดกับหอมแดงและกระปิให้ละเอียด เข้ากันดี นำลงละลายน้ำในหม้อ ตั้งไฟให้เดือด หรี่ไฟลงนิดหน่อย เคี่ยวต่อไปให้หอม
 2: 2. ใส่ปลากระบอก รอจนกว่าจะสุกดี ปรุงรสด้วยน้ำตาลมะพร้าว น้ำมะขามเปียก และ น้ำปลา ให้ได้รสเปรี้ยว ๆ หวานๆ มีรสเผ็ดร้อนที่ปลายลิ้น
 3: 3. ใส่ขิงซอย รอให้เดือดดีๆ

 4: 4. ใส่ต้นหอมกับคึ่นฉ่ายหั่น ปิดไฟได้"
ผัดซีอิ้วหมูหมัก,"1: วิธีทำหมูหมัก สูตรนี้ สำหรับหมูครึ่งโล ผงฟู 1/2 ช้อน นมสด 3-4 ช้อน ผงปรุงรสหมู 1 ช้อน เกลือ 1/2 ช้อน ซื้ออิ้วขาว 3 ช้อน น้ำตาลปีบ 1/2 ช้อน พริกไทยเล็กน้อยคลุกให้เข้ากัน เอาไปใส่ตู้เย็นทิ้งไว้ 2 ชม.
 2: ล้างผักให้สะอาดและน้ำมาสะเด็ดน้ำ
นำมาหั่นขนาดพอดีทานจากนั้นปลอกกระเทียม เอาไปสับหรือตำให้พอแหลก
 3: เอาส้นหมี่มาแช่น้ำให้นิ่ม พอเส้นเริ่มนิ่ม เอาไปคลุกกับซี้อิ้วดำไว้ก่อน เพื่อที่เวลาผัดจะได้เข้ากัน
 4: ตั้งกระทะให้ร้อน ใส่น้ำมันลงไปพอประมาณ เอาไข่ลงไปทอดคนให้เข้ากันนิดหน่อยพอเริ่มสุกแล้วตักขึ้นพักไว้
 5: เอากระเทียบที่สับเตรียมไว้แล้วลงไปผัดกับน้ำมันจนหอม แล้วใส่หมูที่เราหมักไว้ลงไปผัด พอหมูสุก
 6: ใส่เส้นหมี่ที่คลุกกับซีอิ้วเรียบร้อยแล้วลงไป ผัดให้เข้ากัน ปรุงด้วยซีอิ้วขาว น้ำตาล ผงปรุงรส พริกไทย ผัดให้เข้ากัน
 7: เอาไข่ที่ผัดไว้ใส่ลงไปผัด
 8: ใส่ผักลงไปผัด พอให้ผักสุก ชิมรสชาติตามชอบ
 9: พร้อมเสริฟ์"
ไข่ยัดไส้,"1: ทำตัวไส้ก่อนโดยการตั้งกระทะ ใส่น้ำมัน พอร้อนใส่กระเทียมลงไปผัดจนหอมใส่หอมใหญ่สับและแครอท ถ้ามีมะเขือเทศสับก็ใส่ได้
 2: ผัดซักพักจนหอมใหญ่สีเริ่มใส ใส่หมูสับ ใช้ตะหลิวยีเหลือหมูไม่ให้จับตัวเป็นก้อน
 3: พอหมูสุก ใส่ซีอิ๊วขาว น้ำมันหอย น้ำตาล และซอสมะเขือเทศ ผัดเคล้าเครื่องปรุงกับหมูให้เข้ากัน ชิมรส โรยพริกไทยปิดท้าย น้ำขึ้นมาใส่ชามพักไว้
 4: ทำไข่ห่อ โดยตอกไข่ 2 ฟอง ผสมน้ำประมาณ 1/2 ช้อนชาเพื่อให้ไข่นุ่ม ใส่เกลือเล็กน้อยให้ไข่มีรสชาติ ตีให้ไข่ น้ำ และเกลือเข้ากัน ไม่ต้องตีฟู
 5: ตั้งกระทะ ทาน้ำมันให้ทั่ว พอร้อน ค่อยเทไข่และกลิ้งกระทะให้แผ่นไข่ที่มีความหนาระดับนึงและค่อนข้างใหญ่ปิดไส้ที่เราทำไว้ได้ จะได้ห่อง่ายไม่แตกและสวยตอนห่อ
 6: พอไข่ใกล้สุก พยายามเอาตะหลิวแซะขอบๆของไข่เพื่อเช็คว่าไข่ไม่ติดกระทะ
 7: เมื่อไข่สุกให้เอาไส้ที่พักไว้มาวางตรงกลาง แล้วห่อพับ 4 มุม
 8: ใช้ตะหลิวช่วยเอาไข่ที่ยังไม่กลับด้านขึ้นมาจากกระทะไว้ที่จาน
 9: นำจานอีกใบนึงไปประกบกิดจานที่มีไข่ จับให้แน่น แล้วพลิกด้าน แล้วผ่าตรงกลางก่อนเสิร์ฟเพื่อความสวยงาม"
เผือกหิมะ,"1: ปลอกเผือก หั่นตามขวางเป็นชิ้นกว้างประมาณ 3 ส่วน 4 นิ้ว
 2: นำเผือกลงทอดในน้ำมันปาล์ม ไฟแรง
 3: ทอดจนเผือกสุก เป็นสีเหลืองนวลใช้เวลาประมาณ 10 นาที นำเผือกขึ้นสะเด็ดน้ำมัน
 4: นำน้ำตาล เกลือ น้ำเปล่า ใบเตย ลงเคี่ยวในกะทะ ไฟปานกลาง จนน้ำตาลละลาย ตักใบเตยออก
 5: เคี่ยวจนน้ำเชื่อมเดือด เริ่มข้นเหนียว ปิดแก๊ส แล้วนำเผือกลงคลุกให้ทั่ว
 6: คลุกไปเรื่อยๆ จนน้ำเชื่อมแห้งและจับเป็นเกร็ดหิมะ
 7: ตักขนมขึ้นใส่จานพร้อมทาน"
ยำเห็ดหูหนูขาวกับหมูยอ,"1: เห็ดหูหนูขาวแห้ง นำไปแช่น้ำทิ้งไว้จนนิ่ม
 2: นำขึ้นมาจากน้ำที่แช่บีบน้ำออกแล้วนำมาหั่นเป็นชิ้นๆ และต้องตัดส่วนที่เป็นสีดำหรือสีน้ำตาลด้านล่างของดอกเห็ดเวลาหงายเห็ดขึ้นมา ทิ้งไป
 3: หมูยอ นำมาผ่าครึ่งตามยาว แล้วหั่นเป็นชิ้นตามขวาง
 4: มะเขือเทศ นำมาผ่า 4 เอาส่วนกลางที่มีเมล็ดทิ้งไป แล้วหั่นเป็นชิ้นๆ
 5: -หอมหัวใหญ่ ปอกเปลือก หั่นเป็นชิ้น
-ขึ้นฉ่าย ตัดส่วนรากทิ้ง นำไปล้างน้ำ หั่นเป็นท่อนๆ
 6: ้-นำหม้อหรือกระทะ ใส่น้ำเปล่า ตั้งไฟให้เดือด
-นำเห็ดหูหนูขาว ลงไปลวกให้สุก ตักขึ้นพักให้เย็นและสะเด็ดน้ำ บีบน้ำออกจากเห็ด-นำหมูยอลงไปลวกพอสุก ตักขึ้น พักไว้-เท เห็ดหูหนูขาวกับหมูยอ ใส่ในชามผสม
 7: นำ น้ำตาลปี๊บ มาละลายกับน้ำมะนาว (3 ช้อนโต๊ะก่อน ที่เหลือใส่เพิ่มทีหลัง)และน้ำปลา คนจนน้ำตาลละลาย เทลงไปในชามผสม ตามด้วยพริกขี้หนู(แล้วแต่ชอบเผ็ดมากเผ็ดน้อย)
 8: ใส่มะเขือเทศกับหอมหัวใหญ่ คลุกเคล้าให้เข้ากัน
 9: ต้องการเพิ่มสีของเมนูจานนี้ให้สวยขึ้นด้วยการใส่ซอสพริกลงไป คลุกเคล้าให้เข้ากัน
 10: -ชิมให้ได้รสตามชอบ ขาดรสไหนก็ใส่เพิ่มได้
-ใส่ขึ้นฉ่ายหั่น ขั้นตอนสุดท้าย คลุกเคล้าให้ทั่ว ตักเสิร์ฟลงจาน"
กระเพราหมูสับ สูตรพริกแห้ง,"1: ตั้งกระทะให้ร้อน ใช้ไฟปานกลาง ใส่น้ำมันพืชนิดหน่อย ใส่พริกแห้ง พริกสด กระเทียมลงไปผัดให้หอม
 2: ใส่หมูสับ ผัดพอสุก ปรุงรสด้วย ซอสปรุงรส น้ำมันหอย น้ำปลา น้ำตาลทราย ซีอิ๊วดำ ผัดให้เข้ากัน เสร็จแล้วฉีกใบมะกรูดใส่ลงไป ผัดให้เข้ากันอีกรอบ ใส่ใบกระเพราตามลงไปเป็นอันเสร็จ"
มาม่าผัดกะเพราหมูสับ,"1: จัดเตรียมส่วนผสมและเครื่องปรุง ลวกเส้นบะหมี่กึ่งสมเร็จรูปพักไว้ให้สะเด็ดน้ำ
 2: นำพริกกับกระเทียมมาโขลกด้วยกันพอหยาบๆไม่ต้องละเอียดมาก
 3: ตั้งกระทะใส่น้ำมันพืชเจียวพริกกระเทียมให้เหลืองหอม ใส่หมูสับลงไปผัด ตามด้วยใส่ถั่วฟักยาวลงไปผัดให้พอสุก
 4: ปรุงรสด้วยซีอิ๊วดำ คนอร์ซอสข้นปรุงรส น้ำตาลทราย และน้ำเปล่าลงไปเล็กน้อย
 5: จากนั้นใส่เส้นบะหมี่กึ่งสำเร็จรูปลงไปผัดคลุกเคล้าให้เข้ากัน ใส่ใบกะเพราลงไปผัด ปิดเตา
 6: ตักใส่จานพร้อมเสริฟ"
แกงคั่วหมูเค็มหน่อไม้ดอง,"1: หั่นเครื่องทุกอย่าง
 2: ล้างหน่อไม้ดอง3ครั้ง จากนั้นต้มทิ้งอีก1ครั้งเอาขึ้นพักไว้
 3: อันนี้เด็ดแช่น้ำไว้
 4: ขยักแยกตะไคร้กับหอมแขกซอยไว้ใส่สุดท้าย
 5: ข่าตะไคร้หอมแดงที่เหลือ ปั่นรวมกันพอหยาบ
 6: ประมาณขนาดนี้
 7: นำเครื่องที่ปั่นลงคั่วให้หอม
 8: เทกะทิลงไปให้ท่วมเครื่อง
 9: ใส่หมูเค็มลงไปต้มให้เนื้อหมูนุ่มลง
 10: ผ่านไป10นาที หมูนุ่มแล้วใส่หน่อไม้ดองลงไปเลย
 11: เดือดแล้วใส่น้ำมะขาม
 12: ตามด้วยน้ำตาล น้ำปลา กะปิ รสชาดถูกใจแล้ว ใส่ตะไคร้กับหอมแดงที่ขยักไว้
 13: ต้มให้เดือดๆๆๆๆ
 14: ใส่ใบมะกรูดและพริกขี้หนูสวนลงไป
 15: รอเดือดอีกครั้งพร้อมรัปทาน
 16: สำเร็จ"
ต้มมะระกระดูกหมู,"1: หั่นและล้างกระดูกหมูให้สะอาด
 2: ต้มกระดูกหมูใส่น้ำเดือด ใส่เครื่องตุ๋นยาจีน เติมเกลือลงไป ตุ๋นไว้จนกระดูกหมูเปื่อย นำเห็ดหอมที่แช่น้ำแล้วมาหั่นและใส่ลงหม้อ
 3: ปรุงรสด้วยซีอิ้วขาวและน้ำตาลทราย ใส่มะระที่หั่นแล้วลงไป จนมะระสุก โรยต้มหอมผักชีและพริกไทยป่น"
บัวลอยเผือกไข่เค็ม,"1: นำเผือกไปนึ่งให้สุก แล้วบดเผือกให้ละเอียด พักให้เย็น
 2: นำแป้งข้าวเหนียว เผือก น้ำเปล่า นวดรวมกัน
 3: นำแป้งที่ได้มาปั้นเป็นลูกกลมๆให้สวยงาม
 4: ทำตัวน้ำกะทิ
ตั้งน้ำกะทิ พอร้อนใส่ใบเตยมัด น้ำตาลปี๊บ เกลือ จนเดือด ชิมรส ใส่เนื้อมะพร้าวอ่อน ปิดไฟ
 5: นำแป้งที่ปั้นไว้ มาลวกในน้ำเดือด จนแป้งลอย ถือว่าใช้ได้
 6: จากนั้นนำไปเสิร์ฟ โดย ตักเม็ดบัวลอยใส่ถ้วย ราดด้วยน้ำกะทิและเนื้อมะพร้าว ใส่ไข่แดงเค็ม"
กุ้งนึ่ง,"1: ล้างกุ้งให้สะอาด ใส่ตะแกรงสะเด็ดน้ำ
 2: ตัดส่วนปลายแหลมๆ ตรงปากออก เวลาแกะจะได้ไม่ทิ่มมือ
 3: ตั้งหม้อนึ่งโดยใส่น้ำไว้พอควร อย่าให้ระดับน้ำสูงถึงตัวกุ้ง
 4: นึ่งกุ้งด้วยไฟแรง สังเกตว่ากุ้งจะเปลี่ยนเป็นสีแดง ให้รีบปิดไฟ อย่านึ่งนานเกินไปเพราะเนื้อกุ้งจะสุกแข็งแห้ง
 5: กินเปล่าๆ ก็ได้รสหวานตามธรรมชาติ หรือกินกับน้ำจิ้มซีฟู้ดก็เข้ากันดี หรือจิ้มกับซีอิ๊วขาวกินกับข้าวต้มก็อร่อย"
ราดหน้าหมี่กรอบ,"1: ตั้งกระทะไฟกลางตามด้วยน้ำมันพืช รอน้ำมันรอได้ที่ นำเส้นบะหมี่ลงไปทอด ทอดให้เหลืองกรอบทั้งสองด้าน
 2: ตักขึ้นพักไว้
 3: หั่นเนื้อหมูเตรียมไว้ จากนั้นหมักด้วยไข่ไก่ แป้งมัน ผงปรุงรส และพริกไทยขาวป่น หมักทิ้งไว้ประมาณ 5-10 นาที
 4: ตั้งหม้อไฟกลาง ตามด้วยน้ำเปล่า และคนอร์ซุปก้อน รอน้ำเดือดได้ที่ ปรุงรสด้วยน้ำตาลทราย ผงปรุงรส เต้าเจี้ยว และซีอิ๊วดำ ชิมรสตามชอบ
 5: ตามด้วยหมูที่หมักไว้ลงไป รอหมูเริ่มสุก ตามด้วยคะน้า รอผักสุก นำแป้งมัน+น้ำเปล่า คนให่เข้ากันเติมลงไปเพื่อให้เหนียวข้นตามชอบ ปิดไฟ
 6: พร้อมทาน 💗"
ผัดแขนงผัดน้ำมันหอย,"1: เอาแขนงมาหั่นครึ่ง ล้างให้สะอาด นำขึ้นมาพักสะเด็ดนำออก เวลาผัดนำมันจะได้ไม่กระเด็นนำกระเทียมมาปลอกเปลือกสับหยาบๆเอาพริกแดงมาล้างให้สะอาดตำให้แตก
 2: เจียวกระเทียมและพริกจนหอม
 3: ใส่แขนงที่เตรียมไว้ลงไป
 4: ปรุงรสด้วย น้ำมันหอย ซี้อิ้วขาว ซอสปรุงรส น้ำตาลเล็กน้อย ชิมรสตามชอบ
 5: ผัดให้เข้ากันสักพัก ตักขึ้นได้เลย"
ลาบหมู (ดิบ),"1: นำเนื้อหมูมาลาบให้ละเอียดใส่เลือดและเกลือเล็กน้อย

 2: นำเครื่องในไปต้มให้สุกแล้วพักไว้
เก็บน้ำต้มไว้ด้วยเพื่อนำมาปรุงอีกที
 3: ซอยเครื่องในและมันคอเป็นชิ้นพอดี
นำต้นหอมผักชีผักไผ่สาระแหน่มาซอยให้ละเอียด
 4: นำพริกลาบมาผสมกับเนื้อหมูที่เราลาบไว้และเครื่องใน นำมาคนให้เข้ากัน ชิมรสตามชอบใจ
 5: ตักใส่จานโรยด้วยหอมเจียวพร้อมเสริฟ์
ผักแกล้มเอาตามที่ชอบชิมรสตามชอบตักใส่จานโรยด้วยหอมเจียวพร้อมเสริฟ์ผักแกล้มเอาตามที่ชอบ**** สำหรับผู้ที่ไม่ได้ทานลาบดิบ ให้นำไปคั่ว โดยนำลาบดิบที่เราผสมทิ้งไว้แล้วนำไปตั้งไฟปานกลางคั่วให้สุกเติมน้ำเปล่า ให้พอดีถ้าใครชอบน้ำมากหรือน้ำน้อย ก็ให้กะเอา ปรุงรสด้วยน้ำปลาหรือผงปรุงรสก็ได้ ปิดท้ายด้วย โรยกระเทียมเจียวหอมหอม และพริกแห้งแค่นี้ก็ได้ลาบคั่ว แสนจะอร่อยแล้ว"
ข้าวยำน้ำบูดูของดีเมืองใต้,"1: ข้าวสวยร้อนๆ
และน้ำบูดู
 2: ขั้นตอนของการเตรียมผักและส่วนประกอบอื่นๆ
1.นำแตงกวามาหั่นตามแนวขวางหั่นชิ้นพอดีคำ2.นำต้นตระไคร้มาซอยละเอียด3.นำมะม่วงเปรี้ยว/ไม่เปรี้ยว (แล้วแต่ความชอบ) ซอยเป็นเส้นยาวๆ4.นำมะเขือเปราะหรือมะเขืออะไรก็ได้นะคะที่บ้านเรามีและหาง่าย มาหั่นเป็นชิ้นบางๆ และนำไปแช่น้ำเกลือเพื่อไม่ให้มะเขือที่เราทำการหั่นแล้วมีสีดำ5.นำฝักกระถินที่สุกหาได้ง่ายๆตามบ้านหรือริมทางมาแกะฝักเพื่อเอาเม็ดกระถินออกมา6.นำใบมะกรูดและใบขมิ้นมาซอยให้เป็นเส้นฝอยละเอียด7.นำกุ้งแห้งมาป่นละเอียด (ควรเลือกกุ้งแห้งที่รสชาติกำลังดีและไม่เค็มมากนะคะ)8.ในส่วนของมะพร้าวคั่ว ทำได้ง่ายๆโดยไปซื้อมะพร้าวที่ขูดแล้วตามตลาดแล้วนำมาคั่วไฟอ่อนๆให้แห้งคั่วไปเรื่อยๆจนสีเริ่มน้ำตาล ปิดไฟและนำมะพร้าวที่เราคั่วมาใส่ครกตำให้ละเอียดค่ะ9.มะนาวหั่นชิ้นเอาไว้บีบใส่ในข้าวยำตามความชอบส่วนตัวเลยค่ะขั้นตอนการทำน้ำบูดูน้ำบูดูขวดสามารถหาซื้อได้ตาม Supermarket หรือแหล่งของฝากจากใต้ได้เลยนะคะ แต่ที่เห็นใส่มาในขวดอย่างดีใช่ว่าจะทานได้เลยนะคะเราต้องนำไปปรุงรสและต้มก่อนค่ะ1.เทน้ำบูดูใส่หม้อต้ม ตั้งกระทะเปิดไฟอ่อนๆ2.ใส่หอมแดง ตระไคร้ ใบมะกรูดเพื่อให้น้ำบูดูมีกลิ่นหอม3.ใส่น้ำตาลปี๊ป 2 ช้อนโต๊ะ4.เคี่ยวส่วนผสมทั้งหมดบนเตาเผิดไฟอ่อน5.เคี่ยวไปเรื่อยๆจนเริ่มเดือด ทำการปิดไฟรอให้น้ำบูดูเย็น6.เทน้ำบูดูใส่ถ้วย
 3: ส่วนผสมที่เราเตรียมไว้หลังจากหั่นและซอยก็จะได้หน้าตาแบบที่เห็นเลยนะคะ
 4: ขั้นตอนการยำ
1.นำข้าวสวยร้อนๆ 2 ทัพพีและนำผักที่เตรียมไว้ทั้งหมดใส่ลงไปในถ้วยข้าวสวย หลังจากนั้นใส่น้ำบูดูตามชอบลงไป ทำการคลุกเคล้าให้เข้ากันเราก็ได้ข้าวยำแสนอร่อยของดีเมืองปักษ์ใต้"
ผัดเผ็ดเนื้อหน่อไม้ดอง,"1: 1.เนื้อวัวติดมันเล็กน้อย หั่นเป็นชิ้นไม่หนามากเกินไป .. หน่อไม้ดองที่ต้มแล้วหั่นเป็นชิ้นพอดีคำ .. กระชายซอย
 2: 2.พริกขี้หนูและกระเทียมสับพอหยาบผัดให้หอม แล้วใส่พริกแกงเผ็ดลงไปผัดให้สีสวยมีกลิ่นหอม.. ตามด้วยเนื้อวัว หน่อไม้ดอง กระชายซอย พริกไทยอ่อน พริกชี้ฟ้า.. ปรุงรสด้วยน้ำตาลทราย น้ำปลาดี ผงคนอร์อร่อยชัวร์..ชิมรสชาติให้ถูกใจ
 3: 3.ฉีกใบมะกรูด ใส่ใบโหระพาลงไปผัดไฟแรงให้เข้ากัน เป็นอันเสร็จพร้อมอร่อยได้เลยเจ้าค่ะ"
ห่อหมกกุ้ง,"1: ตีไข่ให้เข้ากัน
 2: จากนั้นใส่พริกแกงลงไปตีในไข่ให้เข้ากัน
 3: นำเนื้อปลาดอร์ลีสับใส่ลงในชามผสม หัวกะทิ กระชาย น้ำตาลปี๊บ และน้ำปลา
 4: จากนั้นคนให้ส่วนผสมเข้ากันจนเหนียว
 5: จากนั้นใส่กระหล่ำปลีลวกรองก้นถ้วย
 6: จากนั้นตักห่อหมกใส่ถ้วย
 7: จากนั้นนห่อนำห่อหมกไปนึ่ง
 8: นึ่งจนสุก ราดหน้าห่อหมกด้วยกระทิ
 9: ใส่กุ้งลวก ตกแต่ง จัดเสริฟ
 10: ห่อหมกกุ้ง"
ปลาหมึก+กุ้ง ผัดไข่เค็ม 🦑🦐,"1: - เตรียมส่วนผสม
 2: - นำกระเทียมมาบุบ
- นำต้นหอมขึ้นฉ่ายล้างให้สะอาดหั่นท่อน- ซอยหัวหอม- หั่นพริกชี้ฟ้าแฉลบ หากไม่มีใช้พริกจินดาแดงแทน ในรูปเราหาพริกชี้ฟ้าแดงไม่ได้เลยใช้สีเขียสผสมส้มแทนค่ะ ละเพิ่มพริกจินดาอีก2เม็ด
 3: - นำปลาหมึกกล้วยมาล้างให้สะอาด ควักไส้ด้านในถึงหมึกออกรวมไปถึงกระดูก- ลอกหนังออก- นำไปแช่น้ำเกลือเพื่อดับกลิ่นคาว
 4: - นำกุ้งมาล้างให้สะอาด ปลอกเปลือก และนำเส้นดำออก
 5: - นำไข่เค็มเฉพาะไข่แดง3ฟอง ไข่ขาวฟอง มาบดให้แหลก
- นำน้ำพริกเผา น้ำมันหอย น้ำปลา น้ำตาลทราย นมสด ผสมกับไข่แดงที่บดไว้
 6: - ตั้งน้ำมันบนกระทะ ใส่กระเทียมลงไปผัดให้มีกลิ่นหอม
 7: - นำปลาหมึกลงไปผัด ตามด้วยกุ้ง
 8: - นำไข่เค็มที่ผสมเครื่องปรุงลงไปผัดกับหมึกและกุ้ง
 9: - ใส่หอมใหญ่ พริก ต้นหอม ขึ้นฉ่าย ผัดจนเริ่มงวดให้ใส่น้ำเปล่าละผัดให้เข้ากัน ละดับไฟ
 10: - ตักใส่จานพร้อมทาน"
หอยลายผัดพริกแกง,"1: นำหอยลายมาล้างให้สะอาดแล้วพักไว้
 2: ตั้งกระทะ ใส่น้ำมัน และกระเทียมลงไป ทอดพอหอม
 3: ใส่พริกแกง พร้อมเปิดไฟอ่อน คั่วพริกแกงในกระทะพอหอม
 4: นำหอยลายที่ล้างไว้ เทใส่กระทะ เพิ่มไฟ ใส่เครื่องปรุงรสที่เตรียมไว้
 5: ผัดให้เข้ากัน สังเกตุพอหอยสุก เติมน้ำเปล่านิดหน่อย ใส่ ใบโหระพา (เหลือใบโหระพา 3-4 ใบไว้แต่งหน้าหอย) ปิดไฟ คนให้เข้ากัน
 6: ตักใส่จาน พร้อมโรยใบโหระพา เสริ์ฟพร้อมข้าวสวยร้อนๆ"
ขนมจีนน้ำพริก แบบเร่งด่วน,"1: ใส่กะทิครึ่งกล่องผัดกับเครื่องแกงให้หอมแต่ไม่แตกมัน ไฟกลางอ่อน
 2: เครื่องแกงหอมแล้วเติมกะทิที่เหลือลงไปค่ะ
 3: ใส่หมูสับลงไปยีให้หมูมันแตกออก
 4: ใส่กุ้งสับ 100 กรัม แล้วปรุงรสหวานเปรี้ยวใส่เกลือตัดเลี่ยน
 5: บีบมะกรูดลงไป 1 ลูก หอมๆ เป็นเสน่ห์ไทยๆ
 6: สุดท้ายใส่กุ้งสดที่เหลือลงไปค่ะ คนนิดหน่อยอย่านานให้กุ้งพอสุกปิดไฟได้เลย
 7: เสร็จแล้วจ้า
 8: ใส่จานทานกับผักลวก หอมแดงเจียว พริกทอด หัวปลี นะคะเค้าสร้างมาเคียงกัน"
หอยดองแบบบ้าน,"1: หอยแมงภู่สดๆ3กิโล
 2: ล้างให้สะอาดแล้วแช่นํ้าเย็นจัดเพื่อให้ปากหอยเปิด
 3: แกะเอาแต่เนื้อหอย
 4: ล้างเนื้อหอยด้วยเกลือและนํ้าส้มสายชูให้หายเมือค
 5: นํ้าดองที่จะใช้ดองหอย
 6: เอาหอยใส่โหลแก้วเทนํ้าดองใส่ ดองไว้สัก3-4วันพร้อมเอามาทำเมนูรับประทาน"
สันคอหมูหม้อทอดไร้น้ำมัน,"1: ล้างคอหมูให้สะอาด สะเด็ดน้ำให้แห้ง ใช้กระดาษทิชชู่ช่วยซับน้ำออก
 2: ผสมซอสวิกกี้ + ผงปรุงรส + พริกไทย + น้ำมัน เข้าด้วยกัน ลองชิมรสดู
 3: นำคอหมูลงคลุกเคล้าน้ำหมักให้ทั่วพร้อมใช้ส้อมทิ่มให้พรุนขณะหมัก นวดเล็กน้อยให้น้ำหมักซึมทั่วเนื้อ หมักทิ้งนานประมาณ 1 ชั่วโมง
 4: ใส่คอหมูที่หมักแล้วลงในหม้อทอดไร้น้ำมัน ตั้งความร้อนประมาณ 160 - 180 องศา
 5: ใช้เวลาทอดประมาณ 15 - 20 นาที คอยเช็คดูให้หมูสุกสีเหลืองสวย
 6: กลับอีกด้าน เอาเข้าทอดต่อประมาณ 10 นาที คอยเช็คดูด้วยกันไหม้เพราะเครื่องแต่ละคนไม่เหมือนกัน
 7: พอคอหมูสุกทั่วดีแล้ว ตั้งพักทิ้งไว้ให้เย็นลงซักครู่ เฉือนส่วนที่ไหม้ทิ้งไป
 8: หั่นเป็นชิ้นบางๆ กินกับข้าวสวยหรือข้าวเหนียว หรือกินเล่นเพลินๆ"
ไก่แดดเดียว,"1: วัตถุดิบ ที่ใช้
 2: หั่นอกไก่เป็นชิ้น ขนาดตามชอบ และเตรียมส่วนผสมให้พร้อม
 3: เตรียมหมักโดยการ นำน้ำตาลผสมกับซอสปรุงรสจนละลายเป็นเนื้อเดียวกัน จากนั้นนำเนื้อไก่ที่หั่นไว้ ลงคลุกเคล้าให้ทั่ว แล้วหมักทิ้งไว้ 1 ชม.
 4: หมักจนครบเวลา นำไก่เรียงใส่ถาด ไปตากแดดจัดๆ แค่ผิวตึงๆ เป็นอันใช้ได้
 5: ตั้งกระทะ เปิดไฟกลาง ใส่น้ำมันพอประมาณ รอน้ำร้อนจัด นำไก่แดดเดียว ลงทอดจนเหลืองตามตัองการ
 6: เสร็จแล้ว เสิร์ฟร้อนๆ"
หลนแหนม,"1: นำพริกชี้ฟ้า ใบมะกรูด พริกขี้หนู ใส่ลงในหัวกะทิ พักไว้
 2: นำกะทิตั้งไฟให้เดือด พอเดือดแล้วหรี่ไฟลงนิดหน่อยแล้วเคี่ยวกะทิต่อไปอีกซัก 5 นาที ใส่แหนมลงไป คนให้เข้ากัน แล้วรอให้เดือดดีๆ
 3: ใส่หอมแดงลงไป เคี่ยวต่อจนหอมแดงสลดดี
 4: ปรุงรสด้วยน้ำตาลมะพร้าว เกลือ ชิมดูให้รสออกเปรี้ยว เค็มนิดๆ แล้วมีรสหวานหน่อยๆ
 5: เคี่ยวหลนต่อไปจนน้ำเริ่มงวด ให้กะดูว่าพอเราเติมหัวกะทิลงไปแล้วน้ำจะไม่มากเกินไป ลักษณะของเครื่องจิ้มประเภทหลนจะต้องมีความข้นให้ติดกับผักที่จะนำมาจิ้ม น้ำไม่ใสเกินไป
 6: ใส่หัวกะทิลงไป พอใส่หัวกะทิลงไปหลนจะข้นขึ้น เคี่ยวให้หัวกะทิเดือดดีๆ ชิมรสดูอีกทีคราวนี้ให้ออกรสเผ็ดนิดๆ ด้วย กะดูให้ปริมาณน้ำกับความข้นพอเหมาะก็ปิดไฟได้"
หมูกระทะทำเองก็ได้ง่ายนิดเดียว,"1: วิธีการหมักหมู : นำหมูที่ซื้อจาก Makro มาละลายน้ำแบ่งปริมาณตามความต้องการ
 2: ตำกระเทียม กับรากผักชีแหลกพอประมาณ ไม่ต้องละเอียดมาก
 3: ใส่กระเทียมที่ตำ พริกไทย น้ำมันหอย ซีอิ๊วขาว และไข่ไก่1ฟอง ลงผสมในหมูหมักคนให้เข้ากันจนทั่วไว้อย่างน้อย 15-30นาที
 4: การทำน้ำซุป ต้มน่ำให้เดือดใส่คนอร์ก้อน1-2ก้อน
 5: ดสร็จแล้วก็เอาทุกอย่างมากรวมเข้าด้วยกันแล้วทานได้เลยค่าาา
อันนีซื้อน้ำจิ้มสุกี้พันท้ายมาทาน มีติดบ้านอยู่แล้วก็ใช้ได้เลยค่ะ"
""" เมนู ปลากระพงทอดราดน้ำปลา+ ยำมะม่วง ""","1: : ทอดปลา
- นำปลากระพง คลุกแป้ง บางๆ แล้วนำลงทอด ให้สุกกรอบเหลืองทอง
 2: : ยำมะม่วง
- เตรียมภาชนะ สำหรับทำ ใส่ พริกขี้หนูสับ น้ำปลา น้ำมะนาว น้ำตาลทราย คนรวมกันให้น้ำตาลละลาย แล้วเติม มะม่วงสับ หอมแดงซอย คึ่นฉ่าย กุ้งแห้งทอด ถั่วลิสงคั่ว ใบผักชี แล้วตักใสถ้วยเสริฟ
 3: : สำหรับทำน้ำปลาราด
- ตั้งกระทะ ใช้ไฟอ่อน ใส่น้ำมันพืช รอน้ำมันร้อนได้ที่ใส่ น้ำปลา ผัดให้กลิ่นน้ำปลาหอมใหม้กระทะนิดหน่อย ใส่น้ำตาลมะพร้าว น้ำเปล่านิดหน่อย คนให้ละลายเข้ากัน รอจนเดือด ปิดไฟ
 4: : จัดจานเสิร์ฟ
- นำปลามาวาง ราดด้วยน้ำปลาที่ปรุงรสไว้ แล้วนำถ้วย ยำมะม่วงมาวางด้านข้าง ตกแต่งด้วย ยอดคึ่นฉ่าย เป็นอันแล้วเสร็จ พร้อมเสริฟคะ#แชร์สูตรอาหารกับครัวwongnai#fusionfood style by natwarin"
ข้าวหมกไก่ สูตรบ้าน,"1: เตรียมวัตถุดิบกันค่ะ
* วันนี้เดียร์ทำแบบง่ายๆเลยค่ะใช้ผงสำเร็จรูปสำหรับทำข้าวหมกไก่ หาซื้อได้ง่ายๆตามซุปเปอร์ค่ะ
 2: 1. เทไก่และผงทำข้าวหมกไก่ใส่ลงไปในหม้อค่ะ
2. ใส่ผงกระหรี่3. ใส่นมข้นจืด
 3: 1.ต่อมาใส่น้ำสะอาดให้พอดีเนื้อไก่ค่ะ
2.นำไปต้มจนน้ำเริ่มเดือดให้ใส่เนย3.ต้มต่อไปเรื่อยๆจนไก่สุกค่ะเสร็จแล้วค่ะส่วนของไก่
 4: ต่อมา ทำส่วนของข้าวไก่ค่ะ
จากรูป มีเพียงแค่สามอย่าง- ข้าวมะลิดิบ- ไก่ที่เราต้มไปในขั้นตอนแรก- หอมแดงเจียว
 5: 1. เทน้ำต้มไก่ที่เราทำไว้ใส่ในข้าว
2. ใส่ปริมาณเหมือนตอนเราหุงข้าวเลยค่ะ ใส่เยอะระวังข้าวแฉะนะคะ3. ใส่หอมแดงเจียวหุงข้าวโลดด ค่ะ
 6: เสร็จแล้วค่ะ ส่วนของข้าวและไก่
หอมมากๆๆ
 7: มาทำส่วนของน้ำจิ้มกันค่ะ
1.ใส่น้ำตาลทราย 3 ชต.2.ใส่น้ำอุ่น 1 ชต. เพื่อละลายน้ำตาล3.ใส่พริกกับกระเทียมที่โขลกแล้ว ปริมาณตามใจชอบค่ะ4.ใส่น้ำส้มสายชู 2 ชต.5.ใส่น้ำจิ้มไก่ 1-2 ชต.
 8: เสร็จแล้วค่ะ
อย่าลืมทานคู่กับแตงกวา / ผักสด / หอมเจียวทอด ด้วยนะคะ"
ผัดกะเพราพริกแห้งรสจัดจ้านกับไข่ดาว,"1: ปอกกระเทียม นำมาล้างน้ำให้สะอาดพริกแห้งก็เช่นกัน และมาโขลกพอละเอียด ใครชอบหยาบก็โขลกหยาบนะ
 2: ปอกหอมแดง ล้างให้สะอาด และซอยเตรียมไว้
 3: เด็ดใบกะเพรา ล้างน้ำให้สะอาด พักให้สะเด็ดน้ำ
 4: พอน้ำมันร้อน ทอดไข่ดาว ชอบสุก หรือไม่สุก ก็ตามใจเลยครับ
 5: เทน้ำมันที่ทอดไข่ดาวออก ใส่น้ำมัน 2 ช้อนโต๊ะ พอร้อนนำพริกกระเทียมที่โขลกไว้ มาผัดพอหอม
 6: ใส่หมูผัดจนสุกเติมน้ำลงไป ปรุงรส และชิม ผัดให้ส่วนผสมเข้ากัน
 7: ใส่ใบกะเพราและหอมแดงซอยลงไป ปิดแก๊ส ผัดให้เข้ากันอีกครั้ง
 8: ตักใส่ภาชนะ พร้อมทานแล้วครับ"
หมูสามชั้นทอดกระเทียม,"1: นำหมูสามชั้นไปหั่นเป็นท่อนบางๆ หมักกับเกลือ รากผักชี กระเทียม พริกไทยที่โขรกไว้ จากนั้นใส่น้ำมันหอย ซอสปรุงรส หมักไว้15-20นาที
 2: หลังจากหมักได้ที่ นำไปแป้งมันและแป้งชุบทอด จากนั้นตั้งน้ำมันให้ท่วม รอจาน้ำมันร้อน นำหมูลงไปทอด หมั่นคนคนหมูสุก
 3: พอหมูสุก นำหมูขึ้นพึ่งในตะแกรงเพื่อให้กรอบนาน จากนั้นนำกระเทียมที่โขรกไว้ลงทอดจนเหลือ"
แกงไก่ยอดมะพร้าวอ่อน,"1: ตั้งกระทะไฟกลาง ตามด้วยไก่และน้ำเปล่า ปรุงรสด้วยซอสฝาเขียว รวนไปเรื่อยๆจนสุก
 2: หั่นยอดมะพร้าวอ่อนเตรียมไว้
 3: เสร็จแล้ว เตรียมทั้งหมดไว้
 4: ตั้งกระทะไฟกลางตามด้วยหัวกะทิและพริกแกง ผัดให้เข้ากัน รอเดือด ปรุงรสด้วยน้ำตาลปี๊บและคนอร์
 5: จากนั้นนำยอดมะพร้าวอ่อนลงไปผัดจนสุก
 6: จากนั้นนำส่วนผสมในกระทะใส่หม้อ เติมหางกะทิและน้ำเปล่าลงไป ตามด้วยไก่ที่รวนไว้ ปรุงรสเพิ่มเติมตามชอบ และต้มต่อไปสักครู่
 7: จากนั้นปิดไฟ เติมใบโหระพาและพริกชี้ฟ้า
 8: เสร็ตแล้วค่ะ 🌶️"
ปลาทูราดพริกน้ำปลาหวาน,"1: 1. น้ำปลาทูมันมาทอดเตรียมไว้ ทอดให้หัวกรอบๆ
 2: 2. หั่นหอมแดงเป็นแว่นๆ และซอยพริกขี้หนูสวนเตรียมไว้
 3: 3. ตั้งกระทะ ใส่น้ำมันประมาณ 2 ช้อนโต๊ะไฟกลาง นำหอมแดงลงไปผัดให้หอม ตามด้วยพริกขี้หนู แล้วเติมน้ำเปล่าลงไปสัก 1 ถ้วยตวง
 4: 4. ใส่น้ำตาลปี๊บ น้ำตาลทราย และมะขามเปียกลงไป เคี่ยวจนน้ำตาลละลายหมด ตักเศษๆมะขามเปียกออก ปรุงรสด้วยน้ำปลา และใส่พริกป่นลงไปปิดท้าย เคี่ยวจนน้ำราดงวดตามต้องการ เป็นอันใช้ได้ นำมาราดบนตัวปลาที่มอดเตรียมไว้ กินกับข้าวสวยร้อนๆ"
ต้มยำรวมมิตรเห็ดน้ำใส,"1: เห็ดออรินจิ ตัดด้านท้ายทิ้ง ผ่าครึ่งแล้วหั่นเฉียง เตรียมไว้
 2: เห็ดภูฐาน ตัดด้านปลายทิ้ง เตรียมไว้
 3: เห็ดเข็มทอง ตัดด้านปลายที่ติดดินทิ้งไป เตรียมไว้
 4: เห็ดฟาง ตัดส่วนปลายทิ้ง หัวใหญ่ผ่า 4 ถ้าหัวเล็กผ่าครึ่ง เตรียมไว้
 5: -นำน้ำเปล่าใส่หม้อ ตั้งไฟ
-ใส่เครื่องต้มยำ ข่า+ตะไคร้+ใบมะกรูด-ใส่คนอร์เล้งต้มแซ่บ ต้มให้คนอร์ละลายและหอมกลิ่นสมุนไพร
 6: ใส่เห็ดที่หั่นชิ้นใหญ่ลงต้มก่อน รอจนน้ำเดือดและเห็ดเริ่มสุก
 7: ใส่เห็ดที่ชิ้นเล็กลงต้มให้น้ำเดือดอีกครั้งและเห็ดทั้งหมดสุก
 8: -ใส่พริกขี้หนูบุบ สับยาบ คนให้เข้ากัน
-ให้ชิมก่อน 1 รอบเพราะในคนอร์เล้งต้มแซ่บ มีรสเปรี้ยว-เค็ม-เผ็ด จากนั้นจึงใส่น้ำปลาเพิ่ม ปิดไฟ ยกลง-บีบน้ำมะนาวลง ชิมอีกทีให้ได้รสตามที่ชอบ
 9: ใส่พริกขี้หนูแห้งทอดหักเป็นท่อนๆ
-ใส่ผักชีใบเลื่อยซอย คนให้เข้ากัน
 10: ตักเสิร์ฟใส่ถ้วย"
ไก่ต้มซีอิ้ว 🐔,"1: ตั้งน้ำต้มพอเดือด ใส่สะโพกไก่ เดือดอีกครั้ง ยกขึ้น เทน้ำทิ้ง
 2: ตั้งหม้อใหญ่ใส่น้ำ ซอสต่างๆ ข่า ตะไคร้ ใบมะกรูด ต้ม 45 นาที
 3: โขลกพริก กระเทียม ปรุงรสด้วยมะนาว น้ำปลา น้ำตาล
 4: เสร็จพร้อมเสริฟ"
้น้ำตกคอหมู,"1: -นำคอหมู มาทุบให้นุ่ม หรือใช้ส้อมจิ้มก็ได้
-นำไปคลุกเคล้า กับน้ำมันหอย+ซีอิ้วขาว+น้ำตาลปี๊บ หมักทิ้งไว้ 30 นาที ในตู้เย็นช่องธรรมดา
 2: -นำไปย่างหรือจี่บนกระทะเทปล่อน จนสุก
-นำมาหั่นเป็นชิ้นพอดีคำ
 3: -ซอยหัวหอม
-ซอยพริกขี้หนู-ซอย ต้นหอม+ผักชีใบเลื่อย+ใบสะระแหน่
 4: -ใส่ น้ำปลา+น้ำมะขามเปียก+น้ำมะนาว+น้ำตาลทราย ลงในชามผสม
-ใส่ คอหมูที่หั่นลงคลุก-ใส่ หอมแดงซอย+พริกป่น+ข้าวคั่ว+พริกขี้หนูซอย คลุกเคล้าให้ส่วนผสมเข้ากันทั้งหมด ชิมให้ได้รสตามที่ชอบเลย
 5: สุดท้าย ใส่ ต้นหอมซอย+ผักชีใบเลื่อยซอย+ใบสะระแหน่ซอย คลุกเคล้าให้เข้ากันแบบเบามือ
 6: ตักเสิร์ฟลงจาน รับประทานกับผักสดต่างๆเช่น ใบสะระแหน่,ใบโหระพา,แตงกวา,แตงร้าน,กะหล่ำปลี,ผักกาดขาว,ถั่วฝักยาวฯลฯ"
ผัดผักกวางตุ้งหมูสับ,"1: ล้างผักกวางตุ้งและหั่นเป็นท่อนๆ วางพักให้แห้ง
 2: ตั้งกะทะใส่น้ำมันพืช ตามด้วยกระเทียม เจียวจนกระเทียมเหลือง
 3: ใส่ผักกวางตุ้งลงผัด ปรุงด้วยซอสคนอร์และน้ำตาล ผัดคลุกเคล้าให้ทั่ว เพื่อให้ผักเขียวน่าทาน
 4: เติมน้ำเปล่าเล็กน้อย ผัดจนผักเริ่มสุกใส่หมูสับลงไป ผัดต่อจนหมูสุก
 5: ตักใส่จานพร้อมทานคะ"
"“พะโล้น่องไก่""","1: ตั้งกระทะใส่น้ำมัน ตามด้วย 3 เกลอ ผัดให้หอม ใส่ผงพะโล้ตามลงไป และน่องไก่
 2: ปรุงรสด้วย น้ำตาลปี๊บ น้ำปลา ซีอิ้วหวาน เกลือ ผงปรุงรส และน้ำสะอาด ชิมรสตามชอบ
 3: เคี่ยวประมาณ 10 นาที เทใส่หม้อ ใส่ชุดพะโล้ เต้าหู้ทอด ปิดฝา เปิดไฟอ่อน ตุ๋นจนไก่เปื่อย ใส่ไข่ต้มลงไป ตามด้วยผักชี ทิ้งไว้สักพัก ปิดแก๊ส ตักใส่ชามพร้อมเสิร์ฟ พร้อมน้ำจิ้มซีฟู้ด"
"“แกงป่าปลาดุก""","1: ตั้งกระทะ ใส่พริกแกง และน้ำ ขยี้พริกแกงให้กระจาย น้ำเดือดใส่ปลาดุกลงไป
 2: ใส่มะเขือเปราะ มะเขือพวง พริกใหญ่ ปรุงรสด้วย น้ำตาลทราย เกลือ น้ำปลา ผงปรุงรส ชิมรสชาติตามชอบ
 3: ใส่กระชาย ใบมะกรูด และ ใบกระเพรา ปิดแก๊ส ตักใส่ชามพร้อมเสิร์ฟ"
หมูกรอบคั่วพริกเกลือ,"1: ขั้นตอนที่ 1 🔔
นำหมูสามชั้นมาหมักด้วยผงปรุงรส น้ำตาลปี้บ พริกไทยดำ แป้งมัน น้ำมันหอย นมสด กระเทียม หมักหมูสามชั้นไว้1คืน แช่ตู้เย็นไว้นะคะ
 2: ขั้นตอนที่ 2 🔔
นำหมูของเราออกมาจากตู้เย็น ใช้ส้อมจิ้มลงไปบนหมูนะคะ แล้วนำหมูไปคลุกแป้งชุบกรอบพอเคลือบๆนอดหน่อยค่ะ แล้วตั้งน้ำมันใส่เยอะเลยค่ะ นำหมูลงไปทอดเลยค่ะ
 3: ขั้นตอนที่ 3 🔔
ทอดหมูทั้งสองด้านให้เหลืองกรอบน่าทานนะคะ สังเกตดูตามความชอบของเราเลยค่ะ
 4: ขั้นตอนที่ 4 🔔
นำหมูขึ้นมาพักไว้ให้สะเด็ดน้ำมัน แล้วหั่นหมูกรอบๆให้ดังกร๊อบๆเลยค่ะ เป็นชิ้นตามชอบเลยค่ะ หรือแบบในรูปก็ได้
 5: ขั้นตอนที่ 5 🔔
นำพริกขี้หนู (ในรูปใช้ประมาณ 15 เม็ดค่ะ) นำมาซอยละเอียดยิบ
 6: ขั้นตอนที่ 6 🔔
เทน้ำมันในกระทะออกให้เหลือเล็กน้อยนะคะ เเล้วนำพริกขี้หนูที่สับไปลงไปผัดพอได้กลิ่นพริกพุ่งมาก็เติมหมูเลยค่ะ ปรุงรสด้วยเกลือเล็กน้อย ชิมตามชอบค่ะ
 7: ขั้นตอนที่ 7 🔔
เท่านี้ก็ได้เมนูนี้แล้วค่ะ ตักเสิร์ฟพร้อมข้าวสวยร้อนๆ จะทานกับผักสด ผักลวก ต้ม ไข่ต้มเยิ้มๆ หรือทานเล่นๆ ก็อร่อยฟินค่ะ"
ฉู่ฉี่ปลาทูสด,"1: ปลาทูสด นำมาควักไส้ออกให้หมด บั้งตามขวาง ล้างให้สะอาด พักไว้
 2: -ซอยใบมะกรูดเป็นเส้นบางๆ
-หั่นพริกชี้ฟ้าไม่เอาเมล็ด เอาแต่เนื้อพริกมาหั่นเป็นเส้นๆ
 3: -นำกะทิใส่หม้อ ตั้งไฟให้เดือด หมั่นคน
-ช้อนหัวกะทิ ใส่กระทะ ตั้งไฟ ใส่พริกแกงฉู่ฉี่ผัดให้พริกแกงสุกและหอม
 4: ใส่กะทิที่เหลือ รอจนเดือด ใส่ปลาทูสด ลง(ไม่คนเดี๋ยวปลาเละ)
 5: รอจนปลาสุก ปรุงรสด้วยน้ำตาลปี๊บ+ผงคนอร์อร่อยชัวร์ ชิมให้ได้รสตามชอบ ถ้าไม่เค็มใส่น้ำปลา(ใส่น้ำปลาหลังสุด เพราะพริกแกงถ้าซื้อสำเร็จจะเค็ม ให้ชิมก่อน)"
แกงพะแนงหมู,"1: ตั้งกระทะใส่น้ำมันพืชลงไปให้ร้อน แล้วใส่พริกแกงพะแนงลงไปผัดให้มีกลิ่นหอมแล้วน้ำเนื้อหมูชิ้นลงไปผัดกับพริกแกงให้พอสุก
 2: ใส่หัวกะทิลงไปผัดตามลงไปในพอแตกมัน แล้วใส่หางกะทิลงไปให้หมดคนให้เข้ากันแล้วปรุงรสด้วยน้ำปลา น้ำตาลปี๊บ แล้วคนให้เข้ากันอีกรอบ ชิมรสตามชอบเพิ่มหวาน หรือเค็มตามใจค่ะ
 3: สุดท้ายก็ใส่ ใส่ใบมะกรูด มะเขือพวง มะเขือเปราะ พริกชี้ฟ้า ใบโหระพา มะเขือพวง ลงไป รอจนผักสุก เป็นอันเสร็จค่ะ"
"“ฉู่ฉี่ปลาทูทอด""","1: ตั้งกระทะ ใส่น้ำมัน พริกแกง และ กะทิ ผัดให้แตกมัน
 2: ปรุงรสด้วย น้ำตาลทราย เกลือ และ น้ำปลา ชิมรสตามชอบ
 3: จัดปลาทูสดทอดใส่จาน ราดด้วยน้ำราด ตามความชอบ
 4: โรยหน้าด้วย พริกใหญ่ และ ใบมะกรูดซอย เพิ่มความสวยงาม"
ยำมะม่วงปูเค็ม,"1: วัตถุดิบหลักที่ใช้
 2: เตรียมส่วนผสมทุกอย่างให้พร้อม
 3: แบ่งมะม่วงใส่ภาชนะส่วนหนึ่ง ใส้น้ำตาลลงไป บี้ให้น้ำตาลละลายดี
 4: ใส่ปูเค็ม+หอมแดง+พริก และมะม่วงที่เหลือ คลุกเคล้าให้เข้ากัน
 5: ตักใส่จาน พร้อมเสิร์ฟ"
ไก่ทอดซอสสามรส,"1: หั่นเนื้ออกไก่เป็นชิ้นพอดีคำ ปรุงรสด้วยเกลือและพริกไทย คลุกเคล้าให้เข้ากัน
 2: นำไก่คลุกแป้งชุบทอด
 3: ตั้งกระทะไฟกลาง ตามด้วยน้ำมันพืช เมื่อน้ำมันรเอนได้ที่ นำไก่ลงไปทอด ทอดจนเหลืองกรอบน่ารับประทาน
 4: ตักขึ้นพักไว้
 5: ตั้งกระทะไฟกลางตามด้วยน้ำมันพืชเล็กน้อย ตามด้วยกระเทียมสับและพริกขี้หนูสับ ผัดจนหอม
 6: ตามด้วยน้ำตาลปี๊บ น้ำมะขามเปียก ซีอิ๊วขาว และน้ำเปล่าเล็กน้อย ชิมรสตามชอบ
 7: นำไก่ที่ทอดไว้ลงไปคลุกเคล้าให้ทั่ว ปิดไฟ
 8: พร้อมทาน"
ข้าวผัดไทย,"1: หั่นมันหมูแข็งเป็นเต๋าเล็กๆ นำลงไปรวนในกระทะ สะเด็ดน้ำมัน พักมันหมูเจียวไว้
 2: ตั้งกระทะใส่น้ำมันหมู 2 ช้อนโต๊ะ พอร้อนดี ก็ใส่กุ้งและเต้าหู้ที่หั่นเป็นแท่งเล็กๆ ลงไปรวนให้กุ้งสุก และเต้าหู้มีผิวสีน้ำตาลอ่อนๆ ตักออกมาพักไว้
 3: โขลกกระเทียมและพริก ใส่ลงไปในกระทะเดิม พร้อมกับหอมแดงซอย และหัวไชโป๊สับผัดให้หอมดี เขี่ยส่วนประกอบไปที่มุมหนึ่งของกระทะ ใส่น้ำมันเพิ่ม 1 ช้อนโต๊ะ ใส่ไข่ลงไป ยีให้แตกเล็กน้อย พอไข่ไก่ใกล้สุก ใส่ข้าวลงไป ปรุงรสด้วยมะขามเปียก น้ำพริกเผา และน้ำปลา ผัดให้เข้ากันดี
 4: ใส่กุ้งและเต้าหู้ที่พักไว้ลงไปพร้อมกับกุยช่าย เร่งไฟ ผัดให้เข้ากัน ตักใส่จาน โรยหน้าด้วยมันหมูเจียว เสิร์ฟพร้อมกับใบบัวบกหัวปลีและมะนาว"
แกงซี่โครงหมูใส่วุ้นเส้น,"1: เริ่มจากโขลกพริกแกงกันก่อนเลยนะคะ นำเครื่องพริกแกงทั้งหมดมาโขลกเข้าด้วยกัน แค่พอละเอียด
 2: จากนั้นเตรียมส่วนผสมและเครื่องปรุง ล้างซี่โครงหมูให้สะอาดพักไว้ ล้างผักและหั่นเตรียมไว้ แช่วุ้นเส้นในน้ำจนนิ่มและหั่นครึ่ง
 3: ตั้งหม้อใส่น้ำมันพืชเล็กน้อยแล้วนำพริกแกงลงไปผัดให้ส่งกลิ่นหอม ใส่ซี่โครงหมูลงไปผัดคลุกเคล้าจนด้านนอกสุก
 4: ตามด้วย ตะไคร้หั่นท่อน หอมแดง เกลือ และใส่น้ำเปล่าลงต้มจนเดือด จะมีฟองให้ช้อนฟองทิ้ง ใช้ไฟปานกลางเคี่ยวทิ้งประมาณ 40นาทีใส่ใบมะกรูดลงไป เคี่ยวต่อสักพักจนซี่โครงหมูนุ่ม
 5: พอได้ที่แล้วปรุงรสด้วยน้ำปลา น้ำตาลปี๊บ
 6: จากนั้นใส่วุ้นเส้นลงไป ตามด้วยใบแมงลักและต้นหอมซอย ปิดเตา
 7: ตักเสริฟพร้อมข้าวสวยได้เลยค่ะ"
ปลากระป๋องผัดไข่,"1: เตรียมส่วนของผักสำหรับโรยหน้า
 2: ตั้งกระทะไฟกลางตามด้วยน้ำมันพืชเล็กน้อย นำปลากระป๋องลงไปผัด ยีให้เนื้อปลาแตกเล็กน้อย
 3: ตามด้วยไข่ไก่
 4: ยีให้ไข่ไก่แตก ปรับไฟเป็นไฟอ่อน
 5: โรยพริกขี้หนู หัวหอมแดง ปรุงรสด้วยน้ำปลา และมะนาว
 6: ปิดไฟ โรยผักชี เรียบร้อย~"
กล้วยน้ำว้าอบ,"1: กล้วย 1 หวี ปอกเปลือก
-ถ้าชอบ""ไม่หวาน เนื้อหนึบ เนื้อกล้วยแข็งๆ"" เลือกกล้วยห่ามๆ เปลือกสีเหลืองอมเขียว เปลือกสีเขียวมากหน่อยคือกล้วยยังไม่ค่อยสุกมาก-ถ้าชอบ""หวาน เนื้อหนึบนิดๆ แต่ไม่ถึงกับแข็ง"" เลือกกล้วยเปลือกสีเหลืองอมเขียวเล็กน้อย คือกล้วยสุก
 2: -นำกล้วยมาผ่าครึ่งตามยาว
-แล้วผ่าครึ่งอีกครั้ง นั่นก็คือผ่า 4 นั่นเอง -ผ่าแบบนี้จะทำให้สะดวกในการหยิบและการอบเพราะชิ้นกล้วยไม่หนาและบางเกินไป ใช้เวลาในการอบไม่นาน ถ้าหั่นหนามาก จะต้องใช้เวลาอบมากขึ้น-ถ้าชอบมีรสเค็มปะแล่มๆ นำไปแช่น้ำที่ละลายเกลือเล็กน้อยประมาณ 5 นาที
 3: นำมาวางเรียงบนถาดที่จะใช้อบ
 4: ถ้าใครชอบ งาดำ-งาขาว ให้เท งาทั้ง 2 สี ผสมรวมกัน คนให้งาทั้ง 2 สีคลุกเคล้าเข้ากัน
 5: นำชิ้นกล้วยที่หั่นคลุกลงในงา คลุกเคล้าให้งาติดชิ้นกล้วยทั่วๆ แรกๆเหมือนจะไม่ค่อยติด ค่อยๆหมุนและคลุกค่ะ
 6: นำมาวางเรียงบนถาดที่จะใช้อบ
 7: -นำเข้า เตาอบ หรือหม้ออบลมร้อน ใช้ไฟ 160-170 องศา เวลาไม่กำหนด อย่างประมาณ 20-40 นาที แล้วแต่ใครจะชอบให้กล้วยออกสีแบบไหนหรือเตาแต่ละบ้าน
 8: -ครบเวลา พักให้เย็นนำออกจากถาดที่ใช้อบ
-ควรรับประทานให้หมดภายใน 2 วัน แต่ถ้าเกิน ก็ต้องนำไปเก็บในตู็เย็น เพราะกล้วยจะแฉะ มีน้ำออกมาจากชิ้นกล้วยค่ะ
 9: ชิ้นที่นำไปคลุกงา หน้าตาจะเป็นแบบนี้"
แกงเขียวหวาน​(หมู)​🐷,"1: เตรียม​วัตถุดิบ​พร้อม​ท​ำ​จ้า​👩‍🍳
 2: มะเขือลูกใหญ่​ก็หั่น4ซีก​ ลูกเล็กผ่าครึ่งแช่้เกลือ​จ้า
 3: เปิดแก๊ส​ใช้ไฟ​กลาง​🔥ใส่กะทิลงไป1/3ของกล่อง​ ตามด้วยพริก​แกงเผ็ด​และ​พริก​แกง​เขียวหวาน​ คนให้เข้า​กัน​👩‍🍳
 4: ใส่หมู​ลงไปคนให้เข้า​กัน​👩‍🍳
 5: ใส่กะทิเพิ่ม​ลงไปในส่วนที่2/3ตามด้วยกระชายซอย​ ใส่ก่อนเพื่อกลิ่นกระชายมีกลิ่นหอม
 6: เติมน้ำเปล่าลงไปเพิ่ม​เร่ง​ไฟแรง​🔥👩‍🍳รอเดือดตามด้วยมะเขือเปาะ​ และปรุงรส​ด้วยน้ำตาลปี้บ​ ผงปรุงรส​ และเกลือ​
 7: มะเขือ​ใกล้สุกใส่พริกชี้ฟ้า​และใบมะกรูด​ฉีก🌿
 8: ตามด้วยโหระพา​ใช้ทัพพีกดให้จมๆประมาน20วินาที​🌿ตามด้วย​กะทิอีก1ส่วน​ที่เหลือนับ123แล้วปิดแก๊ส​เลยจ้า🔥
 9: เสร็จ​เรียบร้อย​แล้วจ้า​😋
 10: ท​ำ​ขายเป็น​ข้าวกล่องค่า🍱😋เมนู​ขายดีอีกเมนู​นึงเลยน๊า🍱"
เนื้อปลากระพงทอดกระเทียมพริกไทย,"1: หั่นเนื้อปลากระพงชิ้นประมาณฝ่ามือ ท่าเกลือและพริกไทยทั้งสองด้านของปลา ตั้งน้ำมันให้เดือดใส่น้ำมันให้ท่วมกระทะ พอน้ำมันเริ่มร้อนใส่ด้านหนังปลาลงไป ทอดจนสุกสีเหลืองทองทั้ง 2 ด้าน
 2: ใช้น้ำมันที่เหลือจากการทอดปลา เอากระเทียมพริกไทยรากผักชีตำให้เข้ากัน ลงไปเจียวให้เป็นสีเหลืองทองาสวยงาม ใส่ซีอิ๊วขาวและซอสปรุงรสคลุกเคล้าให้เข้ากันแล้วราดบนเนื้อปลา"
ผัดมะเขือเปราะหมูสามชั้นโหระพา,"1: ล้าง หั่นมะเขือเปราะเป็นแว่น แช่น้ำเกลือกันผิวดำ
 2: ผัดพริก กระเทียมให้หอม
 3: ใส่หมูสามชั้น ซอสหอยนางรม เต้าเจี้ยว น้ำตาล ผัดให้หมูสุก
 4: ล้างมะเขือเปราะให้หมดคราบเกลือ นำลงผัด
 5: พอมะเขือเปราะสุก ปิดไฟ ใส่ใบโหระพา
 6: เสร็จพร้อมเสริฟ"
สายบัวผัดหมูสับ,"1: หั่นสายบัวเป็นชิ้นพอดีคำ​ ล้างให้สะอาดและพักไว้
 2: ตั้งกระทะไฟแรง​ ใส่กระเทียมโขลก​ หมูสับ​ ผัดให้พอสุกและปรุงรสด้วยซอสปรุงรสและน้ำตาล
 3: ใส่สายบัวลงไปผัดต่อสักครู่จนสีเริ่มเปลี่ยน​ ปิดไฟ​ ตักเสิร์ฟได้ค่ะ"
ยำส้มโอกุ้งสด 🦐,"1: ปอก แกะส้มโอพักไว้
ปอกเปลือก ดึงไส้กุ้ง ลวกน้ำ พักไว้ผสมน้ำยำด้วย กะทิ น้ำพริกเผา น้ำตาลปี๊บ น้ำปลา มะนาว ชิมรสให้กลมกล่อม
 2: เติมหอมแดง พริกจินดา ใบมะกรูดซอย กุ้งต้ม
 3: เติมตะไคร้ซอย ถั่วลิสงคั่ว
 4: เสร็จพร้อมเสริฟ"
ไข่เจียวก้านคะน้าหอมซอย,"1: เตรียมวัถุดิบ ไข่ไก่ ก้านคะน้าหั่นแว่น หอมซอย เครื่องปรุงรส
 2: คลุกเคล้าทุกอย่างให้เข้ากัน
 3: ตั้งกระทะใส่น้ำมันรอเดือด จากนั้นใส้ไข่ที่คลุกเคล้าลงทอด
 4: กลับข้างให้สุกเท่าๆ กัน
 5: จากนั้นตักใส่จานพร้อมรับประทานพร้อมข้าวสวยร้อนๆ"
สูตรเด็ดตำน้ำพริกให้อร่อย ง่าย  ใครตำก็อร่อย เชื่อสิ เด็ดจริง,"1: วิธีการทำ
1. เด็ดพริกลงไป เอาไปตำรวมกับ กระเที่ยม พอหยาบ ๆ ไม่ต้องละเอียดนะคะ2. ใส่กะปิลงไปตำพอเข้ากัน3. ใส่น้ำตาลปี๊บลงไป คลุก ๆ ให้เข้ากัน4. เติมน้ำเปล่าลงไป คลุก ๆ ให้พอน้ำตาลกะปิเข้ากัน5. บีบมะนาวลงไป ชิมรสตามชอบ ถ้าเผ็ดไปเติมน้ำเปล่าไปนิดนึง เติมน้ำมะนาวตามชอบได้เลยเสร็จแล้วค่ะ แค่นี้สูตรลับแต่ไม่ลับ ขอบอกว่ามันอร่อยจริง ๆ ทำให้ใครหลาย ๆ คนก็ชอบ ต่างบอกว่าอร่อย อย่าลืมนะคะ เคล็ดลับอยู่ที่ กะปิ และน้ำตาลต้องใส่ในปริมาณเท่ากัน จะใส่พริกกี่เม็ดก็แล้วแต่ ลองไปทำกันดูนะคะ"
มาม่าผัดต้มยำกุ้ง,"1: เตรียมส่วนผสมและเครื่องปรุง ล้างเห็ดฟางให้สะอาดผ่าครึ่ง ต้มเส้นบะหมี่กึ่งสำเสร็จรูปแล้วเอาขึ้นแช่ในน้ำเย็นแป๊บนึง เทน้ำออกพักใว้
 2: นำพริกแดงจินดา หอมแดง กระเทียม มาโขลกรวมกันพอหยาบ ไม่ต้องละเอียดมาก
 3: ตั้งกระทะน้ำมันเล็กน้อย ใส่พริกที่โขลกไว้ลวไปผัดให้พอมีกลิ่นหอม แล้วใส่ตะไคร้ ข่าสับ เห็ดฟาง และพริกเผาลงไปผัดให้เข้ากัน
 4: ใส่กุ้งลงไปผัดพอสุก
 5: ปรุงรสด้วยซอสน้ำมันหอย น้ำปลา น้ำตาลทราย. และคนอร์ อร่อยชัวร์ลงไปผัดให้เข้ากัน
 6: ใส่เส้นบะหมี่กึ่งสำเร็จรูปที่ลวกไว้ลงงไปผัดคลุกเคล้า ปิดเตาบีบมะนาวลงไป
 7: ตักใส่จานพร้อมเสริฟ"
ต้มแซ่บกระดูกหมู,"1: บุบหอมแดง หั่นตะไคร้ ข่า เตรียมไว้
 2: ต้มน้ำให้เดือด ใส่กระดูกหมูลงไป ต้มจนสุก ใช้เวลาประมาณ 10 นาที ระหว่างนั้นคอยช้อนฟองคราบเลือดออกให้หมด เมื่อครบเวลา ใส่ตะไคร้ หอมแดง ข่า แล้วต้มต่ออีก 15 นาที จนหมูเปื่อย
 3: ระหว่างรอหมูเปื่อย หั่นพริก ผักชีฝรั่ง และฉีกใบมะกรูด พักไว้
 4: เมื่อต้มหมูเปื่อยได้ที่ ปรุงรสด้วยเกลือ น้ำปลา น้ำตาลทราย ใส่พริกสด พริกป่น และข้าวคั่ว เมื่อจะตักใส่จานเสิร์ฟจึงใส่มะนาวและโรยหน้าด้วยผักชีฝรั่งเป็นขั้นตอนสุดท้าย พร้มอร่อยได้เลย"
โรลข้าวน้ำพริกกะปิ,"1:  1
- ทำไข่ชะอม ให้แผ่นบาง ๆ สำหรับใช้ห่อข้าวน้ำพริกกะปิ
 2:  2
- นำไข่ชะอมที่ทอดแล้วมาวาง- นำข้าวสวยสุกแล้วมาทา ประมาณ 1/3 ของแผ่นไข่ชะอม
 3:  3
- นำปลาทู แครอท แตงกวาที่หั่นแล้ววางเรียง
 4:  4
- เริ่มม้วนให้พอแน่น เพื่อหั่นแล้วโรลไม่แตก
 5:  5
- หั่นขนาดชิ้นพอคำ นำมาจัดเรียงใส่จาน พร้อมน้ำพริกกะปิ สำหรับราดเพิ่ม
 6: แค่นี้ก็จะได้โรลข้าวน้ำพริกกะปิ อาหารฟิวชั่นสำหรับไว้ทานเล่นง่าย ๆ แล้วค่ะ"
ปลาหมึกย่าง,"1: ล้างปลาหมึกให้สะอาดและไม่มีกลิ่นคาว
 2: หมักปลาหมึกด้วย ซีอิ๊วขาว ซีอิ้วดำ ซอสข้นคนอร์

 3: คลุกเคล้าให้เข้ากัน (หมักไว้ 15 นาที)
 4: นำปลาหมึกขึ้นย่างด้วยหม้ออบลมร้อน ประมาณ 15 -20 นาที

 5: อย่าย่างให้สุกมากเพราะจะเหนียวและแข็ง

 6: หั่นเป็นชิ้นพอดีคำ จัดใส่จาน เสิร์ฟคู่กับน้ำจิ้มซีฟู้ด"
แกงส้มผักรวมเจ,"1: หั่นผักทุกอย่างทึ่จะใส่ ดอกแคผ่าเอาเส้นกลางดอกออก นำผักลงแช่น้ำที่ผสมเบกกิ้งโซดา ทิ้งไว้ 15 นาที เห็ดนางฟ้าเอาแต่ดอก ก้านจะนำไปตำกับพริกแกง
 2: ตำพริกขี้หนูแห้ง พริกแห้งเม็ดใหญ่ กระชายกับเกลือ ตำส่วนผสมให้ละเอียดและเข้ากัน
 3: ถั่วเน่าแผ่น นำไปปิ้งหรือย่าง หักมาแค่1/2 แผ่น ใส่ลงในพริกแกง ตำให้ละเอียดและเข้ากัน
 4: ขาเห็ดนำไปต้มหรือลวกน้ำร้อนพอสุก ตักขึ้นให้สะเด็ดน้ำ นำลงไปตำรวมกับพริกแกง
 5: นำหม้อใส่น้ำเปล่า ต้มให้เดือด ใส่พริกแกง ตามด้วยผงปรุงรส ใส่ผักที่สุกช้าลงไปก่อน ปรุงรสด้วย น้ำตาลปี๊บ น้ำมะขามเปียก ชิมรส ถ้ายังไม่เค็มใส่ซีอิ้วขาวเพิ่มก็ได้ ส่วนตัวกินเปรี้ยวนำ ได้รสที่ถูกใจ ใส่ดอกแคสุดท้ายพอน้ำเดือดยกลง"
แกงสะแล,"1: ตำน้ำพริกแกง โดย ตำพริกแห้งให้แหลก แล้วจึงใส่กระเทียม หอมแดง โขลกให้เข้ากัน แล้วจึงเติมกะปิ และปลาร้า ตำให้เข้ากันแล้วพักไว้
 2: ตั้งหม้อแกง ต้มน้ำ ใส่ตะไคร้หั่นเฉียงลงไป รอให้เดือด จากนั้นใส่กระดูกหมูรอให้เปื่อยสักพัก หลังจากนั้นใส่หมูสามชั้นลง รอให้เดือดอีกครั้ง ช้อนฟองออก
 3: ใส่น้ำพริกแกงที่ตำเอาไว้ รอให้เดือด แล้วจึงใส่สะแลที่ทำการล้างแล้วลงไป รอให้เดือดอีกครั้ง ใส่มะเขือเทศที่ผ่าครึ่งเอาไว้
 4: ปรุงรสด้วยน้ำปลา ชิมรสชาติตามที่ต้องการ ยกลง ตักใส่ถ้วย กินกับข้าวเหนียว อร่อยมาก ๆ ค่ะ"
ถุงทอง,"1: ต้มน้ำใส่น้ำมันพืชเล็กน้อย ลวกต้นหอมให้นิ่ม ตักขึ้น บิดน้ำออกหมาดๆ
 2: ใส่น้ำมัน ผัดสามเกลอให้หอม ตามด้วยหมูบด มันแกว ผัดสักครู่ ปรุงรสและชิมรสชาติตามชอบ
 3: ตัดแผ่นแป้งเป็นวงกลม ตักไส้ใส่ตรงกลางแผ่นแป้ง ประมาณ 1 ช้อนชา
 4: จับจีบจนเสร็จ ใช้ต้นหอมมัดให้แน่น
 5: ทอดในน้ำมันจนสุกกรอบ
 6: ตักขึ้นให้สะเด็ดน้ำมัน
 7: ทานคู่กับน้ำจิ้มหรือซอสพริกตามชอบครับ"
ทะเลผัดน้ำพริกเผา,"1: ส่วนผสมทั้งหมด
 2: ตั้งกะทะใส่น้ำมัน ผัดกระเทียม
 3: ใส่ของทะเลลงผัด
 4: ใส่คนอร์ซอสปรุงรสหมู น้ำปลา น้ำพริกเผา นม ผัดให้เข้ากัน
 5: ใส่หอมใหญ่ พริกแดง ผัดจนหอมสุก ใส่ใบโหระพา ผัดให้เข้ากัน ตักเสิร์ฟราดบนข้าวสวยร้อนๆ
 6: ชิมได้เลยค่ะ"
น้ำพริกอ่องอกไก่คลีน,"1: หั่นมะเขือราชินี พริกแห้ง กระเทียมและหอมแดงเป็นชิ้นๆ
 2: นำพริกแห้งไปแช่น้ำ แล้วเอามาตำกับกระเทียม หอมแดงจนละเอียด
 3: ฉีดน้ำมันมะกอกสเปรย์บางๆแล้วนำเครื่องแกงไปผัดจนหอม
 4: เติมน้ำเล็กน้อยแล้วนำอกไก่ลงไปผัดด้วยจนไก่สุก ค่อยใส่มะเขือเทศราชินีลงไปผัดต่อจนมะเขือนิ่ม
 5: ปรุงรสด้วยเกลือป่นกับน้ำตาลดอกมะพร้าวตามชอบ ผัดจรเข้ากัน แล้วตักเสิร์ฟจ้า"
ผัดไทยกุ้งสด หัวกุ้งทอดกรอบ,"1: เตรียมวัตถุดิบ นำพริกแห้งไปแช่ แกะกุ้ง นำส่วนหัวไว้ทอด หั่นเต้าหู้ขาวเป็นสี่เหลี่ยมผื่นผ้า พักไว้
 2: ตำพริกแห้ง หอมแดง กระเทียม นำลงไปผัดให้หอม ใส่น้ำตาลปี๊บ น้ำมะขามเปียก เติมน้ำลงไป เคี่ยวให้งวดเล็กน้อย ให้รสชาติออกเผ็ด เปรี้ยว หวาน
 3: นำเต้าหู้ขาวไปทอดในน้ำมันให้เหลือง ใส่กระเทียมกับหอมแดงที่เหลือลงไป ผัดให้หอม ใส่เส้นหมี่ลง เติมน้ำ ผัดให้เส้นสุก
 4: ปรุงรสด้วยน้ำปลา น้ำตาลทราย พริกป่น ชิมรสชาติตามชอบ ใส่กุ้ยช่าย ถั่วงอกลงไป ผัดให้ผักสลบ
 5: นำไข่เป็ดมาทอดให้เป็นตาข่าย เพื่อห่อผัดไทย
 6: นำหัวกุ้งที่เหลือจากทำผัดไทย ชุดแป้งกับไข่ลงทอดให้เหลือง กรอบน่ารับประทาน
 7: ตกแต่งจานให้สวยงาม พร้อมรับประทาน"
ข้าวมันไก่คลีน ❤️,"1: ฉีดน้ำมันมะกอกสเปรย์แล้วนำขิงกับกระเทียมลงไปผัด
 2: นำข้าวกล้อง&ข้าวหอมมะลิลงไปผัด ฉีดน้ำมันมะกอกเพิ่มให้เคลืบข้าวเล็กน้อย เสร็จแล้วตักมาพักไว้
 3: ต้มน้ำซุปโดยใส่หอมใหญ่ แครอท ไช้เท้า ลงไปต้มแจนน้ำเดือด ปรุงด้วยเกลือ ซีอิ๊วขาว แล้วนำอกไก่ลงไปต้มจนอกไก่สุก แล้วนำผัก/อกไก่ออกมาพักไว้
 4: นำน้ำซุปเมื่อสักครู่ไปหุงข้าว จนข้าวสุกก็เป็นอันเสร็จ :)
 5: หั่นไก่ทานคู่กับข้าว&แตงกวา อร่อยคลีนๆเลยจ้า"
หมูสับนึ่งไข่เค็ม,"1: โขลกกระเทียมรากผักชีเข้าด้วยกันแล้วนำ หมูสับหมักกับเครื่องปรุง คลุกเคล้าให้เข้ากัน แล้วปั้นเป็นก้อนกลม กดลงไม่ต้องให้แบนมาก ผ่าครึ่งไข่แดงเค็ม และแปะลงไปบนหมู นำไปนึ่ง 15-20 นาที
 2: เอาออกจากซึ้งนึ่งโรยผักชีพร้อมเสิร์ฟและรับประทานได้ค่ะ"
กล้วยบวชชี,"1: ปอกกล้วยและหั่นเป็น 4 ชิ้นต่อหนึ่งลูก ล้างน้ำให้สะอาด
 2: ตั้งไฟแรง ใส่กะทิและน้ำเปล่า ระหว่างรอใช้ทัพพีคนด้วย
 3: ใส่กล้วยลงไป รอน้ำกะทิเดือด
 4: ใส่น้ำตาลทรายและเกลือ คนให้น้ำกะทิเดือน ปิดไฟ พร้อมเสิร์ฟ"
กระเพรากุ้งหมึก (สูตรเด็ดมากกกก),"1: เตรียมกุ้งและปลาหมึก โดยปอกกุ้งเหลือคางและหางเอาไว้ ส่วนปลาหมึกหันเป็นชิ้นบั่งให้สวยงาม
 2: ตำพริกขี้หนูสวน พริกจินดาและกระเทียม เสร็จแล้วพักไว้ เด็ดใบกระเพราแช่น้ำเตรียมไว้
 3: ตั้งกระทะ ใส่น้ำมันให้ร้อน ใส่พริกและกระเทียมที่ตำไว้ลงไปผัดให้หอม (จนพริกเริ่มสุกและกระเทียมพอมีสีเหลืองอ่อนๆ)
 4: ใส่กุ้งและปลาหมึกลงไปผัดเร่งไฟแรง ใส่เครื่องปรุงทั้งหมดลงไป ผัดจนสุกดี
 5: ใส่ใบกระเพรา และปิดไฟทันที ผัดต่ออีกนิดหน่อย ตักใส่จานพร้อมเสิร์ฟ"
ปลาทับทิมต้มแซ่บน้ำใส,"1: นำปลาทับทิมมาแล่เนื้อออก หั่นเป็นชิ้น แล้วล้างน้ำให้สะอาด (สาเหตุที่นำปลามาแล่เอาแต่เนื้อเพื่อสะดวกในการรับประทาน)
 2: ตั้งหม้อใส่น้ำเปล่าต้มให้ร้อนใส่ข่า ตะไคร้ ใบมะกรูด หอมแดง เกลือป่น และผงปรุงรส รอให้น้ำเดือดพล่านใส่ปลาทับทิม เมื่อใส่ปลาทับทิมแล้วอย่าคนเพราะจะทำให้น้ำต้มคาว และคอยช้อนฟองทิ้งจะทำให้น้ำต้มใส จากนั้นก็ใส่มะเขือเทศ เห็ดนางฟ้า แต่อย่าต้มปลานานเพราะจะทำให้เนื้อปลาเละไม่น่ารับประทาน
 3: พอน้ำเดือดดีแล้วก่อนจะยกหม้อลงจากเตา เราก็มาปรุงรสชาติกันค่ะ เติมน้ำมะนาว น้ำปลา พริกขี้หนู ผักชีฝรั่ง ต้นหอม ผักชี พริกแห้งคั่ว คนให้เข้ากันแล้วชิมรสตามชอบ ชอบเผ็ดๆ ก็เติมพริกขี้หนูเพิ่มได้อีก ถ้าได้รสที่ถูกใจแล้วก็ตักใส่ถ้วยพร้อมรับประทานค่ะ ขอบอกว่าเมนูแซ่บซี๊ดมากๆ"
กระเพราหมูสับไข่ดาวเยิ้ม,"1: นำกระเทียม พริก สับให้ละเอียด พร้อมทั้งเด็ดใบกระเพรา
 2: นำพริก กระเทียมที่สับใส่ลงในกะทะร้อนๆ
 3: พอกลิ่นเริ่มหอมใส่หมูสับ ผัดสักครู่ ค่อยเติมเครื่องปรุงทั้งหมดลงไป ชิมรสชาติตามชอบ ปิดเเก๊ส ใส่ใบกระเพรา เเค่นี้เป็นอันเสร็จ
 4: ตั้งกะทะรอน้ำมันร้อนใส่ไข่ไก่ลงทอดให้ขอบเป็นสีเหลืองกรอบ ค่อยตักขึ้นใส่จาน พร้อมทาน"
แกงเผ็ดเนื้อตุ๋นมะเขืออ่อน,"1: ตุ๋นเนื้อในหม้อต้มไป1-1.5ชั่วโมง
 2: เนื้อเปื่อยดีแล้วเตรียมแกงกันเลย
 3: พริกแกงลงผัดในกะทะจนหอมใส่เนื้อและใบมะกรูดลงไปผัดต่อจนเข้ากันดี
 4: เข้ากันดีแล้วใส่กะทิลงไป1กล่อง ผัดให้พริกแกงกระจายตัว
 5: จากนั้นเติมน้ำที่ได้จากการต้มเนื้อลงไปผสม ชอบใสชอบข้นตามใจปรารถนาเลยครับ
 6: เมื่อกะทิเดือด ปรุงรสด้วย น้ำตาลและน้ำปลา ชิมรสตามชอบออกหวานนำนิดๆเผ็ดเค็มตามมา จากนั้นใส่มะเขือลงไป
 7: ปรุงรสดีเเล้วเดือดอีกครั้งแล้วใส่กระชาย พริกไทอ่อน พริกชี้ฟ้าลงไป คนให้เข้ากัน
 8: สุดท้ายตามสูตร ใบโหรภา คนจนสลบก้อพร้อมเสริฟแล้วครับ
 9: พร้อมเสริฟแล้วครับ"
แกงเห็ดเผาะ,"1: “เห็ดเผาะ” หรือ “เห็ดถอบ” เป็นเห็ดพื้นบ้านที่จะขึ้นเองตามธรรมชาติในบางพื้นที่ โดยเฉพาะในเขตภาคเหนือและภาคอีสาน และจะมีผลผลิตออกมาให้กินในช่วงต้นฤดูฝน (ราวเดือน พ.ค.-มิ.ย.) ปัจจุบันยังไม่มีใครสามารเพาะเลี้ยงเองได้ปกติมันฝังอยู่ในดิน อยู่ในที่เปิดโล่ง ขอบขึ้นในดินที่ขาดสารอาหาร เช่นดินปนทราย หรือตามโคนต้นไม้ที่เคยมีไฟไหม้มาก่อย เอ่อ ที่ดีๆดันไม่ชอบขึ้น แถมยังมุดดิน ก็เลยยิ่งหายากขึ้นไปอีก ทำให้มีราคาแพงเมื่อโตขึ้นมันก็จะงอกโผล่พ้นดินแล้วกางปีกออกดอกเห็ดจะมีลักษณะเป็นรูปดาวซึ่งเป็นผลมาจากเนื้อเยื่อชันนอกของสปอโรคาร์ปแตกออกสรรพคุณของเห็ดเผาะ ช่วยบำรุงร่างกาย รักษาอาการช้ำใน ลดอาการบวมหรืออักเสบ แก้ร้อนในในแพทย์แผนจีนมีการใช้เห็ดเผาะเป็นยาห้ามเลือดโดยใช้ผงสปอร์กับบาดแผลเพื่อหยุดการไหลของเลือดและลดภาวะมือและเท้าอักเสบชนเผ่า Blackfoot ในอเมริกาเหนือเรียกเห็ดชนิดนี้ว่า ""fallen stars"" ด้วยเชื่อว่าเห็ดเหล่านี้เป็นดาวที่ตกมายังพื้นดิน เหมือนไหมครับ
 2: เตรียมเครื่องดังภาพ

 3: เห็ดเผาะที่ขายกัน จะมีทั้งแบบต้มแล้ว และแบบสดๆยังไม่ต้ม
แต่แบบสดจะแพงกว่า และกรอบอร่อยนุ่มกว่าถ้าเห็ดต้มมาแล้วก็ลองต้มน้ำเกลือล้างออกอีกสักรอบ รับรองว่าเค้าต้มมาไม่เกลี้ยงวิธีล้างเห็ดสดเอาเห็ดไปแช่น้ำเกลือ สัก 15 นาที หรือมากกว่านั้น แล้วล้างน้ำออกล้างสัก 3-4 รอบไม่ต้องเอาเล็บไปขูดนะครับ มันจะด่างๆไม่สวยทำตามวิธีผม ยังงัยก็เกลี้ยง
 4: นำไปต้มในน้ำผสมเกลือ
ต้มไฟอ่อนนะครับ เดือดมากเห็ดจะระเบิดใส้แตกออกมา ทานไม่อร่อยต้มเพื่อล้างดินออกให้เกลี้ยงถ้าต้มแล้วยังมีดินติดกระทะออกมา ให้ต้มอีกรอบ
 5: จนน้ำไสปิ้งแสดงว่าสะอาดแล้ว
 6: น้ำแกงใบย่านางปลาย่าง จะใส่ข้าวเบือหรือไม่ใส่ก็ได้ครับ ตามชอบ
ใส่หอมแดง พริก ตะไคร้ลงไปต้อมแค่พอเดือดไม่มาก
 7: แล้วก็ใส่เห็ดต้มไปอ่อนนะครับ สัก 2-3 นาที ปรุงรสด้วยน้ำปลาเสร็จแล้วก็ใส่ผักลงไป แค่นี้ก็จบแล้ว
 8: หรือจะใส่ผักอย่างอื่นได้หมด
 9: แค่นี้ก็อร่อยแล้ว
 10: อันนี้ก็ใส่ผักหลายอย่าง"
ทอดมันปลาอย่างง่าย,"1: นำเนื้อปลากราย น้ำพริกแกงเผ็ดแดง กระชาย กะเพรา และน้ำปลา ใส่เครื่องบดสับ ปั่นให้เข้ากันดี
 2: ซอยถั่วฝักยาวบางๆ แล้วใส่ลงไปเคล้าให้เข้ากันดี
 3: ปั้นทอดมันเป็นก้อนขนาด 1 ½ ช้อนโต๊ะ
 4: ตั้งน้ำมันให้ร้อนดี ประมาณ 180 องศาเซลเซียส นำทอดมันลงไปทอดให้สุกดี
 5: ซอยแตงกวาใส่ในน้ำจิ้มไก่ โรยด้วยถั่วลิสงคั่วบดหยาบ เสิร์ฟคู่กัน"
ต้มแซบเอ็นข้อไก่,"1: ตั้งหม้อต้มน้ำ ล้างเอ็นข้อไก่ด้วยการขยำกับเกลือดับคาว ขจัดเมือก แล้วล้างน้ำจนน้ำที่ขุ่นกลายเป็นสีใส ถือว่าใช้ได้
 2: ล้าง หั่น ตะไคร้ ข่า รากผักชี น้ำเดือดพอดี เอาลงต้มจนหอม น้ำเป็นสีเขียวอ่อนๆ ของตะไคร้ถือว่าใช้ได้แล้ว
 3: เติมเอ็นข้อไก่ ผงปรุงรส
 4: ล้าง ซอย ต้นหอม ผักชี ผักชีฝรั่ง พริกจินดา
ฉีกใบมะกรุด พอเอ็นข้อไก่สุก ปิดไฟ ใส่ลงหม้อ เพื่อให้ผักคงสีเขียวสวย
 5: ปรุงรสด้วยมะนาว น้ำปลา
 6: เสร็จพร้อมเสริฟ"
ขนมจีนน้ำยาไก่,"1: ล้างตีนไก่ให้สะอาดหลายๆน้ำ จนน้ำใส
 2: ตั้งน้ำให้เดือดใส่ข่า ตะไคร้ ใบมะกรูดลงไป ใส่เกลือ 1 ช้อน พอเดือดให้ใส่ตีนไก่ลงไปต้ม 1 ชั่วโมง**เพื่อที่จะดับกลิ่นคาวไก่**
 3: นำกระชายมาล้างให้สะอาด แล้วหั่นบางๆ
 4: นำอกไก่ล้างให้สะอาด แล้วเอาลงไปต้มรวมกับตีนไก่ ต้มจนสุกประมาณ 30 นาทีแล้วตักขึ้น พักให้เย็น นำมาฉีดให้ละเอียด หรือว่าจะเอามาตำให้ละเอียดก้อได้
 5: ตั้งหม้อให้ร้อน เอาพริกแกงลงไปผัดให้หอม แล้วใส่หัวกระทิลงไป ถ้าข้นไปจะเติมหางกระทิลงไปหน่อยก้อได้
 6: ต้มจนเดือดแล้วใส่เนื้อไก่ที่ตำละเอียด และใส่กระชายลงไป ปรุงรสชาติด้วยน้ำปลา กับผงปรุงรส น้ำตาลเล็กน้อย พอเดือดสักพักก้อใส่ตีนไก่
 7: ขั้นสุดท้ายก่อนจะนำมาทานให้ใส่ลูกชิ้น ต้มอีก 5 นาทีตักทานได้ (ไม่ควรใส่ลูกชิ้นต้มไว้นานๆเพราะจะทำให้ลูกชิ้นดูไม่น่าทาน)
 8: นำขนมจีนเส้น มาแช่น้ำทิ้งไว้ 15 นาที (เส้นสดสีสวยซื้อมาจากเพชรบูรณ์
 9: ต้มนำเดือดเอาเส้นลงไปต้มประมาณ 7 นาที แล้วนำลงไปแล่ในน้ำเย็น
 10: จับเส้นขนมจีนม้วน"
ต้มแซบไก่,"1: ล้างไก่ ข่า ตะไคร้ สับ ทุบ ตั้งน้ำต้ม พอเดือดใส่ลงไปต้ม พร้อมผงปรุงรส
 2: เติมพริกป่นเพิ่มความหอม และ เผ็ด พอเราต้มๆ ไปจะมีน้ำมันพริกสีแดงลอยขึ้นมา เอาไว้หลอกคนอื่นว่าเผ็ดมาก .. จะได้ไม่มีใครแย่งกิน 😁✌️
 3: พอไก่นิ่ม ปรุงรสตามชอบ
 4: ฉีกใบมะกรูด ซอยต้นหอม ผักชี ผักชีฝรั่ง ทุบพริกใส่
 5: เสร็จพร้อมเสริฟ"
ปลาดุกผัดน้ำพริกเผา,"1: นำปลาดุกมาล้างให้สะอาด โดยจะล้างด้วยการนำเกลือ และน้ำส้มสายชู อย่างละ 1 ช้อนโต๊ะ ใส่ลงไปในน้ำที่ล้างปลาดุก จากนั้นก็ถูๆที่ตัวปลาเผื่อให้เมือกที่ปลาออกจากนั้นหั่นปลาดุกเป็นชิ้นๆให้มีความหนาประมาณ 1.5 ซม. (ปกติตอนทำจริงๆก็ไม่ได้เป๊ะขนาดนี้นะคะ จะใช้วิธีการกะเอามากกว่า) ล้างอีกครั้งและตั้งให้เสด็จน้ำ
 2: ตั้งกะทะใส่น้ำมันพืชลงไปกะให้ท่วมชิ้นปลาที่จะเอาลงไปทอด ใช้ไฟกลาง รอจนน้ำมันร้อนได้ที่แล้วจึงนำปลาดุกลงทอด เมื่อสังเกตว่าเนื้อปลามีสีเหลืองและกรอบได้ที่แล้วก็ตักขึ้นพักไว้
 3: ทำซอสน้ำพริกเผา โดยการตั้งกะทะใส่น้ำมันพืชลงไป 2 ช้อนโต๊ะ ตั้งไฟกลาง เมื่อน้ำมันร้อนได้ที่จึงทำการใส่กระเทียมสับหยาบ และหอมใหญ่หั่นลงไป ผัดไปเรื่อยๆจนกระทั่งมีความหอมแล้วจึงค่อยใส่น้ำพริกเผาลงไป 2 ช้อนโต๊ะ น้ำพริกเผาที่ใช้จะเป็นสูตรเผ็ดน้อยของตราพันท้ายนะคะ และปรุงรสด้วยน้ำปลา 1 ช้อนชา ผงปรุงรส 1/2 ช้อนชา และน้ำตาล 1/2 ช้อนชา จากนั้นใส่ปลาดุกทอดกรอบที่พักไว้ลงไปผัดให้เข้ากัน ตักลงจาน โรยด้วยผักชี จบค่ะ"
พะแนงซี่โครงหมูสูตรเข้มข้นมาก,"1: ตั้งไฟปานกลาง เติมกระทิลงไปพอประมาณ แล้วตามด้วยพริกแกงพะแนง ผัดให้เข้ากันแล้วเติมกระทิลงไปเรื่อยๆผัดจนแตกมัน และเข้ากัน
 2: เติมซี่โครงหมูอ่อนลงไป เคี่ยวจนหมูสุกประมาณ ครึ่งชม. แล้วเคี่ยวต่อจนเนื้อหมูนุ่ม ใช้ไฟอ่อนนะคะตอนนี้
 3: ปรุงรสด้วยคนอร์ น้ำตาลปี๊บ แล้วเคี่ยวต่อไปจนแกงเข้าเนื้อหมู แล้วเหลือน้ำพอประมาณค่ะ ไว้ตักเสิร์ฟ
 4: ตกแต่งโรยหน้าด้วยใบมะกรูดซอย และพริกชี้ฟ้าค่ะ"
แกงคั่วหมูใบชะพลู,"1: ล้างหมู ใบชะพลูแล้วหั่นเป็นชิ้น
 2: เติมกะทิลงในหม้อเล็กน้อย นำพริกแกงลงผัดให้หอม
 3: นำหมูลงไปผัด เติมกะทิที่เหลือและน้ำเปล่าลงไป
 4: เมื่อน้ำเดือดใส่ใบชะพลูลงไป ปรุงรสด้วยน้ำปลา น้ำตาล พอผักสุกปิดไฟ ตักเสิร์ฟได้เลยค่ะ"
ยำหมูย่าง,"1: นำหมูออกมาพักไว้ให้คลายตัว แล้วหั่นชิ้นบางๆ พักไว้
 2: ทำน้ำยำโดยการผสมพริกขี้หนูกับกระเทียมโขลกหยาบๆกับน้ำตาลทราย น้ำมะนาว น้ำปลา ชิมรสดูตามชอบครั้งหนึ่งก่อน ตั้งพักไว้ให้น้ำตาลทรายละลายจนหมดจริงๆ รสจะเปลี่ยนไปนิดหน่อย พอจะยำค่อยปรุงรสน้ำยำอีกทีครับ
 3: เคล้าน้ำยำกับเนื้อสันคอหมูที่หั่นเป็นชิ้นๆแล้วให้เข้ากัน ใส่หอมใหญ่ มะเขือเทศ แตงกวา เคล้าให้น้ำยำเคลือบผักจนทั่วๆ
 4: ใส่ต้นหอมและคึ่นฉ่ายคลุกเบาๆจนต้นหอมและตั้งฉ่ายช้ำ น้ำยำจะได้เข้าเนื้อ"
ต้มยำกุ้งน้ำข้น,"1: นำตะไคร้ ข่า ใบมะกรูด และคนอร์ต้มยำใส่ในน้ำ ตั้งจนเดือด
 2: ใส่พริก เห็ดฟางลงไป เมื่อน้ำเดือดปรุงรสด้วย เกลือ น้ำปลา น้ำตาลตามชอบ
 3: แกะเปลือกกุ้ง และผ่าหลัง ใส่กุ้งลงไป รอจนสุก
 4: นำนมรสจืด ผสมกับ น้ำพริกเผาทั้ง 2 แบบ คนให้เข้ากัน เทลงในหม้อ คนให้เข้ากัน รอเดือดสักพัก ก็ปิดไฟค่ะ
 5: ปรุงรสมะนาวเพิ่ม ตักเสิร์ฟได้ค่ะ"
แกงเลียงเห็ด 3 อย่าง,"1: เตรียมผัก ล้างให้สะอาดแล้วหั่น
ตามใจชอบ เอาเลยทำกินเองอยากหั่นไงก็หั่นๆไปเหอะ 😊-ตำพริกไทย หอมแดง กุ้งแห้ง และกะปิให้ละเอียด
 2: ใส่น้ำตั้งเตา พอน้ำเดือดก็ใส่ที่ตำไว้ลงไป ใส่ผักที่หนักอย่างฝักทอง แครอท ข้าวโพด ลงไปก่อน
 3: พอผักเริ่มสุกดี เติมเกลือและน้ำตาลตัดนิดนึงจากนั้น ก็ใส่บวบ ตำลึง พริกแดง
เห็ด และใบแมงลักเป็นอย่างสุดท้าย"
ข้าวผัดแกงเขียวหวาน,"1: ตั้งกระทะ ใส่กะทิ ตามด้วยพริกแกง ผัดให้พริกแกงสุกและหอม(พริกแกงถ้าซื้อจากตลาด ต้องใส่กะปิเพิ่มลงไปนิดนึงด้วยค่ะ)
 2: -ใส่เนื้อหมู ผัดจนเนื้อหมูสุก
-ปรุงรสด้วย น้ำปลากับน้ำตาล ชิมและปรุงให้ได้รสตามที่ชอบ ถ้าชอบหวานกว่าสูตรให้ใส่น้ำตาลเพิ่ม ถ้าชอบเค็มกว่าสูตรก็ใส่น้ำปลาเพิ่ม-ถ้าพริกแกงไม่เผ็ด จะใส่พริกแกงเพิ่มหรือใส่พริกขี้หนูสับเพิ่มได้
 3: ใส่มะเขือเปราะที่หั่น ลง ผัดจนมะเขือเปราะสุก
 4: ใส่มะเขือพวง ผัดไม่ต้องนาน เพราะเดี๋ยวมะเขือพวง จะเละเกินไป
 5: -ใส่ข้าวสวย ผัดให้ส่วนผสมทั้งหมดคลุกเคล้าเข้ากัน

 6: ใส่พริกชี้ฟ้าหั่นเฉียงกับใบโหระพา ผัดคลุกเคล้าให้เข้ากัน ไม่ต้องผัดนาน ปิดไฟยกลง
 7: จัดเสิร์ฟลงจาน เวลารับประทานแนมไข่เค็ม"
ไข่เจียวกุ้ง,"1: -แบ่งนำกุ้งสด มาสับหยาบๆ
-ตอกไข่ใส่ชาม ใส่กุ้งสับ ตีให้เข้ากันไม่ให้กุ้งสับติดกันเป็นก้อน ใส่ซีอิ้วขาวและน้ำมันหอย ตีให้ขึ้นฟู
 2: -ตั้งกระทะ ใส่น้ำมัน รอจนน้ำมันร้อน
-เทไข่ที่ตีลง-นำกุ้งเป็นตัว วางลง รอจนเหลืองกรอบ พลิกกลับอีกด้าน พอสุกเหลืองกรอบ ตักใส่จานเสิร์ฟ รับทานกับซอสพริกหรือซอสมะเขือเทศหรือพริกน้ำปลา"
กุ้งเผาน้ำจิ้มซีฟู้ด,"1: นำกุ้งไปล้างให้สะอาด ตัดหนวดให้เรียบร้อย
 2: นำไปอบด้วยเตาอบลมร้อน ด้วยอุณหภูมิ 200 องศาฯ เป็นเวลาครึ่งชั่วโมง
 3: ระหว่างรอกุ้งสุกมาทำน้ำจิ้ม โดยตำรากผักชี พริก กระเทียม ให้ละเอียดและเข้ากัน ปรุงรสด้วยน้ำตาล น้ำปลา น้ำมะนาว ชิมจนได้รสที่ถูกปาก เสร็จ เสิร์ฟได้"
ต้มยำปลากระป๋อง,"1: ตั้งน้ำต้ม พอเดือดใส่ตะไคร้ ข่า หอมแดง ต้มให้หอม
 2: เติมเห็ดนางฟ้า ก้อนปรุงรส
 3: เติมปลากระป๋อง พอเดือดปิดไฟ
 4: ใส่ใบมะกรูดฉีก ผักชีฝรั่ง พริกจินดาซอย
 5: ปรุงรสด้วยมะนาว พริกป่น
 6: เสร็จพร้อมเสริฟ"
ไข่พะโล้คลีน,"1: ต้มน้ำให้เดือด แล้วใส่ก้านอบเชย & โปยกั๊ก & เม็ดพริกไทยดำลงไป
 2: เติมผงพะโล้ น้ำตาลดอกมะพร้าว ซีอิ๊วขาว น้ำปลาลงไป แล้วคนจนน้ำตาลละลาย
 3: นำเต้าหู้ทอดไปลวกน้ำทิ้งมาใส่ & เติมเต้าหู้ญี่ปุ่นแบบแข็งลงไป
 4: ตั้งไฟให้น้ำเดือดและเต้าหู้เริ่มเปลี่ยนสี
 5: เติมอกไก่ลงไปแล้วเร่งไฟ ต้มจนไก่สุก แล้วหรี่ไฟลงเป็นไฟอ่อน เป็นอันเสร็จ"
หมูหมักหม่าล่าทอดกระเทียม,"1: หั่นหมูเป็นชิ้นพอดีคำ ใส่ภาชนะที่จะหมักเนื้อหมู ใส่เครื่องปรุงทุกอย่างลงไป คือ น้ำมันหอย ซีอิ๊วขาว นมสด แป้งสำหรับทอด พริกหม่าล่า คลุกเคล้าให้เข้ากันหมักทิ้งไว้ 10-15 นาที
 2: ตั้งกะทะใส่น้ำมันพืชเจียวกระเทียมให้เหลือง ตักกระเทียมเจียวขึ้นพักไว้ ใส่น้ำมันเพิ่มกะให้น้ำมันท่วมเนื้อหมูเวลาทอด เริ่มทอดด้วยไฟกลาง ทอดจนหมูสุก แล้วเร่งไปแรง ให้หมูมีสีน้ำตาลเข้มดูน่าทาน
 3: ตักขึ้นพักบนทิชชูซับน้ำมัน นำมาเรียงใส่จานโดยด้วยกระเทียมเจียว ทานกับข้าวเหนียวร้อนๆ"
ยำผักกูดกุ้งสด,"1: 1.รวนไก่สับให้สุกดี..ลวกกุ้งให้พอสุกแล้วพักไว้ก่อน..
จากนั้นเด็ดผักกูดเลือกเฉพาะที่อ่อน ๆ หักได้ง่าย ๆล้างให้สะอาด..ต้มน้ำเดือด ใส่เกลือเล็กน้อย..ลวกผักกูดในน้ำเดือด..แล้วสะเด็ดน้ำ ใส่น้ำเย็นเพื่อให้คงความกรอบ..
 2: 2.ปรุงน้ำยำ..ใส่พริกขี้หนูสวนซอย หอมแดงซอย บีบมะนาว น้ำปลาดี น้ำพริกเผา น้ำตาลทราย ถั่วลิสงคั่วบด มะพร้าวคั่วป่น และกะทิ..ชิมรสชาติให้กลมกล่อมถูกใจ..
 3: 3.ใส่ไก่สับ กุ้งลวก ผักกูดลวก ลงไปคลุกให้เข้ากัน.. โรยหอมเจียว พริกแห้งทอด..พร้อมเสริฟ์
 4: สามารถราดด้วยกะทิเข้มข้นเพิ่มความหอมมันได้นะคะ..
ทานคู่กับไข่ต้มยางมะตูม..อร่อยซะเอาอะไรมาแลกก็ไม่ยอมเลยค่ะ.."
แกงจืดฟักซี่โครงหมู,"1: ฟักเขียวแก่จัด นำมาปอกเปลือกที่แข็งๆ ทั้งหมดออก
 2: เอาไส้และเมล็ดทิ้ง หั่นเป็นชิ้น ล้างน้ำ พักไว้
 3: ซี่โครงหมู นำมาหั่นหรือสับเป็นขิ้น ล้างแล้วพักบนตะแกรงเตรียมไว้
 4: นำหม้อใส่น้ำเปล่า ตั้งบนเตา รอจนน้ำเดือด ใส่กระดูกหมูลง เบาไฟ หมั่นช้อนฟองออก เคี่ยวด้วยไฟอ่อน จนกระดูกหมูเปื่อย
 5: ใส่ รากผักชี+กระเทียม(ปอกเปลือกใส่ทั้งกลีบ)+พริกไทยเม็ด
-ปรุงรสด้วยเกลือป่นกับซีอิ้วขาว ชิมและปรุงให้ได้รสตามที่ชอบ
 6: ใส่ฟักตามลงไป เคี่ยวด้วยไฟอ่อน จนฟักสุกนิ่ม โรยพริกไทยป่น ปิดไฟ ยกลงจากเตา
 7: ตักใส่ถ้วยเสิร์ฟ โรยด้วย ต้นหอม+ผักชี หั่นท่อน พร้อมรับประทาน"
ปลาอินทรีเค็มทอด,1: - กะทะตั้งไฟกลาง ลงน้ำมัน พอน้ำมันร้อน นำปลาลงทอด ลดไฟเหลืออ่อนเกือบกลาง ทอดจนแห้งทีละด้าน อย่าพลิกบ่อย จะเละ ทอดจนแห้งทั้งสองด้าน ตักขึ้นพักสะเด็ดน้ำมัน- ซอยพริกขี้หนู ลงถ้วย บีบน้ำมะนาวทั้งสามลูก ลงกระเทียมสับ น้ำปลาดีตามท้าย ให้ได้รสเปรี้ยวนำแรงๆ เค็มตามปะแล่ม เผ็ดไม่ต้องพูดถึง ตามใจชอบ
หมูเค็มสูตรโบราณ🐽,"1: ✨หมักหมู✨
-ตำ 3 สหายเข้าด้วยกัน-นำไปหมักหมูที่เตรียมไว้-ใส่ซอสหอยนางรม ซีอิ๊วขาว ที่เตรียมไว้
 2: หมักทิ้งไว้ 1 ชม.
 3: จากนั้นนำมาใส่หม้อเพื่อเตรียมเคี่ยว
 4: เติมน้ำซุปลงไปประมาณ 1/2 ถ้วย เคียวประมาณ 45 นาที หมั่นคนให้ทั่ว
 5: จากนั้นก็เสริฟได้เลยคะ"
ปลาหมึกย่าง รสบาร์บีคิว,"1: ล้างปลาหมึกให้สะอาดไม่และไม่มีกลิ่นคาว
 2: หมักปลาหมึกด้วยซอสข้นปรุงรส
 3: ใส่ผงบาร์บีคิวลงไป
 4: คลุกเคล้าให้เข้ากัน
 5: หมักทิ้งไว้ในตู้เย็น 30 นาที
 6: นำปลาหมึกขึ้นอย่างด้วยหม้ออบลมร้อนประมาณ 15 ถึง 20 นาที
 7: ย่างจนสุก
 8: หั่นปลาหมึกเป็นชิ้นพอดีคำจัดใส่จานเสิร์ฟคู่กับน้ำจิ้มซีฟู้ด"
คอหมูย่าง,"1: 1. ผสมน้ำผึ้งกับซอสปรุงรส ซอสหอยนางรม และพริกไทย ผสมจนเข้ากัน
2. ใช้ส้อมจิ้มคอหมูให้ทั่ว นำไปหมักกับส่วนผสมด้านบน พักทิ้งไว้ในตู้เย็นประมาณ 30 นาที
 2: 3. นำคอหมูอบด้วยหม้ออบลมร้อน

 3: 3. นำคอหมูอบด้วยหม้ออบลมร้อน
อบใช้ไฟ 200-225 องศา ประมาณ 20 นาที
 4: หลังจากอบเสร็จแล้ว
(อบใช้ไฟ 200-225 องศา ประมาณ 20 นาที )
 5: 4. หั่นเป็นชิ้น จัดใส่จานรับประทานคู่กับน้ำจิ้มแจ่ว
 6: เมนูแถม ...ปีกไก่"
ผัดผักบุ้งหมูสับ,"1: ล้าง หั่นผักบุ้ง พักไว้ให้สะเด็ดน้ำ
ผัดกระเทียม พริกสับให้หอม
 2: เติมหมูบดลงผัดให้สุก
 3: เหยาะซอสหอยนางรม ซีอิ้วขาว น้ำปลา น้ำตาล เต้าเจี้ยวลงบนผักบุ้งที่เตรียมไว้ เร่งไฟแรง ผัดเร็วๆ
 4: เสร็จพร้อมเสริฟ"
อาหารไทย ข้าวแห้งหน้าไก่,"1: แช่เห็ดหอมจนนิ่ม พอเริ่มนิ่มให้เปลี่ยนน้ำใหม่เพราะจะมีผงฝุ่น น้ำที่เปลี่ยนรอบสองจะไปเป็นน้ำซุปขั้นต่อไป
 2: ปอกเปลือกกระเทียมสับละเอียดเพื่อเจียว ตั้งกระทะใส่น้ำมันไม่ต้องรอร้อนใส่กระเทียมได้เลยคนไปเรื่อยจนเริ่มเหลืองให้ยกกระทะขึ้นเพราะสีจะค่อยเข้มขึ้น ถ้าสีเข้มได้ที่กว่าจะตักไหม้พอดี
 3: ตักพักกระเทียมเจียวไว้บนกระดาษทิชชู่ซับน้ำมันให้กระเทียมกรอบไว้โรยหน้า ส่วนน้ำมันเก็บไว้ปรุงอาหารได้ต่อไปเหลือน้ำมันในกระทะสำหรับผัดต่อไปเล็กน้อย
 4: หั่นไก่เป็นชิ้นพอคำ หั่นเห็ดหอมตามยาว
 5: เปิดไฟแรงใส่กระเทียมเจียวครึ่งนึงของที่เราเจียวไว้ผัดกับไก่ให้ไก่สุกดี ตามด้วยเห็ดหอม รากผักชีผัดจนหอม แล้วใส่น้ำแช่เห็ดหอมลงไป เติมน้ำให้เลยขึ้นมาสักสองนิ้ว พอน้ำเริ่มงวดให้ปรุงรส พอน้ำงวดลงให้ชิมรสอีกครั้งว่าได้รสที่ชอบหรือยัง
 6: เสริฟตักข้าวราดด้วยไก่โรยกระเทียมเจียว ผักชี เคียงด้วยไข่ต้ม"
ผัดกะเพราเป็ด,"1: นำเป็ด มาเลาะเอาแค่เนื้อไม่เอากระดูก หั่นเป็นชิ้นขนาดเท่าๆกัน
 2: ตำพริกขี้หนูกับกระเทียม
 3: เด็ดใบกะเพรา ล้างน้ำให้สะอาด
 4: -ตั้งกระทะ ใส่น้ำมัน ตามด้วยพริกกับกระเทียมที่ตำ ผัดให้สุกหอม ใส่เนื้อเป็ด-ปรุงรส ด้วย น้ำตาล,น้ำปลา,พริกไทยป่น ชิมให้ได้รสที่ต้องการ ใส่ใบกะเพรา ปิดไฟ ตักใส่จานเสิร์ฟ"
ลาบกุ้งสด,"1: แกะกุ้ง ผ่าหลัง ดึงเส้นดำออก ล้างให้สะอาด
 2: นำกุ้งลงแช่โซดาแล้วพักไว้
 3: ใส่ผักชีฝรั่ง หอมแดงซอย ต้มหอม ผักชีฝรั่ง และใบสะระแหน่ จากนั้นคลุกเคล้าให้เข้ากัน
 4: คลุกเคล้าให้เข้ากัน
 5: ใส่กุ้งสดลงไป คลุกเคล้าให้เข้ากันอีกครั้ง
 6: คลุกเคล้าให้เข้ากัน
 7: จัดใส่จานที่ต้องการจัดเสิร์ฟ ตกแต่งด้วยพริกแห้งทอดและใบสะระแหน่ ทานคู่กับผักเคียง"
ข้าวผัดน้ำพริกลงเรือสูตรโบราณแกล้มหมูกรอบทอดน้ำปลา,"1:  1
- นำหมูสามชั้นมาหั่นขนาดพอดีคำ- คลุกเคล้าด้วยน้ำปลา 2 ช้อนโต๊ะ- ตั้งกระทะใส่น้ำมัน เปิดไฟแรง พอกระทะร้อนใส่เนื้อหมูที่เตรียมไว้ลงทอด ค่อย ๆ หรี่ไฟให้ร้อนปานกลาง ทอดหมูจนสีเหลืองกรอบ
 2:  2
- นำหมูขึ้นพักไว้ในกระดาษซับมัน
 3:  3
- นำกะปิ 2 ช้อนโต๊ะย่างด้วยไฟจนหอม สำหรับทำน้ำพริกกะปิ- จากนั้นเตรียมครก ใส่กระเทียม พริกขี้หนู ตำจนละเอียด ใส่กะปิ น้ำตาลปีบที่เตรียมไว้ ตำจนเข้ากัน ใส่น้ำปลา มะนาว ปรุงรสตามชอบ
 4:  4
- นำน้ำพริกกะปิที่ปรุงรสเรียบร้อยแล้วมาใส่ลงในข้าวสวยที่เตรียมไว้
 5:  5
- คลุกเคล้าน้ำพริกกับข้าวสวยให้เข้ากัน จากนั้นพักไว้
 6: - เตรียมวัตถุดิบสำหรับผัดข้าว ได้แก่ ปลาดุกฟู แครอทหั่นลูกเต๋า ถั่วฟักยาว ไข่เค็ม
 7:  6
- การทำไข่เค็มสำหรับใส่ในข้าวผัดนะคะ เราจะนำไข่เค็มมาหั่นเป็นลูกเต๋า แล้วปั้นให้กลม ๆ จะออกมาน่ารับประทานค่ะ
 8:  7
- มาถึงขั้นตอนการผัดข้าวน้ำพริกแล้วค่ะ ตั้งกระทะใส่น้ำมันรอจนกระทะร้อนนะคะ ใส่แครอทลงผัดพอเริ่มสุก ใส่ข้าวคลุกน้ำพริก ตามด้วยไข่เค็ม ถั่วฝักยาว และปลาดุกฟู ผัดเข้ากัน ปรุงรสด้วยน้ำตาลทราย ซอสปรุงรส ซอสหอยนางรม ชิมรสตามชอบให้มีครบทุกรส เปรี้ยว เค็ม หวาน
 9:  8
- นำข้าวผัดน้ำพริกมาจัดเรียงใส่จาน วางด้วยเครื่องเคียงหมูกรอบทอดน้ำปลา ถั่วฟักยาว โรยหน้าด้วยปลาดุกฟูอีกนิด เท่านี้อาหารจานเดียวก็ออกมาหน้าตาน่ารับประทาน รับรองทานแล้วจะติดใจแน่นอนค่ะ"
ปลาหมึกผัดกระเทียม,"1: ล้าง&บั้งปลาหมึกให้พร้อม
 2: หั่นซอยกระเทียม & รากผักชี
 3: เจียวกระเทียมให้สุกหอม
 4: ใส่ปลาหมึก และปรุงรสด้วยน้ำมันหอย ซีอิ้วขาว และน้ำตาล ใส่น้ำเล็กน้อยผัดให้สุก
 5: พร้อมทาน"
ไก่ย่างพริกไทยดำ🍽,"1: สิ่งที่ต้องเตรียม
 2: ตำ 3 สหาย พร้อมน้ำตาลทราย
 3: หมักไก่ : บั่งไก่ แล้วนำเครื่องหมักมาใส่ไว้ ใส่ซอสที่เตรียมไว้

 4: คลุกเครื่องหมักให้ทั่วไก่ แล้วหมักทิ้งไว้ 1-2 ชม
 5: จากนั้นนำไปย่าง อุณภูมิ 220c
 6: ใช้เวลาประมาณ 45 นาที คอยกลับด้าน ให้ไก่เหลืองที้ง 2 ข้าง
 7: ตักใส่จานเสริฟได้คะ"
✿ แกงมัสมั่นไก่ ✿,"1: เตรียมส่วมผสมให้พร้อมค่ะ
 2: ตั้งกะทิไฟกลาง ใส่กะทิลงไป 250ml
 3: พอกะทิร้อนและเดือดดีแล้ว ใส่เครื่องแกงมัสมั่นลงไปผัดค่ะ ค่อยๆผัดให้เครื่องแกงกับกะทิแตกสวยๆเลยนะคะ
 4: เครื่องแกงที่ผัดแตกมันดีแล้ว ใส่สะโพกไก่ลงไปค่ะ
 5: ผัดสะโพกไก่ พอสุกๆตึงๆ ก็ใส่น้ำลงไปค่ะ
 6: ใส่กะทิที่เหลือลงไปค่ะ แล้วใส่คนอร์ไป 1 ก้อน ตั้งตุ๋นไฟอ่อนไปเลยค่ะ 2 ชั่วโมง เราชอบแบบเปื่อยๆ นิ่มๆค่ะ ^^
 7: พอครบ 2 ชั่วโมงแล้ว ใส่มันฝรั่งลงไปค่ะ
 8: ค่อยๆ ปรุงรสด้วยน้ำมะขามเปียก
 9: ตามด้วยน้ำตาลปี๊บ
 10: ใส่เกลือ แล้วลองๆชิมรสตามชอบเลยนะคะ
 11: ใส่หัวหอมใหญ่
 12: แล้วใส่ ขิงซอยค่ะ (ถึงขั้นตอนนี้ใครชอบกินถั่วก็ใส่พร้อมกันตอนนี้เลยนะคะส่วนเราไม่ได้ใส่ค่ะ)
 13: ใส่อบเชย โป๊ยกั้ก ลูกกระวานลงไปเลยค่ะ (ที่ซื้อไม่มีลูกกระวานไปอีก --"") แล้วก็ตั้งตุ๋นไปอีก 30 นาทีค่ะ
 14: ครบเวลาแล้ว วันนี้ใช้ตุ๋นไฟอ่อนเกือบ 3 ชั่วโมงมันเปื่อย นิ่ม มากๆค่ะ ส่วนชามนี้แบ่งทาน 3 มื้อค่ะ ขอตัวแพคแช่เย็นเก็บเอาไว้กินพรุ่งนี้ก่อนนะคะ มาค่ะเพื่อนๆ มาอร่อยด้วยกันค่ะ"
ข้าวต้มมัด,"1: 1 ต้มถั่วดำให้สุกนิ่ม
 2: ตั้งน้ำกะทิด้วยไฟอ่อน ละลายเกลือและน้ำตาล คนให้เข้ากัน ชิมรสชาติให้หวานและเค็ม สามารถปรุงและชิมได้เองตามใจชอบ
 3: เมื่อน้ำตาลและเกลือละลาย ให้ใส่ข้าวเหนียว ที่แช่น้ำไว้แล้วลงไปผัด
 4: ผัดด้วยไฟแรงขึ้น จนน้ำกะทิเริ่มแห้ง และข้าวเหนียวงวดขึ้น
 5: ใส่ถั่วดำที่ต้มไว้แล้วลงผัดรวมกับข้าวเหนียว
 6: นำข้าวเหนียวแผ่ลงบนใบตอง และวางกล้วย 1 ชิ้น (ครึ่งลูก) ห่อด้วยใบตองที่ตัดแบ่งเป็น 2 ชิ้น วางสลับกัน
 7: พับใบตองทั้งสองด้านตามแนวยาวของกล้วย แล้วพับหัว,ท้าย เข้าด้วยกัน แล้วจึงนำทั้ง2ห่อ ประกบกันและมัดด้วยตอก
 8: นำไปนึ่งด้วยไฟกลาง เป็นเวลา 15-20 นาที
 9: เรียบร้อยแล้ว ข้าวต้มจะฟูขึ้นนิดหน่อย เพราะข้าวเหนียวจะสุกขึ้นอีก หอมน่าทานมากๆค่ะ"
ต้มยำหมูเด้งน้ำข้น,"1: ลวกหมูเด้งให้สุก ตักขึ้นพักไว้
 2: เตรียมส่วนผสมต่างๆให้พร้อม
 3: ตั้งหม้อใส่น้ำ ใส่ข่า ตะไคร้ หอมแดง กระเทียม ต้มให้เดือด
 4: ใส่น้ำมันพริกเผา น้ำพริกเผา พริกบุบ ใบมะกรูด ปรุงรสด้วยน้ำปลา น้ำตาล ( มะนาวใส่ขั้นตอนที่7 )
 5: ใส่เห็ด
 6: นมข้นจืด
 7: มะเขือเทศราชินี และมะนาว ชิมรสชาติตามชอบ
 8: สุดท้ายใส่ผักชีฝรั่งซอยครับ
 9: พร้อมทาน"
ไก่ต้มน้ำปลา,"1: ล้างไก่ให้สะอาด ล้างรากผักชี ปลอกเปลือกกระเทียมทุบให้พอแตก
 2: ตั้งไฟต้มน้ำให้เดือดใส่รากผักชีและกระเทียมลงไป ปรุงด้วยน้ำปลา น้ำมันหอย น้ำตาล คนจนส่วนผสมละลายเข้ากันแล้วใส่ไก่ลงไป
 3: เคี่ยวไฟอ่อนจนไก่เปื่อยนุ่มประมาณ 30 นาที - 1 ชั่วโมง
 4: ตักเสิร์ฟพร้อมทานกับน้ำจิ้มซีฟู้ดตามชอบ ทานเปล่าๆกับข้าวสวยร้อนๆก็อร่อยแล้ว"
จิ้มจุ่มปลาทับทิมเด้งดึ๋ง,"1: แร่ปลาเอาเนื้อไปทำจิ้มจุ่ม หัวและก้างเอาไปต้มน้ำซุป
 2: ตั้งหม้อใส่น้ำเปล่า ทุบตะไคร้ หอมแดง ข่าหั่น ใบมะกรูดฉีก ใส่ลงในหม้อ พอน้ำเดือดใส่ก้างและหัวปลา ปรุงรสด้วยเกลือ ผงปรุงรส น้ำตาลกรวด
 3: จัดผักสดใส่จาน เช่น ผักบุ้ง ผักกาดขาว ผักชีฝรั่ง ต้มหอม เตรียมนำไปจิ้มจุ่มกับปลา
 4: นำน้ำซุปที่ต้มได้ที่แล้ว ไปใส่หม้อดินเผา พร้อมจิ้มจุ่ม
 5: ทานพร้อมน้ำจิ้มซีฟู้ด
 6: หรือน้ำจิ้มเต้าเจี้ยว"
ต้มยำปีกบนไก่,"1: ล้างปีกบนไก่ให้สะอาด พักไว้ให้สะเด็ดน้ำ ล้างและฉีกเห็ดนางฟ้าให้เป็นชิ้นเล็ก หั่นเครื่องต้มยำเตรียมไว้
 2: ต้มน้ำให้เดือด ใส่เครื่องต้มยำลงไป ตั้งพอให้มีกลิ่นหอมของเครื่องต้มยำ ใส่ปีกไก่ลงไป ไม่ต้องคนไม่ต้องปิดฝา ตั้งให้เดือด
 3: ใส่ยอดมะพร้าวที่หั่นเตรียมไว้ลงไป ใส่เห็ด พอเดือด ลดไฟลงให้เดือดปานกลาง ใส่น้ำพริกเผา ใส่มะเขือเทศ แล้วปรุงรสให้ได้ตามต้องการ
 4: ปรุงรสได้ที่แล้ว ก่อนปิดไฟให้ใส่นมสดลงไป แล้วปิดไฟ ตักใส่ถ้วย พร้อมเสริฟ"
"+ทำไก่ย่างธรรมดาโลกไม่จำ ชวนมาทำ ""ไก่ย่างหนังกรอบ!!"" หนังกร๊อบกรอบ+","1: • นำส่วนวัตถุดิบที่เตรียมไว้มาคลุกเคล้ากับเนื้อสะโพกไก่(ยกเว้นน้ำมันมะกอก)
 2: นวดเครื่องเทศให้เข้ากันแล้วนำไปหมักไว้ประมาณ 45 นาที หรือ 1 ชั่วโมง
 3: • เมื่อครบเวลาหมักแล้ว นำน้ำมันมะกอกมาทาบนผิวสะโพกไก่ให้ทั่ว

 4: จากนั้นนำไปย่างโดยใช้ไฟกลาง (ประมาณ 165) เป็นเวลา 15 นาที
 5: 15 นาทีแรก หนังไก่เริ่มฟูพองมาแล้ว แต่เนื้อในยังไม่สุก
 6: ให้นำน้ำมันมะกอกทาบนผิวหนังสะโพกไก่อีกครั้ง
 7: จากนั้นนำไปย่างต่ออีกประมาณ 10 นาที จนสุกทั่ว
 8: เสร็จแล้วจ้าาาา ^^"
ต้มยำกุ้งน้ำข้น,"1: -นำกุ้งมาล้างทำความสะอาด แกะเปลือกออก ผ่าหลัง
-พริกขี้หนูนำมาล้างและทุบให้แบนใช้มีดหั่นพอหยาบๆ-ต้นหอมกับผักชีใบเลื่อยล้างและหั่นเป็นท่อน
 2: -เห็ด ตัดส่วนที่ไม่สะอาดออก นำมาหั่นหรือฉีก แล้วล้างทำความสะอาด พักไว้บนกระชอน
 3: -นำหม้อใส่น้ำเปล่าใส่ ใบมะกรูดฉีก+ข่า+ตะไคร้+หอมแดง นำขึ้นตั้งไฟ
-ใส่คนอร์ต้มยำก้อน คนให้คนอร์ละลาย-ใส่น้ำพริกเผา คนให้น้ำพริกเผาละลาย ไม่เกาะเป็นก้อน
 4: พอเดือด ใส่เห็ดชนิดต่างๆที่เราชอบ(เห็ดฟาง,นางฟ้า,เข็มทองฯลฯ) รอให้เดือดอีกครั้ง
 5: -ใส่ กุ้ง ให้กุ้งสุก
-ใส่พริกขี้หนูบุบ-ใส่นมข้นจืด(ถ้าชอบข้นๆใส่เพิ่มจาก 1/4 ถ้วยได้ ค่อยๆเติมตามชอบ)-รอเดือด ชิมรสให้ได้รสตามชอบ-ใส่ ต้นหอมกับผักชีใบเลื่อย ปิดไฟ ตักเสิร์ฟ โรยด้วยพริกขี้หนูแห้งทอด"
คอหมูย่าง,"1: ล้างคอหมูให้สะอาดพักให้สะเด็ดน้ำ (เครื่องปรุงจะได้เข้าเนื้อ)
 2: ใช้ส้อมจิ้มให้ทั่วๆ
 3: นำคอหมูคลุกเคล้ากับซอสข้นปรุงรสคนอร์รสหมู 1 ช้อนโต๊ะ

 4: ใส่น้ำผึ้ง 1/2 ช้อนโต๊ะ
 5: คลุกเคล้าให้เข้ากัน

 6: นำคอหมูย่างด้วยหม้ออบลมร้อน อบใช้ไฟ225 องศา
ประมาณ 15 นาที กลับด้านย่างต่ออีก 15 นาที
 7: หั่นเป็นชิ้นพอดีคำ จัดใส่จานรับประทานคู่กับน้ำจิ้ม

 8: รับประทานคู่กับน้ำจิ้มแจ่ว"
หลนปลาทู,"1: ตำตะไคร้ ข่า พอหยาบ ตั้งหม้อใส่กะทิประมาณ 200-300กรัม ใส่เครื่องที่ตำ หอมแดงซอย ลงผัดให้หอม
 2: ใส่หมูสับ เนื้อปลาทู ผัดให้หมูสุก ยีปลาทูให้เป็นชิ้นเล็กๆ เติมเครื่องปรุง น้ำมะขาม น้ำปลา น้ำตาลมะพร้าว (ชิมให้ได้เปรี้ยวนำ หวาน และเค็ม)
 3: ใส่พริกชี้ฟ้าหั่นท่อนพอคำ ใส่ใบมะกรูด เติมหัวกะทิที่เหลือ เส็จค่ะ"
แกงเผ็ดเป็ด,"1: หั่นเดเป็นชิ้นเล็กขนาดพอดีคำ พักไว้ก่อนและเตรียมส่วนผสมต่างๆให้ครบ
การหั่นมะเขือให้หั่นแล้วแช่ในน้ำผสมเกลือเล็กน้อยเพื่อให้มะเขือมีสีน่าทานไม่ดำค่ะ
 2: ตั้งกระทะใส่น้ำมันเล็กน้อย จากนั้นใส่พริกแกงลงไปผัดให้พอหอมดีตามด้วยเป็ดใส่ลงไป คลุกเคล้า ใส่ผักมะเขือ ลงไป หากมีมะเขือพวงก็นำมาใส่เพิ่มได้ด้วยค่ะยิ่งดี
 3: ตามด้วยใส่กะทิลงไปเคี่ยว เติมน้ำเปล่าเล็กน้อย ปรุงรสด้วยน้ำตาลปี๊ป น้ำปลา และใส่มะเขือเทศหั่นลงไป คนเล้กน้อย ชิมรสชาติดูแล้วใส่ใบโหระพาลงไปเป็นอันเสร็จตักใส่จานหั่นพริกสดสีแดงเฉียงๆโรยหน้าลงไปให้สวยงามค่ะ"
แกงส้มผักรวม,"1: ล้างผักที่มีให้สะอาด และหั่นเป็นชิ้นเตรียมไว้ แยกผักแต่ละชนิดออกจากกัน เพื่อเรียงลำดับการใส่ค่ะครั้งนี้เราใช้ผักดังนี้ค่ะ หัวไชเท้า ถั่วฝักยาว ดอกกะหล่ำ กะหล่ำปลี ผักกาดขาว
 2: ล้างปลาให้สะอาดส่วนหนึ่งนำไปต้ม เราใช้ปลานิล และส่วนหนึ่งน้ำไปทอดเราก็ใช้เป็นปลาดอลลี่ค่ะ
 3: ตั้งหม้อใส่น้ำกะด้วยสายตาประมาณเกือบท่วมปลา ใส่เกลือลงไปเล็กน้อย ใช้ไฟกลาง รอจนน้ำเดือด
 4: เมื่อน้ำเดือดใส่พริงแห้งเด็ดขั้ว และปลาลงไปต้ม รอจนกว่าปลาจะสุกให้ปิดไฟ แล้วตักพริกแห้งและปลาขึ้นมาพักให้เย็น ไม่ต้องเอาน้ำต้มปลาทิ้งเพราะจะได้ใช้ทำเป็นน้ำแกงต่อ
 5: แกะเอาแต่เนื้อปลา ไม่เอาหนัง ไม่เอาก้าง แล้วพักไว้
 6: นำพริกแห้งไปโคลกกับหอมแดง และกะปิ และเนื้อปลาที่แกะไว้ให้ละเอียด
 7: เปิดไฟที่หม้อน้ำต้มปลาโดยใช้ไฟกลาง รอให้เดือดน้ำพริกแกงที่โขลไว้ไปละลาย จากนั้นใส่ผักที่สุกช้าลงไปก่อนเช่น หัวไชเท้า ถั่วฝักยาว ดอกกะหล่ำ แล้วค่อยตามด้วย กะหล่ำปลี ผักกาดขาว
 8: พอใส่ผักทุกอย่างลงไปแล้ว รอจนเดือดปรุงรสด้วยน้ำตาลปี๊บเล็กน้อย น้ำปลา และน้ำมะขาม ให้ได้รสตามชอบ รอเดือดอีกครั้งจากนั้นปิดไฟ
 9: ตั้งกระทะ ใส่น้ำมัน เพื่อทอดปลาดอลลี่ โดยใช้ไฟกลาง ค่อยๆทอดไปเรื่อยๆ จนเนื้อปลาสุกและกรอบค่ะ เมื่อสุกแล้วพักไว้ในจานตะหาก หากจะทานเมื่อไหร่ก็ค่อยตักใส่ในชามแกงค่ะ"
ผัดลูกฟักแม้วใส่ไข่,"1: ลูกฟักแม้ว เลือกลูกที่ไม่แก่ นำมาปอกเปลือก จะมีลักษณะลื่นๆมันคือยาง ให้นำไปล้างน้ำเปล่าให้หายลื่น
 2: -ผ่าครึ่งลูก เอาเม็ดตรงกลางออก
-หั่นเป็นชิ้นเท่าๆกัน แช่ลงในน้ำเปล่าที่ละลายเกลือนิดหน่อย ไม่ให้ชิ้นฟักแม้วดำ-นำใส่กระชอนพักไว้ให้สะเด็ดน้ำ
 3: -ตั้งกระทะ ใส่น้ำมันรอจนน้ำมันร้อน ใส่กระเทียมเจียว
-ผัดให้กระเทียมสุกเหลืองหอม
 4: ใส่ขิ้นเนื้อฟักแม้วลงผัดให้ทั่ว
 5: -เติมน้ำเปล่า
-หาฝาหม้อมาปิด เพื่อให้ความร้อนระอุและชิ้นฟักสุกทั่วทุกชิ้น-ผัดจนฟักแม้วสุก สังเกตุจะมีลักษณะใสขึ้น
 6: ปรุงรสด้วย น้ำตาลทราย+ซีอิ้วขาว+น้ำมันหอย ชิมและปรุงให้ได้รสตามชอบ
 7: -ตอกไข่ใส่ รอจนไข่สุก
-โรยพริกไทยป่น
 8: ตักใส่จานเสิร์ฟ พร้อมรับประทาน"
ต้มยำไก่ รสจัดจ้านกลมกล่อม,"1: สับตะไคร้เป็นท่อนและบุบ หั่นข่าเป็นแว่นๆ ขยำใบมะกรูดให้กลิ่นออกมา หั่นมะเขือเทศเป็น 4 ส่วน เตรียมไว้
 2: ใส่น้ำสต็อกหรือน้ำเปล่าลงหม้อ ใส่เครื่องสมุนไพร ข่า ตะไคร้ ใบมะกรูด พริกแห้ง ลงต้ม
 3: พอน้ำเริ่มเดือด ใส่มะขือเทศ และเนื้อไก่ลงไป ตามด้วยพริกเผา ผมไม่ใส่นมนะครับ ไม่ชอบ แต่ใครชอบก็ใส่ได้เลย
 4: ต้มจนเดือด ปรุงรสด้วยน้ำปลา ชิมรสตามชอบ ปิดไฟ บีบมะนาว"
ไก่ผัดเม็ดมะม่วงน้ำพริกเผา,"1: ตั้งกระทะ ใส่น้ำพริกเผาและหอมใหญ่ ผัดจนหอมใหญ่เริ่มสุก
 2: ใส่อกไก่ที่เตรียมไว้จนไก่สุก ตามด้วยเม็ดมะม่วงหิมพานต์
 3: ปรุงรสด้วย ซึอิ๊วขาวและน้ำตาลทรายแดง ปิดเตา
 4: พริกแห้งและต้นหอม คลุกให้ทั่วกัน"
ข้าวมันไก่เด็กหอ,"1: 1.ต้มไก่ให้สุก โดยไม่ต้องเปื่อยมาก โดยใส่กระเทียมและรากผักชีด้วย
2.หุงข้าว โดยใช้น้ำจากน้ำต้มไก่3.พอข้าวสุกก็เจียวกระเทียมแล้วน้ำไปคลุกกับข้าว
 2: น้ำจิ้ม
1.สับกระเทียม พริก และขิงให้ละเอียด2.ใส่น้ำตาล ซอสปรุงรส มะนาว และเต้าเจี้ยว ขนให้เข้ากัน3.นำทุกอย่างมาผสมให้เข้ากันและชิมรส ตามต้องการ
 3: น้ำซุป
นำน้ำต้มไก่มาใส่ซุปก้อนคนอร์ ใส่เกลือเล็กน้อย โลยผักชีเป็นอันเสร็จ"
ปลาร้าทอดทรงเครื่อง,"1: นำปลาร้ามาคลุกกับแป้งทอดกรอบบางๆ ทาให้ทั่วชิ้น
 2: ตั้งกระทะใส่น้ำมันให้ท่วม รอจนน้ำมันเดือดจัดแล้วจัดการนำปลาร้าลงไปทอดจนสุกเหลือง
 3: นำปลาร้าขึ้นสะเด็กน้ำมัน โรยพริกขี้หนูซอย และกระเทียมกับหอมแดงลงไปลงไปบนตัวปลาร้า
 4: บีบมะนาวให้ทั่ว แล้วโรยด้วยพริกแห้งอีกครั้ง"
น้ำพริกกากหมู,"1: ใส่น้ำมันในกระทะ ใส่หอมพริกกระเทียมน้ำตาล เกลือลงเจียวให้มีกลิ่นหอม
 2: น้ำกากหมูหรือหมูกระจกลงไปผัดคลุกเคล้าให้ทั่ว
 3: ผัดจนเครื่องเคลือบทั่วตัวกากหมูแล้วนำขึ้น
 4: พักไว้ในถาดหรือชามจนเย็นก่อนเก็บใส่ขวดโหล
 5: นำมาโรยบนข้าวสวยร้อนๆหรือไข่เจียวก็อร่อยพร้อมเสิร์ฟ"
ห่อหมก แบบไม่ห่อ,"1: ลวก กุ้งหอยปลาหมึก ในน้ำเดือดให้สุก แล้วนำขึ้นมาพักไว้
 2: นำพริกแกง กะทิ และไข่ผสม คนให้เข้ากัน ปรุงรสด้วยน้ำตาล น้ำปลา
 3: นำของทะเลที่ลวกไว้เทลงไป คนให้เข้ากัน
 4: พับกระดาษฟอยล์ ให้เป็นรูปทรงที่สามารถใส่นึงห่อหมกได้ (เราพักเป็นเหมือนกล่องสี่เหลี่ยม) ใส่โหระพาลงไป
 5: เทเครื่องห่อหมกที่เตรียมไว้ลงไป แล้วนึ่งจนสุก ประมาณ 15-20 นาที
 6: ราดกระทิด้านบน แต่งด้วยพริกชีฟ้าและใบมะกรูด ปิดฝานึ่งอีก 3-5 นาที แล้วนำขึ้นได้เลย"
กระเจี๊ยบเขียวราดน้ำมันหอย,"1: ตัดหัวตัดท้ายกระเจี๊ยบเขียวออก แล้วนำไปแช่ในน้ำผสมเบคกิ้งโซดาทิ้งไว้ 3-5นาที แล้วล้างออกด้วยน้ำสะอาด
 2: นำไปแช่ในน้ำเกลือทิ้งไว้สักพักให้เมือกใสๆออก จากนั้นล้างออกด้วยน้ำสะอาดหลายๆน้ำ
 3: ตั้งหม้อต้มน้ำให้เดือด ใส่เกลือลงไปเล็กน้อย. นำกระเจี๊ยบเขียงลงไปลวกให้พอสุก
 4: ตักขึ้นน็อคด้วยน้ำเย็นจัดสักครู่ แล้วตักขึ้นพักไว้
 5: ตั้งกระทะเจียวกระเทียมให้พอหอม ใส่น้ำมันหอย ซีอิ๊วขาว น้ำตายทราย ตามด้วยเผ็ดหอมลงไปเคี่ยวเติมน้ำที่แช่เห็ดหอมลงไปเล็กน้อย
 6: ใส่น้ำแป้งมันละลายน้ำลงไปเคี่ยวต่อจนข้น ก็จะได้ซอสน้ำมันหอยสำหรับราด
 7: วางกระเจี๊ยบเขียวที่ลวกแล้วเรียงใส่จาน ,
 8: จากนั้นก็ซอสน้ำมันหอยที่เคี่ยวไว้มาราดลงบนกระเจี๊ยบเขียว โรยกระเทียมเจียวพร้อมเสริฟแล้วค่ะ"
ก๋วยเตี๋ยวผัดงอแง 🤪,"1: นี่คือซอสพริกเสฉวนค่ะ จะมีรสของเต้าซี่ เค็มเผ็ด หอม ซื้อที่ไหนก็จำไม่ได้ (เค้าไม่ได้ให้สปอนเซอร์ จำไม่ได้ซะงั้น) 🤣🤣🤣 ผัดงอแง คือ ก๋วยเตี๋ยวผัดที่แม่ผัดให้ลูกที่ป่วยงอแงไม่ยอมกินข้าวทาน แล้วพ่อแม่ก็ชอบทานด้วยกัน ตีโจทย์ให้แตก ต้องเป็นของที่ทำง่าย หอมจนชวนเด็กไม่สบายให้อยากทานได้ มีของที่เด็กชอบในนั้น แต่ก็หาได้ง่ายๆ ในบ้าน ไม่เผ็ดมาก (ในหนังใช้ซอส xo กบว่าเผ็ดเกินเด็กไม่สบายจะกินได้) และที่สำคัญต้อง … ไม่มีผัก!!!! 😤
 2: แกะเส้นใหญ่ให้แยกกันทุกเส้น ให้บอกว่าเส้นใหญ่สำหรับผัดนะคะ เส้นจะหนากว่า เหนียวนุ่ม ผัดแล้วไม่ขาด เละง่ายค่ะ สังเกตได้เวลาเราซื้อก็ก๋วยเตี๋ยวผัดแล้วเส้นเละไปหมด นั่นคือใช้เส้นผิดประเภทค่ะ นำกุ้งแห้งแช่น้ำร้อน ล้างน้ำร้อนทิ้ง แช่จนกุ้งพองฟู ในหนังเค้าเอากุ้งแห้งไปทอดเลย นั่นจะทำให้แกนตัวยังแข็งอยู่ค่ะ แล้วก็เค็มเกิน การที่เราแช่น้ำร้อนก่อนทอด ความเค็มของกุ้งจะลดลง เหลือแต่ความหอม ทอดแล้ว กรอบนอกนุ่มใน หั่นเต้าหู้ กับ กุนเชียงเป็นเต๋า เตรียมไว้
 3: ตั้งกระทะใส่น้ำมัน พอร้อนทอดเต้าหู้จนเหลืองสวย ตักออกพักไว้
 4: ทอดกุ้งแห้งที่สะเด็ดน้ำแล้วจนกรอบ ตักออกพักไว้
 5: ตามด้วยกุนเชียง ทอดให้ผิวตึงๆ เหลืองนิดๆ ตัดออกพักไว้
 6: รินน้ำมันออกให้หมด คั่วไชโป๊หวานสับ ให้เป็นสีเหลืองอ่อน ตักออกพักไว้
 7: สะเด็ดน้ำมันของทอดทั้งหมด
 8: กระทะ ไฟแรง ใส่น้ำมันทอดสรรพสิ่งเมื่อกี้ลงไปสัก 2 ช้อนโต๊ะ กลิ้งน้ำมันให้ทั่วกระทะจนควันขึ้น เป็นการเผากระทะและเคลือบ เวลาผัดจะไม่ติดกระทะค่ะ รินน้ำมันทิ้ง ใส่ซอสพริกเสฉวน กับ กระเทียมสับ ผัดพอหอม .. โว๊ะ กระเด็น 😱
 9: เติมไข่ไก่ ผัดให้สุก 50%
 10: เติมเส้นใหญ่ที่แกะไว้ ผัดให้เส้นจับไข่ หรือ ไข่จับเส้น หรือ จับกันไปจังกันมา .. ตามสะดวก 🤣🤣🤣
 11: เติมซอสหอยนางรม ซีอิ้วขาว ซีอิ้วดำ น้ำตาล ผัดจนเส้นดูดซับน้ำซอสไปทั้งหมด แล้วคั่วต่อจนเส้นหอมกลิ่นกระทะคั่ว สังเกตจากภาพ เส้นยังคงรูปสวย ไม่เละค่ะ ชิมรสจะมีกลิ่นซอสพริกเสฉวนที่ผสมเต้าซี่นำ เค็มอ่อนๆ หวานเผ็ดตาม
 12: เติมไชโป๊คั่ว เต้าหู้ทอด กุ้งแห้งทอด กุนเชียงทอด เคล้าให้เข้ากัน ปิดไฟ โรยต้นหอมซอย พริกไทยค่ะ
 13: เสร็จพร้อมเสริฟ ผัดงอแง สูตรช่างกบ อร่อยกว่าของในหนังนิดนึง 🤣🤣🤣#ทำเองกินเองนักเลงพอbyช่างกบ"
ปูอบวุ้นเส้น,"1: เตรียมวัตถุดิบ สำหรับ ปู(ไข่)อบวุ้นเส้น

 2: เตรียมวัตถุดิบ
ผสมเครื่องปรุงรสโดยใส่ น้ำตาลทราย,ซีอิ๊วดำ ,ซอสหอยนางรม,ซีอิ๊วขาว,น้ำซุป ผสมให้เข้ากัน
 3: นำปูลงไปแช่ในน้ำเครื่องปรุง แล้วตักขึ้นมาวางพักไว้
จากนั้นก็นำวุ้นเส้น(ที่แช่น้ำ) ลงไปคลุกกับส่วนผสม
 4: นำหม้อมาตั้งไฟอ่อนๆ ผัดเบคอน ขิงแก่ กระเทียม พริกไทยดำ

 5: ใส่วุ้นเส้นลงไปในหม้อ ตามด้วยปูและคื่นช่าย โรยพริกไทยขาวปิดฝาอบ

 6: อบด้วยไฟอ่อน 8-10 นาที

 7: เสร็จแล้วก็ยกลงมาจากเตาเสิร์ฟทั้งหม้อ"
หมูผัดต้มหอม,"1: ขั้นตอนการเตรียมส่วนผสม
หั่นหมูพอดีคำแล้วหมักกับน้ำมันหอยคลุกให้ดีแล้วเอาเข้าตู้เย็นต้นหอมหั่นท่อนให้มากกว่าหมูคือดีหอมใหญ่หั่นซอยพริกหั่นเฉียง
 2: ตั้งเตาใส่น้ำมันเล็กน้ำ ไฟกลาง

 3: น้ำมันร้อนใส่กระเทียมลงไปผัดให้หอม
แล้วตามด้วยหมูที่หมักไว้แล้วลงไปผัดปรุงรส ให้หวานน้อยและไม่ต้องปรุงเค็มมากเพราะหมูหมักไว้เค็มเข้าเนื้อหมูมีรสเค็มแล้ว
 4: หมูสุกใส่หอมใหญ่ลงไปผัดพอสุก
ก็ใส่ต้นหอม และพริกเขียว แดง ลงไปผัดไฟแรงผัดไวๆ แล้วปิดเตา อย่าให้ต้นหอมสุกมาก"
ผัดมาม่า 🥢,"1: ตั้งกระทะไฟแรงตามด้วยน้ำเปล่า รอน้ำเดือดจัด นำบะหมี่กึ่งสำเร็จรูปลงไปต้มจนสุก
 2: ตักขึ้นพักไว้
 3: ตั้งกระทะไฟกลางตามด้วยน้ำมันถั่วเหลือง นำพริกขี้หนูและกระเทียมปั่นละเอียดผสมน้ำลงไปผัด ผัดจนหอม
 4: ตามด้วยหมูสับ แครอท และข้าวโพดอ่อน ผักจนสุก
 5: ตามด้วยหมูยอทอด ผัดให้เข้ากัน ปรุงรสด้วย น้ำตาลทราย ผงปรุงรส และซอสหอยนางรม
 6: ตามด้วยเส้นบะหมี่กึ่งสำเร็จรูป คลุกเคล้าให้เข้ากัน ชิมรสตามชอบ ปิดไฟ
 7: พร้อมทาน"
ต้มจืดฟักเขียวอกไก่,"1: ใส่น้ำเปล่า 700 มิลลิลิตร ลงในหม้อ ต้มจนเดือด ใช่ไฟปานกลาง
 2: เมื่อน้ำเดือด ใส่เกลือ 1/5 ช้อนโต๊ะ
 3: ใส่คนอร์ซุปไก่ 1 ก้อน รอจนละลาย
 4: นำอกไก่ (หั่นเป็นลูกเต๋าพอดีคำ) ใส่ลงในหม้อ
 5: รอจนไก่สุก แล้วใส่ฟักเขียวลงในหม้อ
 6: ปิดฝาหม้อ ใช้ไฟอ่อนต้มต่ออีกประมาณ 10-15 นาที จนฟักเขียวสุด
 7: ใส่ผักชีโรยหน้า เป็นอันเสร็จสมบูรณ์"
พริกป่น..ไม่ง้อแดด,"1: 1 เตรียมพริก เด็ดขั้ว ล้างพริกให้สะอาดผึ่งลมให้แห้ง
 2: 2 หั่นพริกเป็นท่อนๆ เพื่อเพิ่มพื้นที่สัมผัสกับกระทะ จะได้แห้งเร็วขึ้น
 3: 3 ตั้งกระทะ เปิดไฟอ่อน ใส่พริกลงไปคั่ว
 4: 4 นำพริกที่ แห้งแล้วมา ตำ ก็จะได้พริกป่น
ปล. การตำรอบเเรกๆ พริกจะยังไม่เเห้งดี ให้ตำจนเปลือกพริก แตก แล้วนำลงไปคั่วใหม่ ตามขั้นตอนที่ 3 จึงกลับมาตำอีก(ขั้นตอนที่ 3-4 ทำซ้ำประมาณ 2-3 รอบ ขึ้นอยู่กับความชื้นที่อยู่ในพริกปล 2 ถ้ามีเครื่องปั่น/บดพริกจะลดเวลาในการตำพริกนะ
 5: พริกป่นที่ตำเสร็จแล้วให้นำมาคั่วด้วยไฟอ่อนๆ เพื่อไล่ความชื้นอีกครั้ง"
หมูผัดพริกแกงใส่สะตอสไตล์ปักษ์ใต้,"1: เตรียมวัตถุดิบต่างๆ หันหมูชิ้น ปอกสะตอ และล้างให้สะอาด
 2: เทน้ำมันใส่ลงไปในกระทะเปิดไฟกลางเพื่อรอผัดพริกแกง
 3: เอาพริกแกงลงไปผัดพอหอม
 4: ใส่หมูลงไปผัดให้สุก
 5: ใส่เครื่องปรุงทั้งหมดลงไปคลุกเคล้าให้เข้ากัน และใส่สะตอเป็นลำดับสุดท้าย
 6: เสร็จแลิวยกเสิร์ฟ"
กุ้งแช่น้ำปลา,"1: ล้างทำความสะอาด
ตัดหัวกุ้งพร้อมปอกเปลือกให้เรียบร้อย
 2: ผ่าหลังดึงเส้นสีดำออก จากนั้นแผ่กุ้งออก
 3: เสร็จแล้วนำกุ้งที่ผ่าเรียบร้อย ไปแช่ด้วยน้ำโซดาประมาณ 2 นาที
 4: นำกุ้งที่แช่โซดามาล้างน้ำแล้วนำไปแช่ตู้เย็น (พักไว้)
 5: โขลกพริกกระเทียมรากผักชีให้เข้ากัน
จากนั้นปรุงรสด้วยมะนาว น้ำปลา และน้ำตาลทราย
 6: ขั้นตอนสุดท้าย จัดกุ้งวางเรียงในจานให้สวยงาม

 7: เสร็จแล้วก็ราดน้ำจิ้มแซ่บ ๆ ลงไป
เพียงเท่านี้เราก็จะได้เมนูกุ้งแช่น้ำปลากันแล้วค่ะ"
กะเพราเต้าหู้ไข่หมูสับ,"1: มาเตรียมวัตถุดิบกันค่ะ
 2: เริ่มจากมาเตรียมตัวเต้าหู้ไข่ก่อนนะคะ
1.นำเต้าหู้ไข่มาคลุกแป้งทอดกรอบ2.นำมาทอดในน้ำมันร้อนๆ3.ต่อมานำใบกะเพราไปทอดให้กรอบ
 3: ต่อมามาเตรียมส่วนของกะเพรากันค่ะ
1.เริ่มจากนำกระเทียมไปผัดกับน้ำมัน2.และใส่พริกลงไปผัดจนกระเทียมเริ่มเหลือง3.นำหมูสับมาผัดจนสุก4.ปรุงรสด้วยน้ำมันหอย
 4: 1.ใส่น้ำซุปหรือน้ำสะอาด
2.ใส่น้ำตาล3.และซีอิ๋วขาว
 5: เสร็จแล้วก็นำเอากะเพราหมูที่ผัดไปราดเต้าหู้ที่ทอดกรอบพร้อมใบกะเพราเป็นอันเสร็จค่ะ"
ขนมสาคูถั่วดำ,"1: นำถั่วดำมาแช่น้ำเปล่าค้างคืนไว้ 1 คืน เพื่อให้นิ่ม ลดเวลาในการต้ม
 2: ต้มน้ำเปล่าให้เดือดใส่สาคูลงไปต้มจนเม็ดสาคุเริ่มสุก เป็นเม็ดใสๆ
 3: ตั้งฟักสาคูไว้ สาคูจะพองขึ้นและแห้ง
 4: ต้มถั่วดำในน้ำเปล่าจนถั่วนิ่ม
 5: ใส่หางกะทิและน้ำตาลปี๊บลงไป คนให้น้ำตาลละลาย ชิมความหวานตามชอบ ตามด้วยหัวกะทิ ต้มต่อให้เดือดอีกครั้งก็เสร็จแล้วคะ
 6: ตักสาคูราดด้วยถั่วดำพร้อมทานคะ"
ผัดพริกแกงถั่วฝักยาว​หมู​สาม​ชั้น​ทอด​,"1: ถั่วฝักยาว​ล้างน้ำให้สะอาด เด็ดเป็นท่อนขนาด1นิ้ว พักไว้
 2: หมูสามชั้น ล้างน้ำ เช็ดให้แห้ง โรนเกลือเล็กน้อย ตั้งน้ำมันในกระทะ​ น้ำมันร้อนลงทอด ให้เหลืองกรอบทั้ง2ด้าน เสร็จ​แล้ว​หั่นเป็น​ชิ้นหนาบางตามใจชอบ​
 3: ใส่พริกแกงเผ็ด​ ลงในกระทะที่มีน้ำมันเล็กน้อย ผัดให้หอม ปรุงรส​ด้วยน้ำปลา​ น้ำตาลปี๊ป​ ได้รสชาติ​ที่ต้องการ ใส่ถั่วฝักยาว​ลงไปผัด พอสุกใส่หมูสามชั้น​ ใบมะกรูด​ ผัดให้เข้ากัน
 4: ตักใส่จาน รับประทาน​กับข้าวสวยร้อนๆ แนมไข่เจียว​ อร่อย​มาก"
หมูผัดกะปิตะไคร้,"1: หั่นสันคอ หมักกับน้ำมันหอยทิ้งไว้
 2: ตำพริกขี้หนู กระเทียม กะปิ หอมแดงบางส่วน
ให้เข้ากัน
 3: ซอยตะไคร้ หอมแดงที่เหลือ
พริกแดง พริกชี้ฟ้าพริกขี้หนูซอย
 4: ตั้งไฟใส่น้ำมันเล็กน้อย พอน้ำมันร้อน
เอาของที่ตำไว้ ใส่ลงไปผัดให้หอม
 5: ผัดเครื่องจนหอมแล้วใส่หมูลงไปผัดจนหมูสุก
 6: ใส่ตะไคร้ซอย พริกขี้หนู พริกแดง พริกชี้ฟ้า ตามลำดับ
ผัดๆๆๆ ให้เข้ากัน
 7: เข้ากันดีแล้ว ปิดไฟ แล้วบีบมะนาวลงไป 2 ซีก"
ไข่ตุ๋น แบบบ้าน,"1: เตรียมส่วนผสม
 2: นำหมูสับและไข่เป็ดตีให้เข้ากัน ใส่น้ำเปล่าเล็กน้อย และน้ำปลาเพื่อปรุงรส
 3: หั่นต้นหอมโรยหน้า แล้วนำไปนึ่ง
 4: นึ่งไข่ประมาณ 15 นาที หรือจนกว่าจะสุก
แล้วเจียวกระเทียมโรยหน้า"
แกงส้มปลาช่อนทอด,"1: ขยำปลาช่อนกับเกลือล้างเลือดก่อนนะคะ แล้วล้างน้ำเปล่า
 2: แช่ปลาช่อนในน้ำผสมน้ำส้มสายชู 2 ช้อนโต๊ะ 15 นาที ล้างเมือก ดับคาวค่ะ พอล้างน้ำออก สะเด็ดน้ำ พักไว้ จะไม่ลื่น ไม่คาวเลยค่ะ
 3: นำปลาข่อนที่เตรียมเรียบร้อย โรยแป้งทอดกรอบบางๆ เขย่าแป้งส่วนเกินออก
 4: ทอดให้เหลืองสวย สะเด็ดน้ำมัน พักไว้ค่ะ
 5: มะขามเปียกลวกน้ำร้อน แล้วแช่ในน้ำร้อนค่ะ กบเร่งปฏิกิริยาด้วยการใส่ในไมโครเวฟ 1 นาที .. เจ้มจ้น 😆
 6: ตั้งหม้อต้มน้ำ ระหว่างรอน้ำเดือด รินน้ำออกจากปลาทูน่ากระป๋องให้หมด โขลกรวมกับพริกแกงส้มจนเป็นเนื้อเดียวกันค่ะ
 7: โขลกเสร็จ หันไป น้ำเดือดพอดี ใส่พริกแกงที่โขลกไว้ค่ะ
 8: กรองน้ำมะขามเปียกลงไป น้ำตาลปี๊บ คนให้ละลายชิมรส อ่อนเค็มค่อยเติมน้ำปลานะคะ เพราะเราไม่รู้ว่าพริกแกงเค็มมากแค่ไหน ให้ออก 3 รส เปรี้ยวเค็มนำ หวานตาม ถือว่าใช้ได้ค่ะ
 9: เติมผัก ต้มแค่พอสุก ปิดไฟ ทิ้งไว้ค่ะ ผักจะสุก อมน้ำแกง แต่ไม่เละ
 10: เสริฟพร้อมปลาช่อนทอดค่ะ"
หมูผัดพริกสดโหระพา,"1: เมนูนี้อร่อยไม่เเพ้กะเพรา แต่เหตุไฉน เวลาไปร้านตามสั่ง แล้ว งง ทุกร้าน 😅😅😅 หารับประทาน แทบไม่ได้ผมใช้หมูสะโพกนะครับ เลยแล่ส่วนมันออกนำไปเจียวน้ำมันก่อน จะได้กากหมูกรอบๆ ผสมด้วยนิดหน่อย
 2: ตำพริก/หอมแดง/กระเทียม ให้ได้ ปริมาณเท่าๆกับหมู แบบไม่ต้องเหนียม นะครับ อร่อยแน่นอน
 3: เอามันหมูหั่นชิ้นเล็กๆ เจียวน้ำมันเเป๊ปเดียวก็ได้ละ

 4: ใส่พริกกระเทียมหอมแดง ตำลงกระทะไปผัดให้หอม
 5: หมูคลุกซีอิ้วพริกไทยก่อนผัด
แล้วถึงใส่หมูลงกระทะ ใส่น้ำปลา น้ำมันหอย ขีอิ๊วขาวถ้าจะผัดแบบมีน้ำขลุกขลิก ในขั้นตอนนี้ น้ำไม่ต้องใส่เลยให้ ผัดไปแบบแห้งๆก่อน
 6: ก่อนจบถึงหยอดน้ำลงไปหน่อย
 7: ใส่โหระพาแล้วปิดไฟเลย ค่อยคลุกต่อ"
หมูแดง,"1: เอาทุกอย่างใส่เครื่องปั่นให้ละเอียดแล้วตั้งไฟเคี้ยวให้เดือด
ยกลงให้เย็นแล้วใส่สีแดงลงไป
 2: เอาหมูมาแล่แล้วทุบๆ
 3: เอานํ้าซอสลงหมักแล้วแช่ไว้ในตู้เย็นค้างคืนไว้
 4: เอามาอบด้วยหม้ออบลมร้อนจนสุก
 5: เนื้อหมูแดงฉํ่า มัน วาว ไม่แห้งพร้อมเอาไปทำอาหาร
 6: หมูแดงเกี๊ยวชามโตๆ"
แกงป่าไก่,"1: 1. ตั้งกระทะบนไฟกลางๆค่อนข้างอ่อน ใส่น้ำมันเล็กน้อย ใส่น้ำพริกแกงป่าลงไปผัดให้หอม แต่อย่าให้ไหม้ ปรุงรสด้วยน้ำปลา ตัดรสด้วยน้ำตาลทรายเล็กน้อย แล้วใส่ไก่ลงผัดให้เข้ากัน
 2: 2.ถ่ายใส่หม้อ เติมน้ำให้พอแค่ท่วมชิ้นไก เร่งไฟให้แรงๆ

 3: 3. ใส่หน่อไม้ ยอดมะพร้าวอ่อน รอให้เดือด ชิมรสดูอีกที ให้มีรสเผ็ดๆ เค็มๆ
 4: 4.ใส่มะเขือเปราะ กระชาย พริกไทยอ่อน พริกชี้ฟ้า พอเดือดอีกครั้งก็ปิดไฟได้"
ซี่โครงหมูผัดตะไคร้,"1: จัดเตรียมส่วนผสม และเครื่องปรุง
 2: ซอยตะไคร้เป็นชิ้นบางๆ และสับข่าพอหยาบ
 3: ตั้งกระทะ ใสน้ำมันลงไปตามด้วยพริกกระเทียมผัดให้หอม 
 4: ใส่ซี่โครงหมูผัดให้เข้ากัน ผัดต่อสักสักครู่ เติมน้ำเปล่าลงไปให้พอท่วมซี่โครงหมู ปิดฝาหม้อตุ๋นทิ้งไว้ 30นาที
 5: ตุ๋นได้ที่หมูนุ่มและน้ำเริ่มงวด ใส่ตะไคร้ ข่าสับลงไป จากนั้นปรุงรสด้วยน้ำมันหอย น้ำตาล ซีอิ๊วขาว และคนอร์ซอสข้นปรุงรส ผัดคลุกเคล้าให้เข้ากัน  
 6: ใส่ใบมะกรูดลงไปผัดต่อสักครู่ ตักใส่จานพร้อมเสริฟกับข้าวสวยร้อนๆ"
ไก่ย่างจิ้มแจ่ว,"1: *เตรียมวัตถุดิบ
ทำความสะอาดเนื้อไก่เลาะกระดูกแล่แผ่ให้ยาวๆผสมซอสหมัก
 2: คลุกอย่างเบามือ เดี๋ยวหนังเปิดไม่สวย
หมัก1ชม.
 3: วางบนตะแกรงอบ
 4: วอร์มเตา
เอาด้านหนังขึ้นก่อนอบไฟบนล่าง 250องศา 20 นาทีกลับด้าน อบต่อ 20 นาที
 5: น้ำจิ้มแจ่ว
ผสมทุกอย่างเข้าด้วยกัน โรยข้าวคั่ว พริกป่น ใบมะกรูดหั่นฝอย
 6: พร้อมเสริฟ ทานคู่ข้าวเหนียวส้มตำ เริ่ดค่ะ"
หน่อไม้ต้มใบย่านาง,"1: วัตถุดิบที่ใช้เมนูนี้ทั้งหมด
 2: นำหน่อไม้ที่หั่นแล้วใส่ลงในหม้อ ทุบหอมแดง ตะไคร้ ใส่ลงไป ตามด้วย กะปิ เกลือ น้ำตาล. ปั่นใบย่านางกับน้ำจนละเอียดดี (คั้นด้วยมือก็ได้) กรองน้ำย่านางใส่ลงไปให้ท่วมหน่อไม้
 3: ตั้งไฟให้เดือด พอเดือดดีแล้ว ช้อนฟองทิ้ง เบาไฟ เคี่ยวด้วยไฟอ่อนประมาณครึ่ง - 1 ชม.
 4: ตักแบ่งไว้แกล้มกับน้ำพริก 1 ถ้วย ที่เหลือตักใส่ถุงแช่ตู้เย็น เก็บไว้ทำเมนูอื่นได้"
ตำปลาร้าขาไก่ / ตำขาไก่,"1: 1 นำขาไก่ล้างให้สะอาด แล้วนำมาตุ๋นให้นุ่ม จากนั้นก็เตรียมขาไก่พักไว้สำหรับจะนำไปตำ
 2: ตำกระเทียม ตำพริกให้แหลก ปรุงรสด้วยน้ำปลา ปลาร้า น้ำมะนาว และน้ำตาลปี๊บ หั่นมะเขือเทศลงไป(ตามชอบ) คนให้เครื่องเข้ากันดี
 3: จากนั้นก็ใส่หขาไก่ที่ตุ๋นนุ่มแล้วใส่ลงไปใช้ทัพพีคนเบาๆ จากนั้นก็โรยผักชีฝรั่งไปคนให้เข้ากัน
 4: เสร็จแล้วตักใส่จานเสิร์ฟครับ"
ผัดหัวปลี,"1: ปอกเปลือกหัวปลีให้เหลือเนื้อขาวๆ แช่น้ำทิ้งไว้ 10-15นาที เพื่อล้างยางออก
 2: ตั้งน้ำให้เดือด ผ่าครึ่งหัวปลี แล้วเอาลงไปต้ม ปิดฝาขณะต้มด้วย
 3: ล้างหัวปลีด้วยน้ำเย็น ตัดขั้วออก หั่นเป็นชิ้นเล็กๆ
 4: เจียวกระเทียมสับในน้ำมัน หรือถ้ามีกระเทียมเจียวอยู่แล้วก็ใช้ได้ค่ะ โรยเกลือบนหัวปลี เปิดเตาแรง น้ำลงผัด
 5: ปรุงรสด้วยซอสปรุงรส ซีอิ๊วขาว น้ำตาล น้ำมันหอย น้ำสต๊อคหรือน้ำเปล่าพอท่วมหัวปลี ผัดต่อให้เข้าเนื้อ
 6: พร้อมเสิร์ฟค่า"
ซี่โครงหมูทอดกระเทียมพริกไทย สูตรหม้อทอดไร้น้ำมัน,"1: หมักซี่โครงกับซอสต่างๆ บีบมะนาวลงไปครึ่งใบ คนให้น้ำตาลละลาย กรดในมะนาวจะช่วยให้ซี่โครงของเราเปื่อยนุ่มค่ะ ระหว่างหมัก ก็หมั่นกลับให้หมูสัมผัสน้ำซอสตลอดเวลา เป็นการเร่งปฏิกิริยาค่ะ 😎
 2: โขลกรากผักชี กระเทียม พริกไทยทำสามเกลอ ในภาพเรียงสวยๆ เพื่อวงการบันเทิง 😆 ความจริงคือ หั่นรากผักชีให้เป็นท่อนเล็กลงไปตำพร้อมพริกไทยดำให้พอแตก แล้วทยอยใส่กระเทียมค่ะ จะช่วยให้ตำได้ง่ายขึ้นค่ะ
 3: ตักสามเกลอ 1 ช้อนโต๊ะออกมาคนผสมกับซี่โครงที่เราหมักไว้ หมักต่อ 30 นาที
 4: ใช้กระดาษรองทอดวางลงในหม้อทอดไร้น้ำมัน เรียงซี่โครงของเราลงไป อย่าให้ซ้อนทับกันนะคะ
 5: ใช้ไฟ 180 องศา 15 นาที
 6: หอมมว๊ากกกก กลิ่นมาก่อนเสียงเตือนอีกค่ะ 🤤 อดใจเอาไว้ กลับข้าง ต่อไฟ 180 องศาอีก 10 นาที
 7: ล้างข้าวเหนียวเขี้ยวงูในกระชอนตาถี่ ล้างจนน้ำใสเลยนะคะ เอายางออกให้หมด แล้วนำใส่ถ้วยแช่น้ำร้อน คนๆ ให้ข้าวเหนียวของเราสัมผัสน้ำร้อนทุกเมล็ด แช่ 15 นาที รินน้ำทิ้ง ใส่น้ำใหม่ แค่เสมอข้าว เข้าไมโครเวฟ 5 นาที ครบเวลา พลิกกลับข้างต่อ 2 นาที เสร็จแล้วตะกุย พลิกกลับข้างอีกครั้ง พักให้ระอุ ก็จะได้ข้าวเหนียวที่หุงครั้งละน้อยๆ แค่พอทาน เมล็ดสวย นุ่มๆ ไว้ทานแล้วค่ะ
 8: พอครบเวลาหยิบซี่โครงหมูขึ้น จะเห็นน้ำมันออกมาเยอะเลยค่ะ รีดน้ำมันออกไป เหลือแต่โปรตีนให้เรา 🥳🥳
 9: เปลี่ยนกระดาษรองทอดใหม่ ใส่สามเกลอลงไป เขี่ยๆ ให้กระจาย กบใส่น้ำมันที่รีดออกมาจากซี่โครงหมูลงไปด้วย 1 ช้อนโต๊ะนะคะ จะให้กระเทียมกรอบค่ะ
 10: ทอดด้วยไฟ 160 องศา 3 นาที
 11: คนๆ กลับข้าง ทอดต่อ 3 นาที
 12: จะได้กระเทียมเจียวเหลือง กรอบสวยแบบนี้ค่ะ สามเกลอตัวนี้จะเผ็ดนะคะ กบใช้พริกไทยดำค่ะ
 13: เสร็จพร้อมเสริฟ ทานคู่กับข้าวเหนียวนุ่มๆ เช้ากั๊นเข้ากัน"
ข้าวหน้าไก่,"1: จัดเตรียมส่วนผสมและเครื่องปรุง ล้างเนื้อไก่ให้สะอาดและหั่นไก่เป็นชิ้นพอดีคำ
 2: นำไก่มาหมักกับ น้ำมันหอย ซีอิ๊วขาว. น้ำตาลทราย น้ำมันงา และพริกไทยป่น คลุกเคล้าให้เข้ากัน หมักทิ้งไว้ 20-30นาที และเตรียมแป้งข้าวโพดละลายในน้ำเปล่า
 3: จากนั้นนำหนังไก่มาเจียวให้ได้น้ำมันจากหนังไก่ ใส่กระเทียมสับ รากผักชีสับและขิงสับลงไปผัดจนหอม แล้วใส่ไก่ที่หมักไว้ลงไปผัดให้สุก
 4: เติมน้ำสต๊อกลงไป ปรุงรสด้วยซีอิ๊วขาว เกลือ ซีอิ๊วหวาน คนให้เข้ากัน ต้มจนเดือด แล้วใส่แป้งข้าวโพดละลายน้ำลงไปคนให้เข้ากัน จนเหนี่ยวข้น พอข้นได้ที่ปิดเตา
 5: ตักราดบนข้าวสวยร้อนๆ ทานคู่กับพริกชี้ฟ้าแตงกวา ต้นหอมสด และแตงกวา พร้อมเสริฟค่ะ"
ต้มซี่โครงหมูใบมะขาม,"1: ตั้งน้ำให้ร้อนประมาณเกือบครึ่งหม้อ
 2: ใส่รากผักชี เกลือ พริกไทย ซีอิ๋วขาวลงไปในหม้อรอจนน้ำเดือด
 3: พอน้ำเดือดใส่ซี่โครงหมูลงไป ตุ๋น 20-30นาที
 4: ใส่พริกขี้หนูลงไป ให้ซุปมีรสชาติเผ็ดนิดหน่อย
 5: เด็ดใบมะขามเอาก้านแข็งๆออกเตรียทใส่ขั้นตอนสุดท้าย
 6: พอหมูเริ่มเปื่อยตามต้องการแล้วชิมรสชาติตามความชอบ สุดท้ายใส่ใบมะขาม ต้มต่อไปอีก 10-15นาทีเพื่อให้น้ำใบมะขามเข้าเนื้อหมู
 7: รสชาติอร่อยแล้วตักพร้อมเสริฟได้เลยค่ะ"
หมูสับผัดซีอิ๊วดำหวาน,"1: กระเทียมสับผัดให้พอหอม ใส่หมูลงไปผัดให้สุก
 2: เติมน้ำใส่ซีอิ๊วดำและพริกไทยป่น
 3: ใส่น้ำตาลลงไป ไฟอ่อนผัดไปเรื่อยๆ ทยอยเติมน้ำทีละนิด
 4: ใส่หอมแดงซอยแล้วผัดต่อ 15นาที
 5: ปิ๊ง 💡 .. รอให้เย็นให้มันดูดน้ำเข้าไปเยอะๆ จ๊ะ"
โตเกียว,"1: ผสมแป้ง โดยร่อนแป้งสาลีอเนกประสงค์ เกลือ และผงฟูรวมกัน พักไว้ก่อน
 2: ตีไข่ไก่กับน้ำตาลทรายแล้วผสมนมสด เนยจืดละลาย และกลิ่นวานิลลา คนจนส่วนผสมเข้ากันเทแป้งที่ร่อนไว้ลงไป ใส่ทีละนิด แล้วก็คนให้เข้ากันแล้วนำเข้าตู้เย็นพักไว้
 3: ตั้งกระทะใส่น้ำมันผัดหมูสับกับกระเทียมให้หอม ปรุงรสด้วยซอสหอยนางรม ซอสปรุงรส พริกไทยป่น ผัดจนหมูสุกแล้วตักใส่ชามแยกไว้
 4: ใช้กระทะเทฟล่อนตั้งใช้ไฟกลาง ตักแป้งใส่ในกระทะแล้ววนเป็นวงกลม
ทาเนยเล็กน้อย ตามด้วยทาน้ำพริกเผาตักหมูสับและวางปูอัดลงไป ใส่ซอสมะเขือเทศและพริกไทย จากนั้นก็ม้วนขนม ใส่จานเสิร์ฟ"
ขาไก่ต้มพะโล้,"1: สับเล็บขาไก่ ล้างให้สะอาด ใส่ตะเกรงให้สะเด็ดน้ำ
 2: - โขลกรากผักชีกับกระเทียมพอแหลก
- นำกระทะตั้งไฟ ใส่น้ำมัน ใส่เกลือที่โขลกลงผัดพอเหลืองใส่ผงพะโล้ ผัดจนหอม ใส่น้ำเล็กน้อย พอเดือดเทใส่หม้อ
 3: ใส่อบเชย โป๊ยกั๊ก ใส่ขาไก่ ต้มประมาณ 30 นาที
ปรุงรสด้วยน้ำตาล ซีอิ๊วดำ ชิมรสให้ออกเค็ม หวานตุ๋นต่อ 5 นาที ยกลง ตักใส่จานเสิร์ฟ"
แกงส้มปลาทูสด,"1: ล้าง ทำความสะอาด เอาไส้ออก
 2: ล้าง ทำความสะอาด หั่นเป็นท่อนเตรียมไว้
 3: ตั้งน้ำ ใส่พริกแกงส้มลงไป
ละลายให้เข้ากัน ตั้งให้เดือด
 4: น้ำเดือด ค่อยใส่ปลาลงไป
รอให้น้ำเดือดอีกรอบ ปรุงรสด้วยน้ำปลา น้ำตาล น้ำมะขามเปียกชิมรสตามชอบ
 5: ใส่ผักบุ้ง รอเดือด ยกลง
 6: เสร็จแล้ว
พร้อมเสริฟ"
ผัดฉ่าหมูเด้งเดือด 🔥,"1: เริ่มจาก ตั้งน้ำในกระทะหรืิอหม้อ ใช้ไฟปานกลาง รอจนน้ำเดือด ปั้นหมูเด้งของเราให้เป็นกลมขนาดพอดีคำ แล้วใส่ลงไปค่ะ
 2: ต้มจนหมูลอยตัวขึ้นมา คือหมูสุกนะคะ
 3: เมื่อหมูเด้งของเราสุก ตักขึ้นค่ะ
 4: นำหมูเด้งมาพักไว้
 5: หั่นพริกขี้หนู พริกชี้ฟ้า เป็นท่อน และตามด้วยกระเทียม ใส่ลงไปในโถปั่นค่ะ
 6: ล้างกระชาย พริกไทยอ่อน และพริกชี้ฟ้า ให้สะอาด และตัดพริกไทยอ่อนให้พอสวยงามค่ะ หั่นพริกชี้ฟ้าให้สวยงาม เพื่อให้ใส่ในผัดฉ่าของเราค่ะ
 7: นำพริกขี้หนู กระเทียม และพริกชี้ฟ้่าที่ใส่ในโคปั่นไปปั่นจนละเอียดเข้ากันค่ะ
 8: ตั้งกระทะเปิดไฟปานกลางค่ะ เทน้ำมันลงไปในกระทะพอประมาณค่ะ
 9: กระทะเริ่มร้อนใส่เครื่องที่้เรานำไปปั่นลงไปในกระทะค่ะ
 10: ผัดพริกที่ปั่นกับน้ำมันให้เข้ากันค่ะ
 11: จากนั้นเติมหมูเด้งของเราลงไปผัดค่ะ ปรุงรสด้วย ผงปรุงรส รสหมู น้ำตาล ค่ะ
 12: เติมพริกชี้ฟ้า พริกขี้หนู และพริกไทยอ่อนลงไปค่ะ
 13: ผัดให้เข้ากันค่ะ ตามด้วยซอสหอยนางรม ชิมรสดูอีกทีค่ะ ว่าชอบหรือยังหากยัง เติมผงปรุงรสและน้ำตาลเพิ่ม ตามชอบค่ะ
 14: เสร็จแล้วตักเสิร์ฟได้เลยค่ะ เมนู ผัดฉ่าหมูเด้ง ลองทำดูนะคะ 🔥"
ผัดผักรวมกุ้งน้ำมันหอย,"1: นำวัตถุดิบมาล้างทำความสะอาด กุ้งแปลือกไว้หาง ผ่าหลัง ออกเส้นสีดำออก ล้าง พักไว้
 2: แครอทปอกเปลือก ทำเป็นรูปดอก หั่นไม่ต้องหนามา
ส่วนบร็อคโคลี่ ปลายโคนต้นแข็งๆออก ล้างให้สะอาด นำมาหั่นเป็นชิ้น ไม่หนามาก ให้เป็นชิ้นพอคำ
 3: ตั้งกระทะใส่น้ำมัน ใส่กระเทียมสับ ผัดกระเทียมพอเหลือง ใส่บร็อคโคลี่ แครอท ผัดไฟปานกลาง สักพักใส่กุ้งที่เตรียมไว้ลงไป
 4: ปรุงรสด้วย เกลือ น้ำตาลทราย น้ำมันหอย พริกไทยป่น เปิดไฟแรง ผัดจนผักสุก ตักใส่จาน"
หมูหวาน,"1: 1.หั่นหมูสามชั้นเป็นชิ้น แล้วนำไปผัดกับสามเกลอตำละเอียดให้หอม ให้หมูพอสุกดี
 2: 2.ใส่หอมแดงซอยลงไปผัดกับหมูสามชั้นให้นิ่ม..แล้วปรุงรสด้วยซีอิ้วขาว เกลือ เพิ่มสีเข้มสวยด้วยซีอิ้วดำเล็กน้อย
 3: 3.ใส่น้ำตาลปี๊ป และน้ำตาลทรายลงไปผัดให้น้ำตาลละลายเข้ากันกับหมู..แล้วเติมน้ำเปล่าลงไปพอให้ท่วมหมู.. เคี่ยวต่อให้หมูนุ่มเข้าเนื้อเป็นอันเสร็จค่ะ"
ผัดพริกแกงกุ้ง,"1: วิธีทำ
1. ตั้งกระทะ ใส่น้ำมันให้ร้อน นำเครื่องแกงสำเร็จรูปลงไปผัดให้หอม2. ใส่มะเขือและถั่วฝักยาวลงไปผัดให้เข้ากัน คอยเติมน้ำเรื่อยๆ ให้ขลุกขลิก ใส่ผงซุปก้อนไก่ น้ำตาล แล้วผัดต่อจนสุกเข้ากัน3. ใส่กุ้งลงไปผัด กุ้งสุกง่ายเลยใส่ทีหลังได้4. ตักขึ้นเสิร์ฟ โดยแต่งจานด้วยใบมะกรูดและพริกสด"
ต้มยำปลาสวาย,"1: 1. ตั้งน้ำในหม้อบนไฟกลางๆ ใส่ผงดาชิ ข่าอ่อน ตะไคร้ ลงไป รอให้เดือดดีๆ จนหอมกลิ่นข่ากับตะไคร้
 2: 2. ใส่เนื้อมะขามเปียก พริกขี้หนูแห้ง และหอมแดง รอให้เดือดจนมะขามเปียกละลายดี
 3: 3. ใส่ปลาสวายลงไป รอให้น้ำเดือด และปลาสุกดีก่อนค่อยคน เดี๋ยวจะเหม็นคาว
 4: 4. ปรุงรสด้วยน้ำพริกเผาและน้ำปลา ชิมรส

 5: 5. ใส่ใบมะกรูด โรยผักชีใบเลื่อย พอเดือดอีกครั้งก็ปิดไฟได้ครับ"
ซี่โครงหมูต้มน้ำข้น สูตรคุณย่า,"1: ตำกระเทียม พริกไทย และหอมแดงให้เข้ากัน
 2: ใส่น้ำ1 ใน 4 ของหม้อ (น้ำไม่เยอะ พอขลุกขลิก) ใส่สิ่งที่ตำในข้อ 1 เกลือ น้ำตาลปึกรอจนน้ำเดือด
 3: เมื่อน้ำเดือดใส่ซี่โครงลงไปต้มจนน้ำแห้ง ซึมเข้าซี่โครง
 4: น้ำเดือดอีกรอบใส่ไชเท้าลงไป
 5: เติมน้ำลงไปตามต้องการ ปรุงรสเพิ่มด้วยน้ำปลา ซีอิ๊ว และน้ำตาลนิดหน่อย ลองชิมดูค่ะ
 6: ต้มต่อประมาณ 30 นาที คอยเติมน้ำให้ซี่โครงนิ่ม เมื่อเดือดได้ที่ โรยต้นหอม ปิดไฟ ตักเสิร์ฟได้เลยค่ะ
 7: ตอนเช้านำมาประยุกต์เป็นข้าวต้มก็ได้ค่ะ
 8: สายๆหน่อย ก็ทำเป็นก๋วยเตี๋ยวได้เช่นกันค่ะ"
ข้าวเหนียวหน้ากุ้ง,"1: **วิธีทำข้าวเหนียวมูน
1. ซาวข้าวเหนียวจนน้ำใส2. เติมน้ำสะอาด ผสมขมิ้น แช่ข้าวเหนียวข้ามคืน3. นำข้าวเหนียวที่แช่แล้ว เทใส่กระชอนให้สะเด็ดน้ำ4. เทลงผ้าขาวบาง นำไปนึ่งเป็นเวลา 20 นาที5. นำข้าวเหนียวที่นึ่งสุกแล้ว ยกลงเทใส่อ่าวผสม6. นำหัวกระทิ,น้ำตาลทราย,เกลือป่น ต้มจนเดือด (คนอย่างสม่ำเสมอ)7. นำน้ำกระทิที่ต้มไว้ เทใส่ข้าวเหนียวในอ่างผสม คนให้เข้ากัน8. ปิดฝา 20 นาที9. พอเสร็จแล้วคนตะล่อมอีกครั้งแล้วกดให้แน่น
 2: **วิธีทำหน้ากุ้ง
1. ใส่น้ำมันเล็กน้อย ผัดเครื่องปรุงที่โขลกไว้ให้หอม
 3: 2. นำกุ้งสับลงผัด จนสุก

 4: 3. ใส่มะพร้าวขูดผัดต่อจนสุก

 5: 4. ปรุงรสด้วยเกลือป่นและน้ำตาลทราย เติมสีผสมอาหารสีส้มเล็กน้อย

 6: 5. ผัดต่อสุก ร่วน แล้วโรยใบมะกรูด

 7: 6. นำไปราดบนหน้าข้าวเหนียวมูน"
ไก่ทอดขมิ้น,"1: ล้างไก่ ซับน้ำให้แห้ง บั้งชิ้นไก่เพื่อเวลาทอดจะได้สุกทั่วทั้งชิ้น
 2: ตำ กระเทียม ขมิ้น พริกไทยเม็ด พริกขี้ฟ้าเหลือง พริกขี้นูสวน ตำพอหยาบๆให้เข้ากัน
 3: เทส่วนที่ตำและเกลือป่น ลงไปคลุกกับไก่ ขยำให้ส่วนผสมติดเนื้อไก่เยอะๆที่สุด ยัดลงไปในช่องที่บั้งไว้ด้วย
 4: ตั้งน้ำมันจนน้ำมันร้อนนำไก่ลงทอด เวลาทอดต้องคอยใช้กระชอนตักกระเทียมกับขมิ้นที่สุกกรอบลอยขึ้นก่อนเนื้อชิ้นไก่ ถ้าปล่อยไว้จะไหม้และขม"
ไก่บ้านรวนปลาร้า,"1: -ไก่บ้านนำมาล้างให้สะอาดและสับเป็นชิ้นๆพร้อมกระดูก(วันนี้ได้ไข่อ่อนมาด้วย-น้ำปลาร้า ส่วนตัวใช้น้ำปลาร้าเป็นขวดเพราะมีการปรุงรสมาแล้ว จะปลาร้าดิบก็ได้เพราะต้องนำมาเคี่ยวกับไก่อยู่แล้ว
 2: -ข่า หั่นเป็นแว่นๆ
-ตะไคร้ นำมาซอยบางๆ จะได้เคี้ยวง่าย-ใบมะกรูดฉีก-พริกขี้หนูแดงจินดา นำมาบุบและสับหยาบๆ
 3: -ตั้งกระทะ ใส่น้ำเปล่า นำกระทะ ตั้งไฟ ใส่ ข่า,ตะไคร้,ใบมะกรูด,หัวหอม ต้มให้น้ำเดือด
-ใส่ไก่ เบาไฟ เคี่ยวไก่-ใส่น้ำปลาร้า,พริกขี้หนู เคี่ยวต่อจนได้ความสุกและเปื่อยที่อยากได้(ไก่บ้านจะเหนียวมากต้องใช้เวลาเคี่ยวนานกว่าไก่สดทั่วๆไป)-ชิมรส ถ้าได้รสที่ต้องการไม่ต้องปรุงอะไรเพิ่ม แต่ถ้าเค็มไป ตัดน้ำตาลได้นิดหน่อย"
ตำมะม่วงกุ้งสด,"1: ล้างกุ้งให้สะอาดแกะเปลือก ผ่าหลังดคงเส้นดำ

 2: จากนั้นนำไปแช่โซดาแล้วพักไว้
 3: ตำกระเทียม ตำพริกให้แหลก ปรุงรสด้วยน้ำปลา ปลาร้า น้ำมะนาว และน้ำตาลปี๊บหั่นมะเขือเทศลงไป(ตามชอบ) คนให้เครื่องเข้ากันดี
 4: จากนั้นก็ใส่กุ้งลงไปใช้ทัพพีคนเบาๆ โรยผักชีฝรั่ง
 5: จากนั้นก็คนให้เข้ากัน
 6: ตำมะม่วงกุ้งสด"
ผัดถั่วใส่ไข่หมูสับ,"1: เตรียมเครื่องให้พร้อม ถั่วล้างหั่นเป็นท่อนๆ ไข่ไก่ หมูสับ กระเทียมพร้อม!!!
 2: ผัดหมูสับกับกระเทียมพร้อมกันในกะทะน้ำมันร้อนไฟกลาง
 3: หมูสุกดีแล้วใส่ถั่วลงไปเติมน้ำนิดนึงให้ช่วยถั่วสุกเร็วขึ้น
 4: ปรุงรสให้เรียบร้อย รสชาติจะออกหวานเค็มกลมกล่อม
 5: ผัดต่อไปจนถั่วสุกดี
 6: เกลี่ยถั่วไปรอบๆตอกไข่ไว้ตรงกลาง จากนั้นยีไข่ให้พอแตกกระจาย ตลบถั่วรอบๆเข้ากลบ
 7: เมื่อเข้ากันดีแล้วน้ำจะแห้งหายไป ไขาหมูจับตัวกับถั่วน่าทาน
 8: เสร็จตักใส่จานพร้อมเสริฟ"
ผัดปวยเล้งน้ำมันหอย,"1: ใส่พริกกับกระเทียมทุบ บนปวยเล้งที่หั่นท่อนพอดีคำ
 2: ปรุงรส ด้วยน้ำมันหอย น้ำตาล เกลือ
 3: ตั้งน้ำมันพอร้อนจัด ใส่ทั้งหมดลงผัด พร้อมกัน พอสุก ปิดไฟ ตักใส่จาน เสริฟ์ร้อนๆ"
ปลาทูทอดราดพริก,"1: เตรียมทอด
 2: ทอดด้วยน้ำมันร้อนไฟกลาง
 3: เหลืองดีแล้วเอาใส่จานพักไว้
 4: เครื่องทั้งหมดเอาใส่โถปั่น
 5: ปั่นละเอียดดีแล้ว เทใส่กะทะตั้งไฟ
 6: เคี่ยวไปเรื่อยๆรอเปลี่ยนสี ชิมรสออกหวานเปรี้ยวเค็มเผ็ด
 7: เสร็จแล้วนำไปราดบนตัวปลาเป็นอันเส"
เครื่องในไก่ทอดกระเทียม,"1: ล้างทำความสะอาดเครื่องในไก่ให้สะอาด หั่นชิ้นใหญ่หน่อยนะคะ (พอทอดจะขนาดเล็กลง) ปรุงรสด้วยผงปรุงรส พริกไทยขาวป่น กระเทียมบด คลุกเคล้าให้เข้ากัน
 2: เติมแป้งชุบทอด และคลุกเคล้าให้เข้ากันอีกครั้ง หมักทิ้งไว้สักครู่
 3: ตั้งกระทะไฟอ่อน ตามด้วยน้ำมันพืช ไม่ต้องรอน้ำมันพืชร้อนนะคะ พอเทน้ำมันพืชแล้วตามด้วยกระเทียมที่ตำละเอียดไว้ได้เลย แล้วผัดเรื่อยๆให้เริ่มเหลือง
 4: เมื่อสีเหลืองทองแล้วขึ้นค่ะ
 5: ใช้น้ำมันพืชที่ทอดกระเทียม เร่งไฟเป็นไฟกลาง นำเครื่องในไก่ลงไปทอด ปล่อยทิ้งไว้จนเริ่มสุก กลับด้าน และรอสุกทั้งสองด้าน
 6: ตักขึ้น
 7: โรยกระเทียมเจียว พร้อมทาน"
ต้มแซ่บกระดูกแก้ว,"1: 1. ต้มซี่โครงแก้วจนเปื่อย ใช้เวลา 30-45 นาที
 2: 2.ปรุงรสด้วยน้ำปลา ใส่หอมแขก มะเขือเทศ เห็ด ต้มต่อสักครู่จนเห็ดสุกดี
 3: 3.ใส่พริกขี้หนูตำ ชิมรสให้เผ็ดเค็ม ปิดไฟ ใส่มะนาว ชิมให้ได้รสตามที่ชอบ
 4: 4.ใส่ผักชีฝรั่ง ผักชี ตามชอบ แบ่งไว้โรยหน้าเล็กน้อย ตักเสิร์ฟได้"
กะหล่ำปลีตุ๋นกระดูกหมูอ่อน,"1: ล้างกะหล่ำปลีให้สะอาด แล้วผ่าครึ่งให้ได้4ชิ้น โดยไม่ตัดแกนกลาง

 2: ล้างกระดูกหมูอ่อนด้วยน้ำเกลือ และหั่นให้ได้ขนาดพอคำ

 3: ตั้งน้ำให้เดือด เมื่อน้ำเดือดให้ใส่กระดูกหมูอ่อนลงไป หมั่นช้อนฟองออก น้ำจะได้ใส

 4: จากนั้นใส่กะหล่ำปลีที่เตรียมไว้
 5: ปรุงรสด้วยน้ำปลา น้ำตาล ซีอิ๊วขาว และซอสปรุงรสฝาเขียว ชิมจนได้รสที่ชอบ

 6: สูตรเราจะตุ๋นไฟอ่อน-กลาง ประมาณ 1 ชม.เป็นอย่างน้อย น้ำซุปจะหวานกะหล่ำ และกระดูกหมูอ่อนจะเปื่อยค่ะ คุณผู้ชายที่บ้านชอบกินนิ่มๆค่ะ❤"
ไชโป๊วหวานผัดไข่,"1: เตรียมไชโป๊วด้วยการนำไปล้างน้ำ แล้วบีบน้ำออกให้แห้ง
 2: เริ่มผัดโดยการใส่น้ำมัน ผัดกระเทียมให้เหลือง

 3: ตามด้วยไชโป๊วหวาน ใส่ผงปรุงรสคนอร์ น้ำตาลกับซีอิ๊วขาว
 4: จากนั้นตอกไข่ตามลงไป
 5: ยีๆให้ไข่แตก พอให้สุกเล็กน้อย ก็กลับด้าน ไข่จะได้เป็นชิ้นๆนิดนึงไม่เละ ผัดอีกครั้งให้ทั่ว
 6: ตักใส่ทาน ทานกับข้าวต้มร้อนๆ"
ต้มยำกุ้งน้ำใส,"1: วัตถุดิบทั้งหมด
 2: จัดเตรียมส่วนผสมทุกอย่างให้พร้อม
 3: นำน้ำสต๊อกใส่หม้อตั้งไฟ ใส่ตะไคร้ ใบมะกรูด และข่าลงไป รอให้เดือด สมุนไพรส่งกลิ่นหอม
 4: เมื่อสมุนไพรเดือดดีแล้ว ใส่ซีอิ๊วขาวลงไป ตามด้วยกุ้งและเห็ด ระหว่างรอเดือดอีกครั้ง ให้นำพริกและมะนาวใส่ลงในก้นชามรอไว้ พอต้มยำเดือดให้รีบช้อนฟอง แล้วดับไฟ
 5: จากนั้นตักใส่ชามที่รองด้วยมะนาว+พริก โรยหน้าด้วยผักชี พร้อมเสิร์ฟ"
กุ้งผัดกะปิ,"1: นำพริกขี้หนู กระเทียม หอมแดง กะปิ ตำพอแหลก และเข้ากันดี
 2: ตั้งกระทะ ใส่น้ำมัน และใส่เครื่องที่ตำไว้ลงไป ผัดจนหอม ใส่กุ้งที่แกะเปลือกแล้วลงไป ผัดจนสุก หากแห้งเกินไป สามารถเติมน้ำเปล่าได้ค่ะ
 3: ปรุงรสด้วยน้ำปลา น้ำตาลปี๊บ ผัดให้เข้ากัน ตักใส่จานพร้อมเสริฟค่ะ"
กล้วยบวชชีมะพร้าวอ่อน,"1: ใส่ใบเตยและกล้วยน้ำว้าทั้งเปลือกในหม้อเติมน้ำให้ระดับน้ำสูงท่วมกล้วย จากนั้นนำขึ้นตั้งไฟ ต้มประมาณ 10 นาที หรือจนกล้วยสุกสังเกตเปลือกกล้วยจะแตกออกดังภาพจากนั้นปอกเปลือกกล้วย แล้วหั่นแบ่งครึ่งลูกตามยาว จากนั้นหั่นตามขวาง 3 ครั้ง กล้วย 1 ลูกจะถูกแบ่งออกเป็น 6 ชิ้น (ส่วนตัวชอบชิ้นเล็กๆค่ะ เพราะจะได้ซึมซับน้ำกะทิได้ดี)
 2: เริ่มบวชกล้วย โดยเริ่มจากใส่น้ำมะพร้าว ใบเตย 2 ใบ และหัวกะทิประมาณ 200 ml ต้มจนเดือด แล้วใส่น้ำตาลเพิ่มความหวานตามชอบ และเติมเกลือเพื่อตัดรสชาติ
 3: จากนั้นเติมกล้วยต้มที่หั่นเตรียมไว้แล้ว ลงในน้ำกระทิ ต้มต่ออีกประมาณ 5 นาที แล้วจึงใส่เนื้อมะพร้าวอ่อน และกะทิที่เหลือลงไป รอเดือดแล้วยกลงจัดจานพร้อมเสิร์ฟ"
ต้มข่าไก่,"1: ตั้งน้ำที่ผสมกะทิเรียบร้อยแล้ว ใส่ ข่า ตะไคร้ (หั่นเป็นท่อนแล้วทุบ) ใบมะกูด ลงไปต้ม รอจนน้ำเดือด
 2: น้ำเดือดได้ที่แล้วจึงใส่เนื้อไก่ ลงไปต้ม รอจนเนื้อไก่สุก ใส่เห็ดนางฟ้าและมะเขือเทศตามลงไป
 3: เมื่อเนื้อไก่ กับ เห็ดสุกได้ที่แล้ว ในขั้นตอนนี้ อาจจะใส่พริกขี้หนูที่ทุบแล้วลงไปก็ได้ เผื่อบางคนไม่ชอบกลิ่นพริก หรือจะใส่พริกต้นท้ายก็ได้จ้า
 4: ปรุงรสตามใจชอบ ใส่น้ำปลา หรือ เกลือ น้ำตาล มะนาว ชิมจนได้รสชาติที่ถูกใจ นำผักชีฝรั่งมาใส่ในตอนท้าย ปิดไฟได้เลย"
หลนปูเค็ม,"1: นำพริกชี้ฟ้า ใบมะกรูด พริกขี้หนูใส่ลงในหัวกะทิ พักไว้
(ไม่ทราบเหตุผลว่าทำเช่นนี้ทำไมเหมือนกันครับ เพียงแต่เป็นวิธีที่บ้านของเจ้าของบล็อกทำเครื่องจิ้มประเภทหลน - อาจจะใส่ทุกอย่างลงไปในหัวกะทิเพราะจะได้ไม่ลืมใส่บางสิ่งบางอย่างก็ได้ - เจ้าของบล็อกเพิ่งนึกได้เมื่อกี๊นี้เอง)
 2: นำกะทิตั้งไฟให้เดือด พอเดือดแล้วหรี่ไฟลงนิดหน่อยแล้วเคี่ยวกะทิต่อไปอีกซัก 5 นาทีใส่หมูสับลงไปคนให้เข้ากัน ยีให้หมูสับเป็นชิ้นเล็กๆ แล้วรอให้เดือดดีๆ
 3: ใส่ปูเค็ม แล้วเคี่ยวต่อประมาณ 5-7 นาที เอาให้ชัวร์ๆว่าปูเค็มสุกจริงๆ ตอนนี้มันของปูจะออกมา หลนของเราจะออกสีเหลืองๆ
 4: ใส่หอมแดงซอย เคี่ยวต่อจนหอมแดงสุก ใส และน้ำเริ่มงวด
 5: ปรุงรส
 6: ใส่หัวกระทิที่ใส่พริกชี้ฟ้า พริกขี้หนูและใบมะกรูดลงไปแล้ว ปล่อยให้เดือดดีๆ จนพริกชี้ฟ้าและใบมะกรูดสุก หอม ปิดไฟได้"
ขิงดอง,"1: ล้างขิงให้สะอาด ปอกเปลือก หั่นชิ้นบางๆ แช่ในน้ำเกลือ 10 นาที ล้างให้สะอาดจนน้ำใส
 2: พักให้สะเด็ดน้ำ บิดน้ำออก
 3: นำขิงใส่ภาชนะ บีบน้ำเลมอนใส่ เคล้าให้ทั่วดี
 4: ใส่น้ำดอง ( น้ำส้มสายชู และน้ำตาลทรายขาวต้มให้เดือด พักให้เย็น ) ทิ้งไว้ 1 ชม. จะทานเลยก็ได้นะครับ แก้เลี่ยนได้ดี"
แกงคั่วสับปะรดหมูสามชั้น,"1: หั่นหมูสามชั้นตามชอบ เตรียมหั่นสับปะรด พริกแดงรอ
 2: นำกะทิตั้งไฟใส่พริกแกงคนให้เข้ากันรอจนเดือด ปรุงน้ำตาล เกลือนิดหน่อย ผงปรุงรสเล็กน้อย ใส่หมูสามชั้นลงไป
 3: หมูเริ่มสุกเติมน้ำเปล่าให้ท่วมหมู ใส่สับปะรด ปิดฝาทิ้งไว้ซักครู่ให้หมูเปื่อย ถ้าน้ำแห้งไปเติมน้ำได้อีก ชิมรสให้หวานนำตามด้วยรสสับปะรดอย่าให้เค็มมาก รสชาติถูกใจแล้วหมูนิ่มแล้วโรยใบมะกรูดฉีก เสร็จเรียบร้อยพร้อมเสริฟ"
กุ้งแม่น้ำทอดเกลือ,1: 1.ล้างกุ้งให้สะอาด ปอกเปลือกตรงลำตัว ส่วนบริเวณหัวให้เอาเปลือกตรงหัวออกด้วยความระมัดระวัง พยายามอย่าให้มันตรงหัวกุ้งทะลักออกมา2.นำเกลือมาถูที่ตัวกุ้งทุกตัว3.ตั้งกระทะใส่น้ำมันพอประมาณ นำกุ้งที่เตรียมไว้ลงไปทอด ควรใช้ไฟแรง ซักครู่ จนกระทั่งกุ้งสุก แต่พยายามอย่าทอดนานเกินเพราะเนื้อจะแข็ง ตักกุ้งขึ้น3.ปรุงรสน้ำมันในกระทะด้วย เกลือ ผงปรุงรส และน้ำตาล ชิมรสตามชอบ ตักน้ำมันนี้ราดตัวกุ้ง4.แนะนำให้ทานคู่กับข้าวสวยหอมมะลิพร้อมน้ำจิ้มซีฟู๊ดเพื่อตัดกับรสเค็ม
ข้าวกะเพราเนื้อไข่ดาว เมนูนี้ไม่มีเบื่อ,"1: นำกระเทียม กับพริกมาโขลกรวมกัน หรือจะใช้มีดสับๆๆเอาก็ได้จ้าไม่ว่ากัน ^_^ ออกมาอร่อยเหมือนกันค่ะจากนั้นก็ใส่น้ำมันลงในกระทะเล็กน้อย ไฟกลาง แล้วเติมพริกกับกระเทียมที่สับไว้ลงไปเลย
 2: ผัดพริกกับกระเทียมหอมดีแล้ว หอมจนจามกันเลยทีเดียว ฮ่าๆๆ
จากนั้นก็เติมเนื้อสัตว์ลงไปเลยค่ะ ผัดจนเนื้อสุกดี
 3: เติมน้ำเล็กน้อยให้พอขลุกขลิก
 4: จากนั้นก็เริ่มปรุงกันได้เลย เติมซอสหอยนางรม , น้ำปลา และน้ำตาลตัดรสเล็กน้อย บางสูตรอาจจะใช้ซอสปรุงรสแทนน้ำปลา หรือใส่ทั้ง 2 อย่างเลยก็ได้ แต่ใส่อย่างเบามือนะคะ ระวังจะเค็มเกินไป ^^
 5: ผัดให้ส่วนผสมและเครื่องปรุงเข้ากันดี กลิ่นหอมลอยมาเลยคะใกล้จะเสร็จแล้ว
 6: เสร็จแล้วใส่ใบกะเพราลงไป ตามชอบเลยนะคะ
ใบกะเพราจานนี้เด็ดมาสดๆ จากสวนน้อยๆริมระเบียงเลยค่ะ
 7: หลังจากใส่ใบกะเพราแล้วปิดไฟได้เลยค่ะ ความร้อนจากเตาที่เหลืออยู่จะทำให้กะเพราสุกกำลังดี
 8: ผัดกะเพรา ก็ต้องคู่กับไข่ดาว ขาดกันไม่ได้เลย หิวกันหรือยังค่ะ
มา"
ผัดไทยวุ้นเส้นกุ้งสด,"1: ขั้นตอนที่ 1 📣
ใส่น้ำมันเจียวหอมแดงในกระทะ ใส่กุ้งผัดจนสุก เติมซอสทะเขือเทศ (ตามชอบ) ซอสพริก (ตามชอบ) เติมน้ำมะนาว น้ำตาลปี๊บ เคี้ยวแล้วชิมรสตามชอบ
 2: ขั้นตอนที่ 2 📣
ตักกุ้งออกมาพัก นำวุ้นเส้นใส่ใส่ลงไปในซอสที่เคี้ยวไว้ ตามด้วยเต้าหู้ ไข่ไก่ เเล้วผัดตามด้วยต้นกุ๋ยช่าย และถั่วงอก
 3: ขั้นตอนที่ 3 📣
เสร็จแล้วตัดใส่จาน นำกุ้งมาวางตกแต่ง ตามด้วยถั่วลิสงบด"
ข้าวห่อใบบัว,"1: ใส่น้ำมันพืชลงในกระทะตั้งไฟให้ร้อน ใส่กุนเชียงลงทอดพอมีสีเหลืองอ่อน ตักขึ้นพักไว้
 2: ซาวข้าวสารให้สะอาด พักให้สะเด็ดน้ำ
 3: ใส่น้ำมันพืชลงในกระทะตั้งไฟให้ร้อนจัด ใส่ข้าวสารลงผัดจนเม็ดข้าวใส ตักขึ้นใส่หม้อหุงข้าวเตรียมไว้
 4: ใส่กุนเชียง เห็ดหอม รากผักชี กระเทียม เม็ดบัว เม็ดเก๋ากี้ คลุกเคล้ากับข้าวให้ทั่วทั้งหม้อ
 5: ผสมน้ำซุป ซอสปรุงรส เกลือป่น ซอสเห็ดหอม น้ำมันงา พริกไทยป่น คนให้เข้ากัน เทลงในหม้อหุงข้าวคนให้เข้ากันปิดฝา หุงข้าวพอสุก คนข้าวให้เข้ากันตักใส่ใบบัวใส่ไข่เค็มห่อให้แน่น นำไปนึ่งในน้ำเดือดไฟปานกลาง ประมาณ 5 นาที
 6: จัดข้าวอบใส่ภาชนะ ตกแต่งด้วยผักชี จัดเสิร์ฟร้อน ๆ"
ตำมะยม,"1: กุ้งแห้งเนื้อ นำไปแช่น้ำให้นิ่มแล้วนำมาตำ ให้ป่นละเอียด
 2: มะยมสด นำมาล้างเลือกเม็ดที่เน่าเสียออก บุบหรือตำมะยมพอแหลก
 3: นำพริกขี้หนูสวนมาตำ
 4: ตำและคลุกเคล้าให้เข้ากัน ปรุงรสด้วย
-น้ำตาลปี๊บ-น้ำปลารอให้น้ำเปรี้ยวจากมะยมออกมา ชิมรสอีกครั้ง แล้วปรุงให้ได้รสตามที่ชอบ
 5: คั่วถั่วลิสง แล้วตำหรือบุบพอหยาบๆ
 6: ตักตำมะยมใส่จานโรยด้วยถั่วลิสงบุบ พร้อมเสิร์ฟ"
ซุปไก่มันฝรั่ง เมนูคลาสสิค ทานได้ทั้งครอบครัว,"1: ต้มน้ำให้เดือด แล้วลงผักที่ล้างสะอาดหั่นเรียบร้อย เพิ่มความน่ารัก อาจจะใช้พิมพ์กดให้สวยงามชวนทานสำหรับเด็กๆวันนี้อายใช้พิมพ์รูปดาว กดแครอท และรูปดอกไม้สำหรับมันฝรั่งค่ะ ส่วนที่เกินออกมาจากรูป ก็ใส่ไปด้วยนะเสียดาย
 2: สามเกลอ กระเทียม พริกไทย รากผักชี ตำหยาบๆ อายนำลงครกแล้วตำเลยค่ะ หากไม่ต้องการรสเผ็ดมากก็ใส่พริกไทยน้อยหน่อยปริมาณตามชอบได้
 3: ใส่ปีกไก่ลงในหม้อแล้วปิดฝา แง้มไว้เล็กน้อยตอนต้มจะได้ไม่ล้นเปิดไฟกลาง-อ่อนๆ ต้มนาน 30-40 นาที ก็จะได้ผักนุ่มๆไก่เปื่อยๆค่ะ ที่ไม่เปิดไฟแรงเพราะน้ำจะขุ่น ถ้ามีเวลาจะต้มต่อก็ได้นะคะ ไก่จะยิ่งเปื่อย
 4: ไก่เปื่อยได้ที่ผักทุกอย่างก็จะทานง่ายทุกชิ้นเลยค่ะไม่แข็ง เด็กๆจะทานได้ ปรุงรสด้วยซีอิ๊วขาว และเกลือเล็กน้อย คนให้ละลาย ดับไฟได้เลยปล.เก็บไว้ทานได้หลายวันเลยนะคะ รอหายร้อนแล้วตักใส่ถ้วยแบ่งเข้าฟรีสให้ลูกทานได้ทั้งสัปดาห์"
ผัดพริกแกงคั่วไก่ใบยี่หร่า,"1: คั่วพริกแกงกับน้ำมันเล็กน้อยจนเริ่มหอม เติมกะทิลงไปเล็กน้อยผัดจนหอม
 2: ใส่เนื้อไก่หั่นชิ้นลงไปผัดกับเครื่องแกง น้ำตาลปี๊ป และกะปิให้เข้าเนื้อ ค่อยๆเติมกะทิลงไปผัดจนเข้ากัน เติมน้ำเล็กน้อยไม่ให้ข้นเกินไป
 3: เมื่อไก่สุก ใส่ใบมะกรูดฉีกลงไปผัดสักพัก ชิมดูว่าต้องเติมน้ำปลาหรือไม่ เพราะรสเครื่องแกงแต่ละที่เค็มไม่เท่ากัน จากนั้นใส่ใบยี่หร่าลงไป เคล้าให้เข้ากัน ปิดไฟ"
มะม่วงกวน,1: 1.ขั้นตอนวิธีการทำเหมือนกันกับมะม่วงกวนค่ะ ณ ที่นี้ใช้ลูกพลัมในการถ่ายทำ ล้างทำความสะอาดให้เรียบร้อย นำใส่เครื่องปั่น2.ทำการปั่นลูกพลับจนได้เนื้อละเอียด3.ปั่นลูกพลัมเสร็จแล้วก็นำมาเทใส่หม้อตั้งไฟ โดยเติมเกลือลงไปด้วย1ช้อนกาแฟ (หากใครชอบหวานสามารถเติมน้ำตาลลงไปได้)4.กวนไปเรื่อย ๆ จนเดือดแล้วปิดเตา5.เตรียมภาชนะที่จะบรรจุลูกพลัมกวนเพื่อตากแห้ง ใช้ถาดสีดำที่มากับเตาอบแล้วรองพื้นด้วยฟอยด์ อยู่ประเทศเมืองหนาวปราศจากแสงแดดอันอบอุ่น จึงไม่มีแดดให้ตากค่ะ6.เทใส่ถาดแล้ววางทิ้งไว้ ใช้เวลาเป็นสัปดาห์กว่าจะแห้งโดยอัตโนมัติ จริงๆขั้นตอนไม่ได้ยุ่งยากเลย คนไทยไกลบ้านอย่างเราอยากกินอะไรก้อต้องทำเอง ไม่มีรูปตอนที่เริ่มแห้งแล้วให้ดูนะคะ ไม่ได้ถ่ายไว้ พอเริ่มแห้งก้อแค่ดึงออกมาจากฟอยด์7.พอแห้งได้ที่แล้ว ตัดแต่งม้วนเป็นแผ่นๆแค่นี้ก้อได้กินแล้ว
หลนกุ้ง,"1: ล้างกุ้งให้สะอาดแกะเปลือกดึงขี้ออกหั่นเป็นชิ้นเล็กๆ นำไก่สับ

 2: นำหอมแดง หอมใหญ่ กระชายซอยเตรียมไว้ ใบมะกรูดดึงแกนกลางใบออก พริกแห้งหั่นพอหยาบ พริกหั่นแฉลบ
 3: นำกะทิลงหม้อพอขลุกขลิกใส่หอมแดงและหอมใหญ่ลงไปผัดให้ใส จากนั้นใส่ตะไคร้ ข่าลงไป
 4: เติมกะทิและน้ำเปล่าลงไปเล็กน้อยใส่ไก่สับลงไปยีให้แตกจากกันจากนั้นใส่ใบมะกรูด พริก ปรุงรสด้วยน้ำตาลปี๊บ น้ำมะขามเปียก และเกลือ
 5: ใส่กุ้งลงไป พอกุ้งเริ่มสุกใส่น้ำปลาชิมรสชาติตามที่ต้องการหากอ่อนรสไหนเติมได้อีก สำหรับใครที่ชอบกะทิข้นๆ สามารถเพิ่มปริมาณได้
 6: ทานแนมกับผักสดได้ตามชอบ"
กากหมูผัดพริกแกง,"1: นำกากหมูที่ทอดไว้ อบให้กรอบๆ
ระหว่างนั้นเราก็ทำพริกแกงง่ายๆโดยโขลก ตะไคร้,ผิวมะกรูด,พริกแห้งทั้งสองชนิด และกระเทียมรวมกัน
 2: ตั้งกระทะ ตั้งน้ำมันให้ร้อน นำพริกแกงลงผัดจนหอม จากนั้นใส่ถั่วฝักยาวลงผัด แล้วใส่กากหมูลงไป
 3: ผัดแป๊ปเดียวก็ปรุงรสด้วยน้ำปลาน้ำตาลจ้า รสชาติจะเป็นแบบหวานนำเค็มตามนะคะ ปรุงรสเสร็จก็ปิดเตาตักขึ้นได้เลยค่ะ อย่ผัดนานมากเพราะกากหมูจะหายกรอบซะก่อน"
หมี่ฮกเกี้ยนผัด,"1: 1. น้ำหมี่ฮกเกี้ยน ไปล้างน้ำเปล่า แล้ววางให้สะเด็ดน้ำ
2. นำหมีไปคลุกกับซีอิ้วดำ ขั้นตอนนี้ให้ใส่ทีละนิดนะค่ะ เด๋วเส้นจะดำเกินไป พักไว้2. นำผักกวางตุ้งที่ล้างแล้ว หั่นพอดีคำ3. เนื้อสัตว์ที่ใส่ ใช้ตามชอบได้เลยค่ะ จานนี้ใช้ หมูละกุ้ง หมูหันเป็นชิ้นพอคำ เลือกส่วนที่นิ่มๆ เช่น สันใน หรือจะเป็นหมูหมักก้อได้ค่ะ ส่วนกุ้งผ่าหลังและล้างให้สะอาด4. ตั้งน้ำมัน ใส่กระเทียม ผัดจนหอม ใส่หมู ผัดพอสุก ตามด้วยกุ้ง5. เมื่อกุ้งเริ่มสุก ใส่เส้นหมี่ ผัดเล็กน้อย เติมน้ำ ผัดจนหมี่สุก และต้องมีน้ำขลุกขลิก ปรุงรสด้วย ซอสปรุงรส น้ำตาล น้ำมันหอย ถ้าน้ำแห้งไปเติมน้ำ ใส่ผักลงไป ผัดพอสุก มากไปเด๋วเหี่ยว6. ตอกไข่ใส่ลงไป อย่าให้ไข่แดงสุกเกินไป ใส่พริกไทยตามชอบ ปิดไฟ ตักใส่จานได้ค่ะ"
ทอดปลาส้ม (ให้เป็นชิ้นสวย),"1: วัตถุดิบที่ใข้
 2: เจียวหอมแดงและทอดพริกให้กรอบ พักไว้
 3: นำแป้งโรยบางๆในจานแล้ววางปลาส้มลงไป โรยแป้งทับอีกครั้ง
 4: เคาะแป้งออกบางส่วน ก่อนนำลงทอด จนสุก เหลืองสวยทั้ง 2 ด้าน"
ต้มยำรวมมิตรน้ำใสใบกะเพรา,"1: เตรียมวัตถุดิบ
 2: ตั้งน้ำใส่ข่าตะไคร้ใบมะกรูด + เกลือ + ผงปรุงรส
เมื่อเริ่มเดือดปั้นไก่ใส่เมื่อไก่เริ่มสุก ปรุงรส น้ำปลา ใส่เห็ด
 3: ใส่ปลาหมึก+กุ้ง+ใบมะกรูด+น้ำมันพริกเผา
 4: ตอนเสริฟร้อนๆใส่ใบกะเพรา+ปรุงรสมะนาว+พริกขี้หนูบุ"
ยำเล็บมือนาง,"1: ล้างเล็บมือนางให้สะอาด ตั้งกระทะลวกล้างคาว ใส่เกลือเล็กน้อย ยกขึ้นสะเด็ดน้ำ
 2: เตรียมน้ำยำ น้ำปลา มะนาว น้ำตาลทราย พริกจินดาซอย
 3: ใส่ต้นหอม ผักชี หอมใหญ่ หอมใหญ่ มะเขือเทศซอย เล็บมือนางลวก เคล้าให้เข้ากัน
 4: เสร็จพร้อมเสริฟ"
ผัดมักกะโรนีกุ้ง,"1: ขั้นตอนการต้มมักกะโรนี
เปิดไฟแรงให้น้ำเดือดจัด ใส่น้ำมันพืชเล็กน้อย ใส่เกลือเล็กน้อย ใส่เส้นมักกะโรนีลงไป
 2: ใช้ไฟกลาง คนเป็นระยะๆ

 3: จากนั้นนำไปแช่น้ำเย็น ใส่น้ำมันพืชเล็กน้อย
 4: ตักมักกะโรนีขึ้นพักไว้
 5: ขั้นตอนการผัดมักกะโรนี
ตั้งกระทะไฟกลาง นำเนยไปผัดให้หอม
 6: ใส่กุ้งลงไปผัดให้เปลี่ยนสี แต่ไม่ต้องสุกทั้งหมด
 7: ตอกไข่ใส่ลงไป พักไว้สักครู่ให้ไข่พอสุกบ้างบางส่วน
คนให้ไข่กระจายตัว
 8: นำหัวหอมใหญ่ลงไปผัด
 9: ผัดพอหัวหอมใหญ่สุก
 10: ใส่มักกะโรนีที่เตรียมไว้ลงไป
 11: ผักกกะโรนีให้เข้ากัน
 12: ใส่ซอสมักกะโรนี สำเร็จรูป Prego รสดั้งเดิม ลงไป
 13: ผัดให้ซอสเคลือบมักกะโรนีให้ทั่ว

 14: ใส่ออริกาโน่ลงไป
 15: ผัดให้เข้ากันอีกครั้ง

 16: ใส่ต้นหอม มะเขือเทศ พริกชี้ฟ้า ลงไปผัด
 17: ผัดให้เข้ากันอีกครั้ง

 18: จัดใส่จานพร้อมเสิร์ฟ"
ข้าวเหนียวชุบไข่ทอด,"1: พรมน้ำใส่ข้าวเหนียวนิดหน่อย แล้วเอาเข้าไมโครเวฟแป๊บนึง ให้ข้าวเหนียวนุ่ม
 2: ปั้นข้าวเหนียวเป็นก้อนกลมๆ แบนๆ หนาประมาณ 1 ซม. เส้นผ่าศูนย์กลางประมาณ 6 ซม. ปั้นให้เสร็จทีเดียวเรียงรอไว้ก่อน
 3: ตอกไข่ไก่ 3 ฟองใส่ชาม
 4: ปรุงรสไข่ไก่ด้วยผงปรุงรสและพริกไทยดำ ตีให้เข้ากัน
 5: นำก้อนข้าวเหนียวที่ปั้นไว้แล้วลงชุบไข่ไก่ให้ทั่วทุกด้าน
 6: ทอดข้าวเหนียวที่ชุบไข่แล้วด้วยน้ำมันร้อนไฟกลางๆ ทอดให้สีเหลืองทองสวยทั้ง 2 ด้าน
 7: ทอดเสร็จแล้วสะเด็ดน้ำมัน ซับมันด้วยกระดาษ
 8: เสิร์ฟร้อนๆ กินเล่นเพลินๆ ก็ดี เพิ่มรสชาติด้วยน้ำจิ้มไก่หรือแจ่วได้ตามชอบ หรือกินคู่กับส้มตำ ไก่ย่าง ลาบ น้ำตกก็ไม่เลวนะ"
พริกแกง เจ,"1: ซอยผิวมะกรูด ตะไคร้ ข่า
 2: ฉีก หรือ ตัดพริกแห้งให้ชิ้นเล็กลง ใส่ในครก ใส่เกลือ 1 ชช.
 3: โขลกพริกแห้งกับเกลือแค่พอหยาบ แล้วใส่ผิวมะกรูด ตะไคร้ ข่า ลงไป โขลกให้แหลก
 4: แหลกได้ที่ เติมกะปิเจ แล้วโขลกให้เข้ากัน
 5: ได้พริกแกงสดๆ หอมๆ ไว้ปรุงเมนูต่างๆ"
หมึกผัดกระเทียมพริกไทย,"1: โขลกกระเทียม หรือสับจนละเอียด นำมาคลุกเคล้ากับพริกไทย

 2: ตั้งกระทะใส่น้ำมัน รอจนร้อน นำกระเทียมพริกไทยลงไปผัดจนหอม
 3: ใส่หมึกลงไป ปรุงรสให้กลมกล่อม
 4: ผัดให้เข้ากัน รอจนหมึกสุก
 5: ตักใส่จานพร้อมเสิร์ฟแล้วค่ะ"
แกงจืดซี่โครงหมูกับกะหล่ำปลี,"1: หั่นกะหล่ำปลีเป็นชิ้นขนาดพอคำ พักไว้
 2: ล้างซี่โครงหมูให้สะอาก พักไว้
 3: นำน้ำสะอาดใส่หม้อตั้งไฟ ใส่รากผักชีและกระเทียมหั่นเป็นชิ้นลงไป
 4: พอน้ำเดือดจัด ใส่ซี่โครงหมูลงไป
 5: พอซี่โครงหมูสุกดี ปรุงรสด้วยเกลือ น้ำปลา ซอสปรุงรส ชิมให้ได้รสตามที่ชอบ หลังจากนั้นลดไฟ เคี่ยวต่ออีกสักพัก
 6: เปิดไฟแรง พอน้ำเดือดใส่กะหล่ำปลีลงไป
 7: ต้มจนกะหล่ำปลีสุกดี หรือมีความสุกตามที่ต้องการ
 8: ยกลงจากเตา ตักใส่ถ้วย โรยหน้าด้วยผักชี"
"ผัดกะเพราโบราณ, ผัดกะเพราเนื้อสับ","1: ตั้งน้ำมันไฟกลาง ใส่พริกขี้หนู+กระเทียมโคลก ผัดจนเหลืองฉุน
 2: ใส่เนื้อสับ ผัดจนเริ่มแห้ง เติมน้ำ 1/2 ทัพพี
 3: ใส่ซอสปรุงรส ผัดพอให้มีสีเข้มขึ้นเล็กน้อย เติมน้ำปลา น้ำตาล ซอสหอย
 4: ผัดต่อเล็กน้อยใส่ใบกะเพราะ
ผัดต่อเล็กน้อย ปิดแก๊ส เป็นอันเสร็จสมบูรณ์"
แกงเทโพหมูสามชั้น,"1: หั่นหมูสามชั้นเป็นชิ้นหนาประมาณ 4 เซนติเมตร
หั่นผักบุ้งเป็นท่อน ยาวประมาณ 3 เซนติเมตร ช่วงที่เป็นยอดยาวประมาณ 5 เซนติเมตร
 2: นำหม้อตั้งไฟเอาพริกแกงผัดกับน้ำมันจนหอม
 3: ใส่กะทิลงไปผัดต่อจนแตกมัน
 4: ขยี้ใบมะกรูดใส่ลงไปตามด้วยหมูสามชั้นลงไปผัดจนเนื้อหมูเริ่มสุก
 5: เติมหางกะทิและลูกมะกรูด เคี่ยวต่อไปจนกว่าเนื้อหมูจะนุ่มใช้เวลาประมาณ 10 นาที
 6: ปรุงรสตามใจชอบเปรี้ยวนำเค็มตาม ออกหวานนิดหน่อย แล้วใส่ผักบุ้งลงไปตั้งไฟต่อไปจนผักบุ้งสลบเล็กน้อย
 7: เสิร์ฟกับข้าวสวยร้อนร้อนเวลากินอย่าลืมเป่านะคะ ถ้าจะให้ดีทานคู่กับกับข้าวรสหวานอีกหนึ่งอย่างจะดีมากเลย"
ตำไข่แดงเค็ม....นัวน้ำปลาร้า,"1: นึ่งไข่แดง 3 นาที (พักไว้ให้เย็น)

 2: ตำกระเทียม ตำพริกให้แหลก

 3: จากนั้นตำถั่วฝักให้พอแหลก

 4: ปรุงรสด้วยน้ำปลา ปลาร้า น้ำมะนาว และน้ำตาลปี๊บ หั่นมะเขือเทศลงไป(ตามชอบ) ใส่หอมแดงซอย ใบมิ้นท์ คนให้เครื่องเข้ากันดี
 5: จากนั้นก็ใส่ไข่แดงเค็มใช้ทัพพีคนเบาๆ โรยผักชีฝรั่ง

 6: จากนั้นก็คนให้เข้ากันอีกครั้ง"
แกงเลียงปลากรอบ,"1: ตำเครื่องแกงเลียง โดยเริ่มจากพริกไทย หอมแดง กะปิ โขลกให้เข้ากัน แล้วใส่กุ้งแห้งลงไปตำให้ละเอียด ใส่พริกขี้หนูสดบุบพอแหลลัก พอเดือดอีกครั้งก็ปิดไฟได้
 2: ใส่น้ำลงในหม้อแล้วตั้งไฟให้เดือด เทคนิคการทำแกงเลียงก็เหมือนแกงส้มครับ คือเริ่มจากน้ำน้อยๆก่อน ถ้าน้ำน้อยไปค่อยๆเติมน้ำ เพราะเแกงเลียงกับแกงส้มเป็นแกงที่มีผักมาก น้ำในผักจะออกมารวมด้วย ถ้าใส่น้ำเปล่ามากตั้งแต่แรกจะทำให้น้ำแกงใส รสจะอ่อนไปครับใส่เครื่องแกงที่ตำเสร็จแล้วลงละลาย รอให้เดือดอีกครั้งนึง
 3: ใส่น้ำเต้า กะว่าเริ่มสุกก็ใส่บวบ ข้าวโพดอ่อน รอให้สุกดี

 4: ใส่ปลาแห้ง

 5: ปรุงรสด้วยน้ำปลา ใส่ใบแมงลัก"
ปลากะพงทอดน้ำปลา,"1: ล้างปลากะพงให้สะอาด แร่เอาก้างออก ให้หมด ล้างน้ำ ใช้ผ้าสะอาดซับให้แห้ง
 2: นำปลากัพงไปทอดในน้ำมัน ใช้ไฟปานกลาง ก่อนทอดเหยาะน้ำส้มสายชูลงไปเพื่อไม่ให้น้ำมันกระเด็นทอดให้สุกเหลืองกรอบ พักไว้ให้สะเด็ดน้ำมัน
 3: ทำน้ำราด โดยใช้ไฟอ่อน-ปานกลาง คนให้ทั้ง 3 อย่าง(น้ำปลา น้ำตาลปี๊บ น้ำเปล่า) ให้เข้ากัน ออกเหนียวนิดๆ
 4: นำน้ำปลาที่ทำราดใส่ปลาที่ทอด โรยด้วยเม็ดมะม่วงหิมพานต์ ถั่วลิสง ตกแต่งให้น่ารับประทาน หรือทานร่วมยำมะม่วง หรือน้ำจิ้มมะนาวก็ได้ค่ะ"
แกงบวดฟักทอง,"1: นำฟักทองไปปอกเปลือกล้างให้สะอาด ชั่นเป็นชิ้นพอคำ จากนั้นนำไปตั้งไฟนึ่งประมาณ 15 นาที
 2: จากนั้นทำน้ำกะทิ โดยเคี่ยวกะทิกับน้ำตาลทรายและเกลือให้ละลาย รอให้กะทิเดือดซักครู่แล้วปิดเตา
 3: นำฟักทองที่นึ่งเสร็จแล้วมาตักใส่ถ้วยราดด้วยน้ำกะทิ"
แกงขี้เหล็กปลาย่าง,"1: นำใบขี้เหล็กมาต้มในน้ำ ใส่กระทะใบใหญ่ นาน 10 นาที ตักน้ำออก ใส่น้ำใหม่เข้าไป ต้มต่ออีก 10 นาที
 2: บิดน้ำออกเบาๆ พักไว้
 3: ตำเครื่องแกง ( ตะไคร้ หัวหอมแดง ขมิ้น พริกสด กระเทียม พริกไทย กะปิ เกลือเม็ดใหญ่ )
 4: แกะเนื้อปลาย่าง
 5: ต้มหางกะทิ พอร้อน ใส่เครื่องแกงลงไปละลายให้เข้ากัน
 6: หางกะทิเริ่มเดือดแล้วใส่ใบขี้เหล็กไปได้เลย
 7: ใส่หัวกะทิ และปลาย่างลงไป พร้อมปรุงรส เมื่อเดือดอีกครั้ง ปิดเตา ตักใส่ภาชนะ พร้อมทานครับ"
ผัดผักกระเฉดน้ำมันหอย,"1: ผักกระเฉด ซื้อแบบสำเร็จ แบบลอกเปลือกหุ้มนิ่มๆ ออกให้เสร็จสรรพ เราก็แค่เอามาเด็ดเอายอดอ่อน และล้างให้สะอาดค่ะ พักให้สะเด็ดน้ำ
 2: ปลอกเปลือกกระเทียม ล้างและเด็ดขั้วพริกให้เรียบร้อย แล้วในมีดทุบไปที่กระเทียมและพริกแรงๆ พอแตก
 3: นำกระเทียมและพริก มาวางไว้บนผักกระเฉด ใส่เครื่องปรุง (ซอสปรุงรส น้ำมันหอย น้ำตาลเล็กน้อย) ด้านบนผักกระเฉดสดเช่นกัน ใส่น้ำสะอาดลงไปอีกนิดหน่อย
 4: ตั้งกระทะให้น้ำมันร้อน โดยใช้ไฟแรง พอกระทะร้อนลดไฟเหลือไฟกลาง ใส่ผักกระเฉดที่มีเครื่องปรุงลงไป แล้วผัดๆๆๆ ให้เข้ากันจนผักกระเฉดสุก ปิดไฟ ตักใส่จานพร้อมเสิร์ฟค่ะ"
แหนมผัดวุ้นเส้นใส่ไข่,"1: ตั้งกระทะให้ร้อน ใส่น้ำมันลงไป ใส่กระเทียมลงไปเจียวให้เหลือง หอม
 2: ใส่แหนมยีหรือสับลงไปผัดให้ร้อนทั่ว ถ้าเป็นแหนมผสมหนังหมูจะติดกระทะถ้าไม่ใช้กระทะเทฟลอนนะครับ
 3: ใส่วุ้นเส้นแช่น้ำ ปรุงรสด้วยน้ำตาลทราย น้ำปลาและน้ำมันหอย ผัดคลุกเคล้าให้เข้ากัน
 4: ตักส่วนผสมทั้งหมดไปไว้ข้างหนึ่งของกระทะ ตอกไข่ลงไป ตีๆให้ไข่แตกเกลี่ยให้ไข่สุกแล้วตักส่วนผสมมาทับไข่ กะว่าไข่สุกดีก็ผัดคลุกเคล้าให้เข้ากัน
 5: ใส่ต้นหอม ผัดให้เข้ากันอีกที ปิดไฟได้"
แกงส้มผักกระเฉด,"1: เด็ดยอดผักเฉด ล้างน้ำให้สะอาด
พักไว้
 2: พริกแกงส้ม
ตำพริกสด หอมแดง กระชาย เกลือป่นให้ละเอียด จากนั้นใส่กระปิ พริกป่น ตัวปลากระป๋อง 2-3ตัว ตำให้เป็นเนื้อเดียวกัน
 3: ตั้งน้ำให้เดือด ใส่พริกแกงลงไป
ปรุงรสด้วย น้ำมะขามเปียก น้ำตาลน้ำปลา น้ำปลากระป๋อง ชิมรสตามชอบ
 4: รอให้เดือดอีกรอบ ใส่ผักกระเฉด กุ้ง ตัวปลากระป๋องที่เหลือ น้ำมะนาว แล้วยกลง
 5: เสร็จแล้วค่ะ"
หลนเนื้อปู,"1: เตรียมวัตถุดิบกันก่อนนะค่าา
 2: ใส่กะทิเลยจ้ะ
 3: ใส่เต้าเจี้ยวต่อเลยย
 4: ตามด้วยน้ำตาลปี๊บกับมะขามเปียก
 5: ใส่พริกหยวกจ้ะ
 6: ใส่ตะไคร้และแก้วหอม
 7: ใส่เนื้อปูจ๋าเลยย นางเอกของเรา
 8: ใส่ผักชีเลยจ้ะ ใกล้เสร็จแล้วว
 9: ใส่พริกหวาน เพิ่มสีสันหน่อยเนอะ
 10: เสร็จแล้วจ้าา! ใส่ใบมะกรูดสุดท้ายน้ะ"
ไก่เบตง,"1: ต้มไก่ด้วยขิงแก่ ต้นหอม รากผักชี ใส่น้ำพอท่วม ต้มไก่ให้สุกประมาณ 15 นาที ปิดเตาแช่ไก่ทิ้งไว้จนเย็น
 2: ใส่น้ำมันรำข้าว เจียวกระเทียมให้สุกหอมพักไว้
 3: ทำน้ำราดไก่ ใส่ส่วนผสมทุกอย่างลงไป ต้มให้เดือด ชิมรสชาติตามชอบ พักไว้
 4: หั่นไก่ขนาดดีพอดีคำ
 5: ราดน้ำซอส โรยกระเทียมเจียว พร้อมทานครับ"
หมูสามชั้นผัดตะไคร้,"1: โขลกกระเทียมกับพริกให้ละเอียด
 2: นำตะไคร้มาล้างน้ำแล้วซอยให้ละเอียด
 3: ตั้งกระทะใช้ไฟปานกลาง เมื่อกระทะเริ่มร้อนได้ที่ ใส่น้ำมันพืช
 4: ใส่กระเทียมและพริกสดที่โขลกไว้ลงไปผัด สักพักใส่ตะไคร้ตามลงไป ผัดให้เข้ากัน
 5: ปรุงรสด้วยน้ำปลา น้ำมันหอย น้ำตาล ผัดให้เข้ากัน ใส่หมูสามชั้นตามลงไป เติมน้ำเปล่าเล็กน้อยพอไม่ให้แห้ง
 6: ปิดฝาอบไว้ 2-3 นาที เปิดฝาคนหมูเพื่อไม่ให้ไหม้ติดกระทะ
 7: ฉีกใบมะกรูดใส่ แล้วคนให้เข้ากัน ปิดไฟ ตัดเสิร์ฟ"
ต้มจืดผักกวางตุ้ง,"1: ต้มน้ำให้เดือด ใส่คนอร์ซุปรสหมูก้อน และกระดูกหมู (กระดูกอ่อน) ลงไป ปรุงรสด้วยน้ำปลาตามชอบ
 2: นำผักกวางตุ้งไปทำความสะอาด หั่นเป็นท่อน แล้วน้ำไปลวกน้ำ 1 รอบ
 3: ใส่น้ำมันในกระทะ หั่นกระเทียมเป็นฝอยแล้วนำไปเจียว
นำผักกวางตุ้งที่ลวกไว้ลงไปผัด
 4: นำข้อ 3 มาใส่ในน้ำซุปกระดูกหมูที่เตรียมไว้ ต้มให้เดือดอีกครั้ง"
ยำผักกาดดอง,"1: ซอย พริก หอมแขก กระเทียม
ล้างมะนาวให้สะอาด
 2: เอิดกระป๋องเทน้ำผักกาดดองทิ้งให้หมด แล้วหั่นเป็นชิ้นพอกีคำ

 3: หั่นใส่จานแล้วใส่ของที่ซอยไว้ลงไป
จากนั้นก็บีบมะนาวใส่น้ำปลาแล้วคลุกให้เข้ากัน เสร็จจ้า"
ต้มจืดไชเท้า ใส่ปลาหมึกแห้ง,"1: เตรียมส่วนผสมหลักๆ กันค่ะ
 2: มาเริ่มทำกันค่ะ
1. ต้มน้ำกับกระดูกหมู2. คอยช้อนฟองออก และต้มต่ออีกประมาณ 20 นาที3. ต่อมาใส่หัวไชเท้าหั่นเรียบร้อยแล้วลงไป4. ใส่ปลาหมึกแห้ง และเกลือค่ะ
 3: ต่อมา
1. ใส่พริกไทยดำ ตำแล้วลงไป2. ตามด้วยคนอร์ก้อน3. และปรุงรสด้วยซีอิ๋วขาว4. ต้มต่ออีกประมาณ 10-15 นาทีค่ะ
 4: เสร็จแล้วค่ะ
ต้มจืดกระดูกหมูหัวไชเท้า ใส่ปลาหมึกแห้ง เป็นเมนูที่ทำง่ายและไม่ต้องเตรียมอะไรมากทานและซดตอนร้อนๆ อร่อยค่ะ"
ผัดกระเพราไก่-ไข่ดาว,"1: โขลกพริกกับกระเทียมให้แหลก
 2: ตั้งกระทะให้ร้อนทอดไข่ดาวพอให้สุก
 3: ทอดไข่ดาวเสร็จแล้วไม่ต้องล้างกระทะเติมน้ำมันลงไป พอกะทะร้อนใส่พริกกับกระเทียมลงไปผัดก่อนให้พอเหลืองแล้วตามด้วยไก่ สับ ลงไปผัดด้วยกัน กลิ่นจะฉุนฉุนหน่อยจ้ะ
 4: พอไก่สุกใส่เห็ด ที่หั่นแล้วลงไป ผัดให้เข้ากันแล้วปรุงรส ใส่ น้ำมันหอยซีอิ๊วขาวน้ำปลาน้ำตาลลงไปผัด เติมน้ำลงไปซัก 2 ช้อนโต๊ะ ให้แลดูขลุกขลิกจ้าเดี๋ยวน้ำมันจะออกมาเพิ่มอีกนิดนึง
 5: พอเดือดปุดๆให้ใส่ใบกระเพราลงไปผัดแป๊บนึงจ้ะอย่าผัดนานนะ เป็นอันเสร็จแล้วจ้าหอมมากๆเลย
 6: ตักใส่จานพร้อมเสิร์ฟกับข้าวสวยร้อนๆได้แล้วจ้า"
ไข่เค็มใบเตย,"1: เตรียมส่วนประกอบ
 2: ผสมดินสอผอง​ และเกลือลงในถาด​ ใส่น้ำ​ นวดให้เข้ากัน
 3: นำส่วนผสมที่ได้มาหุ้มไข่เป็ดทุกฟองให้มิด
 4: หุ้มไข่เป็ดตามรูป
 5: นำไข่ที่ได้มาคลุกด้วยใบเตยป่น
 6: ใส่ถาด
และหุ้มด้วยพลาสติกทิ้งไว้​ 3-4 วันทอดไข่ดาวได้ทิ้งไว้​ 7​ วันนำมาต้มเป็นไข่เค็มใบเตยได้"
ปลาหมึกย่าง,"1: ล้างปลาหมึกให้สะอาดและไม่มีกลิ่นคาว
 2: หมักปลาหมึกด้วย ซีอิ๊วดำเข้าด้วยกัน (หมักไว้ 15 นาที)
 3: นำปลาหมึกขึ้นย่างด้วยหม้ออบลมร้อน ประมาณ 15 -20 นาที
 4: อย่าย่างให้สุกมากเพราะจะเหนียวและแข็ง
 5: หั่นเป็นชิ้นพอดีคำ จัดใส่จาน เสิร์ฟคู่กับน้ำจิ้มซีฟู้ด"
ก๋วยเตี๋ยวคั่วไก่,"1: ล้างอกไก่ให้สะอาด ลอกหนังไก่แยกไว้ หั่นเนื้อไก้ชิ้นพอคำ หมักด้วยรากผักชี กระเทียม พริกไทย ปรุงรสด้วยซีอิ๊วขาวเล็กน้อย พักไว้
 2: ลอกเส้นใหญ่ให้ไม่ติดกัน ใส่ซีอิ๊วดำ ซีอิ๊วขาว น้ำปลาเล็กน้อย คลุกให้เข้ากัน
 3: นำเห็ดหูหนูขาวมาแช่น้ำ ล้างให้สะอาด แล้วหั่นชิ้นพอคำ พักให้สะเด็ดน้ำ ผักกาดหอมทำเช่นเดียวกัน
 4: ทำเครื่องโรยกันก่อนค่ะ หั่นไก่เชียงเป็นลูกเต๋าเล็กๆ นำไปทอดน้ำในกะทะ พอน้ำเริ่มงวดน้ำมันจะเริ่มออกมา ผัดไวๆ ด้วยไฟอ่อนๆ เพื่อไม่ให้ไหม้ ตักพักไว้สำหรับหนังไก่ นำมาขูดเอามันไก่ใต้หนังออกแผ่บนตะแกรงแล้วนำเข้าเตาอบ อบจนน้ำมันออก และหนังไก่กรอบนำออกมาพักให้เย็น แล้วหั่นเป็นชิ้นเล็กๆ พักไว้ 
 5: ตั้งกะทะใส่น้ำมันเล็กน้อย ใส่ไก่ลงไปผัด ตามด้วย เห็ดหูหนูขาว
 6: พอไก่เริ่มสุก ตอกไข่ใส่ลงไปคนให้เข้ากันตามด้วยเส้นใหญ่ ไม่ต้องปรุงรสเพิ่ม ผัดจนเส้นเกรียม
 7: ตักใส่จานที่รองผักกาดขาวไว้ โรยหน้าด้วยต้นหอม ผักชี และเครื่องโรยที่ทำไว้
 8: ทานกับซอสพริก และพริกน้ำส้ม"
ข้าวผัดกระเทียม 🐲 (bbq plaza),"1: ซอยต้นหอม แครอท และกระเทียมเตรียมไว้
 2: ตั้งกระทะไฟอ่อน ตามด้วยน้ำมันพืช นำกระเทียมลงไปทอดให้เหลืองกรอบ ตักขึ้นพักไว้
 3: เทน้ำมันพืชออกจากกระทะ ให้เหลือปริมาณเล็กน้อย เพิ่มไฟเป็นไฟกลาง นำแครอทซอยลงไปผัด
 4: ตามด้วยข้าสวย ปรุงรสด้วย อร่อยชัวร์ และ น้ำตาลทราย ชิมรสตามชอบ
 5: นำกระเทียมที่ทอดไว้ส่วนนึง ลงไปผัด
 6: โรยต้นหอม ปิดไฟ
 7: เสร็จแล้วค่าาา 🌿"
ไก่กรอบทอดกระเทียม,"1: ล้างไก่ให้สะอาด หั่นเป็นลูกเต๋าขนาดประมาณ 1นิ้ว
 2: นำไก่ใส่ถ้วย ใส่ซอสหอยนางรม ซอสปรุงรส ผงปรุงรส ขยำให้เข้ากัน พักในตู้เย็นช่องธรรมดาประมาณ 20-30 นาที
 3: ตั้งกระทะ ใส่น้ำมันพืชพอให้ท่วมกระเทียมรอให้น้ำมันร้อนจัด ใส่กระเทียมคนตลอดเพื่อให้สีกระเทียมสวยงามสม่ำเสมอ ใส่เกลือลงไป ตักขึ้นพักไว้
 4: เติมน้ำมันในกระทะให้พอท่วมไก่ รอให้น้ำมันร้อน ใส่ไก่ลงไปทอดให้สุกเป็นสีเหลืองทอง ตักออกสะเด็ดน้ำมัน ใส่จานโรยด้วยกระเทียมที่ทอดไว้เสิร์ฟ"
แกงคั่วสับปะรดกุ้ง,"1: หั่นสับปะรดเป็นชิ้นเล็กใหญ่ตามชอบ บีบน้ำออกเล็กน้อย เพิ่มให้สับปะรดดูดน้ำตอนแกง..กุ้งสดแกะเปลือกผ่าหลังเอาเส้นดำออก..
 2: กระทะตั้งไฟใส่กะทิลงไป ใส่พริกแกงคั่วผัดให้หอม แตกมันสีสวย..ค่อยเติมกะทิส่วนที่เหลือลงไป
 3: ใส่สับปะรดลงไป ปรุงรสด้วยน้ำมะขามเปียก น้ำตาลมะพร้าว เกลือและน้ำปลาดี..
 4: ชิมรสชาติให้ได้สามรส เปรี้ยว หวาน เค็มอร่อยถูกใจ แล้วค่อยใส่กุ้งลงไป..
 5: ตักใส่ชามเสริฟ์พร้อมอร่อยแบบแกงไทยๆได้เลยเจ้าค่ะ"
ผัดกะเพราปลากะพง,"1: นำปลากะพงมาล้างให้สะอาดและหั่นเป็นชิ้นๆ เตรียมใส่จานไว้ พร้อมแป้งไว้สำหรับชุบทอดกรอบ
 2: นำผักที่เตรียมไว้มาหั่นเป็นชิ้นๆรอผัด
 3: ตำกระเทียมกับพริกให้แหลกแล้วจึงใส่พริกไทยดำบุบให้เม็ดแตก
 4: นำเนื้อปลากะพงมาคลุกกับแป้งชุบทอดกรอบให้แป้งติดให้ทั่วเนื้อปลากะพงแล้วตั้งกะทะใส่น้ำมันพืชเพื่อทอดเนื้อปลากะพงให้เหลือง ตักใส่จานพักไว้
 5: ตั้งกะทะใส่น้ำมันพืชพอร้อนเอากระเทียม พริกขี้หนู และพริกไทยดำที่ตำไว้แล้วใส่ลงในกระทะ
 6: พอกระเทียมเริ่มเหลืองให้ใส่ข้าวโพดอ่อน แครอท ถั่วฝักยาวและหอมใหญ่ที่หั่นเป็นขิ้นไว้แล้วใส่ลงไปผัด
 7: พอผักใกล้สุกให้ใส่เครื่องปรุงรสคือซอสหอยนางรม ซีอิ๊วขาว น้ำตาลทราย ใบกระเพรา พริกเหลืองซอยผัดเสร็จแล้วจึงใส่เนื้อปลากะพงที่ทอดไว้แล้วคลุกเคล้าให้เข้ากัน ตักใส่จาน"
ต้มโคล้งปลาสลิดทอด,"1: ตั้งหม้อบนเตา ต้มน้ำซุปให้เดือด ทุบตะไคร้และข่าให้แตกแล้วนำไปใส่ในน้ำเดือด
 2: ทุบหอมและกระเทียมใส่ลงไปจนหอมเริ่มนุ่ม ปรุงรสด้วยน้ำตาลและน้ำปลา
 3: ปิดไฟแล้วปรุงรสด้วยน้ำมะขามเปียก ใส่ใบมะกรูด ผักชีฝรั่ง พริกป่น ใส่เนื้อปลาที่แกะก้างออกแล้ว ปิดฝาไว้ซักครู่ ยกพร้อมเสิร์ฟ"
น้ำพริกปลาร้า,"1:  1
- นำกระเทียม หอมแดง พริกขี้หนู มาปอกเปลือกและเด็ดขั้วให้เรียบร้อย- ตั้งกระทะ ใส่น้ำเปล่า จากนั้นนำพริกขี้หนู กระเทียม หอมแดงที่เตรียมไว้ลงคั่วในกระทะ คั่วจนน้ำแห้ง และมีสีเหลือง จึงตักขึ้น
 2:  2
- นำปลาดุกมาแกะก้างออกเอาแต่เนื้อ
 3:  3
- นำพริกขี้หนู กระเทียม หอมแดงที่คั่วมาเรียบร้อยแล้ว มาโขลกให้เข้ากันจนละเอียด- ตักเครื่องน้ำพริกที่โขลกใส่ชาม
 4:  4
- ใส่น้ำปลาร้าที่ต้มสุกแล้วลงไปในถ้วยน้ำพริก
 5:  5
- ปรุงรสด้วยน้ำมะนาว น้ำปลา คนให้เข้ากัน ชิมรสตามชอบ ก็จะได้น้ำพริกปลาร้าอร่อย สะอาด น่าทาน ไว้ทานมื้อเย็นแบบไม่อ้วนและมีประโยชน์ด้วยสมุนไพรจากเครื่องน้ำพริกค่ะ"
ลาบไข่มดแดง,"1: ล้างผักให้สะอาด ซอยต้นหอม ผักชีฝรั่ง หอมแขก พริกขี้หนูและใบสะระแหน่เตรียมไว้
 2: นำไข่มดแดงไปล้างน้ำให้สะอาด แล้วต้มน้ำนำไข่มดแดงลงลวกให้พอสุกแป๊บนึง ตักขึ้นพักไว้ (หรือไม่ต้องลวก แล้วแต่ละคนชอบ)
 3: จากนั้นนำส่วนผสม พริกป่น ข้าวคั่ว พริกขี้หนูซอย หอมแขก น้ำตาลทราย น้ำมะนาว น้ำปลามาคลุกเคล้าให้เข้ากัน ใส่ผักชีฝรั่ง ต้นหอมซอยคนให้เข้ากัน
 4: ใส่ไข่มดแดงลงไป ค่อยๆคนคลุกเคล้าให้เข้ากัน ตักใส่จานพร้อมเสริฟ"
แกงเขียวหวานสำเร็จรูป,"1: นำกะทิเคี่ยวไฟให้พอเดือด ใส่เนื้อหมูลงไปเคี่ยวต่อจนสุก เติมน้ำเปล่า
 2: ใส่ผงแกงเขียวหวานสำเร็จรูปลงไป คนให้ละลายเข้ากัน
 3: ต่อด้วยมะแว้งเขียวพอเดือด ปิดแก๊ส
 4: ใส่ใบมะกรูดและพริกชี้ฟ้าแดงที่ซอยลงไป ตามด้วยใบโหระพา ผสมให้เข้ากัน
 5: ตักใส่ภาชนะพร้อมทาน"
แจ่วหมูโบราณ,"1: พริกแกง
1.นำสมุนไพรต่างๆ ทั้งพริกแห้ง หอมแดง ตะไคร้ กระเทียม ข่า มาย่างไฟบนเตา2.ใช้ไฟอ่อน ย่างจนสุกและให้หอม ระวังอย่าให้ไหม้นะคะหรือถ้าไม่สะดวกเตาถ่าน ก็คือการคั่วบนกระทะด้วยไฟอ่อน *โดยไม่ใช้น้ำมัน*
 2: ขั้นตอนที่ 2 โขลกจ้ะโขลก
1.น้ำพริกแห้ง หอมแดง กระเทียง ตะไคร้ ข่า ที่ย่างจนสุกและหอม มาโขลกรวมกันจนละเอียด ผสมกะปิ 1 ช้อนชาไม่มาก ถ้าบ้านไหนมีปล้าร้าอร่อยๆ นำมาสับๆให้ละเอียดแล้วผสมลงไปฝนพริกแกงนิดหน่อยจะนัวมากค่ะ
 3: ขั้นตอนที่ 3 หมูสับจ้า
แนะนำให้ซื้อเนื้อหมูมาสับเองนะคะ สับให้ละเอียดเลยฉับๆๆ ไม่มีมันยิ่งดีนะคะ
 4: ขั้นตอนที่ 4 ผัดแล้วจ้า
1.ตั้งกระทะ ใส่น้ำมันนิดหน่อย2.พอกระทะเริ่มร้อน(ไม่มาก) นำน้ำพริกแกงที่ตำจนละเอียดลงไปผัดให้หอม3.ใส่หมูสับลงไปผัด ผสมให้เข้ากัน4.เติมน้ำเปล่า 1 ถ้วยตวง ลงกระทะ เพื่อต้องการให้พริกแกงเข้าเนื้อ5.ปรุงรสตามชอบ เติมเกลือ ผงปรุงรส ตัดน้ำตาลนิดหน่อย
 5: ขั้นตอนที่ 5 รออย่างใจเย็น
1.ผัดและเคี่ยวต่อไปจนน้ำเกือบแห้ง2.ชิม ปรุงรส และตักพร้อมเสริฟค่ะ"
ขนมจีบต้ม 🐷,"1: นำหมูสับใส่ในโถปั่น เติมแป้งมันผสมน้ำเปล่าลงไป ตามด้วย รากผักชี กระเทียม แล้วนำไปปั่นให้เนื้อเนียน ปรุงรสด้วย ซีอิ๊วขาวเห็ดหอม พริกไทยขาวป่น และน้ำตาลทราย คลุกเคล้าให้เข้ากัน และเติมน้ำมันงาเล็กน้อย
 2: นำหมูของเรามาวางบนแผ่นเกี๊ยว ทาน้ำให้รอบแผ่นเกี๊ยว แล้วพับเข้าหากัน
 3: จะได้แบบนี้ค่ะ
 4: ตั้งกระทะไฟกลางตามด้วยน้ำเปล่า รอจนน้ำเดือด เติมน้ำมันถั่วเหลืองลงไปเล็กน้อย
 5: นำลงไปต้ม เมื่อสุกได้ที่ตักขึ้นพักไว้
 6: นำมาคลุกกับน้ำมันกระเทียมเจียว
 7: จัดเสิร์ฟ พร้อมทาน (สูตรน้ำจิ้มขนมจีบ ลงไปแล้วนะคะ ไปหาอ่านกันได้)"
ผัดมะเขือยาวหมูสับ,"1: หั่นมะเขือยาวพอดีคำ ตำพริกพอหยาบ ใส่ถ้วย ปรุงด้วยน้ำมันหอย เต้าเจี้ยว ซอสปรุงรส น้ำตาล เตรียมรอผัด
 2: ตั้งกระทะ ใส่น้ำมันรอให้เดือด ใส่หมูสับลงไปผัดให้สุก
 3: ใส่มะเขือยาวพร้อมเครื่องปรุงที่เตรียมไว้ลงไป ผัดให้เข้ากัน จนมะเขือยาวเริ่มสุก
 4: ปรุงรสอีกครั้งตามชอบ ใส่โหระพาลงไปผัดให้เข้ากันจนสุก แล้วตักใส่จานได้เลย"
ผัดมะเขือยาวหมูสับ,"1: หั่นมะเขือยาวพอดีคำ ตำพริกพอหยาบ ใส่ถ้วย ปรุงด้วยน้ำมันหอย เต้าเจี้ยว ซอสปรุงรส น้ำตาล เตรียมรอผัด
 2: ตั้งกระทะ ใส่น้ำมันรอให้เดือด ใส่หมูสับลงไปผัดให้สุก
 3: ใส่มะเขือยาวพร้อมเครื่องปรุงที่เตรียมไว้ลงไป ผัดให้เข้ากัน จนมะเขือยาวเริ่มสุก
 4: ปรุงรสอีกครั้งตามชอบ ใส่โหระพาลงไปผัดให้เข้ากันจนสุก แล้วตักใส่จานได้เลย"
ต้มซุป,"1: 1. ต้มน้ำให้เดือด ระหว่างรอน้ำเดือด นำแครอท มะเขือเทศ หัวหอมใหญ่ มาล้างให้สะอาด แล้วหั่นเป็นชิ้นขนาดแล้วแต่ชอบล้างคื่นช่ายหั่นประมาณ 1 นิ้วเอาน่องไก่มาล้างให้สะอาดสัก 2-3 น้ำ
 2: 2. น้ำเดือดใส่เกลือเล็กน้อย ใส่ซุปก้อน และใส่น่องไก่ที่เราเตรียมไว้ ไฟอ่อนถึงไฟกลาง และคอยช้อนฟองหรือมันทิ้ง ต้มประมาณ 25-30 นาที
 3: หลังจากไก่เริ่มจะสุกนุ่มได้ที่ ให้ใส่ผักที่เราเตรียมไว้ลงไป ต้มต่อไปอีก 15 นาที
 4: ชิมและปรุงรสที่ชอบ และใส่คื่นช่ายเป็นขั้นตอนสุดท้าย ปิดแก๊ซได้เลย"
ต้มซุป,"1: 1. ต้มน้ำให้เดือด ระหว่างรอน้ำเดือด นำแครอท มะเขือเทศ หัวหอมใหญ่ มาล้างให้สะอาด แล้วหั่นเป็นชิ้นขนาดแล้วแต่ชอบล้างคื่นช่ายหั่นประมาณ 1 นิ้วเอาน่องไก่มาล้างให้สะอาดสัก 2-3 น้ำ
 2: 2. น้ำเดือดใส่เกลือเล็กน้อย ใส่ซุปก้อน และใส่น่องไก่ที่เราเตรียมไว้ ไฟอ่อนถึงไฟกลาง และคอยช้อนฟองหรือมันทิ้ง ต้มประมาณ 25-30 นาที
 3: หลังจากไก่เริ่มจะสุกนุ่มได้ที่ ให้ใส่ผักที่เราเตรียมไว้ลงไป ต้มต่อไปอีก 15 นาที
 4: ชิมและปรุงรสที่ชอบ และใส่คื่นช่ายเป็นขั้นตอนสุดท้าย ปิดแก๊ซได้เลย"
แกงคั่วกระดูกใบยี่หร่า,"1: ใส่น้ำมันลงกะทะเล็กน้อย นำพริกแกงลงผัดให้หอมตามด้วยกระดูกซี่โครงหมูผัดจนกระดูกใกล้สุก
 2: เติมน้ำเล็กน้อยเพื่อตุ๋นกระดูกใหเปื่อยนุ่ม จากนั้นปรุงรสตามความชอบได้เลยคะ
 3: สุดท้ายเมื่อหมูเปื่อยนิ่มได้ที่ ใส่ใบยี่หร่าหั่นลงไปแล้วปิดไฟได้เลย เป็นอันเสร็จเรียบร้อย"
แกงคั่วกระดูกใบยี่หร่า,"1: ใส่น้ำมันลงกะทะเล็กน้อย นำพริกแกงลงผัดให้หอมตามด้วยกระดูกซี่โครงหมูผัดจนกระดูกใกล้สุก
 2: เติมน้ำเล็กน้อยเพื่อตุ๋นกระดูกใหเปื่อยนุ่ม จากนั้นปรุงรสตามความชอบได้เลยคะ
 3: สุดท้ายเมื่อหมูเปื่อยนิ่มได้ที่ ใส่ใบยี่หร่าหั่นลงไปแล้วปิดไฟได้เลย เป็นอันเสร็จเรียบร้อย"
แกงมัสมั่นไก่,"1: หม้อตั้งไฟใส่หางกะทิต้มสะโพกไก่ให้นุ่มดี
 2: คั่วอบเชย โป๊ยกั๊ก ใบกระวาน ลูกกระวานให้หอม
 3: ตั้งกระทะใส่น้ำมันนิดหน่อยผัดพริกแกงมัสมั่นให้หอมดี.. แล้วค่อย ๆ ใส่กะทิเรียลไทยลงไปเคี่ยวให้แตกมันหอมพริกแกง
 4: ตักสะโพกไก่ที่เคี่ยวจนนุ่มแล้วใส่ลงไปเคี่ยวต่อในกระทะ.. ใส่อบเชย โป๊ยกั๊ก ใบกระวาน ลูกกระวานที่คั่วหอม ๆ ดีแล้วลงไป.. ใส่ถั่วลิสงคั่ว ใส่มันฝรั่งหั่นเต๋า ต้มต่อให้มันฝรั่งสุกดี..ใส่กะทิเรียลไทยลงไปเพิ่มความเข้มข้นหอมมัน..
 5: ปรุงรสด้วยน้ำตาลมะพร้าว น้ำมะขามเปียก น้ำปลาดี เกลือ และน้ำส้มซ่า..พร้อมอร่อยได้เลยค่ะ แกงมัสมั่นไก่"
ยำไชโป๊ว,"1: ขั้นตอนเตรียมอุปกรณ์
1.นำไชโป๊วที่ได้ไปล้างน้ำให้สะอาด2.หั่นพริกขี้หนูสวน3.ซอยหอมแดง
 2: ขั้นตอนการทำน้ำยำ
1.ใส่น้ำปลา 2 ช้อนโต๊ะลงไปในถ้วยยำ2.บีบมะนาว (แล้วแต่ความชอบ)ลงไปในถ้วย3.ใส่น้ำตาล 2 ช้อนชาลงไปในถ้วยยำ4.ใส่พริกขี้หนูที่หั่นแล้วลงไปคลุกเคล้าให้เข้ากันจนได้รสชาติที่ชอบ
 3: ขั้นตอนการยำ
1.นำหัวไชโป๊วที่เสด็จน้ำแล้วใส่ลงไปในถ้วยยำ2.นำน้ำยำที่ได้รสชาติตามต้องการแล้วใส่ลงไปในถ้วยเดียวกับไชโป๊ว3.คลุกเคล้าส่วนผสมให้เข้ากัน4.ใส่ถ้วยพร้อมเสิรฟ"
ข้าวกะเพราไก่ไข่ดาว,"1: เตรียมส่วนผสมและเครื่องปรุง โขลกพริกแห้งกับกระเทียมพอหยาบ
 2: ตั้งกระทะใส่น้ำมันเจียวกระเทียมและพริกให้พอหอม นำเนื้อไก่สับลงไปผัด
 3: ปรุงรสด้วยซอสหอยนางรม น้ำตาล น้ำปลา คนอร์ เนเชอรัลผง และซีอิ๊วดำ แล้วผัดคลุกเคล้าให้เข้ากัน เติมน้ำเปล่าเล็กน้อย
 4: ใส่กะเพราลงไปผัด ปิดเตาตักใส่จานเสริฟพร้อมข้าวสวยและไข่ดาว"
ข้าวผัดกระเพราคลุกเบคอน,"1: 1. ตั้งน้ำมันในกะทะ หลังจากนั้นใส่กระเทียมและหัวหอมสับลงไปผัด
2. ผัดจนกระเทียมและหัวหอมมีสีเหลือง3. ใส่เบคอนกรอบ/เบคอน4. และพริกที่ตำหรือทุบแล้ว
 2: 1. ต่อมาใส่ข้าวสวยลงไปผัด
2. ตามด้วยซอสปรุงรส, ซีอิ๋วขาว, น้ำมันหอย และน้ำตาล3. ใส่ใบกระเพรา4. และคลุกจนส่วนผสมเข้ากันค่ะ
 3: เสร็จเรียบร้อยแล้วค่ะ
"" ข้าวผัดกระเพราคลุกเบคอน ""เมนูนี้เดียร์แอบใส่กากหมูไปด้วย ทานกับไข่ดาว อร่อยสุดๆค่ะ"
ผัดเผ็ดถั่วฝักยาวหมูสามชั้น,"1: 1. ตั้งกระทะใส่น้ำมันจนร้อน ใส่พริกแกงเผ็ดลงผัดจนหอม
 2: 2. พริกแกงหอมได้ที่ใส่หมูสามชั้นลงผัดจนสุก
 3: 3. ใส่ถั่วฝักยาวหั่นท่อน ปรุงรสด้วยน้ำปลา น้ำตาลทราย
 4: 4. สุกดีแล้วใส่พริกชี้ฟ้าและใบโหระพา ผัดให้เข้ากัน ตักใส่จานทานกับข้าวสวยร้อนๆ"
น้ำพริกโจร,"1: ปอกเปลือกกุ้ง ผ่าหลัง ดึงใส่ รวนกับน้ำเปล่าให้สุก
 2: หั่นกุ้งต้ม ซอยหอมแดง พริกขี้หนูสวน เก็บไว้โรยหน้านิดหน่อย
 3: ใช้น้ำต้มกุ้งขยำกะปิ น้ำตาลปี๊บให้ละลาย
 4: ใส่กุ้งต้ม หอมแดง พริกขี้หนูซอย ปรุงรสด้วยมะนาว น้ำตาล
 5: ทานคู่กับผักสดตามชอบ"
ต้มซุปเปอร์ตีนไก่,"1: ตีนไก่ ซื้อแบบที่เขาตัดเล็บเรียบร้อยแล้ว มาล้างทำความสะอาด
 2: เทน้ำเปล่าใส่หม้อ กะให้ท่วมตีนไก่ นำไปตั้งไฟ พอน้ำเดือดใส่ตีนไก่ลง เบาไฟ เคี่ยวตีนไก่จนเปื่อย หมั่นช้อนฟองและไขมันที่ออกมาตีนไก่
 3: -นำหม้ออีกใบ ใส่น้ำเปล่าหรือน้ำซุป
-ใส่คนอร์ซุปก้อน
 4: ปรุงรสด้วย น้ำปลากับน้ำมะนาว ก่อนปรุงให้ชิมก่อน เพราะตัวคนอร์เล้งต้มแซ่บ มีรส เปรี้ยว-เผ็ด-เค็ม ผสมอยู่-ใส่พริกขี้หนูสวนบุบสับหยาบ
 5: -ตักตีนไก่ที่เปื่อยใส่ถ้วย
-ตักน้ำซุปจากหม้อที่ปรุงรสแล้วราด โรยด้วยต้นหอมซอย+ผักชีใบเลื่อยซอย จัดเสิร์ฟ"
หมึกต้มตะไคร้,"1: หมึกไม่ต้องเอากระดองออก ตัวจะได้เหยียด ตะไคร้ หอมแดง ทุบ
 2: ต้มน้ำให้เดือดแล้วใส่หอมแดงลงไปต้มให้หอม
 3: น้ำเดือดพล่านใส่หมึก
 4: ปรุงรสน้ำตาล น้ำปลา มะขามเปียก
ชิมรสเปรี้ยวหวาน
 5: ใส่ตะไคร้เดือดก็ทานได้แล้วค่ะ
 6: บีบมะนาวก้นถ้วย ตักน้ำซุปใส่ลงไปคนให้เข้ากันแล้วค่อยตักปลาหมึกลวไปนะคะไม่ใส่พริกลงไปในหม้อไม่ตำ ไม่ตบ ไม่อะไรเลย*** ถ้าใส่พริกมันจะกลบกลิ่นตะไคร้มันจะเสียรสหอมอร่อยของตะไคร้ค่ะ"
ถั่วงอกผัดไข่,"1: ล้างผัก หั่นต้นหอม ทุบสับกระเทียมและหั่นพริก
 2: ฉีดสเปรย์น้ำมันมะกอก 2-3 ที ใส่กระเทียมลงไปผัดให้หอมแล้วใส่หมูสับลงไปผัดนิด
 3: ตอกไข่ลงไปจ๊ะ รอไข่เซ็ทตัว
 4: ตีไข่แดงจ๊ะ กระตุ้นอารมณ์หิวมาก
 5: ใส่ถั่วงอกเนอะ แล้วปรุงรสได้เลย
 6: ต้มหอมพริกไม่ต้องอายไม่ต้องแบ่งพวกเอาลงไปผัดให้สนิทสนมกลมกับถั่วงอกจ๊ะ
 7: ตักใส่จาน ชาม ถ้วยได้เลยจ๊ะ"
วุ้นเส้นผัดซีอิ้วหมูหมัก,"1: วุ้นเส้นแช่น้ำจนนิ่ม นำมาตัดเป็นท่อนพักไว้
 2: นำคะน้า มาหั่นและล้างน้ำ พักไว้
 3: -ตั้งกระทะ ใส่น้ำมัน
-ใส่กระเทียม ผัดให้กระเทียมสุกหอมเหลือง-ใส่เนื้อหมูหมักลงผัดให้หมูสุก
 4: ใส่วุ้นเส้น เติมน้ำเปล่าหรือน้ำซุป นิดหน่อย ผัดให้วุ้นเส้นสุกและใส
 5: ใส่คะน้า ผัดให้คะน้าเกือบสุก
 6: -ใส่ซีอิ้วดำ ผัดคลุกเคล้าให้ทั่ว
-ปรุงรส ด้วย น้ำตาลทราย+ซีอิ้วขาว+ซอสปรุงรส + ผงคนอร์อร่อยชัวร์ ผัดให้เครื่องปรุงเข้ากัน-ตอกไข่ลง ผัดให้ไข่สุก โรยพริกไทยป่น
 7: ตักเสิร์ฟลงจาน"
แกงส้มกุ้งสับปะรด,"1: นำเครื่องแกงส้มและกะปิ ตำให้เข้ากัน ตั้งน้ำให้เดือด แล้วใส่เครื่องแกง คนจนละลาย
 2: ใส่สับปะรดลงไป (ชอบแบบนิ่มๆ เข้าเนื้อ หากใครไม่ชอบใส่สุดท้ายได้ค่ะ) รอเดือดอีกครั้งน้ำสับปะรดจะออกมาปรุงรสจัด ใส่น้ำปลา เกลือ และน้ำตาล น้ำมะขามเปียก และมะนาวลงไป
 3: เมื่อน้ำเดือดใส่กุ้งสุดท้าย หากใส่ก่อนกุ้งจะหดไม่น่าทาน
 4: รอเดือดปุดๆ กุ้งสุกปิดไฟยกเสิร์ฟ
 5: ตักใส่ถ้วย ยกเสิร์ฟ"
ตำหอยแครงไข่แดงเค็ม,"1: - นำหอยแครงล้างเปลือกให้สะอาด
- นำมาลวกให้สุกพอดี (ลวก 20 วินาที)-จากนั้นก็แกะฝาเตรียมไว้สำหรับจะนำไปตำ
 2: ตำพริก กระเทียมให้แหลก
 3: ปรุงรสด้วยน้ำปลา ปลาร้า น้ำมะนาว และน้ำตาลปี๊บ หั่นมะเขือเทศลงไป(ตามชอบ) คนให้เครื่องเข้ากันดี
 4: จากนั้นก็ใส่หอยแครงที่แกะฝาแล้วใส่ลงไป
 5: ใช้ทัพพีคนเบาๆให้เข้ากัน
 6: ใส่ไข่แดงเค็มลงไป
 7: ใช้ทัพพีคนเบาๆให้เข้ากันอีกครั้ง
 8: ตักใส่จาน เสิร์ฟเลยค่ะ แซ่บนัวไปกับหอยแครงและไข่แดงเค็ม"
หมูผัดขิงเห็ดหูหนู,"1: เนื้อหมู นำมาหั่นเป็นชิ้นบางๆพอดีคำ
 2: เห็ดหูหนูนำไปแช่น้ำจนนิ่ม แล้วนำมาหั่นเป็นชิ้น ตัดส่วนที่แข็งทิ้ง
 3: ขิงอ่อน นำมาปอกเปลือก หั่นเป็นชิ้นบางๆ แล้วซอยเป็นเส้น
 4: พริกชี้ฟ้าสีเขียวอ่อนนำมาหั่นเฉียงๆ
 5: -ตั้งกระทะ ใส่น้ำมันรอจนน้ำมันร้อน
-ใส่กระเทียมสับลงผัดให้สุกเหลืองหอม-ใส่เนื้อหมูลงผัดจนเนื้อหมูสุก
 6: ใส่เห็ดหูหนูลงผัด
 7: -ใส่ขิงซอย
-ใส่พริกชี้ฟ้าหั่นเฉียง-เติมน้ำเปล่าหรือน้ำซุป
 8: -ใส่เต้าเจี้ยวเม็ด
-แล้วปรุงรสด้วย น้ำตาลทราย+น้ำมันหอย-ชิมก่อน 1 รอบ ก่อนที่จะใส่ซีอิ้วขาวลง เพราะเต้าเจี้ยวบางยี่ห้ออาจจะเค็มมากก็ต้องลดปริมาณซีอิ้วขาวลง-ชิมและปรุงให้ได้รสตามชอบ
 9: ใส่ต้นหอมหั่นท่อน ผัดคลุกเคล้าให้เข้ากัน ปิดไฟ ยกลง
 10: ตักลงจานเสิร์ฟได้เลย"
ตามล่าไข่ปลาหมึกแมคโครมาลงกระทะ 🐙,"1: 🐙 เตรียมไข่ปลาหมึก
- ปรุงรสด้วยเกลือ และผงปรุงรส- คลุกแป้งโกกิพอเคลือบผิว
 2: 🍳 ทอดน้ำมันจ้า
- น้ำไข่ปลาหมึกทอดในน้ำมันพืชใส่ไปทั้งหมด แล้วค่อยๆ เขี่ยให้แยกออกจากกัน
 3: 🥬 เตรียมเครื่องเคียง
นั่นก็คือกะหล่ำปลี อี อี อีนำมาหั่นฝอย ตามชอบเลย แล้วนำไปรองจาน กินคู่กับไข่ปลาหมึกพระเอกของเรา
 4: 🌶 ทำน้ำจิ้มซีฟู๊ดรสเด็ด
- โขลกกระเทียม พริก เข้าด้วยกัน- ปรุงรสด้วย เกลือ น้ำมะนาว น้ำตาลปีบ/น้ำตาลทราย
 5: 😋 พร้อมทาน
ราดน้ำจิ้มตามชอบบบ อื้อหือออ แซ่บ !!!"
ไข่ลูกเขย,"1: ต้มไข่ประมาณ 10นาที ทิ้งไว้ในน้ำเย็น เมื่อปอกไข่เสร็จ นำลงมาทอดในน้ำมันร้อนๆ จนเหลืองครบด้าน พักขึ้นไว้
 2: น้ำมันที่เหลือจากทอดไข่ นำมาทอดหอมแดงต่อ ตามด้วยทอดพริกแห้ง ทอดพอเหลืองตักขึ้นพักไว้
 3: คั้นน้ำมะขามเปียกรอไว้ น้ำตั้งไฟอ่อน ใส่น้ำตาลปี๊ป ตามด้วย เกลือ น้ำปลา รสดี เล็กน้อย ชิมให้ได้รส หวาน เค็ม เปรี้ยว กลมกล่อมนำหอมที่เจียวเสร็จส่วนนึงลงไปผัดด้วย อีกส่วนนึงเก็บไว้โรยหน้า
 4: หั่นไข่จัดใส่จาน ราดน้ำซอส ตามด้วยหอมเจียวและผักชีโรยหน้า พร้อมเสริฟค่า"
ข้าวไข่ขยี้กุ้ง,"1: มาเริ่มเมนูไข่ขยี้กุ้งกันเลยดีกว่าค่ะ
 2: วัตถุดิบ ที่เราจัดเตรียมไว้
 3: ตั้งกระทะให้ร้อน ใส่น้ำมัน เมื่อกระทะร้อนใส่กระเทียมสับลงไปผัดให้หอม
 4: จากนั้นใส่กุ้งสดลงไปผัดให้พอสุก
 5: จากนั้น ใส่ไข่ไก่ลงไป
 6: เมื่อไข่ขาวเริ่มสุก ขยี้ไข่ ปรุงรส ผัดให้เข้ากัน
 7: ใส่คื่นช่ายลงไป (ตามชอบ)
 8: ผัดให้เข้ากัน
 9: ตักใส่จาน .... พร้อมลุยจ้า ""กลิ่นหอมยั่วยวนมากจ๊ะพี่จ๋า""
 10: “กลิ่นหอมยั่วยวนมากจ๊ะพี่จ๋า"""
หมูสามชั้นชุบแป้งทอด (Air Fryer),"1: ล้างทำความสะอาดหมู หมักด้วยส่วนผสมทั้งหมดยกเว้นแป้งทอดกรอบ พักไว้ในตู้เย็น 3-5 ชั่วโมง
 2: นำหมูมาหั่นครึ่งตามทางยาว แล้วหั่นเป็นท่อนให้สั้นลง จะได้เรียงเข้าหม้อได้ จากนั้นชุบหมูกับแป้งทอดกรอบให้ทั่วๆ พักไว้ 5 นาทีในตู้เย็น
 3: นำหมูมาจัดเรียงบนตะแกรง อย่าให้หมูทับกัน ตั้งไฟที่ 200 c เป็นเวลา 13 นาที
 4: ลองเปิดหม้อเช็คหมู แล้วใช้ tongs คีบกลับอีกฝั่ง ตั้งไฟต่อที่ 200 c นาน 5 นาที
 5: เปิดหม้อเช็คดู หมูทอดที่ได้ควรสุกกรอบพอดี ตักขึ้นใส่จานแล้วหั่นเป็นชิ้นพอคำ
 6: ปริมาณน้ำมันที่ออกมาจากการทอดหมูโดยไม่ใช้น้ำมัน จะนำไปทำกับข้าวต่อก็ได้นะ ~4-5 ช้อนโต๊ะ แต่อาจจะต้องกรองแป้งออกก่อน"
สันคอหมูสไลด์ผัดพริกหยวก,"1: เริ่มจากใส่น้ำมันลงในกระทะที่ร้อน ใส่กระเทียมลงไปเจียว
 2: ใส่สันคอหมูสไลด์ลงไปผัด
 3: ปรุงรสด้วยน้ำมันหอย ซีอิ๊วเห็ดหอม และสารให้ความหวานแทนน้ำตาลที่ผสมให้เข้ากันแล้ว
 4: ใส่หอมใหญ่ซอยลงไปผัด
 5: ปิดท้ายด้วยพริกหยวก แล้วเคล้าให้เครื่องเข้ากัน ปิดไฟ พร้อมเสิร์ฟ"
ข้าวผัดน้ำพริกนรก,"1: นำพริกแห้งไปคั่วให้หอม แล้วป่นในครกกับเกลือ แยกไว้ โขลกกระเทียม กับหอมแดงเข้าด้วยกันให้ละเอียด ใส่เนื้อมะขามเปียก กะปิ และพริกป่น โขลกต่อจนเข้ากันดี ใส่ปลารมควัน ปรุงด้วยน้ำปลา โขลกให้ละเอียดเข้ากันดี ตักใส่ถ้วย เตรียมไว้
 2: ตั้งกระทะบนไฟอ่อน โดยไม่ต้องใส่น้ำมัน ใส่น้ำพริกที่โขลกลงผัดให้หอม ผัดจนน้ำพริกแห้งดีประมาณ 10 นาที ปิดไฟ ตักน้ำพริกที่ได้ใส่ถ้วย
 3: ตั้งกระทะ ใส่น้ำมัน ตามด้วยน้ำพริก 2 ช้อนโต๊ะ ใส่ข้าวลงไปผัดกับถั่วฝักยาวซอยให้ร้อนดี ตักใส่จาน โรยหน้าด้วยกุ้งแห้งทอดกรอบ ผักชี กินแนมกับปลาสลิดทอด ไข่เค็ม รับประทานกับผักสดมีแตงกวา และถั่วฝักยาว"
ตับหมูผัดใบโหรพา,"1: หั่นเตรียมเครื่องให้พร้อม
 2: พริกกระเทียมสับละเอียด
 3: เด็ดใบโหรภาล้างให้สะอาด
 4: พริกกระเทียมสับลงผัดในกะทะ
 5: ตามด้วยตับผัดไปมา
 6: ใส่หอมหัวใหญ่ เติมน้ำ ปรุงรส
 7: ตับสุกดีแล้วใส่พริกหั่นเพิ่มสีสัน
 8: ใส่โหรภาแล้วเขย่าๆผัดๆ
 9: สำเร็จพร้อมเสริฟ
 10: น่าทานใช่มั้ย"
สะโพกไก่ทอดน้ำปลาน้ำจิ้มแจ่ว,"1: สะโพกไก่ นำมาล้างซับให้แห้ง บั้งตรงหนัง คลุกกับน้ำปลา หมักทิ้งไว้ 15-30 นาที
 2: ระหว่างรอไก่ที่หมัก
-ซอยหอมแดง-ซอยพริกขี้หนู-ซอยผักชีใบเลื่อย(ผักชีฝรั่ง)จากนั้น เทน้ำปลา+น้พมะขามเปียกลงในถ้วย ใส่น้ำตาลทราย คนให้น้ำตาลทรายละลายจนหมด ใส่พริกป่น+ข้าวคั่ว+หอมแดงซอย+ผัดชีใบเลื่อยซอย+พริกขี้หนูซอย ชิมให้ได้รสตามชอบ
 3: ตั้งกระทะ ใส่น้ำมัน รอจนน้ำมันร้อน นำไก่ที่หมักลงทอด ทอดด้วยไฟกลาง จนสุกเหลือง ตักพักไว้ให้สะเด็ดน้ำมัน
 4: จัดใส่จานเสิร์ฟ รับประทานกับน้ำจิ้มแจ่ว
 5: ต้องรับประทานกับข้าวเหนียวร้อนๆ ยิ่งเข้ากันสุดๆเลย"
แหนมไก่ทอด,"1: 1.ล้างเนื้อไก่ ให้สะอาด สะเด็ดน้ำให้แห้ง.. หมักด้วยกระเทียมสับ ดอกเกลือ และผงคนอร์อร่อยชัวร์ คนให้เข้ากัน
 2: 2.ใส่ข้าวเหนียวลงไป ขย้ำให้เข้ากันดี
 3: 3.หมักไก่ไว้ให้เข้าเนื้อ ใส่ภาชนะปิดฝาไว้ในอุณภูมิปกติ..ใช้เวลาเป็นแหนมประมาณ 1-2 วัน หรือมากกว่านั้นจะเปรี้ยวมากขึ้น.. นำมาทอดโดยโรยแป้งทอดกรอบคนอร์บางๆ พอสุกดีสะเด็ดน้ำมัน .. กินพร้อมเครื่องเคียง พริกขี้หนู หอมแดง ขิง มะนาว ผักชี ถั่วลิสงคั่วได้เลยค่ะ"
กุ้งชุบเกล็ดขนมปังทอด,"1: ล้างกุ้งให้สะอาด
 2: ปอกเปลือกออก ผ่าหลังดึงถุงขี้ออกให้หมด สามารถเหลือหางกุ้งไว้เพื่อความสวยงามก็ได้ แต่เราทำให้เด็กกินก็แกะทิ้งไปเลย กินได้สะดวกดี
 3: คลุกเคล้ากุ้งกับผงปรุงรสนิดหน่อย
 4: คลุกกุ้งกับแป้งทอดกรอบ
 5: ชุบกุ้งลงในไข่ไก่ตีพอแตก
 6: คลุกกุ้งกับเกล็ดขนมปังให้ติดทั่วๆ
 7: ทำกุ้งให้เสร็จจนหมดแล้วเตรียมรอทอด
 8: ทอดกุ้งจนเป็นสีเหลืองทองสวย แล้วเอาขึ้นสะเด็ดน้ำมัน
 9: เสิร์ฟพร้อมซอสมะเขือเทศ / มายองเนส / น้ำจิ้มบ๊วย / น้ำจิ้มไก่ แล้วแต่ชอบ"
พะแนงเนื้อ,"1: ตั้งกะทิใส่พริกแกง เดือดแล้วใส่เนื้อลงไปคนให้พอสุกเติมน้ำให้พอดีเนื้อ
 2: ปรุงรสน้ำตาล เกลือ ชิมรสตามชอบ ใส่มะเขือพวง ปิดฝาทิ้งไว้ซักพักให้เนื้อสุก
 3: ปิดไฟใส่ใบมะกรูดซอยละพริกแดง เสร็จแล้วทานได้!!"
สามชั้นสไลด์ทอดกรอบ น้ำจิ้มแจ่ว,"1: 1. นำหมูสามชั้นสไลด์บางมาหมักด้วยผงปรุงรสคนอร์อร่อยชัวร์ น้ำตาล น้ำปลา และพริกไทยป่น
 2: 2. ตามด้วยแป้งทอดกรอบและน้ำเย็น หมักทิ้งไว้ 30 นาที
 3: 3. หั่นแตงกวาเป็นแว่นๆแช่ตู้เย็นไว้ ซอยต้นหอม ผักชี ผักชีฝรั่ง และหอมแดงสำหรับน้ำจิ้มแจ่ว
 4: 4. ระหว่างรอหมักหมูก็เตรียมทำน้ำจิ้มแจ่วกัน ประกอบไปด้วย น้ำตาล พริกป่น ข้าวคั่ว น้ำปลา น้ำมะนาว และผักทั้งหลายที่ซอยไว้ คนให้เข้ากัน ปรุงรสเพิ่มได้ตามใจชอบ
 5: 5. หมักหมูครบ 30 นาทีแล้วก็มาตั้งกระทะใช้ไฟกลาง พอน้ำมันเริ่มร้อนก็ใส่แป้งทอดกรอบลงไปประมาณ 2 ช้อนโต๊ะ ถ้าน้ำมันร้อนพร้อมทอด แป้งจะฟูขึ้นมา เอาตะหลิวยีๆแป้งให้ละลายเข้ากับน้ำมัน
 6: 6. ใส่หมูที่หมักไว้ลงไป ใช้ตะหลิวยีเบาๆให้หมูแตกตัวออกจากกัน ทอดไปเรื่อยๆ ใช้ตะหลิวยีสลับกับทิ้งไว้อยู่อย่างนี้จนกระทั่งหมูเริ่มเปลี่ยนสีสวยและกรอบขึ้น
 7: 7. ตอนจะตักขึ้นให้เร่งไฟขึ้นอีกหน่อยจะได้ไม่อมน้ำมัน ใช้กระชอนช่วยสะเด็ดน้ำมัน ผึ่งไว้ 2-3 นาที หมูจะแห้งขึ้นและกรอบกร้วมๆ เสิร์ฟลงจานได้ กินกับข้าวเหนียว น้ำจิ้มแจ่ว และแตงกวาแช่เย็น อร่อยสุดๆไปเล้ยยย ลองทำกันดูนะคะ"
หมูสามชั้นทอด,"1: ล้างหมูสามชั้นให้สะอาดพักให้สะเด็ดน้ำ (เครื่องปรุงจะได้เข้าเนื้อ)
 2: นำหมูสามชั้นหมักกับซอสข้นปรุงรส ผสมให้เข้ากัน
 3: ตั้งน้ำมันให้ร้อนไฟกลาง นำสามชั้นลงไปทอดในกระทะ ให้เหลืองทอง
 4: พักบนตระแกรงให้สะเด็ดน้ำมัน
 5: หั่นเป็นชิ้นพอดีคำ จัดใส่จานพร้อมรับประทาน"
กุ้งอบวุ้นเส้น,"1: ผ่าหลังกุ้ง เอาเส้นสีดำออก ตัดหนวดให้สั้น
 2: แช่วุ้นเส้นในน้ำให้นิ่ม
 3: ตำกระเทียม พริกไทย พอแหลก จากนั้นใส่ในถ้วย ใส่น้ำซุปหรือน้ำเปล่า ซีอิ๊วขาว ซีอิ๊วดำ น้ำตาล น้ำมันหอย ลงไป คนให้เข้ากัน จากนั้นเอาวุ้นเส้นมาคลุก
 4: ใส่น้ำมันในกะทะเทฟลอน ใส่ขิงลงไปข้างล่าง วางวุ้นเส้นที่คลุกเครื่องปรุงแล้วลงในกระทะ จากนั้นโปะด้วยกุ้ง
 5: ตั้งไฟอ่อน ปิดฝา จนกุ้งสุก (เป็นสีส้ม) จากนั้นก็จัดใส่จาน"
ต้มจิ๋วไก่,"1: 1.น้ำใส่หม้อตั้งไฟ ใส่ซุปไก่ก้อนคนอร์ลงไปเพื่อเพิ่มความหอมกลมกล่อมให้น้ำแกง..พอเดือดใส่อกไก่หั่นเต๋าลงไปต้มให้สุกดี
 2: 2.ใส่มันเทศหั่นเต๋าลงไป.. ต้มให้มันเทศสุกพอดี..ตามด้วยหอมแดงหั่นบาง..ปรุงรสด้วยน้ำมะขามเปียก น้ำปลาดี.. ใส่พริกขี้หนูสวนทุบพอหยาบ.. ชิมรสชาติให้ถูกใจ และใส่ใบกะเพรา ใบโหระพา ลงไปเพื่อความหอมหวล
 3: 3.ปิดไฟแล้วค่อยบีบมะนาวลงไปเพิ่มความเปรี้ยวและความหอมเป็นอันเสร็จค่ะสำหรับต้มจิ๋วรสชาติเผ็ดร้อนเป็นโภชนบำบัดชั้นเลิศจากภูมิปัญญาครัวไทยของเรา.."
ไก่กรอบซอสเปรี้ยวหวาน( สูตรไม่ใส่สับปะรด) แต่คอนเฟริมความอร่อย 😁,"1: หั่นไก่เป็นชิ้นพอดีคำ นำซอสปรุงรส+เกลือป่น+เบกกิ้งโซดา ลงไป คนเคล้าส่วนผสมให้เข้า พีกในตู้เย็นอย่างน้อย 3 ชม หรือหมักทิ้งไว้ 1 คืน
 2: ตอกไข่ใส่ถ้วย นำแป้งสาลีเอนกประสงค์ใส่จานเตรียมไว้ นำไก่ที่หมักได้ที่แล้ว นำมาชุปไข่แล้วนำมาชุปแป้งสาลีเอนกประสงค์ แล้วนำมาชุปไข่อีกรอบ แล้วนำมาชุปแป้งสาลีเอนกประสงค์ ทำให้ครบทุกชิ้น
 3: ใส่น้ำมันลงในหม้อทอด เปิดเตา เมื่อน้ำมันร้อนได้ที่ นำไก่ลงไปทอด ทอดรอบแรกให้สุกสัก 80% แล้วตักขึ้นพักไว้ แล้วนำลงไปทอดอีกครั้ง ทอดให้สุกกรอบ เป็นสีเหลืองทองสวย ตามที่เราต้องการ
 4: เมื่อไก่สุกได้ที่มีสีเหลืองทองตามที่เราต้องการแล้ว นำตักใส่ภาชนะ พักไว้
 5: มาทำซอส สำหรับผัดกันคะ
นำน้ำตาล+น้ำเปล่า+ซอสปรุงรส+ซอสมะเขือเทศ+น้ำจิ้มไก่+เกลือป่น+แป้งข้าวโพด+น้ำส้มสายชูสำหรับทำอาหาร ใส่ลงในกระทะ คนเคล้าส่วนผสมให้เข้า คนจนแป้งละลายเข้ากันดีกับส่วนผสม เปิดเตา ใช้ไฟอ่อนไ ค่อยเคี่ยวจนน้ำตาลละลาย จนแป้งสุก และส่วนผสมทั้งหมดเข้ากันได้ดี เคี่ยวจนเดือด มีความข้นเหนียวเล็กน้อย ชิมรสชาติเพิ่มเติมได้ตามชอบ ปิดเตา
 6: ใส่น้ำมันลงในกระทะเล็กร้อย นำกระเทียมลงไปผัดจนหอม จากนั้นใส่ พริกสามสี+หอมหัวใหญ่ลงไป ผัดจนสลด
 7: ใส่ไก่ทอดกรอบลงไป
 8: คนส่วนผสมพอเข้ากัน
 9: ใส่ซอสที่เราเคี่ยวไว้ใส่ลงไป
 10: คนเคล้าส่วนผสมให้เข้ากันอีกครั้ง ปิดเตา
 11: ตักใส่จาน พร้อมทาน พร้อมเสริฟความอร่อย😍❤🥰"
กรือโป๊ะ กระโป๊ะ,"1: กรือโป๊ะ หรือกระโป๊ะ นี้เป็นอาหารทานเล่นอย่างหนึ่ง ทานกับข้าวก็ได้ เป็นเครื่องแกล้ม ผมทานกับน้ำพริกนรกก็อร่อย บรรยากาศประมาณ ลูกชิ้นปลา ก็ไม่ใช่ เต้าหู้ก็ไม่เชิง เป็นอาหารที่ต้องสั่งจากทาง 3 จว.ชายแดนภาคใต้ถ้าจะจัดประเภทก็เป็นเครือญาติกันกับข้าวเกรียบ แต่เป็นข้าวเกรียบปลาสด ไม่ใช่ข้าวเกรียบกุ้งที่มาแบบแห้งแล้วมาทอด ที่เราคุ้นเคยอาหารจำพวกข้าวเกรียบนี้เป็นวัฒนธรรมมาจากอินโดนีเซีย และมาเลเชีย ใช้แป้งข้าวเจ้าผสมแป้งมันส่วนกรือโป๊ะนี้ใช้แป้งจากต้นสาคู นำมาผสมกับปลาทู หรือปลาหลังเขียว และเกลือ เป็นการถนอมอาหารอย่างหนึง กลิ่นมันจะออกคล้ายๆ ปลายอ/แหนมปลาด้วยนะ แต่เอกลักษณ์ คือความหนึบ พอทอดแล้ว ข้างนอกกรอบทข้่งในหนึบ โอ้ย อร่อย 😁
 2: กรือโป๊ะ 1 ท่อน หั่นเป็นชิ้นๆ เป็นแว่น เป็นท่อน ตามศรัทธา
 3: ทอดไฟกลางๆค่อนไปทางอ่อน ใจเย็นๆ ระวังไหม้
 4: เสร็จแล้วจ้า เมนูที่ง่ายที่สุดในโลก 😂 กรอบๆ หนึบๆ บอกไม่ถูก อร่อยจริงแฮะ
 5: หั่นแบบนี้ก็ได้"
ต้มยำซี่โครงอ่อน น้ำใส,"1: นำซี่โครงหมูไปล้างเกลือ แล้วล้างน้ำเปล่าให้สะอาด แล้วนำไปต้มไปน้ำร้อนเดือดๆ คอยช้อนฟองออกตลอดเพื่อให้น้ำไม่มัน และมีความใส
 2: เตรียมเครื่องโดยนำข่าแก่ๆ หั่นเป็นแว่น นำไปทุบให้กลิ่นหอมๆ แล้วนำไปต้มนำ้ซุป
 3: ใส่เกลือ ตะไคร้ ใบมะกรูดลงไป ต้มต่อสักประมาณ 3-4 นาที
 4: ตามด้วยเห็ด แล้วปรุงรสชาติด้วยน้ำปลา และพริกบุ จนรสชาติเข้มข้น ให้ปิดไฟ แล้วใส่มะนาวเป็นขั้นตอนสุดท้าย ตักใส่ชามพร้อมเสริฟ"
ปลากะพงลุยสวน,"1: นำปลากะพงมาทำความสะอาด ถอดเกล็ดแล้วผ่าครึ่งตัวปลาแล้วล้างทำความสะอาดด้วยการถูเกลือเพื่อลดกลิ่นคาว แล้วล้างทำความสะอาดอีกรอบ
 2: นำทิชชู่มาซับน้ำออกจนปลาแห้งพักไว้ โรยแป้งทอดกรอบทั้ง 2 ด้าน
 3: ตั้งกระทะ ใส่น้ำมัน รอจนน้ำมันร้อนนำปลาลงทอดด้วยไฟปานกลาง เมื่อปลาเริ่มสุกให้เร่งไฟให้แรงขึ้นเพื่อเป็นการไล่น้ำมัน ไม่ให้ตัวปลาอมน้ำมัน
 4: ส่วนผสมและเครื่องปรุงสำหรับน้ำยำ
 5: ขั้นตอนต่อไปการทำน้ำยำ เราจะเคี่ยวน้ำเชื่อมสำหรับยำกันก่อน โดยกระทะ ใส่น้ำเปล่า น้ำตาลมะพร้าว ลงไปเคี่ยวจนน้ำตาลละลาย เติมน้ำปลาลงเคี่ยวต่อจนได้ที่
 6: เริ่มทำยำกันเลยค่ะ ใส่น้ำตาลมะพร้าว มะนาว น้ำปลาน้ำเชื่อมที่เตรียมไว้ลงไป คนส่วนผสมให้เข้ากัน ชิมปรุงรสเพิ่มเติมตามใจชอบ แล้วตามด้วยพริกขี้หนูซอย ตะไคร้ซอย ขิงแก่หั่นเต๋า หอมแดงหั่นเต๋า มะนาวหั่นเต๋า เม็ดมะม่วงหิมพานต์ลงไปคลุกเคล้ากับน้ำยำ
 7: เสร็จแล้วนำมาตักราดลงบนตัวปลาทอด ตกแต่งด้วยใบสะระแหน่ ก็เป็นอันเสร็จพร้อมเสิร์ฟ
 8: พร้อมเสริฟค่ะ"
ต้มยำกระดูกอ่อนน้ำข้น,"1: ต้มน้ำใส่ซุปก้อนลงไปเเล้วต้มกระดูกหมูอ่อน 30-45 นาทีจนหมูนุ่ม
 2: ใส่น้ำพริกเผา พริกสด เห็ดฟางลงไปตามชอบ
 3: พอเดือดใส่นมข้นจืดลงไป
 4: บีบมะนาวตามชอบ"
ต้มแซ่บหมูเด้ง 🌶,"1: บีบหมูเป็นก้อนนำไปต้มให้สุก
 2: ตั้งขึ้นพักไว้ค่ะ
 3: ตั้งหม้อไฟกลาง ตามด้วย ตะไคร้ ใบมะกรูด หัวหอมแดง เกลือ และคนอร์ซุปก้อน
 4: หั่นเห็ดไว้ค่ะ
 5: รอจนน้ำเดือดตามด้วยเห็ดออรินจิ พอเห็ดเริ่มสุก ตามด้วยหมูเด้งที่ต้มไว้ที่ต้มไว้
 6: หั่นมะนาวเตรียมไว้ปรุงค่ะ
 7: ปิดไฟ ปรุงรสด้วย มะนาว น้ำปลา พริกป่น
 8: พร้อมทานค่ะ ~"
แกงเขียวหวาน สันในหมู,"1: เตรียมเครื่องให้พร้อม
 2: ผัดพริกแกงกับน้ำมันเล็กน้อย
 3: ใส่สันในหมูผัดต่อให้พอสุก
 4: เติมกะทิ 500ml
 5: พอเริ่มเดือด หมูสุกดี ใส่มะเขือเปราะ ปรุงรสด้วยซอสหอยนางรม 4 ชต. น้ำปลา 4 ชต. น้ำตาล 5 ชช.
 6: ระหว่างรอมะเขือสุก นึ่งขนมจีนก่อน
 7: ทุกอย่างสุกได้ที่แล้ว ก็ใส่พริกชี้ฟ้าแดงกับใบโหระพา
 8: จัดจาน
 9: พร้อมเสิร์ฟ"
ทอดมันปลากรายพริกแกงใต้,"1: เตรียมส่วยผสมทุกอย่างให้พร้อม
 2: นำส่วนผสมทุกอย่างใส่ลงภาชนะ นวดให้เนื้อปลาเหนียว
 3: ตั้งกระทะใส่น้ำมันพอประมาณ นำเนื้อปลากรายที่นวดปั้นเป็นก้อน ลงทอดให้สุกตามต้องการ
 4: จัดใส่จานเสิร์ฟพร้อมน้ำจิ้ม"
หมูสามชั้นผัดฉ่า,"1: เตรียมเครื่องปรุงสำหรับผัดฉ่า
 2: รวนหมูให้สุก โรยเกลือเล็กน้อย เทน้ำมันออกบางส่วน
 3: พริกแกงละลายน้ำ เทลงไปคลุกเคล้ากับหมูสามชั้น ปรุงรส
 4: ใส่เครื่องปรุงผัดฉ่า รอให้กลิ่นหอม ตักเสิร์ฟ"
มะระหวานผัดไข่ (ฟักแม้ว),"1: ฟักแม้ว!!!
 2: วัตถุดิบพร้อม
 3: นำกระเทียมลงเจียวในน้ำมัน
 4: ใส่ฟักแม้วลงไปเติมน้ำประมาน1-2ทัพพี
 5: ปรุงรสให้เรียบร้อยยกเว้นน้ำปลา
 6: คลุกเคล้าแล้วปิดฝาอบไว้ให้สุกนิ่ม
 7: เปิดฝาถ้าแห้งเติมน้ำได้ ชิมรสอีกครั้งจากนั้นเยาะน้ำปลาลงขอบกะทะเพื่อเพิ่มความหอม
 8: ใส่ไข่ลงไป ยีให้พอแหลก
 9: น้ำจะงวดลงรวนไปจนแห้ง
 10: เสร็จพร้อมรับประทานแล้วครับ"
ฉู่ฉี่ปลาทู,"1: ตั้งกะทะใส่กะทิ+พริกแกง ผัดจนเริ่มแตกมันเล็กน้อย
ฉีกใบมะกรูดใส่ลงไป
 2: ปรุงรสน้ำปลา+น้ำตาลปี้บ
 3: ใส่ปลาทูสดลงไป รอจนด้านหนึ่งสุก แล้วกลับข้าง
 4: เมื่อสุกแล้วตักเสริฟ
แต่งหน้าด้วยกะทิ+ใบมะกรูดซอย+พริกแดงซอยเป็นอันเสร็จ"
ไก่อบซอสบาบีคิวน้ำผึ้ง,"1: นำส่วนผสมทั้งหมดซอสบาบีคิว+ซอสปรุงรส+น้ำผึ้ง+ฮอทซอสหรือซอสศรีราชา+พริกไทยดำป่น+กระเทียมสับละเอียด+ขิงขูดหรือขิงสับละเอียด ใส่ลงในชามผสมคนเคล้าส่วนผสมให้เข้ากัน
 2: จากนั้น นำไก่ลงไปคลุกเคล้ากับซอสหมักจนทั้วไก่ทุกชิ้น พักไว้อย่างน้อย 3-6 ชั่วโมง หรือหมักทิ้งไว้ข้ามคิน พอหมักไก่ได้ที่นำไก่ลงมาวางบนภาชนะที่ใช้สำหรับอบ
 3: วอมเตาอบไฟ 200 องศา 15 นาที
นำไก่เข้าเตาอบไฟบน-ล่าง 200 องศา เป็นเวลา 30 นาที
 4: ระหว่างรอไก่ที่อบซอสที่หมักไก่มาเคี่ยวกับไฟอ่อนๆประมาณ 10 นาทีเพื่อฆ่าเชื้อแบคทีเรีย พักไว้
 5: เมื่อครบกำหนดเวลาแล้วนำไก่ออกจากเตา นำน้ำซอสที่เราเคี่ยวไว้ทาลงบนไก่ทั้งสองด้านอีกครั้ง นำเข้าไปอบอีก 10 นาที (เตาอบความร้อนของไฟแต่ละบ้านไม่เท่ากันให้ดูสีของไก่และความสุกของไก่ด้วยนะคะ)นำมาจัดใส่จาน พร้อมทาน🥰❤😊"
ฉู่ฉี่ไข่ดาว,"1: ตั้งกระทะ ใส่น้ำมัน
เปิดเตาแก๊ส รอน้ำมันให้ร้อนทอดไข่ดาว
 2: หั่นไข่ดาว
ใส่จาน
 3: ตั้งกระทะ ใส่น้ำมันพืช
ใส่พริกแกงผัดจนหอม
 4: ปรุงรสด้วยน้ำปลา น้ำตาลทราย
ใส่น้ำเปล่า เคี่ยวจนงวดใส่ใบมะกรูดหั่นฝอย
 5: นำพริกแกงที่ผัดราดไข่ดาว
 6: ตกแต่งด้วยใบมะกรูดหั่นฝอย
เป็นอันเสร็จพิธี"
แกงเลียงกะทิสด,"1: โขลก พริกไทยหอมแดง กะปิ และกุ้งแก้งเข้าด้วยกันพักไว้
 2: ตั้งน้ำให้เดือดลวกกุ้ง พอสุกพักไว้
 3: 3 ตั้งน้ำใส่หม้ออีกใบจนเดือด เติมเครื่องแกงลงไป ตามด้วยผักต่างๆ ยกเว้นใบแมงลัก
 4: จนผักเริ่มสุก ชิมรส เติมน้ำปลาหรือน้ำตาลตามชอบ ให้น้ำเดือดอีกครั้ง
 5: เติมกะทิสด กุ้งลวกสุกแล้วลงไป ตามด้วยใบแมงลัก เสร็จแล้วปิดไฟ
ตักเสิร์ฟร้อนๆ เลยจ้า.."
"ทำเครื่อง""ผัดพริกขิง"" เก็บไว้ใช้","1: เคยสงสัยไหมครับว่า... ผัดพริกขิง ทำไมไม่มีขิง ?
สมัยก่อน มีศัพท์เรียกเครื่องแกงต่างๆว่า ""เครื่องปรุง""เครื่องปรุงหมายถึง พริกแกงทุกสูตร แดง เขียว เหนือ กลาง ใต้ เป็นเครื่องเทศที่เอามาตำละเอียด เก็บใว้ใช้ได้นานส่วนพริกขิง เป็นคำที่ใช้เรียก ผัดพริกแกงแดงในสมัยนั้นบันทึกจากตำรากับข้าวเล่มแรกของไทย... หนังสือแม่ครัวหัวป่าก์ของท่านผู้หญิงเปลี่ยน (สมัย ร.5) เรียกพริกแกงว่า พริกขิงซึ่งสูตรสมัยนั้นก็ไม่มีขิง มีแต่พริกแห้ง กระเทียม หอม ตะไคร้ ข่า พริกไทย รากผักชี เยื่อเคยดี เกลือไม่มีใครรู้ว่าทำไมถึงเรียกแบบนั้นผมคิดว่านั่นเป็นศัพท์สแลงของคนโบราณ ซึ่งการเล่นศัพท์สแลง/คำเปรียบเปรย มีให้เห็นบ่อยๆ ใน วรรณกรรมโบราณต่างๆคำว่า ""ขิง"" จึงน่าจะเป็นศัพท์สแลงสมัยโบราณ ไม่ได้หมายถึงขิงจริงๆการนำขิง ไปเล่นเป็นคำสแลง พบเห็นได้บ่อยๆอย่างเช่น เปรีบยเทียบคนว่า ""ขิงแก่""หรือก่อนหน้านี้ ก็มีศัพท์คำนึงว่า.... อย่ามาขิง อย่ามาขิง แปลว่า อย่ามาโม้อย่ามาโชว์อะไรแบบนั้นหน่ะครับตอนแรกใช้คำว่า ซุย เช่น อย่ามาซุย ต่อมาก็มาใช้เป็น อย่ามาขิงแต่อันนั้นมาจาก ซุยขี้ขิง = สิงห์ขี้คุยแต่ก็มีสูตรพริกแกงพื้นบ้าน อยู่บางแห่ง ที่มีผู้ยืนยันว่ามีการใส่ขิงจริงๆ แต่ไม่มีหลักฐานอะไรมาแย้งได้ว่า สูตรที่ชาวบ้านทำนั้น ใส่ขิงก่อนตำราแม่ครัวหัวป่าก์ของท่านผู้หญิงเปลี่ยน หรือมาใส่ทีหลังกันแน่ก็เลยไม่สามารถฟันธงได้ เนื่องจากผู้ที่สามารถอธิบายได้ ไม่มีชีวิตอยู่ในปัจจุบันแล้วสักคนคนโบราณรุ่นตายายหลายๆท่าน ยังเรียกผัดพริกแกงสีแดงๆจำพวกผัดเผ็ดว่าผัดพริกขิงเลยครับ ไม่ได้หมายถึงเฉพาะพริกขิงนี้เท่านั้น ... แต่ก็ไม่มีใครสามารถอธิบายได้ ซึ่งผมคิดว่า อาจจะเรียกมาตั้งแต่สมัยอยุธยาแล้วก็ได้ผมจึงเชื่อว่า ผัดพริกขิงที่ไม่มีขิงนี้ อาจจะเป็นคำสแลงมาตั้งแต่ก่อนรัตนโกสินทร์ก็เป็นได้ ไม่ใช่ว่าสมัยก่อนมีขิง แล้วต่อมาเอาขิงออก 😁
 2: สูตรนี้ หอม อร่อยกว่าร้านแน่นอนครับ (เพราะร้านมักลดต้นทุน ไม่ใส่กุ้งแห้ง)เตรียมเครื่องตามภาพ-พริกแห้งผ่าแช่น้ำให้นุ่มเอาเม็ดออก-ขูดเอาผิวมะกรูด ถ้ามะกรูดเหี่ยวๆขูดไม่ออกก็หั่นบางๆสับละเอียดเลย-กุ้งแห้ง-หอมแดง/กระเทียม หั่นชิ้นเล็ก-พริกแกง (แดง)(ใบมะกรูหั่นฝอยอันนั้นเอาใว้โรยตอนผัดเสร็จ)
 3: ตำทุกอย่างเข้าด้วยกับ
 4: จบแล้วจ้า😊 ใส่ถุงซิป เก็บในตู้เย็น เก็บได้เป็นอาทิตย์
เวลาจะทำก็แค่เอาไปผัดกับน้ำมัน ใส่หมูหรือปลา ปลาดุก ปลาฉิ้งช่าง ปรุงรสด้วยน้ำตาลปี๊บน้ำปลาแค่นั้นง่ายๆ มากครับ"
"ทำเครื่อง""ผัดพริกขิง"" เก็บไว้ใช้","1: เคยสงสัยไหมครับว่า... ผัดพริกขิง ทำไมไม่มีขิง ?
สมัยก่อน มีศัพท์เรียกเครื่องแกงต่างๆว่า ""เครื่องปรุง""เครื่องปรุงหมายถึง พริกแกงทุกสูตร แดง เขียว เหนือ กลาง ใต้ เป็นเครื่องเทศที่เอามาตำละเอียด เก็บใว้ใช้ได้นานส่วนพริกขิง เป็นคำที่ใช้เรียก ผัดพริกแกงแดงในสมัยนั้นบันทึกจากตำรากับข้าวเล่มแรกของไทย... หนังสือแม่ครัวหัวป่าก์ของท่านผู้หญิงเปลี่ยน (สมัย ร.5) เรียกพริกแกงว่า พริกขิงซึ่งสูตรสมัยนั้นก็ไม่มีขิง มีแต่พริกแห้ง กระเทียม หอม ตะไคร้ ข่า พริกไทย รากผักชี เยื่อเคยดี เกลือไม่มีใครรู้ว่าทำไมถึงเรียกแบบนั้นผมคิดว่านั่นเป็นศัพท์สแลงของคนโบราณ ซึ่งการเล่นศัพท์สแลง/คำเปรียบเปรย มีให้เห็นบ่อยๆ ใน วรรณกรรมโบราณต่างๆคำว่า ""ขิง"" จึงน่าจะเป็นศัพท์สแลงสมัยโบราณ ไม่ได้หมายถึงขิงจริงๆการนำขิง ไปเล่นเป็นคำสแลง พบเห็นได้บ่อยๆอย่างเช่น เปรีบยเทียบคนว่า ""ขิงแก่""หรือก่อนหน้านี้ ก็มีศัพท์คำนึงว่า.... อย่ามาขิง อย่ามาขิง แปลว่า อย่ามาโม้อย่ามาโชว์อะไรแบบนั้นหน่ะครับตอนแรกใช้คำว่า ซุย เช่น อย่ามาซุย ต่อมาก็มาใช้เป็น อย่ามาขิงแต่อันนั้นมาจาก ซุยขี้ขิง = สิงห์ขี้คุยแต่ก็มีสูตรพริกแกงพื้นบ้าน อยู่บางแห่ง ที่มีผู้ยืนยันว่ามีการใส่ขิงจริงๆ แต่ไม่มีหลักฐานอะไรมาแย้งได้ว่า สูตรที่ชาวบ้านทำนั้น ใส่ขิงก่อนตำราแม่ครัวหัวป่าก์ของท่านผู้หญิงเปลี่ยน หรือมาใส่ทีหลังกันแน่ก็เลยไม่สามารถฟันธงได้ เนื่องจากผู้ที่สามารถอธิบายได้ ไม่มีชีวิตอยู่ในปัจจุบันแล้วสักคนคนโบราณรุ่นตายายหลายๆท่าน ยังเรียกผัดพริกแกงสีแดงๆจำพวกผัดเผ็ดว่าผัดพริกขิงเลยครับ ไม่ได้หมายถึงเฉพาะพริกขิงนี้เท่านั้น ... แต่ก็ไม่มีใครสามารถอธิบายได้ ซึ่งผมคิดว่า อาจจะเรียกมาตั้งแต่สมัยอยุธยาแล้วก็ได้ผมจึงเชื่อว่า ผัดพริกขิงที่ไม่มีขิงนี้ อาจจะเป็นคำสแลงมาตั้งแต่ก่อนรัตนโกสินทร์ก็เป็นได้ ไม่ใช่ว่าสมัยก่อนมีขิง แล้วต่อมาเอาขิงออก 😁
 2: สูตรนี้ หอม อร่อยกว่าร้านแน่นอนครับ (เพราะร้านมักลดต้นทุน ไม่ใส่กุ้งแห้ง)เตรียมเครื่องตามภาพ-พริกแห้งผ่าแช่น้ำให้นุ่มเอาเม็ดออก-ขูดเอาผิวมะกรูด ถ้ามะกรูดเหี่ยวๆขูดไม่ออกก็หั่นบางๆสับละเอียดเลย-กุ้งแห้ง-หอมแดง/กระเทียม หั่นชิ้นเล็ก-พริกแกง (แดง)(ใบมะกรูหั่นฝอยอันนั้นเอาใว้โรยตอนผัดเสร็จ)
 3: ตำทุกอย่างเข้าด้วยกับ
 4: จบแล้วจ้า😊 ใส่ถุงซิป เก็บในตู้เย็น เก็บได้เป็นอาทิตย์
เวลาจะทำก็แค่เอาไปผัดกับน้ำมัน ใส่หมูหรือปลา ปลาดุก ปลาฉิ้งช่าง ปรุงรสด้วยน้ำตาลปี๊บน้ำปลาแค่นั้นง่ายๆ มากครับ"
แกงส้มชะอมทอด,"1: ในส่วนของพริกแกง
ให้น้ำพริกแกงใต้+พริกแกงภาคกลาง+เนื้อปลาทูทอด โขลกให้เข้ากัน
 2: ละลายพริกแกงกับน้ำสะอาดที่เตรียมไว้ จากนั้นเปิดแก๊ส
 3: เมื่อน้ำเริ่มเดือด ปรุงรสน้ำตาลปี้บ+น้ำปลา+เกลือ
ใส่แครอทลงไป
 4: เมื่อเดือดจัดใส่ผักกาดขาว+หัวไชท้าว
 5: ใส่กุ้ง รอจนสุก จากนั้นชิมรสอีกครั้ง ปิดแก๊ส เป็นอันเสร็จ"
แกงแคกบ,"1: นำกบไปย่างเผาไฟ
 2: ชำเหละกบและล้วงล้างให้สะอาด และสับๆๆๆเป็นชิ้นๆ
 3: เตรียมเครื่องปรุงต่างๆให้ครบ
แล้วโขลกรวมกันให้ละเอียด ยกเว้นปลาร้าไว้ทีหลัง
 4: โขลกทุกอย่างละเอียดแล้วก็ใส่ปลาร้าลงไปคลุกเคล้าให้เข้ากัน
 5: นำเครื่องปรุงที่โขลกละเอียดแล้วลงไปคั่วกับกบ
 6: คั่วจนหอมแล้วก็เติมน้ำลงไปได้
 7: พอเดือดแล้วก็ใส่ผักที่ล้างเตรียมไว้ลงไป
 8: อย่าลืมใส่ดอกงิ้วด้วย
 9: ไกล้สุกแล้วใส่ข้าวคั่วในขั้นตอนสุดท้าย คนๆให้ทั่วกัน
 10: ข้าวคั่วหอมๆ ใส่มากน้ำแกงก็จะข้นๆ ปรับปริมาณตามชอบ
 11: สุกแล้ว ปรุงรส น้ำปลา ตามชอบ
 12: ตักเสิร์ฟพร้อมรับประทาน"
แกงแคกบ,"1: นำกบไปย่างเผาไฟ
 2: ชำเหละกบและล้วงล้างให้สะอาด และสับๆๆๆเป็นชิ้นๆ
 3: เตรียมเครื่องปรุงต่างๆให้ครบ
แล้วโขลกรวมกันให้ละเอียด ยกเว้นปลาร้าไว้ทีหลัง
 4: โขลกทุกอย่างละเอียดแล้วก็ใส่ปลาร้าลงไปคลุกเคล้าให้เข้ากัน
 5: นำเครื่องปรุงที่โขลกละเอียดแล้วลงไปคั่วกับกบ
 6: คั่วจนหอมแล้วก็เติมน้ำลงไปได้
 7: พอเดือดแล้วก็ใส่ผักที่ล้างเตรียมไว้ลงไป
 8: อย่าลืมใส่ดอกงิ้วด้วย
 9: ไกล้สุกแล้วใส่ข้าวคั่วในขั้นตอนสุดท้าย คนๆให้ทั่วกัน
 10: ข้าวคั่วหอมๆ ใส่มากน้ำแกงก็จะข้นๆ ปรับปริมาณตามชอบ
 11: สุกแล้ว ปรุงรส น้ำปลา ตามชอบ
 12: ตักเสิร์ฟพร้อมรับประทาน"
กุ้งทอดกระเทียม (สูตรมันกุ้ง),"1: สับกระเทียมพอหยาบๆ คลุกกับเกลือและแป้งทอดกรอบ (ไม่ต้องผสมน้ำ) เล็กน้อยแล้วนำไปเจียวให้เหลืองกรอบ
 2: แกะเปลือกกุ้งผ่าหลังเอาใส้ออก แกะคางกุ้งแยกไว้ ส่วนมันกุ้งรีดแยกไว้
 3: นำมันกุ้งที่แยกไว้เติม ซอสถั่วเหลือง, น้ำมันหอย, น้ำปลา, พริกไทย เติมน้ำเปล่าลงไปเล็กน้อยคนให้เข้ากัน
 4: โรยแป้งทอดกรอบลงคางกุ้ง และกุ้งเล็กน้อยคลุกให้ทั่ว
 5: ตั้งน้ำมันให้ร้อนนำคางกุ้งไปทอดให้เหลืองกรอบตักพักไว้ให้สะเด็ดน้ำมัน จากน้ำทอดกุ้งให้พอเปลี่ยนสีแต่ไม่ต้องสุกมากตักพักสะเด็ดน้ำมัน
 6: ตั้งกะทะใส่น้ำมันเล็กน้อยนำส่วนผสมที่เตรียมไว้ในข้อ 3 ลงไปผัดพอเริ่มข้นใส่เนื้อกุ้งและคางกุ้งลงไปผัดให้เข้ากัน
 7: ตักใส่จานโรยด้วยกระเทียมเจียวที่ทำไว้ทานกับข้าวสวยร้อนๆ ฟินสุด"
ทอดมันปลา (ยี่สก),"1: เตรียมวัตถุดิบกันค่ะ
เพื่อนๆสามารถหาซื้อปลายี่สกได้ตามตลาดสดค่ะ ราคาที่เดียร์ซื้อมาอยู่ที่ 1 กิโล 100 บาทเท่านั้น
 2: มาเริ่มทำกันเลย
1. นำพริกแกงแดง 1 ขีดใส่ในเนื้อปลา และผสมให้ทั่วเนื้อปลาค่ะ2. ใส่ถั่วฝักยาวซอย3. ตามด้วยใบมะกรูดซอยผสมทุกส่วนให้เข้ากันและนำลงไปทอดในน้ำมันเดือดๆ
 3: สำหรับน้ำจิ้ม
เดียร์ทำง่ายๆเลยค่ะ ใช้น้ำจิ้มไก่ ผสมกับน้ำส้มสายชูและถั่วบด ทานคู่กับแตงกวาเป็นอันเสร็จค่ะ"
ผัดไก่ใบยี่หร่า,"1: เตรียมส่วนผสมทั้งหมด
 2: นำส่วนผสมของเครื่องแกงทั้งหมดตำผสมกันหยาบๆ
 3: ตั้งกระทะใส่น้ำมันลงไปเล็กน้อย จากนั้นใส่พริกแกงลงไป ผัดให้พริกแกงพอส่งกลิ่นหอมไม่ต้องเหลืองมาก ใส่ไก่ลงไปรวนให้ส่วนผสมของพริกแกงเคลือบให้ทั่วๆชิ้นไก่
 4: จากนั้นเติมน้ำลงไป ปิดฝาอบไว้เพื่อให้ขาไก่นุ่ม ใช้เวลาประมาณ 5 ถึง 7 นาที
 5: เมื่อได้เวลา ก็ใส่เครื่องปรุงทั้งหมดและ พริกชี้ฟ้าใบมะกรูดลงไป ตามด้วยใบยี่หร่าผัดคลุกเคล้าให้เข้ากัน
 6: ตักใส่จานพร้อมเสิร์ฟ"
ยำอกไก่ฉีก 🌶,"1: ตั้งหม้อตามด้วยน้ำเปล่า รอจนน้ำเดือดนำอกไก่ลงไปต้ม รอจนสุก เติมเกลือไปเล็กน้อย
 2: นำขึ้นมาฉีกเป็นเส้นๆใส่ในภาชนะ
 3: ผสมน้ำยำโดยใช้ น้ำเชื่อม น้ำตาลทราย มะนาว พริกขี้หนู พริกป่น ปั่นละเอียด ชิมรสตามชอบ
 4: นำน้ำยำและส่วนผสม ได้แก่ ไก่ที่ฉีกไว้ แตงกวา หัวหอมแดง มะเขือเทศ และขึ้นฉ่ายใส่ในภาชนะ คลุกเคล้าให้เข้ากัน
 5: พร้อมเสิร์ฟค่ะ"
น่องไก่ติดสะโพกอบสมุนไพร,"1: ล้างน่องไก่ติดสะโพกให้สะอาด และนำส่วนผสมทั้งหมดมาคลุกเนื้อไก่ ใช้ส้อมจิ้มเนื้อไก่เพื่อให้ส่วนผสมซึมเข้าเนื้อไก่
 2: นำไก่ที่หมักมาใส่ถุงซิบล็อค หรือภาชนะที่มีฝาปิด หรือแร็บ แล้วแช่ในตู้เย็นพักไว้ 2-3 ชั่วโมง หรือ 1 คืน
 3: เปิดเตาอบ วอร์มไว้ที่อุณหภูมิ 170 องศา
 4: นำถาดหรือภาชนะที่ใช้ในเตาอบได้ มาปูรองด้วยฟรอยด์ และฉีดสเปรย์น้ำมันคาโนล่าหรือน้ำมันมะกอกลงบนฟรอยด์ให้ทั่ว จากนั้นนำไก่ที่แช่ตู้เย็นไว้มาจัดวาง โดยวางสะโพกไก่ด้านที่ติดหนังไว้ด้านใต้ก่อน
 5: นำไก่ที่วางบนถาดเข้าเตาอบ อบทิ้งไว้ประมาณ 20-25 นาที จากนั้นใช้ที่คีบ กลับด้านไก่ฝั่งที่ติดหนังขึ้นด้านบนแทน และอบต่ออีก 20 นาที คอยสังเกตที่หนังไก่ว่าเริ่มขึ้นสีน้ำตาลเข้มเล็กน้อย
 6: ถ้าต้องการทานคู่กับผักอบ เช่นหนอไม้ฝรั่งหรือบร็อคโคลี่ สามารถนำผักมาห่อด้วยฟรอยด์และนำเข้าเตาอบ อบคู่กับไก่ได้ในช่วง 10 นาทีสุดท้ายก่อนจะครบเวลา
 7: เมื่ออบเสร็จแล้ว นำไก่และผักอบมาจัดใส่จาน สามารถทานคู่กับข้าวกล้อง ข้าวสวย หรือข้าวเหนียว หรือแม้แต่ทานกับผักสลัดก็ได้"
แกงคั่วกุ้งใบชะพลู,"1: เตรียมส่วนผสมครับ
 2: เทกะทิลงหม้อ เปิดไฟกลางๆคนหม้อกะทิด้วยนะครับเดี๋ยวจะไหม้ครับ
 3: พอน้ำกะทิเดือดแล้ว ใส่เครื่องแกงคั่วลงไปเอาทัพพีกดๆให้ละลายเข้ากัน
 4: ใส่กะปิลงไปเอาทัพพีกดๆครับ
 5: ใส่น้ำเปล่าเพิ่มครับ
 6: ปรุง น้ำปลา น้ำตาลปี๊บ เกลือ เอารสตามชอบเลยนครับ
 7: พอชิมรสถูกปากเราแล้ว จัดการใส่กุ้งลงไปเลยครับ
 8: พอกุ้งจะสุกแล้วใส่ใบชะพลู แบบกระจายๆทั่วหม้อคนๆให้ใบชะพลูยุบตัวลงปิดแก๊สเลยครับ
 9: ลวกเส้นบะหมี่ขาวเตรียมไว้ราดแกงปูใบชะพลูเลยครับ และจัดจานตกแต่งให้สวยงาม"
ปลาส้ม ( ปลาจีน ),"1: วัตถุดิบง่านๆ แค่ 4 อย่าง
 2: ล้างปลาให้สะอาด หั่นเป็นชิ้น ตามชอบ และ เตรียมเกลือให้พร้อม
 3: ละลายเกลือกับน้ำ แล้วนำปลาลงแช่ 3-4 ชม. ( สัมผัสเนื้อปลาจะแข็งขึ้น ) จากนั้น นำขึ้นพักไว้ ให้สะเด็ดน้ำ
 4: ระหว่างพักปลา นำกระเทียมไปโขลกหรือบดให้แหลก คลุกเคล้ากับข้าวเหนียวให้เข้ากัน แล้วนำปลาที่พักไว้ลงไปเคล้าให้ทั่ว
 5: แบ่งใส่ถุง เพื่อสะดวกในการรับประทานต่อมื้อ รัดยางให้แน่น ใส่ภาชนะปิดฝาให้มิดชิด เก็บไว้ 3-5 วัน รับประทานได้ ( หลังจาก 5 วันแล้วให้เก็บในตู้เย็นเพื่อหยุดความเปรี้ยว )"
ปลาแนม,"1: ต้มหมูสามชั้นให้สุก ลอกเอามาแต่หนังหมู นำมาพักให้แห้ง แล้วซอยเป็นเส้นเล็กๆพอคำ ซอยหอมแดงซอยพริกขี้หนู หั่นมะนาวเป็นชิ้น เตรียมเอาไว้
 2: นำมะพร้าวขูด ไปคั่วในกระทะ ให้มีกลิ่นหอม และมีสีน้ำตาลปน ยกขึ้นพักไว้ ปลาย่าง นำไปยีให้เป็นฝอยๆ ลงไปคั่วในกระทะร้อนๆด้วยอีกครั้ง ขึ้นพักไว้
 3: นำส่วนผสมทุกอย่าง มาคลุกเคล้าเข้าด้วยกัน หรืออาจจะคลุกเฉพาะมะพร้าวคั่ว ปลาย่าง กับหนังหมูก็ได้ แล้วนำหอมแดงซอย พริกและมะนาว มาโปะไว้ด้านหน้าเพื่อความสวยงามเวลากิน กินร่วมกับใบชะพลูในลักษณะ เหมือนเมี่ยงคำ"
คะน้าผัดปลากระป๋อง,"1: เตรียมวัตถุดิบให้พร้อม
 2: พริกกับกระเทียมลงผัดในกะทะ
 3: เอาก้านลงไปผัดก่อน
 4: ก้านสุกดีแล้วตามด้วยใบ
 5: ตามด้วยปลากระป๋องพร้อมปรุงรสตามชอบ
 6: เสร็จพร้อมเสริฟ อิ่ม อร่อย ถูก"
ก๋วยเตี๋ยวไก่ตุ๋นมะระ,"1: หั่นมะระเป็นชิ้นขนาดตามต้องการ โรยเกลือป่นลงในมะระ เคล้าเบา ๆ พอเข้ากันเติมน้ำเปล่าพอท่วม แช่ไว้สัก 15 นาที แล้วล้างออกให้สะอาด นำมะระลงไปลวกในน้ำร้อนเพื่อให้คลายความขมออกมา ตักขึ้น สะเด็ดน้ำ พักไว้ต้มน้ำเปล่าพอเดือด ใส่น่องไก่+เกลือป่น ลงไป ค่อย ๆ ช้อนฟองทิ้ง
 2: ใส่โป๊ยกั๊ก+อบเชย+ รากผักชี+กระเทียม+พริกไทย+เครื่องตุ๋นยาจีนลงต้มพอเดือด
 3: ปรุงรสด้วยซอสเห็ดหอม +ซีอิ๊วขาว+ ซีอิ๊วหวาน+ ซอสปรุงรส+น้ำตาลกรวดหรือน้ำตาลทราย+ น้ำตาลปี๊บ+ผงพะโล้ คนให้เข้ากัน ชิมรสชาติเพิ่มเติมได้ตามชอบ
 4: ใส่เห็ดหอม +มะระ ลงไป ปิดฝา ห้ามคนรอจนเดือด ตุ๋นต่อสักพัก ตุ๋นจนไก่เปื่อยนุ่ม ปิดเตา
 5: ใส่เส้นก๋วยเตี๋ยว +ปักลงลวกในน้ำเดือดจนสุก ตักใส่ชาม ตักน่องไก่ตุ๋น+มะระตุ๋น วางบนเส้น ราดน้ำซุป โรยกระเทียมเจียว ต้มหอม ผักชี พร้อมเสริฟความอร่อยคะ😊😍❤"
แกงฟักทองใส่หมู(คนอร์),"1: ล้างวัตถุดิบทั้งหมดให้สะอาด ปอกเปลือกฟักทอง หั่นเป็นชิ้นพอคำ หั่นเนื้อหมูชิ้นพอประมาณ ใบมะกรูดฉีกครึ่ง เอาก้านออก เด็ดใบโหระพา พริกขี้หนูแดงหั่นเฉลียง
 2: นำเอาหมูไปคั่วในหม้อใส่น้ำเล็กน้อย ตั้งไฟกลาง พอหมูสุกตักพักไว้
 3: นำกะทิตั้งไฟ ให้แตกมัน ใส่พริกแกง ผัดให้พริกแกงหอม
 4: ใส่เนื้อหมู ฟักทองลงไป เติมน้ำเปล่า รอเดือด
 5: ปรุงรส น้ำตาลปี๊บ น้ำปลา คนอร์ ปรุงรสตามชอบ หมูและฟักทองสุกแล้ว ปิดไฟ ใส่ใบมะกรูดฉีก พริกหั่น ใบโหระพา
 6: เสร็จแล้วตักเสริฟ์ ทานกับข้าวสวยร้อนๆ"
กากหมูเจียว,"1: ล้างมันหมูติดหนังหั่นชิ้นด้วยน้ำส้มสายชูและเกลือป่นเพื่อดับกลิ่นคาว ล้างน้ำเปล่าให้สะอาด
 2: นำมันหมูติดหนังใส่กระทะใส่น้ำเปล่าและเกลือป่น (มันหมูติดหนัง 1 กก. เราใส่ 1/2 ชต) ต้มให้น้ำมันหมูละลายออกมาดี และไม่มีเสียงปะทุของน้ำมัน ปิดเตา แช่มันหมูติดหนังไว้ในกระทะรอให้เย็นตัวประมาณ 1-2 ชม.
 3: มันหมูติดหนังที่แช่ในน้ำมันจะได้แบบนี้!! ตักมันหมูติดหนังออกจากกระทะ ตักน้ำมันหมูออกส่วนหนึ่งเอาไว้ทำอาหาร อีกส่วนเอาไว้ทอดมันหมูติดหนัง
 4: ใช้ไฟปานกลางค่อนอ่อน ใส่มันหมูติดหนังลงไปทอด หนังหมูจะค่อยๆฟูกรอบแบบนี้เลย ลุ้นมาก!! กลัวจะพัง 🤣
 5: เซอร์ไพรซ์!! ทำกินเองได้แล้ว กรอบกรุบๆ
 6: ตักขึ้นให้สะเด็ดน้ำมัน พักไว้ให้เย็นดี แล้วใส่ภาชนะปิดสนิท"
แกงคั่วหมูหน่อไม้ดอง,"1: 1.กระทะตั้งไฟ ใส่กะทิเรียลไทยลงไปพอเดือดใส่พริกแกงคั่วลงไปผัดให้หอม พอกะทิเริ่มแตกมันสีสวย ลดไฟลง
 2: 2.ใส่เนื้อหมูลงไปผัดให้เข้าเนื้อ..เติมน้ำเปล่าลงไปเล็กน้อย..ใส่หน่อไม้ดอง ชะอม พริกชี้ฟ้า ลงไป..พอเดือดดีใส่กะทิเรียลไทยลงไปเพิ่มความเข้มข้น หอมมัน
 3: 3.ปรุงรสชาติด้วย น้ำตาลมะพร้าว น้ำปลา เกลือเล็กน้อย..คนให้เข้ากันชิมรสชาติให้อร่อยถูกใจพร้อมเสิร์ฟแบบเข้มข้นหอมมันดีเลย"
ปูผัดขึ้นฉ่าย(สูตรข้าวแกง),"1: เตรียมอุปกรณ์ที่จะใช้ผัดปูล้างและสับ
 2: พร้อมผัด...ไปลุยกัน
 3: นำปูลงไปผัดกับกระเทียม
 4: ใส่น้ำเปล่าลงไปนิดหน่อยปูจะสุกเร็วขึ้น
 5: ปรุงรสตามชอบ
 6: เขี่ยปูที่สุกแล้วออกขอบกะทะตอกไข่ใส่ลงไป
 7: ไข่เริ่มเซตตัว คลุกเคล้าให้เข้ากัน
 8: ชิมรสให้ถูกใจจากนั้นใส่ใบขึ้นฉ่ายและพริกชี้ฟ้า
 9: ผัดจนขึ้นฉ่ายสลบพร้อมเสริฟ
 10: น่าทานมั้ย"
"“แกงเลียงกุ้งสด""","1: ตำพริกแกงเลียง = ตำพริกแห้งและเกลือให้ละเอียด ใส่กระชาย หอมแดง กะปิ กุ้งลงไปตำให้ละเอียด พักไว้
 2: ตั้งหม้อ ใส่น้ำสะอาด 1 ถ้วยก่อน ตามด้วยพริกแกงที่ตำ และฟักทอง ต้มจนฟักทองเริ่มสุก จึงเติมน้ำอีก 2 ถ้วย
 3: ใส่บวบ เห็ด และข้าวโพด ปรุงรสด้วย น้ำตาลทราย น้ำปลา ผงปรุงรส พริกไทยป่น ชิมรสชาติตามชอบ ใส่ใบแมงลักคนให้เข้ากัน ปิดแก๊ส ตักใส่ชามพร้อมเสิร์ฟ"
ปลาทูต้มมะดัน,"1: 1. เตรียมเครื่องใส่น้ำต้มยำต่างๆ ทุบพริกขี้หนู หอมแดง ตะไคร้ และรากผักชีให้พอแตก หั่นข่า ซอยผักชีฝรั่ง ฉีกใบมะกรูด สับมะดันให้เป็นชิ้นใหญ่ๆ ผ่ามะนาวเตรียมรอไว้
 2: 2. ตั้งน้ำพอประมาณ นำเครื่องทุกอย่างที่เตรียมไว้ข้างต้น(ยกเว้นมะนาว)ใส่ลงไป ปรุงรสด้วยเกลือและน้ำปลา
 3: 3. นำปลาทูสดที่ล้างทำความสะอาดแล้วใส่ลงไป พอใส่ไปแล้วไม่ต้องคนหรือพลิกตัวปลานะคะ
 4: 4. ต้มไปเรื่อยๆประมาณ 20 นาที+++ พอเห็นว่าปลาสุกนุ่มดีแล้วก็ปิดเตาตักใส่ชามได้ ปรุงรสเปรี้ยวเพิ่มด้วยมะนาว ผักชี และพริกขี้หนูทุบ
 5: เสร็จพร้อมรับประทานจ้าา ตักข้าวสวยมาจานนึงเร๊ววว 😁"
หมูผัดน้ำมันหอย,"1: ตั้งกระทะไฟกลางตามด้วยน้ำมันถั่วเหลือง เมื่อน้ำมันร้อนตามด้วยเนื้อหมูที่หั่นไว้ ผัดจนเริ่มสุก
 2: ปรุงรสด้วยน้ำตาลทราย น้ำมันหอย อร่อยชัวร์ เติมน้ำเปล่าเล็กน้อย ชิมรสตามชอบ
 3: เสร็จแล้วปิดไฟค่ะ
 4: ราดลงบนข้าวสวย ทานกับไข่ดาวและแตงกวา มันดีมากกกก ~"
หมูทอดกระเทียมโบราณ และข้าวกล้องผัดไข่,"1: เตรียม วัตถุดิบให้ครบ แล้วหั่นหมูสไลด์ แบบพอดีคำค่ะ
 2: ตำพริกไทยเม็ดให้ละเอียด แล้ว ปอกเปลือกกระเทียมออก ใส่กระเทียมลงไป โขลกไม่ต้องละเอียดมากค่ะ
 3: แล้วเอาเนื้อหมูที่หั่นแล้วใส่ลงไปในครกค่ะ ใส่เครื่องปรุงที่เตรียมไว้ลงไป ซอส น้ำตาล น้ำมันหอย พริกไทย คลุกเคล้าให้เข้ากันหมักไว้ในครอบพักไว้สักแป๊บนึงตั้งกระทะ ให้ร้อน
 4: ใส่น้ำมันลงไป2ช้อนโต๊ะกะทะร้อนแล้ว ใส่หมูที่หมักไว้ลงไปทั้งหมดเลยค่ะ
 5: ทอดจนหมูาเหลืองทองเริ่มแห้งก็ใช้ได้แล้วค่ะ ตักใส่จานค่ะพักไว้แล้วไปผัดข้าวกันค่ะ
 6: ต่อมาทําข้าวผัดไข่ค่ะตั้งกระทะใส่น้ำมันลงไป 1 ช้อนโต๊ะ ใส่กระเทียม ลงไปผัดเจียวจนหอม แล้วตอกไข่ไก่ลงไป 2 ฟอง ไปเข้ากันในกระทะแล้วใส่ข้าวลงไป ปรุงด้วยซอส 2ช้อนโต๊ะ น้ำตาลทราย 1 ช้อนชา ผงปรุงรสคนอร์ 1 ช้อนชา ผัดให้เข้ากันไข่สุกจนแห้ง ใส่ต้นหอมซอยลงไป ปิดไฟ
 7: ตักใส่จานพร้อมเสิร์ฟโรยพริกไทยนิดหน่อย เพิ่มเติมด้วยน้ำปลาพริก ขี้หนู บีบมะนาวลงไปค่ะ"
ต้มแซบขาหมูเผา 🐷,"1: ตั้งน้ำต้มขาหมูเผาตะไคร้ ข่า หอมแดง ผงปรุงรสให้เปื่อยนุ่ม
 2: เติมพริกป่น
 3: ปิดไฟ เติ ผักชีฝรั่ง ใบมะกรูดฉีก พริกจินดาหั่น
 4: เติมพริกแห้งทอด
 5: ปรุงรสด้วยมะนาว
 6: เสร็จพร้อมเสริฟ"
ปลาทอดขมิ้น,"1: 1. ตำกระเทียมกับขมิ้นให้พอแหลกครับ (ขมิ้นจะมียางหน่อยๆ เวลาตำแล้วจะรู้สึกว่าตำยากนิดๆ ครับ แล้วครกจะเหลืองติดสีไปซักพักเลยครับ)
 2: 2.เอาเครื่องทำตำแล้วกับเกลือเคล้ากับตัวปลาให้ทั่ว ทั้งข้างนอก ข้างใน แล้วพักไว้ 15 นาที
 3: 3. นำลงทอดในกระทะใส่น้ำมันมากหน่อยตั้งไฟให้ร้อนจัด

 4: 4. ใช้มือรูดเครื่องที่หมักออกจากตัวปลาบ้าง (ถ้าใส่ลงไปพร้อมกับเครื่องหมักจะไหม้ก่อนปลาสุกครับ) นำลงทอดจะสุก เหลือง ถ้าชอบกินเครื่องหมักทอดให้นำเครื่องหมักลงลงทอดจนเหลืองกรอบอีกครั้ง"
เห็ดชิเมจิผัดน้ำมันหอย 🍄,"1: - นำเห็ดมาหั่นเอาส่วนตรงรากออก
 2: - บุบกระเทียบหยาบๆ
- นำต้นหอมมาหั่นเป็นท่อน- หั่นพริก
 3: - นำกระเทียมมาผัดในน้ำมันจให้กลิ่นหอมๆ
 4: - จากนั้นนำเห็ดลงไปผัด
 5: - นำเครื่องปรุงใส่ลงไปผัดพอเห็ดเริ่มสุกก็ใส่ต้นหอมขั้นตอนสุดท้าย
 6: - จัดใส่ลงจาน"
กระดูกหมูตุ๋นผักกาดดอง,"1: 1. ล้างทำความสะอาดกระดูกหมูทั้งหมด แล้วหั่นให้มีความยาวประมาณ 2 นิ้ว
 2: 2. ปลอกเปลือกระเทียมให้เกลี้ยง บุๆพอแตก และหั่นเห็ดหอมเป็นชิ้นๆพอดีคำ
 3: 3. นำผักกาดดองมาหั่นเป็นชิ้นพอดีคำ น้ำผักกาดดองให้ใส่ไว้ในหม้อตุ๋นทั้งหมด
 4: 4. เติมน้ำสะอาดลงไปในหม้อตุ๋นที่มีน้ำผักกาดดองอยู่แล้วให้ระดับนำ้ในหม้ออยู่ที่ 2/3 ของหม้อ
 5: 5. นำส่วนผสมทั้งหมด (กระดูกหมู, กระดูกอ่อน, กระเทียม, ผักกาดดอง, เห็ดหอม, เม็ดพริกไทยดำ) ใส่ลงไปในหมอ ตุ๋นนานอย่างน้อย 2 ชม. หรือจนกว่ากระดูกอ่อนจะใส ในขณะที่ตุ๋นไปเรื่อยๆ หากน้ำในหม้อลดเหลือน้อย ให้ค่อยๆเติมน้ำสะอาดเพิ่มได้เรื่อยๆ แล้วปรุงรสด้วยซีอิ้วขาวตามชอบ"
กั้งคั่วพริกเกลือ,"1: แกะเปลือกกั้งล้างทำความสะอาดให้ไม่มีกลิ่นคาวแล้วเอาลงนึ่ง 5 นาที
 2: นึ่งเสร็จแล้วนำกั้งขึ้นมาพักไปก่อน
 3: ซอยต้นหอม พริกขี้หนู รากผักชี และกระเทียมสับหยาบ
 4: ตั้งน้ำมันในกระทะ นำกระเทียม พริกขี้หนู รากผักชีลงไปผัดจนกระเทียมเริ่มมีสีเหลืองนวล ใส่เนื้อกั้งตามลงไป ปรุงรสด้วยซอสฝาเขียว น้ำตาล เกลือ คลุกเคล้าให้ได้ที่ จากนั้นเติมต้นหอมซอย ผัดอีก2ที ปิดแก๊สได้เลย
 5: กั้งคั่วพริกเกลือพร้อมเสิร์ฟ"
หมูผัดขิง และ เห็ดหูหนู,"1: หั่นหมูสันในเป็นชิ้นพอดีคำ
 2: ล้างขิงอ่อน และซอยเป็นเส้นบางๆ
 3: แช่เห็ดหูหนูแห้งในน้ำสะอาดจนนิ่ม
 4: ตั้งกะทะใส่น้ำมันเล็กน้อย ใส่ขิงลงเจียวให้เกรียม
 5: ใส่หมูและเห็ดลงผัดปรุงด้วยซีอิ๊วขาวและน้ำตาลคลุกเคล้าให้ทั่ว
 6: ใส้น้ำเปล่า ผัดต่อจนเดือด ชิมรสชาดตามชอบ
 7: ผัดจนเนื้อหมูสุก ตักขึ้นใส่จานพร้อมทาน"
ไข่พะโล้หมูสามชั้น,"1: โขลกรากผักชี กระเทียม ทำสองเกลอพอ คนที่ 3 นอกใจไปอยู่กับคนอื่นแล้ว 😝 ต้มไข่ ปอกเปลือก พักไว้
 2: ค้่วผงพะโล้ กับพริกไทยให้หอม .. พริกไทยมีแควนเป็นผงพะโล้นี่เอง 😝
 3: คั่วอบเชย โป๊ยกั๊ก ซวงเจียให้หอม พักไว้
 4: คั่วรากผักชี กระเทียมให้พอหอมๆ ไม่ใส่น้ำมันนะคะ คั่วเอา ตั้งหม้อต้มน้ำอีกใบเตรียมไว้
 5: เติมหมูสามชั้น ผัดให้หอมเข้าเนื้อ จะมีน้ำมันหมูสามชั้นออกมา ไม่ติดกระทะแล้วค่ะ
 6: เติมเครื่องปรุง ผงพะโล้ เครื่องเทศที่เตรียมไว้ ผัดให้เข้าเนื้อ ยกเว้นน้ำตาลปี๊บ เพราะเราต้องการให้ซอสเข้าเนื้อและหมูนุ่มละลายในปากค่ะ การเติมน้ำตาลปี๊บลงไปก่อนจะรัดผิว ซอสเคลือบแต่ไม่ซึม เนื้อหมูจะคงรูปสวยแต่ไม่นิ่มค่ะ
 7: เติมหมูลงในหม้อน้ำที่ต้มไว้
 8: เติมไข่ต้ม ตุ๋นไฟอ่อน
 9: พอหมูนุ่มเติมน้ำตาลปี๊บ คนจนละลาย ปรุงรสสุดท้ายค่ะ
 10: เติมเต้าหู้ทอด
 11: เสร็จพร้อมเสริฟ"
แกงไก่ใส่ฟักทอง(ไม่เผ็ด),"1: จัดเตรียมส่วนผสมและเครื่องปรุง หั่นไก่และฟักทองเป็นชิ้นๆพอดีคำ ล้างให้สะอาดพักไว้ นำเครื่องพริกแกงเด็กมาโขลกเข้าด้วยกันไม่ต้องละเอียดมาก
 2: ตั้งหม้อใส่น้ำมันพืชนำพริกแกงเด็กลงไปผัดให้พอมีกลิ่นหอม ใส่เนื้อไก่ลงไปผัดให้พอสุก
 3: เติมน้ำเปล่า และฟักทองลงไป ต้มจนฟักทองเริ่มสุก
 4: ใส่ใบมะกรูดลงไป ปรุงรสด้วยน้ำปลา น้ำตาลทราย คนให้เข้ากัน ชิมรสชาต ใส่ใบแมงลักลงไป ปิดเตา
 5: ตักเสริฟ พร้อมข้าวสวยร้อนๆ หอมอร่อยค่ะ"
สันคอหมูคั่วพริกเกลือ,"1: ตั้งกะทะให้ร้อน ใช้ไฟแรง
 2: ผัดสันคอหมูสไลด์จนสุก
 3: เติมพริกและกระเทียมสับ ผัดให้แห้ง เติมเกลือ และน้ำตาล ปรุงรสตามชอบ
 4: ตักใส่จาน พร้อมเสริฟ"
ฉู่ฉี่ปลานิล (สูตรคุณยาย),"1: ตั้งกระทะใส่น้ำมันพืช พอท่วมตัวปลา รอให้น้ำมันเดือด นำปลาลงทอดให้สุกทั้งสองด้าน ให้เป็นสีเหลืองทอง พักให้สะเด็ดน้ำมัน
 2: ตั้งกระทะใส่น้ำมันประมาณ 1-2 ช้อนโต๊ะ รอให้น้ำมันร้อน แล้วใส่พริกแกงลงไปผัดให้หอม
 3: เติมน้ำปลา น้ำตาล ผงชูรส ใบมะกรูดหั่นฝอย (เหลือไว้นิดหน่อยสำหรับโรยหน้า)
 4: นำปลาที่พักไว้ ลงกระทะมาคลุกกับส่วนผสมที่ผัดไว้ให้ทั่ว ตักใส่จาน โรยหน้าด้วยใบมะกรูดหั่นฝอย"
ผักกาดขาวผัดไข่,"1: หั่นผักกาดขาวขนาด1 ข้อนิ้ว
 2: ผัดกระเทียมให้หอมแล้วใส่ไข่ลงไป รอไข่เซ็ทตีให้แตก
 3: ใส่ผักกาดขาวแล้วปรุงรส
 4: ผัดให้ผักและไข่เข้ากันก็เรียบร้อยจ้า"
ข้าวไก่กรอบซอสเขียวหวาน,"1: นำไก่ชุบแป้งทอดกรอบ ชุบไข่ และเกล็ดขนมปัง นำไปทอดแล้วพักไว้ให้สะเด็ดน้ำมัน

 2: ทำซอสแกงเขียวหวานโดนนำหม้อตั้งไฟ ใส่หัวกะทิลงไป นำพริกแกงเขียวหวานลงไปผัดให้มีกลิ่นหอม
 3: ปรุงรสด้วยน้ำปลาและน้ำตาลปี๊บคนให้เข้ากันแล้วปิดไฟ
 4: นำอาหารจัดใส่จาน พร้อมรับประทาน"
แกงไก่ใส่เส้นร้อน,"1: เตรียมส่วนผสมและเครื่องปรุง นำวุ้นเส้นไปแช่น้ำจนนิ่ม
 2: นำส่วนผสมของพริกแกง พริกขี้หนูแห้ง พริกแดง ข่า ตะไคร้ซอย หอมแดง มาโขลกเข้าด้วยกัน โขลกพอหยาบๆ
 3: ตั้งหม้อใส่น้ำมันพืชเล็กน้อยแล้วนำพริกแกงลวไปผัดให้พอส่งกลิ่นหอม
 4: ใส่เนื้อไก่ลงไปผัดต่อ
 5: ตามด้วย ตะไคร้หั่นท่อน ใบมะกรูด หอมแดง เกลือ ลงไปคั่วต่อสักพัก
 6: จากนั้นใส่น้ำเปล่าลงไป
 7: รอให้เดือด ปรุงรสด้วยน้ำปลา น้ำตาลมะพร้าว เคี่ยวต่อจนไก่สุกได้ที่
 8: จากนั้นใสวุ้นเส้นลงไป
 9: ตามด้วยใบแมงลัก และต้นหอม ปิดเตา
 10: ตักใสชาม เสริฟพร้อมข้าวสวย"
แกงกะทิหมูหน่อไม้,"1: เทกะทิใส่ลงในหม้อ เติมน้ำเปล่า แล้วเปิดไฟกลางๆ รอกะทิเดือด
 2: พอกะทิเดือด ใส่เครื่องแกง กะปิ หมู ลงไปพร้อมกัน รอเดือดอีกรอบ
 3: พอเดือดอีกรอบใส่หน่อไม้ลงไป ปรุงรส รอเดือดอีกรอบ
 4: เดือดแล้ว ยกลงจากเตา โรยด้วยใบโหระพา
 5: ตักเสริฟ"
✿ แกงมะระ ✿,"1: เตรียมส่วนผสมให้พร้อมค่ะ เวลาทำจะได้ง่ายๆรวดเร็ว
 2: หั่นมะระ คลุกเกลือทิ้งไว้ครั้งนี้เราทิ้งไป 10 นาทีค่ะ
 3: ตั้งน้ำให้เดือดแล้วลวดมะระที่คลุกเกลือเลยค่ะ สัก 3-5นาที สุกพอดีค่ะเพราะว่าชิ้นเล็ก
 4: เอามาล้างน้ำเย็นเลย ส่วนนี้คือเราจะเตรียมเอาไปแกงแล้วค่ะ
 5: ตั้งหม้อไปกลางใส่กะทิลงไปครึ่งขวดเล็กค่ะ พอกะทิเดือดเริ่มแตกมันใส่พริกแกงลงไปผัดๆให้หอมๆเลยนะคะ
 6: พอพริกแกงและกะทิแตกมันได้ที่แล้วใส่เนื้อหมูลงไปเลยค่ะ ผัดให้พอหมูตึงๆแล้วใส่คนอร์ไป 1 ก้อนค่ะง่ายดี
 7: เติมน้ำไปพอท่วมๆนิดๆนะคะ เราชอบหมูเปื่อยๆนิ่มๆ ครั้งนี้เราตั้งตุ๋นไฟอ่อนๆไป 1 ชั่วโมงค่ะ
 8: พอครบเวลาที่เราว่าหมูมันได้ที่แล้ว ก็ค่อยๆลงมะระไปค่ะ แล้วเติมกะทิที่เหลือตั้งไปอีก 10 นาทีค่ะชิมรส เพิ่มเติมรสอะไรยังไงก็ปรุงช่วงนี้เลยนะคะ ทุกอย่างได้ที่แล้วพร้อมเสริ์ฟเลยค่ะ"
ไข่ลวก,"1: ต้มน้ำเดือดๆเลย
 2: ใส่ไข่(อุณหภูมิห้อง)ลงไปทั้งสองฟองแล้วปิดไฟ
 3: ปิดฝา รอ 3 นาทีนะคะ
 4: ปิ๊งป่อง ครบเวลาล้างน้ำเย็นหน่อยแล้วตอกออกมาก็ได้แบบนี้เลยจ้า"
ต้มส้มปลาหมอใบมะขามอ่อน,"1: หอมแดง พริกไทย กะปิ โขลกเข้าด้วยกัน
 2: ปลาล้างให้สะอาด ทำปลาด้วยการขอดเกล็ดออก
 3: ใส่น้ำในหม้อต้มให้เดือดโดยใช้ไฟปานกลางใส่เครื่องที่โขลกไว้ คนให้ละลาย เติมน้ำปลา น้ำตาลและน้ำมะขามเปียก
 4: พอน้ำเดือด ใส่เนื้อปลาลงไป ต้มจนเนื้อปลาสุก (อย่าคนก่อนที่เนื้อปลาจะสุกนะครับ..!!!เดี๋ยวปลาจะคาว)
 5: ใส่ต้นหอมและใบมะขามอ่อนลงไปปิดไฟได้เลย"
ต้มโคล้งปลากรอบ,"1: หั่น เห็ดฟาง มะเขือเทศ ข่า ตะไคร้ ผักชีฝรั่ง เตรียมไว้
 2: หั่นปลาที่ทอดไว้ ให้เป็นชิ้นๆ พอดีคำ
 3: ต้มน้ำให้เดือด ใส่ ข่า ตะไคร้ หอมแดง เห็ดฟาง ใบมะกรูด พอเริ่มได้กลิ่นให้ใส่เห็ดฟาง พอเดือกให้ลดไฟลงเหลือแค่ไฟกลาง ใส่ปลาที่หั่นตั้งไว้ ไม่ต้องคน ใส่มะเขือเทศ ปรุงรสให้ได้ตามชอบ ตบพริกแดงใส่ลงไป ตั้งให้เดือดอีกรอบ ใส่ผักชีฝรั่ง โรยพริกแห้ง ใบกระเพรา ปิดไฟ พร้อมเสริฟ"
ผัดเผ็ดเนื้อหน่อไม้ดอง,"1: โคลกพริกแกงรึว่าจะหาซื้อเองตามสะดวกคะ
 2: นำเนื้อมาหั่นเป็นชิ้นบางๆรึว่าสับก็ได้คะตามความชอบ
 3: นำพริกแกงที่ได้ลงผัดให้หอมจากนั้นใส่เนื้อลงผัดตาม ปรุงรสตามความชอบได้เลยนะคะ บางท่านอาจใส่พริกไทยเพิ่มความเผ็ดร้อนได้คะ
 4: พอเนื้อเริ่มสุกได้ที่ใส่หน่อได้ดองที่ผ่านการล้างและต้มเรียบร้อยลงผัดเลยคะ ใส่ใบมะกรูดเพิ่มความหอม
 5: ผัดให้แห้งแล้วแต่ความชอบนะคะ เสร็จเรียบร้อยคะ"
ผัดเห็ดรวมน้ำมันหอย,"1: มาเตรียมเห็ดต่างๆ
-เห็ดฟาง นำมาตัดส่วนโคนทิ้ง ผ่าครึ่ง-เห็ดออรินจิ ผ่าครึ่ง หั่นเฉียงๆ-เห็ดนางฟ้าภูฐาน ตัดโคนทิ้ง ถ้าดอกใหญ่ ฉีกเป็นชิ้นเล็กลง
 2: ตั้งกระทะ ใส่น้ำเปล่า ต้มน้ำให้เดือด นำเห็ดลงไปลวกให้สุก
 3: นำไปน็อคด้วยน้ำเย็น ตักพักไว้ให้สะเด็ดน้ำ
 4: -พริกชี้ฟ้า นำมาล้างน้ำ หั่นเป็นชิ้นเฉียงๆ
-ต้นหอม ล้างให้สะอาด หั่นเป็นท่อนเตรียมไว้
 5: ตั้งกระทะ ใส่น้ำมัน รอจนน้ำมันร้อน ใส่กระเทียมลงผัดให้สุกเหลือง หอม
 6: -ใส่เห็ดที่ลวกลงผัด -ปรุงรสด้วย น้ำมันหอย+ซีอิ้วขาว+น้ำตาลทราย
-ชิมและปรุงให้ได้รสตามที่ชอบ
 7: -ใส่ต้นหอมหั่นท่อน
-ใส่พริกชี้ฟ้าหั่นเฉียง-โรยพริกไทยป่น
 8: ผัดให้เข้ากันอย่างเร็วๆ ปิดไฟ ยกลงจากเตา
 9: ตักเสิร์ฟลงจาน รับประทานกับข้าวสวยร้อนๆ"
ใบเหลียงผัดไข่ ใส่กากหมู,"1: เตรียมวัตถุดิบกันค่ะ
- ใบเหลียง, ไข่ไก่- น้ำตาลทราย, กระเทียมสับหยาบ, ซีอิ๋วขาว และ น้ำมันหอย
 2: 1. ตั้งน้ำมันในกระทะ
2. และใส่กระเทียมลงไปเจียว จนกระเทียมเริ่มส่งกลิ่นหอมและเป็นสีเหลือง3. ค่อยใส่ใบเหลียงลงไปผัด ประมาณ10 วินาที4. ต่อมาให้แหวกกระทะและมาไข่ไก่ลงไปค่ะ
 3: 1. ต่อมาในตะหลิวขยี้ไข่ให้เข้ากัน
2. และนำใบเหลียงมาปนกับไข่3. และปรุงรสด้วยซีอิ๋วขาว, น้ำมันหอย และน้ำตาลทราย
 4: เสร็จแล้วค่ะ
"" ใบเหลียงผัดไข่ ""เดียร์โรยกากหมูด้านบนด้วยค่ะ"
สูตร ไก่รวนปลาร้า เมนูพื้นบ้านที่ใครก็บอกว่าแซ่บ,"1: นำตะไคร้ ข่า หอมแดง และใบมะกรูด(ครึ่งนึง) ลงไปผัดให้มีกลิ่น
 2: ใส่พริกที่หั่นและบุบแล้วลงไปผัดต่อให้มีกลิ่น
 3: ใส่ไก่ลงไป ตามด้วยน้ำเปล่า และปลาร้า ผัดรวนจนเริ่มสุก
 4: เติมเครื่องปรุงลงไป ปรุงให้ได้ตามรสชาติที่ชอบ ผัดรวนไปเรื่อยๆจนเข้าเนื้อไก่ เราชอบน้ำคลุกคลิกเลยผัดรวนนาน ใครชอบมีน้ำไว้ราดข้าวก็ไม่ต้องรวนนาน
 5: เมื่อรวนไก่จนได้ตามที่เราชอบแล้วก็เติมใบมะกรูด(ครึ่งนึงที่แบ่งไว้) ลงไปผัดอีกนิดหน่อย ไม่ต้องนาน จะได้มีสีสัน ค่ะ
 6: ตักเสริฟพร้อมข้าวสวนร้อนๆได้เลยค่าา"
ผัดกะเพราวุ้นเส้นหมูสับ,"1: ตั้งกะทะให้ร้อน ใส่พริก กระเทียม ตำหยาบ ลงไปผัดให้หอม
 2: เติมน้ำเล็กน้อย ปรุงรสด้วย น้ำปลา น้ำตาล ซีอิ้วขาว น้ำมันหอย ชิมรสตามชอบ
 3: จากนั้นใส่หมูลงไป ผัดให้หมูสุก
แล้วตามด้วยวุ้นเส้นสดคลุกเคล้าให้เข้ากัน
 4: จากนั้นใส่ใบกะเพราลงไป ผัด 3-4 ครั้ง ปิดแก๊ส ยกลง
 5: จัดจาน พร้อมเสริฟ"
ไก่ย่าง กะทิ สูตรโบราณ หอม นุ่ม เด้งฉ่ำ,"1: เตรียมตำสามเกลอ (กระเทียม พริกไทยรากผักชี) +เกลือ 1 ชช เพื่อเพิ่มรสชาติอร่อยและความหอมให้กับไก่อย่างกะทิ
 2: นำไก่ไปหมักกับเครื่องปรุง และสามเกลอ คลุกเคล้าให้เข้ากัน ใส่กระทิ 3-4 ชตเพื่อช่วยทำให้เนื้อไก่ มีรส หวาน หอม กลมกล่อม และเนื้อนุ่มอร่อย
 3: นำไปแช่เย็นหมักไว้ 20 นาที เครื่องปรุงจะเข้าเนื้อและหอมมาก
 4: นำไปย่าง อบ ในเครื่องทอดไร้น้ำมันความร้อน 180 เวลา 20 นาที หรือย่างเตาถ่านหอมๆ
 5: ทาด้วยกะทิให้ทั่ว กลับด้านและนำเข้าอบอีกครั้ง ความร้อน 180 เวลา 20 นาที พร้อมเสิร์ฟความอร่อย ~ไก่ย่างกะทิ~ หอม สุดๆ ทานคู่กับข้าวเหนียวร้อนๆอร่อยที่ซูดดด
 6: พร้อมเสิร์ฟความอร่อย ~ไก่ย่างกะทิ~ หอม สุดๆ ทานคู่กับข้าวเหนียวร้อนๆอร่อยที่ซูดดด"
เมี่ยงคำบัวหลวง,"1: สูตรการทำน้ำเมี่ยงคำ
ข่า ตะไคร้ ขิง หอมแดง หั่นเล็กๆ แล้วนำมาคั่วให้หอม
 2: กะปิ ห่อใบตองย่างให้หอม
 3: น้ำตาลมะพร้าว ใส่น้ำเปล่าลงไปเคี่ยวให้เหนียวข้นดี ใส่เกลือเล็กน้อย..ใส่สมุนไพรคั่ว กะปิย่าง และมะพร้าวคั่วป่น กุ้งแห้งป่น ถั่วลิสงคั่วป่นลงไป..ชิมรสชาติให้หวานเค็มพอดีเป็นอันเสร็จค่ะ
 4: การทำมะพร้าวคั่ว..
เลือกมะพร้าวทึนทึกมาปอกเปลือกออก หรือไม่ต้องปอกก็ได้ค่ะแล้วแต่ความชอบนะคะ..สไลด์ให้เป็นแผ่นบางแล้วนำมาหั่นเป็นเส้นเล็กๆให้ขนาดสม่ำเสมอกันเพื่อตอนคั่วจะได้สุกพร้อมๆกันค่ะ
 5: ล้างกลีบบัวหลวงให้สะเด็ดแช่น้ำเกลือไว้เล็กน้อยค่ะ
 6: เตรียมเครื่องเคียง..
หั่นขิง หอมแดง พริกขี้หนู มะนาว เป็นชิ้นเล็กๆไว้ค่ะ.. กุ้งแห้ง ถั่วลิสงคั่ว มะพร้าวคั่ว เกสรบัวหลวง กลีบบัวหลวง และใบชะพลู ค่ะ.. ประกอบเป็นคำพร้อมอร่อยได้เลยค่ะ"
เขียวหวานแห้งไก่ เอาใจสายคลีนนนนน,"1: ตั้งกระทะ ผัดพริกแกงเขียวหวานและไก่จน
 2: จากนั้นใส่มะเขือเปราะ ตามด้วน้ำเปล่า ปรุงรสด้วยน้ำปลาและน้ำตาล
 3: รอจนมะเขือเปราะสุก ใส่ใบโหระพาและพริกชี้ฟ้า ปิดไฟ ตกแแต่งให้สวยงาม พร้อมทานจ้าาาาาาาาา"
กะปิคั่ว สูตรโบราณ,"1: วัตถุดิบที่ใช้ในเมนูนี้
 2: ปั่นกุ้งแห้ง , ตัดพริกชี้ฟ้าแห้งให้ชิ้นเล็กลง แล้วแช่น้ำไว้ , ซอยตะไคร้ , หอมแดง , กระชาย , ข่า , ผิวมะกรูด , รากผักชี และเตรียมส่วนผสมอื่น ๆ ให้พร้อม
 3: หลังจากเตรียมทุกอย่างพร้อมแล้ว นำเครื่องสมุนไพรทั้งหมดใส่ลงโถปั่น ( ยกเว้นกะปิและน้ำตาล ) แล้วเทกะทิลงไปเล็กน้อย เพื่อช่วยให่ปั่นง่ายขึ้น ปั่นจนแหลกดี ก็ใส่กะปิลงไป ปั่นต่อจนใช้ได้
 4: เทส่วนผสมที่ปั่นจนละเอียดดีแล้ว ลงในกระทะ แล้วเทกะทิลงไปล้างโถปั่น เทเติมลงไป จากนั้นใส่น้ำตาลปี๊ป
 5: เปิดไฟกลางค่อนอ่อน เคี่ยวไปเรื่อย ๆ จนเริ่มข้น กะทิแตกมันดี ก็ใส่กุ้งแห้งป่นลงไป คนให้ทั่ว ชิมรสชาติดู ได้ที่แล้ว ใส่พริกชี้ฟ้าหั่นท่อนและใบมะกรูดฉีก เป็นอันใช้ได้
 6: เสิร์ฟคู่กับผักสดต่าง ๆ"
หมูย่างเกลือ,"1: ซอยต้นหอมเตรียมไว้
 2: ตั้งกระทะได้กลางทาน้ำมันพืชให้ทั่ว นำหมูลงไปย่าง ปรุงรสหมูสไลซ์ด้วยเกลือ
 3: ย่างจนสุกทั้งสองด้าน
 4: ตักขึ้นวางเรียงบนข้าวสวย โรยต้นหอม เสร็จแล้วค่ะ"
หอยตลับผัดน้ำพริกเผา,"1: นำหอยตลับไปลวกในน้ำร้อน พอหอยสุก ฝาจะเปิด เทน้ำทิ้ง และแกะฝาที่ไม่มีเนื้อทิ้งไป
 2: โขลกพริกขี้หนูกับกระเทียมรวมกันแค่พอแหลก ไม่ต้องละเอียด
 3: ใส่น้ำมันลงไปในกระทะ ใช้ไฟกลาง เมื่อร้อนได้ที่ นำพริกกับกระเทียมที่โขลกไว้ใส่ลงไปผัดในกระทะ
 4: ใส่น้ำตาล และซีอิ้วขาว ผัดคลุกเคล้าให้เข้ากัน
 5: ใส่น้ำพริกเผา และหอยตลับลงไป ผัดคลุกเค้าให้เข้ากัน
 6: เติมน้ำซุปลงไป ผัดต่อสักครู่
 7: ใส่ใบโหระพาอละพริกชี้ฟ้า ผัดต่อสักครู่ และยกลงเสิร์ฟพร้อมข้าวสวยร้อน ๆ"
พริกแกงแดง ( พื้นฐาน ),"1: ส่วนผสมทั้งหมด
 2: นำพริกแห้งผึ่งแดดจัดๆให้พริกกรอบ จะโขลกแหลกง่าย (หรือสะดวกแช่น้ำก็ได้) ลงโขลกพอแหลก ใส่ผิวมะกรูด ข่า ตะไคร้ โขลกให้แหลกในระดับนึง ใส่หอมและกระเทียม โขลกต่อไปจนละเอียดดี สุดท้ายใส่กะปิลงไปโขลกให้เข้ากันจนเนื้อพริกแกงเนียนดี
 3: ตักแบ่งใส่ถุง เก็บไว้ในช่องฟรีส เพื่อใช้ครั้งต่อๆไป"
ผัดเผ็ดเนื้อใส่สะตอ,"1: เตรียมส่วนผสมทั้งหมดให้พร้อม ทั้งใบโหระพา สะตอ พริกแกงคั่วกลิ้ง เนื้อวัว และเครื่องปรุง น้ำตาลและน้ำปลาสำหรับปรุงรส
 2: ตั้งกระทะใส่น้ำมัน เมื่อน้ำมันร้อนแล้วให้ใส่พริกแกงคั่วกลิ้งลงไปผัดสักครู่และตามด้วยเนื้อวัว
 3: ผัดพริกแกงคั่วกลิ้งจนหอม และผัดจนเนื้อวัวสุก
 4: เมื้อเนื้อวัวสุกแล้วเพิ่มน้ำเปล่าลงไป ประมาณ 150 กรัม และตามด้วยสะตอ ผัดทุกอย่างให้เข้ากัน จนน้ำข้น
 5: สุดท้ายให้ปิดไฟแล้วใส่ใบโหระพาลงไปค่ะ ผัดให้เข้ากัน ตักใส่ชามพร้อมเสิร์ฟค่ะ"
ปลาฉิงฉ้างทอด,"1: แช่ปลาฉิงฉ้างในน้ำร้อน คนให้เศษฝุ่นออก ใส่ตะแกรงสะเด็ดน้ำให้แห้งสนิท
 2: ตั้งกะทะ ไฟอ่อน ใส่น้ำมัน 1 ช้อนโต๊ะ คั่วปลาให้เหลืองกรอบ
 3: พอปลากรอบได้ที่ ปิดไฟ โรยน้ำตาล คลุกให้ทั่ว
 4: เสร็จพร้อมเสริฟ"
ผัดพริกแกงกุ้งหน่อไม้,"1: ตั้งน้ำมันเล็กน้อยไฟกลางนำกุ้งลงไปทอดก่อน
เพื่อให้เซ็ตตัวไม่เละ สุก 80%ชอบสุกมากทอดนานๆพักไว้รอผัด
 2: ใช้น้ำมันที่ทอดกุ้งลงกระเทียมและพริกแกงลดไฟลงหน่อย ค่อยๆผัดให้หอมสีเข้ม
 3: เติมน้ำเล็กน้อยปรุงรสด้วยน้ำตาล 1 ช้อนโต๊ะหลวมๆ
น้ำมันหอย 1 ช้อนโต๊ะซีอิ้วขาว 1 ช้อนโต๊ะซีอิ้วดำเหยาะนิดๆเอาสีเข้มปรุงเสร็จชิมรสหน่อยเอาที่ชอบ
 4: จากนั้นไฟแรงใส่กุ้งทอดและหน่อไม้ลงไปผัดคลุกเคล้าให้เข้ากันแปปเดียว ก่อนปิดไฟใส่โหระพาและพริกแดงหั่นซอยๆลงไปผัด"
แกงเห็ดรวม (ไม่ใส่ปลาร้า),"1: เตรียมวัตถุดิบตามภาพครับ
 2: ฟักทอง หอมแดง+พริก
 3: นำไปต้มกับน้ำซุปก่อน
 4: แล้วจึงใส่ตะไคร้
 5: ใส่เห็ด
 6: ปิดไฟแล้วจึงใส่ใบแมงลัก
 7: คนให้ทั่ว
 8: เสร็จแล้วจ้า"
ปลาทับทิมราดพริกสามรส,"1: ล้าง แล่ หั่นปลาทับทิมเป็นชิ้นๆ พอคำ
 2: คลุกแป้งทอดกรอบ แล้วเขย่าแป้งส่วนเกินออกคะ
 3: ทอดให้เหลืองสวย กรอบกร๊อบ...บ...บ...บ...บ...บ...บ
 4: ใส่น้ำมัน 1 ช้อนโต๊ะ ผัดพริก กระเทียมสับให้หอม
 5: เติมน้ำเล็กน้อย ใส่น้ำตาลปี๊บ น้ำมะขามเปียก น้ำปลา ชิมรสตามชอบ เน้นเปรี้ยวหวาน
 6: ใส่เสื้อให้ปลา เอ๊ย ราดน้ำพริกสามรส เสร็จพร้อมเสริฟ"
น้ำจิ้มหมูกะทะ,"1: ใช้พริกและกระเทียมแกะเปลือกลงไปในเครื่องปั่นให้ละเอียด
 2: เสร็จแล้วน้ำพริกและกระเทียมที่ละเอียดแล้วมาใส่ลงไปในชามเพื่อปรุงรสชาติ
 3: ใส่มะนาว น้ำปลา และผงชูรส สุดท้ายใส่น้ำต้มสุก และใส่น้ำตาลปีบลงไป เป็นเมนูน้ำจิ้มที่ง่ายๆเหมาะสำหรับทานแบบไม่ต้องเยอะมากมาย น้ำจิ้มนี้สามรถจิ้มกับอาหารทะเลได้ด้วย เน้นรสเปรี้ยวนำ หวานเค้มเผ็ด รสจัดเข้มข้น"
ห่อหมกปลาทับทิม,"1: -ล้างปลาให้หมดคาว
-แล่เนื้อปลาออกจากก้างตามความยาวของตัวปลา-แล้วหั่นเป็นชิ้นเล็กๆตามขวาง
 2: ฉีกหรือหั่นใบยอ ออกเป็นชิ้นๆไม่เอาแกนกลาง
 3: -นำกะทิบางส่วนใส่อ่างผสม
-ใส่พริกแกงเผ็ด คนด้วยไม้พายให้เข้ากัน -ใส่เนื้อปลากรายคนให้เข้ากัน ถ้าเห็นว่าแห้งหรือเหนียวมากก็ใส่กะทิเพิ่ม-เติมน้ำปลา น้ำตาล ไข่ไก่ เนื้อปลาที่หั่นเป็นชิ้นลง-คนไปเรื่อยๆ จนส่วนเหนียวและข้นขึ้น ระหว่างคนก็ค่อยๆเติมกะทิ
 4: -นำกะทิที่เหลือใส่หม้อ ใส่แป้งข้าวเจ้า 1 ช้อนชา คนให้แป้งละลาย นำขึ้นตั้งไฟอ่อนๆ เคี่ยวให้น้ำกะทิข้นปิดไฟยกลง-ซอยใบมะกรูด-หั่นพริกชี้ฟ้า เป็นเส้นสำหรับแต่งหน้า
 5: -นำใบยอฉีกใส่รองที่ก้นกระทงหรือภาชนะที่จะใช้นึ่ง
-ตักห่อหมกใส่พอประมาณ นำไปนึ่งบนรังถึงน้ำต้องเดือดก่อน-นึ่งด้วยไฟปานกลาง นึ่งไปประมาณ 10 นาที เปิดฝา ราดด้วยกะทิที่เคี่ยว โรยใบมะกรูดกับพริกขี้ฟ้า นึ่งต่ออีก 5 นาที หรือ จนสุก ยกลง"
ห่อหมกไก่บดห่อกะหล่ำปี,"1: สิ่งที่ต้องเตรียม
 2: แกะกะหล่ำปี ออกมาเป็นใบๆ แล้วนำไปลวก
 3: นำมาผ่านนำ้เย็น 1 รอบ
 4: แล้วพักไว้ก่อน
 5: นำนมจืด 1/2 ถ้วย ผสมกับพริกแกง ไข่ไก่ 1 ฟอง คนให้เข้ากัน
 6: จากนั้นใส่ไก่บด ใบมะกูดซอย 1 หยิบมือ
 7: คนให้เข้ากัน
 8: จากนั้นนำกะหล่ำปี ใส่ถ้วย เตรียมห่อ
 9: หยอดไก่กับเครื่องแกงที่เตรียมไว้ลงไป
 10: นำไปนึ่งในซึ่ง ประมาณ 10นาที
 11: เตรียม นำหยอดหน้าห่อหมก
-นมจืด 1/2 ถ้วย-แป้งข้าวโพด 1 ช้อนโต๊ะคนให้เข้ากัน เติมน้ำอุ่นนิดหน่อย
 12: คนให้เป็นเนื้อเดียวกัน
 13: กลับมาที่ห่อหมก
สังเกตุพอห่อหมกเริ่มสุก หยอดหน้าห่อหมก และจัดวางพริก ให้สวยงาม
 14: นำกะหล่ำปีออกจากถ้วย จัดเสริฟ"
แกงคั่วไก่หน่อไม้ดอง,"1: นำหน่อไม้มาล้างทำความสะอาด แล้วนำไปต้มให้สุก
 2: ตั้งกระทะใส่ห้วกะทิลงไป ค่อยๆ ใส่ ใส่ลงไปพอประมาณ คั่วให้แตกมัน ตามด้วยพริกแกงกะทิลงไปคั่วต่อ แล้วค่อยๆ เติมกะทิ อีกนิดหน่อย ไม่ให้แห้ง
 3: นำเนื้อไก่ลงมาผัด ถ้าแห้งให้เติมกะทิอีกนิดหน่อย ผัดจนสุก ทีนี้ก็ใส่กะทิให้หมดเลย
 4: นำหน่อไม้ดองที่ต้มสุกแล้ว มาใส่ รอให้น้ำเดือด ใส่ก้อนเลือดไก่ รอให้เดือดอีกครั้ง จึงค่อยปรุงรส ใส่น้ำตาลปิ๊บ ใส่เกลือ น้ำปลา (นิดหน่อย) ความเค็มใช้จากเกลือให้พอเค็มนิดๆ แล้วน้ำปลาให้พอหอม แต่ถ้าใส่น้ำปลามากไป จะมีกลิ่นที่ไม่ละมุน ตามด้วยผงชูรส ตามใจชอบ ชิมให้ได้รสชาติที่ถูกใจ
 5: เสร็จแล้วใส่พริกชี้ฟ้า ใบมะกรูด เพื่อเพิ่มความหอม ต้มต่อให้พริกพอนิ่ม ใบมะกรูดออกกลิ่นหอม ตามท้ายด้วยใบโหระพา"
เนื้อผัดโหระพา,"1: เตรียมวัตถุดิบให้พร้อม

 2: ตั้งกะทะ ใส่น้ำมัน ผัดพริกกระเทียมจนเหลืองหอม
 3: ใส่เนื้อลงไปผัด ใส่น้ำเปล่า1/2 ทัพพี
เมื่อเนื้อเกือบสุกปรุงรส และผัดจนสุกใส่ใบโหระพา ผัดต่อครู่เดียว ปิดไฟเ็นอันเสร็จ
 4: รับประทานคู่ข้าวสวยร้อน + ไข่ดาว ฟินสุดๆค่ะ"
พะแนงอกไก่นมสด,"1: ตั้งกะทะให้ร้อน ใส่น้ำมันมะกอกและพริกแกงลงไปผัดจนหอม ตามด้วยอกไก่ลอกหนังหั่นเป็นชิ้นพอคำ ผัดจนสุก
 2: เมื่ออกไก่สุกแล้ว เติมนมลงไป ตามด้วยมะเขือพวง เคี่ยวจนสุก ปรุงรสด้วยหญ้าหวาน หากชอบเค็มเติมน้ำปลาเพิ่ม เมื่อได้รสชาติตามที่ต้องการแล้ว โรยด้วยพริกชี้ฟ้าหั่นซอย
 3: คนให้เข้ากัน ตักเสิร์ฟใส่ชาม"
ทอดปลาไม่ให้ติดกระทะ และหนังกรอบ เนื้อนุ่ม แบบร้าน,"1: ใส่น้ำมันลงกระทะ ประมาณถ้วยนึง ใส่เกลือลงไปในน้ำมัน
 2: ใช้ไฟกลางถึงแรง เมื่อน้ำมันร้อนได้ที่แล้วก็ใส่ปลาลงไป แล้วลดไฟลงเป็นปานกลาง ทอดต่อไป วิดน้ำมันราดลงบนปลาบ่อยๆ แค่นี้ก็กรอบนอกนุ่มในแล้วครับ"
แกงส้มผักรวมปลากระพง,"1: 1.ปอกเปลือกมะละกอ แล้วฝานเป็นแผ่น หั่นเป็นเส้นประมาณ 0.5""×6"" สำหรับสานปลาตะเพียน..และเตรียมผักต่างๆ หั่นเป็นชิ้นตามชอบ
 2: 2.ตั้งน้ำเดือดใส่พริกแกง..และใส่ผักรวมต่างๆตามที่ต้องการ..รอให้ผักนิ่มลงสุกสักครู่..ใส่เนื้อปลากระพงตามลงไป เพื่อเนื้อปลาจะได้ไม่เละเกินไปค่ะ
 3: 3.ปรุงรสด้วยน้ำมะขามเปียก น้ำปลาดี น้ำตาลมะพร้าว เกลือเล็กน้อย เป็นอันเสร็จพร้อมอร่อยได้เลยค่ะ"
อกไก่ผัดพริกเกลือ 🌶️,"1: หั่นอกไก่เป็นชิ้นสี่เหลี่ยมลูกเต๋า
 2: ซอยพริกขี้หนู
 3: ตั้งกระทะไฟกลางตามด้วยน้ำมันพืช รอกระทะร้อน นำไก่ลงไปผัด ผัดจนได้สุก เติมสีสันด้วยซีอิ๊วดำ
 4: ปรุงรสด้วยเกลือ และตามด้วยพริกขี้หนู ผัดให้เข้ากัน ชิมรมตามชอบ
 5: เสร็จแล้ว พร้อมทานค่ะ ✨"
ปลาทับทิมทอดกรอบราดซอส,"1: ล้างปลาเสร็จแล้วใส่จานพักไว้ให้เนื้อปลาแห้งหมาดๆ
 2: หั่นปลาทับทิมเป็นชิ้นๆ (ขนาดพอดีคำ)
นำเนื้อปลาทับทิมมาคลุกกับแป้งทอดกรอบคนอร์
 3: ผสมน้ำมะขาม น้ำปลา น้ำตาลปี๊บ พริกแห้ง หอมเจียว และน้ำลงในหม้อ นำไปตั้งไฟเคี่ยวให้เหนียวตักซอสสำหรับราดบนเนื้อปลาใส่ถ้วยเวลาทานค่อยทานก็ค่อยๆตักราด
 4: จัดปลาใส่จาน ตะใคร้หั่นฝอย ใบมะกูดหั่นฝอย กระเทียมเจียว"
ตำข้าวโพด ไข่เค็ม,"1: เตรียมส่วนผสมทั้งหมด
 2: นำพริก กระเทียม ใส่ครก ตำพอแหลก จากนั้นใส่มะเขือกรอบลงไปบุบพอให้ร้าวๆ ใส่น้ำตาล มะนาว น้ำปลาร้า ลงไป ตำคลุกเคล้าให้น้ำตาลละลาย
 3: ใส่ไข่ค็ม 2 ชิ้น มะเขือเทศ ข้าวโพด ลงไป ตำคลุกเคล้าเบาๆ ให้เข้ากัน
 4: ตักใส่จาน วางไข่เค็มที่เหลืออีก2ชิ้นข้างจาน โรยด้วยถั่วคั่ว เสิร์ฟพร้อมผักสด ไก่ย่าง ข้าวเหนียว"
ต้มข่าไก่,"1: เตรียมผัก เตรียมเนื้อไก่ ล้างหั่นให้เรียบร้อย
 2: ตั้งน้ำพอเดือใส่ ผักชีฝรั่ง รากผักชี ใบมะกรูด ตะไคร้ ข่าอ่อน จากนั้นใส่เนื้อไก่ลงไป
 3: พอไก่พอสุกใส่กะทิลงไป
 4: ใส่ผงสำเร็จรสต้มข่า ลงไป
 5: และใส่มะเขือเทศ หอมหัวใหญ่ ตามด้วยเห็ดนางฟ้า
 6: พอผักๆสุกดีแล้วจบท้ายด้วย ผักชีครับ
 7: พร้อมเสริ์ฟแล้วครับ"
น้ำตกเนื้อ,"1: 1.หมักเนื้อด้วยผงคนอร์อร่อยชัวร์ ที่ปรับสูตรเพิ่มซอสหอยนางรม อร่อยได้ด้วยเครื่องปรุงครบรสโดยไม่ต้องเติมน้ำปลา น้ำตาลหรือผงปรุงรสอื่นเลยค่ะ หมักเนื้อพักไว้ให้นุ่มขึ้น..แล้วนำมาย่างเตาถ่านไฟอ่อนให้พอผิวด้านนอกสุกทั้งสองด้าน..
 2: 2.หม้อตั้งไฟใส่น้ำลงไปนิดหน่อย..รวนเนื้อย่างให้พอสุกดีแล้วยกลงเพื่อปรุงรส..
 3: 3.เตรียมหอมแดงซอย หั่นต้นหอม ผักชีฝรั่ง เด็ดใบสะระแหน่ ซอยใบมะกรูดบาง ๆ ใส่ลงไป..แล้วปรุงรสด้วยน้ำปลาดี น้ำมะนาว ใส่พริกป่น คนให้เข้ากันชิมรสชาติตามชอบ แล้วค่อยใส่ข้าวคั่วทีหลัง จะได้ไม่ดูดน้ำเครื่องปรุงออกมากไป.."
หมูสับผัดใบยี่หร่าพริกแห้ง,"1: โขลกพริกแห้ง กระเทียมหยาบๆ
 2: ตั้งกระทะ ไฟแรง ใส่น้ำมันลงไป ผัดพริกกระเทียมพอให้หอม
 3: เติมเนื้อหมูลงไปผัดให้เข้ากันกับพริกและกระเทียม
 4: ใส่เครื่องปรุงรส ผัดให้เข้ากันอีกครั้งจนเนื้อหมูสุกดีโรยใบยี่หร่าลงไป ผักพอสลด
 5: ตักใส่จานเสิร์ฟได้"
ขนมจีนน้ำยากะทิไก่ข้น (หลัวรักหลัวหลง),"1: 1. ต้มน้ำให้เดือด ใส่พริกแห้งหอมแดง กระเทียม ตะไคร้ ใบมะกรูด กระชาย ต้มให้หอม
 2: 2. ใส่ไก่ลงต้มในหม้อเครื่องแกง จนสุก
 3: 3. สุกแล้วเอาออกมาปั่น ปั่นทุกอย่างให้ละเอียด ยกเว้น ตะไคร้ ใบมะกรูด
 4: 4. ตั้งหม้อ ใส่กะทิ พฝผัดกับเครื่องแกงและไก่ที่เตรียมไว้ เติมกะทิ และน้ำเพิ่ม
 5: 5. ปรุงรสด้วย น้ำปลาและปลาร้า คนให้เข้ากับ ชิมรสชาดตามชอบ พร้อมเสริ์ฟ
 6: 6. เสิร์ฟพร้อมผักสดตามชอบ
 7: 7. รับประทานอย่าให้เหลือ หลัวอยู่ในโอวาส 555 เกี่ยวไหม?"
ข้าวผัดสับปะรด,"1: ตั้งกระทะไฟอ่อนๆกระทั่งร้อนพอประมาณ จากนั้นใส่ข้าวหอมมะลิสุกลงไปผัดให้เข้าทีจนกระทั่งข้าวหอมมะลินิ่ม หลังจากนั้นนำข้าวใส่จานพักไว้
 2: ทำความสะอาดและปลอกเปลือกกุ้งสด และทำความสะอาดผักต่างๆที่เตรียมไว้ จากนั้นนำแครอทและหัวหอมมาหั่นให้มีขนาดเล็กคล้ายทรงลูกเต๋า และนำสัปปะรดที่เตรียมไว้มาผ่าครึ่งออกเป็นสองส่วน และเอาเนื้อสัปปะรดด้านในออกให้หมด เพื่อนำสัปปะรดมาเตรียมเป็นภาชนะใส่ข้าวผัด
 3: ใส่เนยจืดลงลงบนกะทะ ตั้งไฟอ่อนๆถึงร้อนพอประมาณ นำหัวหอมลงไปผัดให้สุกกระทั่งส่งกลิ่นหอม ใส่หัวหอมตามลงไปผัดกระทั่งหัวหอมเปลี่ยนสีเล็กน้อย ตามด้วยกุ้งสดลงไปผัดพอสุก
 4: นำข้าวที่พักไว้ แครอท ผงกระหรี่ ลูดเกดและเม็ดมะม่วงหิมพานต์ที่เตรียมไว้ลงไปผัด ปรุงรสด้วยเกลือและซีอิ๊วขาว คลุกเคล้าจนส่วนผสมเข้ากัน
 5: หลังจากนั้นนำข้าวผัดใส่สัปปะรดผ่าครึ่งที่เตรียมไว้ จัดใส่จานพร้อมโรยหน้าด้วยต้นหอม ลูกเกด และเม็ดมะม่วงหิมพานต์คั่ว แค่นี้ก็สามารถรัประทานได้เลย"
สูตร เมี่ยงหมูกรอบ ด้วยหม้อทอดไร้น้ำมัน พร้อมน้ำจิ้มถั่ว น้ำจิ้มซีฟู้ด,"1: ล้างหมูสามชั้นให้สะอาด นำไปต้มพอสุก และพักหมูให้สะเด็ดน้ำ

 2: ใช้ส้อมจิ้มหนังหมู จิ้มไปโลดดด หลายๆรู

 3: บั้งหมูเป็นตาราง และทาเกลือบางๆบริเวณหนังหมูให้ทั่ว

 4: นำบริเวณหนังหมูแช่น้ำส้มสายชู แช่แค่ตรงหนังหมูนะ 15 นาที

 5: เอาเข้าเครื่องเล้ยยย ตั้งค่า 200องศา อบไป 20 นาที
- พลิกเอาด้านหนังลง อบต่ออีก 10 นาที- พลิกด้านหนังขึ้นอบอีก 5 นาที- เรียบร้อยยยย จัดเสิร์ฟได้
 6: น้ำจิ้มถั่วตัด
นำพริกไปปั่นกับกระเทียม ใส่ในชามผสม
 7: นำถั่วตัดไปปั่น เทใส่ชามผสม
 8: ปรุงด้วยน้ำตาลปี๊บ มะนาว น้ำปลา ผงชูรส น้ำอุ่น คนให้เข้ากัน เท่านี้ก็ได้น้ำจิ้มถั่วตัดแล้วจ้า
 9: น้ำจิ้มซีฟู้ด
นำพริกไปปั่นกับกระเทียม ใส่ในชามผสม
 10: ปรุงด้วยน้ำตาลปี๊บ มะนาว น้ำปลา ผงชูรส น้ำอุ่น คนให้เข้ากัน เท่านี้ก็ได้น้ำจิ้มซีฟู้ดแล้วจ้า"
ปลากะพงทอดสมุนไพร,"1: ตั้งน้ำมันให้ร้อนจัด ก่อนหรี่ไฟกลาง
 2: น้ำปลากะพงซับน้ำให้หมาด คลุกแป้งแห้งที่ผสมคนอร์แล้วนำลงทอดในน้ำมัน
 3: นำสมุนไพรทั้งหมดคลุกแป้งแห้ง ก่อนน้ำคลุกแป้งที่ผสมน้ำแล้วนำลงทอดพร้อมปลา
 4: รอให้สมุนไพรสีเหลืองทองจึงตักขึ้น
หมั่นคอยดูปลา กลับด้านเมื่อสีเริ่มออกเหลืองทองแปลว่าใช้ได้แล้วนำขึ้นสะเด็ดน้ำมัน
 5: จัดปลาและสมุนไพรใส่จานเสิร์ฟพร้อมน้ำจิ้มซีฟู๊ด"
กะเพราไก่เด็กน้อย👨‍🍳,"1: เจียวกระเทียมและพริกให้หอม
 2: ใส่ไก่บดลงไป พร้อมเหยาะแมกกี้ลงไป ไก่จะหอม
 3: ใส่น้ำมันหอย น้ำปลา น้ำตาลลงไป ผัดให้เข้ากัน
 4: ใส่ซีอิ๊วดำนิดหน่อยให้น่ากิน และใบกะเพราลงไป ผัดต่อจนใบกะเพราสุก ปิดไฟ ยกเสิร์ฟ
 5: ตักใส่จานเลยจ้า"
แกงผักอิตุ๊ด,"1: สิ่งที่ต้องเตรียม
 2: นำปลาแห้งมาโคลกให้ละเอียด
 3: ตำหอมแดง กระเทียม กะปิ เข้าด้วยกัน
 4: จากนั้นนำหม้อตั้งไป ใส่น้ำประมาณ 1 ลิตร พร้อมคนอร์ 1 ก้อน
-พอน้ำเดือดใส่ปลาแห้ง-หอมแดง กระเทียม กะปิ ที่เตรียมไว้ลงไป-พอน้ำเดือดใส่ผักอิตุ๊ด ใส่น้ำปลา-พอได้รวตามชอบ ก็เสริฟได้เลยคะ"
เกี๊ยวหมูต้มยำ,"1: นำหมูสับใส่ในโถปั่น ตามด้วยแป้งมันผสมน้ำเปล่าตามลงไป ตามด้วยกระเทียม และ รากผักชี นำไปปั่นจนเนื้อเนียน จากนั้นตักใส่ภาชนะ ปรุงรสด้วย ซีอิ๊วขาวเห็ดหอม พริกไทยขาว และน้ำตาลทราย
 2: นำหมูของเราวางบนแผ่นเกี๊ยว ทาน้ำรอบขอบของแผ่นเกี๊ยว แล้วห่อ
 3: จะได้แบบนี้นะคะ
 4: ตั้งกระทะไฟกลางตามด้วยน้ำเปล่า เติมน้ำมันพืชลงไปประมาณ 1 ช้อนโต๊ะ รอจนน้ำเดือด นำลงไปต้มให้สุก
 5: ตักขึ้นพักไว้ (เราโรยกระเทียมเจียวไว้ที่ถาดนะคะ)
 6: เริ่มทำน้ำซุปแบบง่ายและไม่ต้องคิดเยอะ ด้วยการตั้งหม้อไฟกลางตามด้วยน้ำเปล่า รากผักชี กระเทียม พริกไทย และคนอร์ซุปก้อนรสหมู รอจนน้ำเดือดนำเนื้อหมูลงไปต้ม ช้อนฟองออกให้น้ำซุปใส
 7: เมื่อหมูสุกนำมาหั่นเป็นชิ้นๆ ส่วนตัวว่าต้มแบบนี้มันอร่อยกว่าหั่นแล้วนำไปลวก มันจะนุ่มกว่าด้วย
 8: ตามด้วยลูกชิ้น
 9: ลวกผักที่ต้องเตรียมไว้
 10: ทำแบบต้มยำก็ใช้ถั่วลิสงนะคะ แต่เราไม่มีค่ะ เราใช้เม็ดมะม่วงหิมพานต์แทน
 11: ทำซุปต่มยำโดยการ ผสม น้ำปลา น้ำตาลทราย น้ำส้มสายชู พริกป่น กุ้งแห้ง เม็ดมะม่วงหิมพานต์ แล้วเติมน้ำซุป ชิมรสตามชอบ
 12: ราดลงบนเกี๊ยวของเรา เสร็จแล้วค่ะ
 13: พร้อมทาน"
กะเพราตับไก่,"1: ผัดพริกกระเทียมให้หอม
 2: ใส่ตับไก่ที่ล้าง หั่นเป็นชิ้นพอคำลงไปนะคะ
 3: เติมซอสต่างๆ ผัดให้สุก ... หอมง่าาาาา
 4: ปิดไฟ ใส่ใบกะเพรา
 5: เสร็จพร้อมเสริฟ"
ต้มยำกระดูกหมูอ่อน😋,"1: สิ่งที่ต้องเตรียม
 2: นำกระดูกหมู เครื่องต้ม คนอร์ ใส่หม้อ
 3: ตุ๋นให้กรดูกหมูให้เปื่อย ประมาณ 45 นาที จากนั้นปรุงรสตามชอบ"
แกงคั่วฟักทองกับหมู,"1: ฟักทองนำมาปอกเปลือกและหั่นเป็นชิ้นขนาดเท่าๆกัน
 2: -ตั้งกระทะ ใส่น้ำมันพืชพอน้ำมันร้อน ใส่พริกแกงลงผัดให้สุกและหอม
-ใส่หัวกะทิผัดจนกะทิแตกมัน ตามด้วยเนื้อหมู ผัดจนเนื้อหมูสุก-เติมน้ำเปล่า ใส่คนอร์ซุปก้อน-ใส่ฟักทอง
 3: -ปรุงรสด้วย น้ำปลา,น้ำตาลปี๊บ,ซีอิ้วขาว,ซอสปรุงรส
-รอจนฟักทองสุก ใส่พริกชี้ฟ้า,ใบโหระพา ปิดไฟ จัดเสิร์ฟ"
เนื้อปูไข่ปูผัดพริกเกลือ,"1: 1. ซอยพริกขี้หนู กระเทียม และต้นหอมรอไว้
 2: 2. ตั้งกระทะใช้ไฟอ่อน-กลาง นำกระเทียมสับลงไปเจียว เติมพริกขี้หนูซอยลงไป ผัดให้จนหอมและกระเทียมออกสีเหลืองทอง
 3: 3. ใส่เนื้อปูนึ่งสุกลงไปผัด ตามด้วยไข่ปูนึ่งสุก ปรุงรสด้วยเกลือ น้ำตาล คนอร์อร่อยชัวร์ และซอสปรุงรส ผัดคลุกเคล้าให้เข้ากัน
 4: 4. ใส่ต้นหอมลงไปผัดต่อเล็กน้อย ปิดเตา ตักเสิร์ฟใส่จานได้เลยค่ะ
 5: กินกับข้าวสวยร้อนๆ ฟินม๊ากกกก"
ขนมจีนแกงไตปลา,"1: นำน้ำเปล่าใส่หม้อ ตั้งไฟใส่ ข่า,ตะไคร้บุบหั่นท่อน,ใบมะกรูดฉีก 5 ใบ รอจนน้ำเดือด ใส่ไตปลาลงต้ม ให้ไตปลาสุก นำไปกรองด้วยกระชอน เอาแต่น้ำ
 2: -หน่อไม้ต้มซื้อมาจากตลาดต้องนำไปต้มก่อนอย่างน้อย 1 ครั้ง พักให้เย็นหั่นเป็นท่อน-ฟักทอง ปอกเปลือกแข็งออก หั่นเป็นชิ้นขนาดเท่าๆกัน-ถั่วฟักยาว หั่นเป็นท่อน-มะเขือเปราะ ผ่า 4
 3: เนื้อปลาย่างแกะเอาแต่เนื้อ จะใช้เป็นเนื้อปลาทูสดย่าง,ปลาซาบะ,ปลาดุกย่าง,ปลาทะเลย่าง ฯลฯแล้วแต่สะดวก
 4: -นำหม้อ ใส่น้ำไตปลาที่กรอง ตั้งไฟ รอจนน้ำเดือด ใส่พริกแกงลง คนให้พริกแกงละลาย-ใส่เนื้อปลาย่าง ปรุงรสด้วย น้ำตาลปี๊บกับน้ำมะขามเปียก ชิมรมให้ได้ตามชอบ-ใส่ผักสดที่หั่นเตรียมไว้ ขยี้ไปมะกรูดที่เหลือ 5 ใบ ใส่มะเขือพวงหลังสุด รอจนผักสุก ปิดไฟยกลง จัดเสิร์ฟ รับประทานกับข้าวสวยหรือขนมจีน ก็ได้"
โหระพาหมูสับ,"1: โขลกพริกกระเทียม
 2: เด็ดใบโหระพาแล้วล้างแช่ใว้
 3: หมูสับใส่กระเทียม 1 ช้อน น้ำปลา 1 ช้อน ซีอิ๊วขาว 1 ช้อน เหยาะพริกไทย แล้วผสมคลุกให้ทั่ว
 4: ตั้งกระทะใส่น้ำมันเจียวพริกกระเทียมพอหอม แล้วใส่หมูที่ปรุงแล้วลงไปผัด
 5: พอหมูสุกแล้ว ค่อยใส่น้ำมันหอย แล้วใส่น้ำสัก1 ทัพพี คั่วไปจนแห้งอีกรอบ
 6: เสร็จแล้วค่อยเติมน้ำอีก แล้วใส่โหระพา ปิดไฟ
 7: พร้อมทานครับ"
ต้มจืดผักกาดดอง กระดูกหมู หมูสามชั้น,"1: ตั้งกระทะต้มน้ำ ล้างหั่นผักกาดดอง 2 รอบ รอให้น้ำเดือด นำผักกาดดองลงต้ม มองพอน้ำเดือดอีกครั้ง รอ 5 นาที สะเด็ดน้ำขึ้น
 2: ล้างหั่นกระดูกหมู หมูสามชั้น ขยำเกลือ พักไว้ 5 นาที ล้างซ้ำ 2 น้ำ สะเด็ดน้ำพักไว้ ขูดรากผักชี ปอกกระเทียมกระเทียม พริกไทยเม็ด ตั้งน้ำต้ม พอเดือด ใส่ลงไป พร้อมผงปรุงรส เกลือ น้ำตาล หมั่นช้อนฟองทิ้ง
 3: เติมพริกจินดาบุ ต้มจนเปื่อยนุ่ม
 4: เสร็จพร้อมเสริฟ"
หุงข้าวเหนียวด้วยไมโครเวฟ,"1: ล้างข้าวเหนียวให้สะอาด แช่น้ำร้อน 15 นาที เทน้ำทิ้ง
 2: เติมน้ำสะอาดลงไปให้พอดีกับข้าวแบบนี้
 3: ใส่ไมโครเวฟ ปิดฝา ใช้ไฟแรงสุด รอบแรก 5 นาที
 4: จะได้แบบนี้
 5: ใช้ช้อนคนข้าวให้ทั่วๆเกลี่ยให้เรียบ
 6: ใส่ไมโครเวฟอีก 5 นาที
 7: พร้อมทานละครับ ข้าวเหนียวที่ได้นุ่มจริง ประหยัดเวลาได้เยอะมาก! ไม่ต้องแช่น้ำข้ามคืน"
ซุปไก่อิสลาม,"1: 1. นำ กระเทียมจีน พริกไทยดำ รากผักชี ซุปก้อน และน่องบนใส่ลงในหม้อ เติมน้ำประมาณครึ่งหนึ่ง แล้วตั้งไฟอ่อนที่สุด
 2: 2. ต้มไปเรื่อยๆรอจนกว่าจะเดือด เคี่ยวต่อจนกว่าน่องบนจะเริ่มเปื่อย ช้อนฟองออกให้หมด
 3: 3. ใส่หอมใหญ่ แครอท มันฝรั่ง แล้วเคี่ยวไฟอ่อนๆต่อจนกว่าทุกอย่างจะเปื่อย นิ่ม
 4: 4. ใส่มะเขือเทศ ขึ้นช่าย รอให้เดือดอีกทีก็ปิดไฟได้ ตักใส่ถ้วย โรยหอมเจียวก่อนเสิร์ฟ"
กระเพราเป็ดย่าง!!!,"1: วัตถุดิบมีแค่นี้เท่านี้
 2: กระเทียมสับกับพริกตำผัดให้หอมจนสำลักกันทั้งบ้าน
 3: พริกกระเทียมหอมดีแล้วใส่เป็ดลงไปผัด
 4: ปรุงรสครับ ไม่เติมน้ำเยอะนะครับเราจะผัดแบบแห้งๆ
 5: ใส่ใบกระเพราและพริกหยวกลงไป
 6: ผัดจนสลบดีแห้งดีพร้อมรับประทานจร้า
 7: น่าทานมั้ย????"
ห่อหมกทะเลมะพร้าวอ่อนในลูกมะพร้าว,"1: ผสมเนื้อปลากราย ไข่ไก่ พริกแกง กะทิ น้ำตาลปี๊บ ให้เข้ากัน เติมกุ้ง ปลาหมึก
 2: เติมมะกรูดซอย
 3: ขูดเนื้อมะพร้าวอ่อนใส่ลงไป
 4: เอาใบโหระพารองในลูกมะพร้าว
 5: เติมห่อหมกดิบ
 6: ปิดฝา นึ่ง 30 นาที
 7: เสร็จแล้วคะ
 8: แต่งหน้าด้วยหัวกะทิ โหระพา พริกแดงเส้น"
กระเพราหมูสับ ตับ พริกกะเหรี่ยงซีอิ้วดำ,"1: เตรียมอุปกรณ์
 2: กระเพราเด็ดไว้
 3: นำหมูสับไปรวนหรอเวฟสุกประมาณ70% เพื่อเวลาผัดจะใช้เวลาเร็วขึ้นตับจะได้ไม่แข็ง
 4: นำพริก กระเทียม ใบมะกรูดลงผัดให้หอม
 5: ใส่หมูสับและตับลงผัด
 6: ผัดให้สุก
 7: ปรุงรส
 8: ชิมรส ออกเผ็ดเค็มหวานหอมซีอิ้ว
 9: ใส่ใบกระเพรา
 10: ผัดเขย่าๆพอกระเพราสลดตักใส่จาน
 11: น่าทานมั้ย
 12: ข้าวมาๆทานกัน"
หลนปูม้า,"1: ล้างปูให้สะอาดแกะกระดองแยกชิ้นปูขนาดพอชอบ ก้ามปูบุบพอเปลือกแตก
 2: นำไก่สับมาใส่เกลือเล็กน้อยคลุกให้เข้ากันแบ่งส่วนนึงยัดใส้กระดองปูให้แน่น
 3: นำหอมแดง หอมใหญ่ กระชายซอยเตรียมไว้ ใบมะกรูดดึงแกนกลางใบออก พริกแห้งหั่นพอหยาบ พริกขี้หนูหั่นแฉลบ (ใช้พริกชี้ฟ้าได้ค่ะ สูตรนี้สารภาพว่าลืมซื้อพริกชี้ฟ้า T_T)
 4: นำกะทิลงหม้อพอขลุกขลิกใส่หอมแดงและหอมใหญ่ลงไปผัดให้ใส จากนั้นใส่ตะไคร้ ข่าลงไป
 5: เติมกะทิและน้ำเปล่าลงไปเล็กน้อยใส่ไก่สับลงไปยีให้แตกจากกันจากนั้นใส่ใบมะกรูด พริกแห้ง พริกขี้หนู ปรุงรสด้วยน้ำตาลปี๊บ น้ำมะขามเปียก และเกลือ
 6: ใส่ปูลงไปห้ามคน พอปูเริ่มสุกใส่น้ำปลาชิมรสชาติตามที่ต้องการหากอ่อนรสไหนเติมได้อีก สำหรับใครที่ชอบกะทิข้นๆ สามารถเพิ่มปริมาณได้ทานแนมกับผักสดได้ตามชอบ"
ต้มจืดมะระยัดไส้,"1: นำหมูสับผสมกับวุ้นเส้น (วุ้นเส้นนำไปแช่น้ำให้นิ่ม และตัดให้สั้นนะคะ) จากนั้นปรุงรสด้วย ซอยหอยนางรม ผงปรุงรส และพริกไทย คลุกเคล้าให้เข้ากัน
 2: นำมะระล้างและแช่เกลือประมาณ 15 นาที นำส่วนผสมในขั้นตอนที่1 ยัดลงไปเต็มมะระ
 3: ตั้งหม้อไฟกลาง ตามด้วยน้ำเปล่า รากผักชี เห็ดหอม พริกไทย ต้มจนเดือด
 4: ตามด้วยมะระ ปรับไฟเป็นไฟอ่อน ต้มไปเรื่อยๆจนสุก
 5: เติมเก๋ากี้
 6: เมื่อมะระสุกตามต้องการ เติมผักชี ปิดไฟ"
ยำมาม่า (ไม่ใส่ผัก >..<),"1: ลวนหมูสับให้สุก พอสุกแล้วตักพักไว้ในชามผสม
 2: ลวกบาโลน่าให้สุก พักไว้ในชามผสม
 3: ลวกลูกชิ้นให้สุก พักไว้ในชามผสม
 4: ลวกเส้นมาม่าให้สุก พักไว้ในชามผสม
 5: ลวกกุ้งให้สุก พักไว้ในชามผสม
 6: ใส่เครื่องปรุงมาม่า ตามชอบ
 7: ใส่พริกเผาที่มากับซองมาม่าตามชอบ
 8: ใส่น้ำยำที่ปรุงรสไว้แล้ว คลุกเคล้าให้เข้ากัน
 9: เสร็จเรียบร้อย พร้อมรับประทานค่า สำหรับท่านไหนที่ทานผัก ก็ลวกผักใส่ได้ตามใจชอบค่า ^__^"
ต้มข่าปลาสลิด,"1: 1.แล่ปลาสลิดเอาแต่เนื้อ..ทอดให้กรอบนอกนุ่มใน สีเหลืองสวย พักไว้
 2: 2.เตรียมวัตถุดิบให้พร้อม ข่าอ่อนหั่นบางๆ ตะไคร้ทุบ หอมแดงทุบ ฉีกใบมะกรูด พริกขี้หนูสวนบุพอแตก
 3: 3.ต้มน้ำเปล่าและใส่กะทิเรียลไทยลงไป จากนั้นใส่ข่าอ่อนหั่นบาง ตะไคร้ทุบลงไปเพื่อให้กลิ่นสมุนไพรหอมออกมา ใส่หอมแดงทุบลงไปให้ต้มให้พอเดือดหอมแดงใส หมั่นคนเพื่อไม่ให้กะทิแตกมัน..ใส่เห็ดฟางลงไปต้มต่อพอสุกดี
 4: 3.ปรุงรสด้วยน้ำปลาดี น้ำมะขามเปียก น้ำตาลทราย.. ชิมรสชาติให้อร่อยถูกใจเปรี้ยว เค็ม หวานนิดๆ..ใส่ปลาสลิดทอดลงไป..ฉีกใบมะกรูดใส่ลงไป เพิ่มความเผ็ดด้วยพริกขี้หนูสวน ใส่ผักชีฝรั่งเพิ่มความหอม รอเดือดอีกครั้งเป็นอันเสร็จค่ะ
 5: 5.พร้อมรับประทานอาหารไทยรสกลมกล่อมหอมสมุนไพรต่างๆ อร่อยถูกใจแน่นอนค่ะ"
กระทงทอง,"1: เตรียมวัตถุดิบทุกอย่างใส่ภาชนะให้พร้อมก่อนทำอาหาร จะได้รวดเร็วต่อการทำ
 2: ตั้งกระทะไฟอ่อน ใส่น้ำมัน พอร้อนใส่สามเกลอลงไปผัดพอหอม ตามด้วยพริกหวานผัดให้หอม
 3: ใส่หมูและกุ้งสับ ผัดให้สุกและแห้ง ปรุงรส จากนั้นใส่ข้าวโพด แครอท ถั่วแขก ผัดให้เข้ากัน ชิมรส ถ้าไม่เค็มเติมเกลือ ผัดต่อจนแห้ง
 4: พักไว้ให้เย็น
 5: ผสมแป้งสาลี แป้งข้าวเจ้า เข้าด้วยกัน จากนั้นค่อยๆใส่น้ำปูนใส่ ใช้พายคนหรือมือเคล้าให้แป้งละลาย อย่าให้เป็นเม็ด จากนั้นใส่ไข่แดง น้ำมัน น้ำตาลมะพร้าว คนให้เข้ากัน พักไว้สักครู่
 6: ใส่น้ำมันลงในหม้อสำหรับทอด จากนั้นนำพิมพ์ขนมใส่ลงไปอุ่นในน้ำมันพืชสักพัก
 7: เมื่อน้ำมันร้อนได้ที่ ให้นำพิมพ์ขนมขึ้นมาซับน้ำมันบนกระดาษทิชชู่ จุ่มก้นพิมพ์ขนมที่ซับน้ำมันออกแล้วลงในส่วนผสมแป้งจนเกือบมิดพิมพ์ ( ในพิมพ์ต้องมีน้ำมันอยู่ด้วย เพื่อให้ความร้อนจากน้ำมันส่งผ่านพิมพ์ทำให้แป้งสุกติดกับพิมพ์ )
 8: รีบจุ่มพิมพ์ลงน้ำมันทันที ให้เหลือตรงขอบไว้ประมาณ 1 มิล. เพราะถ้าจุ่มมิดทีเดียว ขอบจะไหม้เร็วมาก และตรงก้นพิมพ์ แป้งจะหนากว่าตรงส่วนอื่นๆ เมื่อจุ่มลงไปสักครู่ รอให้แป้งส่วนล่างสุกสักเล็กน้อยก่อน กดพิมพ์ให้มิดท่วมน้ำมันเลยครับ หมุนๆวนๆ จนกระทงทองหลุดออกจากพิมพ์ แล้วรีบตักขึ้น คว่ำลงตะแกรงให้สะเด็ดน้ำมัน
 9: ทำแบบนี้เรื่อยๆ จนเสร็จ ก็จะได้กระทงทองใบน้อย พร้อมสำหรับใส่ไส้แล้วครับ
 10: ตักไส้ใส่ในกระทงทอง ตกแต่งด้วยใบผักชี พร้อมเสิร์ฟครับ
( เมนูกระทงทองไม่สามารถทำตั้งทิ้งไว้ เพื่อนำไปขายได้ รสชาติจะไม่อร่อย กระทงทองจะนิ่มครับ เป็นเมนูที่หาทานได้ตามร้านอาหารทั่วๆไป )
 11: ล้างใบเตยและตะไคร้ ตัดหัวตัดท้าย บุบตะไคร้พอหยาบ
 12: นำไปต้มพอเดือด ใส่น้ำตาลทรายลงไป รอให้เดือดอีกครั้งปิดไฟ
 13: เสิร์ฟคู่กับ กระทงทอง และเปียกปูนอ่อน ช่วยส่งเสริมรสชาติของอาหารให้เข้ากัน ตัดเลี่ยนได้ดี"
หอยลายผัดน้ำมันหอย,"1: ล้างหอยลายให้สะอาด สับกระเทียมให้ละเอียด
 2: ตั้งกระทะไฟปานกลาง เจียวกระเทียมกับน้ำมันพอสุก ใส่หอยลายลงไปในกระทะ เติมน้ำเล็กน้อย ผัดจนฝาหอยเริ่มเปิด
 3: ปรุงรสชาติด้วยน้ำมันหอย น้ำตาลทราย ตามชอบ ผัดให้เข้ากันจนฝาหอยเปิด แสดงว่าหอยลายสุกแล้ว ใส่ใบโหระพาลงคลุกไป ปิดไฟ ตักใส่จานเป็นอันเสร็จ"
ผัดกะเพรากุ้ง,"1: เตรียมวัตถุดิบทั้งหมด
 2: ตั้งกระทะ เปิดไฟ ใส่น้ำมันเล็กน้อย ใส่พริกและกระเทียมโขลก ลงผัด
 3: ตามด้วยกุ้งแกะเปลือก ผัดจนกุ้งเริ่มสุก และใส่น้ำเปล่าเล็กน้อย
 4: ปรุงรสด้วย น้ำตาลทราย และน้ำปลา ผัดให้เข้ากัน
 5: ใส่ใบโหระพา ลงผัดให้สลบ
 6: ปิดไฟ ตักขึ้นใส่จาน พร้อมเสิร์ฟ"
ต้มแซ่บปลาทู,"1: ตั้งน้ำให้เดือด
 2: ล้างผักต่างๆและพริกเตรียมไว้
 3: นำข่า ตะไคร้ หอมแดง ลงไปต้มให้มีกลิ่
นหอม
 4: ใส่รากผักชีลงไปต้ม
 5: รอจนเดือดได้ที่และมีกลิ่นหอมประมาณ 5นาที

 6: ใส่ปลาทูลงไปต้ม
 7: เติมพริก น้ำปลา พริกทุบพอบุบ

 8: ใส่ใบมะกรูด และใส่มะนาวลงไปเป็นขั้นตอนสุดท้ายก่อนตักเสริฟ"
ผัดหมี่ฮกเกี้ยน ในแบบภูเก็ต,1: ผัดหมูให้สุก ใส่เส้น ใส่ผัก ใส่ลูกชิ้นปลา และน้ำสต็อกให้พอท่วม ใส่น้ำมันหอย ซอสปรุงรส น้ำตาลครึ่งช้อนชา คลุกเคล้าห้เข้ากัน และตอกไข่ดิบใส่ พร้อมทาน
แกงจืดฟักเขียวไก่,"1: วัตถุดิบ
 2: นำฟักเขียวมาล้างให้สะอาด ผ่านครึ่งและคว้านเมล็ดไส้ด้านในออก และหั่นเป็นชิ้นขนาดกำลังพอดีนำแครอทไปล้าง ปอกเปลือก และหั่นเป็นแว่นกลมๆ จากนั้นนำที่กดคุ้กกี้รูปดอกไม้มากดทำลาย (ใครไม่มี ใช้มีดหั่นมุมเป็นสามเหลี้ยมเล็กๆ4-5ด้านขนาดเท่าๆกันแทนได้ค่ะ)ซอยต้นหอมซัก3-4ต้น
 3: ซอยกระเทียมใส่หมักไก่ และใส่ซีอิ้ว พริกไทย เกลือเล็กน้อย หมักทิ้งไว้ให้เข้าเนื้อ (ถ้าไม่มีเวลา 30นาที ก็ได้ค่ะ ถ้าหมักนานยิ่งเข้าเนื้อ)
 4: จากนั้นตั้งน้ำให้เดือด ใครมีโครงไก่ให้นำมาต้มเคี่ยวก่อนค่ะ ใครไม่มีก็ใส่ซุปไก่ก้อนแทน และนำปีกไก่บนลงไปต้มจนสุก และนำฟักเขียวและแครอทที่เราหั่นไว้ลงหม้อตามไป ละใส่ซีอิ้ว เกลือ พริกไทย ตบท้ายด้วยต้นหอม
 5: ต้องต้มจนกว่าฟักเขียวและแครอทจะนิ่มนะคะ
 6: ทานคู่กับข้าวร้อนๆ ก็ฟินได้คร่า"
กุ้งผัดหน่อไม้ฝรั่ง,"1: ตั้งน้ำมัน ใส่กระเทียม
 2: ใส่หน่อไม่ฝรั่ง
 3: ใส่กุ้งสดที่เตรียมไว้
 4: ใส่ น้ำปลา น้ำตาล
ซอสหอย น้ำเปล่าแป้งมัน(ใส่แบบเป็นผง)
 5: ตั้งใส่จาน พร้อมเสิร์ฟ"
หลนปลาร้า,"1: นำกระทิใส่หม้อตั้งไฟ ใส่หอมแดงบุบ ข่า ตะไคร้ ลงไป
 2: พอเริ่มเดือด เบาไฟลงเล็กน้อย ใส่หมูสับลงไปคนให้เข้ากันกับกระทิ
 3: ใส่น้ำปลาร้า น้ำตาลปี๊บ น้ำมะขามเปียกลงไป ค่อยๆใส่ไปชิมไปนะครับ รสชาติมันจะได้ไม่เค็มหรือเปรี้ยวโดดไป ปรุงรสให้กลมกล่อมตามชอบ น้ำปลาถ้ามันเค็มจากปลาร้าพอแล้วไม่ต้องใส่ก็ได้ครับ แ
 4: พอปรุงสุกได้ที่แล้วใส่พริกแดงที่เตรียมไว้และใบมะกรูดฉีกลงไปคนให้ทั่ว ปิดไฟยกลงจากเตา
 5: เสริฟพร้อมผักสดเช่น แตงกวา ขมิ้นขาว ถั่วพู หรือผักอื่นๆตามชอบ"
ผักกาดดองผัดวุ้นเส้นใส่ไข่,"1: เตรียมผัก
ล้างและบีบน้ำผักกาดดองให้แห้ง
 2: เจียวกระเทียมไฟกลางให้หอม
 3: ใส่ผักกาดดองลงไปผัดให้หอมและแห้ง
 4: ใส่วุ้นเส้นสดแล้วเติมน้ำนิดหน่อยให้วุ้นเส้นสุก
 5: ตอกไข่ลงไปแล้วปร
 6: ผัดให้เข้ากันจ๊ะ
 7: ผัดจนเข้ากันก็ใส่ผักลงไป
 8: ผัดแล้วปิดไฟจ๊ะ"
ข้าวผัดเขียวหวานไก่ 💚🐔,"1: ผัดพริกแกงเขียวหวาน ให้หอม
 2: เติมน้ำกะทิมะพร้าว 1-1.5 ถ้วย ลงไปในพริกแกงเขียวหวาน แล้วผัดต่อให้หอม
 3: ตามด้วยใส่ อกไก่ ลงไปผัด
 4: ปรุงรสด้วยน้ำตาลปี๊บ , น้ำปลา , พริกชี้ฟ้า
 5: ใส่ข้าว 2.5 ถ้วย ลงไปผัดให้เข้ากันจนแห้ง ตามด้วยใบโหระพา คลุกให้เข้ากัน แล้วตักเสิร์ฟ
 6: จัดจาน เตรียมเสิร์ฟ ด้วยไข่ดาว และแตงกวาหั่นแว่น"
แกงเผ็ดหมูตะลิงปลิง,"1: เตรียมตะลิงปลิงใส่ถ้วย เลือกลูกที่เขียวกำลังดี ไม่อ่อนหรือแก่เกินไป
 2: หั่นตะลิงปลิงให้เป็นแว่น ล้างด้วยน้ำผสมเกลือให้สะอาด ขยำเบาๆพอให้ความเปรี้ยวจากตะลิงปลิงออกไปบ้าง
 3: หั่นหมูให้เป็นชิ้นยาวๆ ความหนาพอดีรับประทาน
 4: ตั้งกระทะไฟอ่อน ใส่น้ำมันเล็กน้อย แล้วใส่พริกแกง ผัดจนหอม
 5: ค่อยๆเติมกะทิลงไปผัดให้แตกมัน
 6: ใส่หมูลงไปผัดให้สุก จากนั้นเติมน้ำเปล่า ประมาณ 200 ml. หรือตามความต้องการ หากชอบเข้มข้นเติมน้ำนิดเดียว หากชอบน้ำใสๆ ให้เติมน้ำเปล่าเยอะหน่อย ใช้น้ำต้มสุกหรือน้ำเปล่าอุณหภูมิห้องจะดี
 7: เมื่อหมูสุก ใส่ตะลิงปลิงลงไป เติมเกลือแกง 2-3 เม็ด น้ำปลา น้ำตาลปี๊บ ชิมรสชาติให้ได้ตามต้องการ เคี่ยวให้งวดสัก 10-20 นาทีโดยใช้ไฟต่ำ
 8: ปิดไฟ แล้วจึงใส่โหระพาลงไป คนให้โหระพาสุกแล้วจึงเสิร์ฟได้
 9: แกงหมูตะลิงปลิงพร้อมเสิร์ฟ รับประทานกับไข่เจียวและข้าวสวยหุงร้อนๆ อร่อยมากค่ะ"
ราดหน้าฮ่องกง + สอนเทคนิคผัดเส้นระดับโปร ♥️,"1: ใช้หมูหรือเนื้อ หมักกับผงฟู (ดูได้ที่สูตรหมักหมูนุ่มแบบภัตราคารจีน ด้านล่างค่ะ)
 2: นำเส้นไปคลุกกับซีอิ๊วดำ ไม่ต้องคลุกจนทั่วก็ได้ จะดูสวยกว่า
 3: เทคนิคนี้ไม่มีในคู่มือ หรือตำราทำอาหารแน่นอนค่ะ
ไม่ค่อยมีใครมาบอกกัน บางร้านขายมาเป็น 20ปียังไม่เข้าใจเลยค่ะ เทน้ำมันใส่อย่างเดียว 😅การวอร์มกระทะ- ใช้กระทะเหล็ก ตั้งกระทะ ใช้ไฟแรงให้น้ำมันร้อนจนควันขึ้น- จากนั้นให้เทน้ำมันร้อนออก แล้วใส่น้ำมันใหม่ลงไป ไม่ต้องเยอะนะ ช้อนเดียวพอ
 4: อันนี้เราใช้น้ำมันหมูค่ะ ซื้อมาจากร้านขายหมูในตลาด บรรจุขวดละ 15 บาท แบบนี้สะดวกดี น้ำมันหมูผัดกับเส้นจะยิ่งหอม
 5: 1. เมื่อร้อนจนควันขึ้นแล้วเทน้ำมันร้อนออกให้หมด ใส่น้ำมันใหม่ลงไป ไฟแรงเช่นเดิม (กระทะต้องร้อนจัดตลอดนะคะ ไม่งั้นผัดแล้วเส้นจะติด) ช่วงระหว่างเปลี่ยนน้ำมันอย่าให้ขาดช่วงนาน2. แล้วรีบใส่เส้นลงไปผัดเลย อย่ารอให้น้ำมันใหม่ร้อนอีกเพราะมันจะไปผสมกัน รีบใส่เส้นลงไปเลยมันจะลื่นมาก .... กลิ่นหอมมาละ ควันคุ้งเลย3. เส้นจะพองๆ คล้ายๆเอาไปทอด แต่เส้นจะยังนุ่มแบบผัดปกติ และเส้นก็จะไม่ติดกระทะเลย ยกเว้น มีน้ำซีอิ๊วหยดลงไป อาจมีติดบ้าง แต่เส้นจะไม่ติดกระทะค่ะ4. ใช้เวลาไม่เกิน 1 นาทีในการผัด
 6: เส้นมันจะพองๆด้านนอก (พอง แต่ไม่ใช่กรอบ) และหอมๆ
นี่ล่ะคือความหอมจากการผัดเส้นราดหน้าอย่างแท้จริง ไม่ใช่การเทน้ำมันลงไปเยอะๆ หรือการผัดจนเส้นไหม้ หรือการทอดเส้นนะคะ 🥳จบละเทคนิคการผัดเส้น เป็นเทคนิคสุดยอดที่ไม่มีในตำรา หรือใครมาบอกกันนะ
 7: น้ำรากหน้า
ใช้แป้งฮ่องกง ละลายน้ำ เตรียมใว้แป้งฮ่องกงทำจากมันฝรั่งส่วนแป้งมันทำจากมันสัมปะหลังข้องดีของแป้งฮ่องกงก็คือจะมีความหนืดพอประมาณ ไม่เหนียวยืดเป็นขี้มูกแบบแป้งมันเวลาร้อนๆ ส่วนเวลาเย็นลงจะไม่คืนตัวมากจนเหลวๆเป็นน้ำใสๆเหมือนแป้งมันสัมปะหลัง
 8: อันนี้เราใช้เนื้อค่ะ เนื้อหมักแล้วจะมีรสชาติ ไม่ต้องใส่เครื่องปรุงอะไรลงในกระทะผัดเนื้อก่อน จะหมู เนื้อ ไก่ ตามชอบเลยนะคะ
 9: ใส่น้ำลงไป เหมือนทำราดหน้าปกติ แล้วจึงค่อยๆใส่น้ำแป้งที่ผสมแล้วลงไป ปรุงรสด้วย ซองน้ำมันหอย ซีอิ๊วขาว แล้วใส่ซีอิ๊วดำให้สวยงาม
 10: ใส่คะน้า
 11: ใส่คะน้าสัก 20-30 วินาทีก็ปิดไฟ
 12: นำไปราดหน้า ก็พร้อมหอม..อร่อยได้เลยจ้า
 13: ขยายเส้นให้ดูค่ะ ผิวมันจะพองๆแบบนี้ หอม..จากการผัด ไม่ใช่จากการไหม้ และไม่ใด้กรอบ/เกรียม/หรือแข็งนะคะ เส้นยังคงความนุ่มนวลแบบเดิม ไม่มีส่วนแข็ง"
ต้มยำปลากระพงน้ำข้น,"1: ล้าง หั่นทุก แยกเป็น 4 ส่วนนะคะ
1. ตะไคร้ ข่า หอมแดง2. ใบมะกรูดฉีก ผักชีฝรั่ง พริกจินดา3. เนื้อปลากระพง4. เห็ดนางฟ้าฉีก
 2: ตั้งน้ำต้ม พอเดือดใส่ตะไคร้ ข่า หอมแดง คนอร์ต้มยำ
 3: พอมีกลิ่นหอม ใส่เห็ดนางฟ้า ต้มให้สุก ใส่เนื้อปลา ห้ามคนนะคะ
 4: ระหว่างรอละลายน้ำพริกเผากับนมข้นจืดค่ะ
 5: เติมใบมะกรูดฉีก ผักชีฝรั่ง และ พริกจินดา ปิดไฟ
 6: เติมนมข้นจืดผสมน้ำพริกเผา
 7: ปรุงรสด้วยน้ำมะนาว น้ำปลา ชิมรสตามชอบ
 8: เสร็จพร้อมเสริฟ โรยพริกแห้งทอดจ๊ะ"
แกงขั่วมะละกอหมู,"1: นำหม้อตั้งไฟ ใส่น้ำมัน พอน้ำมันร้อน ใส่พริกแกงลงไปผัดให้หอม แล้วใส่หมูผัดให้สุก
 2: เมื่อหมูสุกได้ที่ ใส่มะละกอลงไป ผัดสักประมาณ 1 นาที พอได้กลิ่นเครื่องต่างๆ แล้วใส่น้ำเปล่าลงไป รอจนเดือด
 3: พอเดือดใส่น้ำตาล น้ำปลา ปรุงรสตามชอบ รอมะละกอสุกใส แล้วค่อยใส่ข้าวขั่ว ต้มต่ออีกสัก 2-3 นาที ปิดไฟ พร้อมเสริฟค่ะ"
พล่ากุ้งสด,"1:  1
อันดับแรกเตรียมส่วนผสม สับมะม่วง ซอยหอมแดง ตะไคร้ ใบมะกรูด และเด็ดสะระแหน่เตรียมไว้สำหรับโรยหน้า
 2:  2
- นำกุ้งแชบ๊วยปอกเปลือก ผ่าหลังเอาขี้กุ้งออก- นำกระทะใส่น้ำตั้งไฟแรงจนเดือดใส่กุ้งที่เตรียมไว้ลงลวกจนสุก เทน้ำออกและพักไว้
 3:  3
- นำชามสำหรับผสมน้ำปรุงรสมา- สับพริกขี้หนูสวนที่เตรียมไว้พอหยาบ ใส่ลงในชาม- ใส่น้ำตาลทราย น้ำปลา น้ำพริกเผาชิมรสตามชอบ
 4:  4
ตามด้วยส่วนผสมสมุนไพรที่เตรียมไว้ หอมแดง ตะไคร้ ใบมะกรูด นำมาคลุกเคล้าให้เข้ากัน ชิมรสตามชอบ พล่ากุ้งควรจะมี 3 รส หวาน เปรี้ยว เผ็ดนิด ๆ ค่ะ
 5:  5
มาถึงช่วงสุดท้าย นำกุ้งที่ลวกไว้แล้วใส่ลงไปคลุกเคล้าให้ทั่ว ตักใส่จานโรยหน้าด้วยสะระแหน่เท่านี้ก็ได้พล่ากุ้งหวาน สด เนื้อเด้ง ๆ ที่พร้อมด้วยรสชาติแซ่บ ๆ แล้วค่ะ"
ปลาจาระเม็ดราดพริก,"1: ทอดปลาจาระเม็ดจนกรอบ พักไว้
 2: ใส่น้ำมันลงในกะทะเล็กน้อย นำพริกแบะกระเทียมสับ ลงไปผัดจนหอม
 3: เติมน้ำเปล่าลงไปประมาณ 300 ml.
เติมซอสพริก น้ำจิ้มไก่ ลงไป
 4: ปรุงรสด้วยน้ำมันหอย ซอสปรุงรส น้ำตาล ชิมรส ปิดเตา บีบมะนาว แล้วจัดเสิร์ฟ"
กะพงต้มส้ม (แบบใส่กะปิ),"1: กะปิเอาไปเข้าไมโครเวฟ ไฟ 450 1 นาที ให้กะปิแห้ง หอม
 2: ตำพริกไทยขาวให้แตกละเอียดตำไปกับกะปิ ใส่หอมแดงขิงซอยลงไปตำ ให้หอมแดงได้รสหวานให้น้ำขิงออกจะเพิ่มความร้อน เอาชงไปคั่วในกะทะให้หอมอีกรอบ แล้วเติมน้ำลงไป 2 ถ้วยต้มให้เดือด
 3: แล่ปลาออกเป็นส่วนเนื้อกับก้างหัวปลา
 4: แยกเนื้อไว้ใส่หลังจากเราต้มกระดูกปลาและหัวแล้ว
 5: ใส่หัวและกระดูกปลาลงไปต้มไฟอ่อนๆ ประมาณ 15 นาที จากนั้นให้ตักออก
 6: น้ำเดือดแล้วใส่ส่วนเนื้อปลาลงไป
ต้มไฟกลางจนเดือด และช้อนฟองออก
 7: พอระอุดีใส่ขิงลงไปค่ะ
 8: ใส่ต้มหอมถ้าชอบพริกขี้หนูก็ใส่แบบตบๆลงไปเอาน้ำมันหอมมันหน่อยได้ค่ะ
 9: เสร็จแล้วค่ะ"
แกงจืดหัวไชโป๊วหวาน,"1: หัวไชโป๊วหวาน นำมาหั่นเป็นชิ้นบางๆ โดยจะหั่นเป็นวงกลมหรือเฉียงๆก็ได้ นำไปแช่น้ำขยำและล้างน้ำ พักไว้
 2: ซี่โครงหมู นำมาหั่นหรือสับให้เป็นชิ้นขนาดพอดีคำ ล้างน้ำพักไว้
 3: -นำน้ำเปล่าหรือน้ำซุปใส่หม้อ ต้มให้น้ำเดือด ใส่ซี่โครงหมูลง เบาไฟ เคี่ยวจนซี่โครงหมูเปื่อย หมั่นช้อนฟองทิ้งด้วย
 4: เมื่อซี่โครงหมูเปื่อย -ใส่รากผักชี+กระเทียม+พริกไทยเม็ด ลง
-ใส่คนอร์ซุปหมูก้อน-ตามด้วยหัวไชโป๊วที่ล้างน้ำเตรียมไว้-เคี่ยวจนหัวไชโป๊วเปื่อยและนุ่มดี ชิมรส น้ำซุปจะมีความหวานออกจากหัวไชโป๊(ความหวานจากหัวไชโป๊วแต่ละยี่ห้อไม่เท่ากัน) ดังนั้นจึงต้องค่อยๆปรุงรสเค็มด้วยเกลือป่น ชิมให้ได้รสตามชอบ โรยพริกไทยป่น ปิดไฟ ยกลง
 5: ตักใส่ถ้วยเสิร์ฟ"
เต้าเจี้ยวหลนทรงเครื่องสูตรคุณยาย✨,"1: นำเต้าเจี้ยวสำหรับหลนให้ละเอียดค่ะ
 2: ตั้งหม้อไฟกลางตามด้วยกะทิและน้ำเปล่า รอจนเดือดเล็กน้อยนำเต้าหู้ที่เราตำลงไป
 3: รอจนเดือดตามด้วยหัวหอมแดง
 4: ปรุงรสด้วยน้ำตาลปี๊บ ชิมรสตามเค็มหวานมันตามชอบเลยนะคะ
 5: ตามด้วยหมูสับค่ะ หลังจากหมูสับสุกก็ตามด้วยไข่ไก่
 6: ตามด้วยพริกขี้หนู
 7: สังเกตพริกเริ่มสุกเล็กน้อย ปิดไฟ โรยผักชี
 8: เสร็จเรียบร้อยแล้วค่ะ"
ข้าวกะเพราเนื้อสับ-ไข่ดาว,"1: จัดเตรียมส่วนผสมและเครื่องปรุง นำพริกกับกระเทียมมาโขลกพอหยาบ
 2: ตั้งกระทะใส่น้ำมันเจียวพริกกับกระเทียมให้พอหอม
 3: ใส้เนื้อวัวสับลงไป ผัดคลุกเคล้า
 4: ปรุงรสด้วยน้ำปลา ซีอิ๊วขาว. น้ำตาลทรายและซีอิ๊วดำ
ผัดคลุดเคล้าจนเนื้อสุก
 5: ใส่ใบกะเพราลงไปผัดแค่พอสลด ปิดเตา
 6: ตักข้าวใส่จาน ตักกะเพราและวางไข่ดาว พร้อมจัดเสริฟค่ะ"
น่องไก่ติดสะโพกนึ่ง เมนูสุขภาพ,"1: ตำพริกไทยเมล็ดกับกระเทียมกับรากผักชีให้แหลก และใส่เกลือลงไปตำให้ละเอียดทุกส่วนผสม
 2: น้ำเครื่องปรุงทุกอย่างที่เตรียมไว้เทใส่ภาชนะถ้วยเล็กผสมให้เข้ากัน และนำข้อ1 มาใส่ข้อ2 ผสมทั้งหมดให้เข้ากัน
 3: นำเครื่องปรุงน้ำหมักมาทาบนน่องไก่ติดสะโพกให้ทั่ว ทั้งด้านหน้าและด้านหลัง หมักทิ้งไว้ 30นาที
 4: นำไปนึ่งในหม้อนึ่งเป็นเวลา 30นาที"
กุ้งอบวุ้นเส้น,"1: วัตถุดิบ
 2: วัตถุดิบ
 3: วัตถุดิบ
 4: ** ขั้นตอนการทำน้ำปรุง **
นำหม้อ(ใบเล็กๆ)มาตั้งไฟอ่อนๆ ใส่น้ำมัน ผัดกระเทียม พริกไทยดำ ให้หอมเหลืองทอง
 5: จากนั้นเติมน้ำเปล่าลงไป
 6: ปรุงรสโดยด้วยซอสข้นคนอร์
 7: จากนั้นใส่น้ำตาลปี๊ป,ซีอิ๊วดำ ,ซอสหอยนางรม,ซีอิ๊วขาว
 8: ผสมให้เข้ากัน / ปิดไฟ
 9: จากนั้นก็นำวุ้นเส้น(ที่แช่น้ำแล้ว) ลงไปคลุกกับส่วนผสม
 10: คลุกเคล้าใให้เข้ากั
 11: ** ขั้นตอนการอบวุ้นเส้น **
จัดวางขิงซอยลงกระทะให้ทั่ว
 12: จัดวางหมูสามชั้นบนขิงซอยลงกระทะให้ทั่ว
 13: ตั้งกระทะเปิดไฟอ่อนๆ
 14: นำกุ้งมาจัดวางให้ทั่วๆ

 15: ใส่วุ้นเส้นลงในกระทะ
 16: โรยคื่นช่าย โรยพริกไทยป่นลงไป
 17: ปิดฝากระทะอบ อบด้วยไฟอ่อน 5 นาที
 18: เสร็จแล้วก็ยกลงมาจากเตา เสิร์ฟทั้งกระทะ หรือจะตักใส่จานเสริฟก็ได้ค่ะ *ตามสะดวกเลยจ้า
 19: กุ้งอบวุ้นเส้น
 20: กุ้งอบวุ้นเส้น"
ลูกตาลลอยแก้วน้ำเชื่อมอัญชัน,"1: เคี่ยวลูกตาลกับน้ำตาล 3 ช้อนโต๊ะ ให้ความหวานของลูกตาลออกมาผสมกับน้ำเชื่อม แล้วตักพักไว้
 2: ตั้งหม้อ เติมน้ำสะอาด ผสมกับน้ำเชื่อมลูกตาล เติม น้ำตาลทราย 2 ช้อนโต๊ะ ใส่อัญชันแห้ง เคี่ยวจนน้ำเปลี่ยนสี ตักเสิร์ฟพร้อมลูกตาล"
ผักบุ้งผัดกะปิกุ้งสด,"1:  1
- เริ่มต้นจากการนำผักบุ้งมาหั่นเป็นท่อน ๆ- นำกุ้งแชบ๊วยมาแกะเปลือก และผ่ากลางเอาขี้กุ้งออกเพื่อจะได้ดูน่าทาน
 2:  2
- นำกระทะตั้งไฟใส่น้ำมันที่เตรียมไว้ ใส่กระเทียมพริกขี้หนูพอร้อนหรี่ไฟอ่อน ใส่กะปิผัดให้เข้ากัน
 3:  3
ใส่หมูบดผัดให้เข้ากัน
 4:  4
ใส่กุ้งสด พลิก 2-3 ครั้ง เพื่อให้เนื้อเข้ากับเครื่องที่ผัดไว้
 5:  5
ใส่ผักบุ้ง ปรุงรสด้วยน้ำตาลทราย ซอสปรุงรส ซอสหอยนางรม ชิมให้รสหวานนำ
 6:  6
ใส่พริกเหลืองและใบมะกรูด ผัดให้เข้ากันอีกครั้งจนผักบุ้งเริ่มสลด
 7:  7
เท่านี้ก็ได้เมนูสุขภาพพร้อมเสิร์ฟ ให้พลังงานน้อย และเปลี่ยนจากผัดผักบุ้งไฟแดงธรรมดา ๆ ให้กลายเป็นเมนูแปลกใหม่ที่น่าลองแล้วค่ะ"
ผัดกะเพรากุ้ง,"1: นำกระเทียมที่สับหยาบมาใส่ในกระทะที่มีน้ำมันแล้วผัดจนเริ่มมีสีเหลืองทอง
 2: ใส่กุ้งลงไปผัดจนเริ่มสุก
 3: ตามด้วยผงปรุงรสผัดกะเพราสำเร็จรูป และน้ำตาลทราย เติมน้ำอุ่น 50 มล. ลงไปผัดคลุกเคล้าส่วนผสมให้ละลายเข้ากัน
 4: ใส่พริกและใบกะเพราที่เตรียมไว้ ผัดให้เข้ากัน ปิดแก๊ส พร้อมตักเสิร์ฟ"
ผัดเปรี้ยวหวานหมู,"1: ปอกเปลือกสับปะรด นำมาหั่นเป็นชิ้น เอาแกนออก
 2: -แตงกวา ล้างให้สะอาด ตัดหัวท้าย ปอกเปลือก ผ่าครึ่งตามยาว หั่นเฉียงเป็นชิ้นขนาดเท่าๆ กัน-มะเขือเทศ ล้างผ่า 4-หอมหัวใหญ่ ปอกเปลือก ผ่าครึ่ง แล้ว หั่นเป็นชิ้นใหญ่-พริกหยวก ล้าง หั่นเป็นชิ้น
 3: เนื้อหมู นำมาล้างแล้วหั่นเป็นชิ้นขนาดเท่าๆกัน
 4: ตั้งกระทะ ใส่น้ำมัน ตามด้วยกระเทียมสับ ผัดให้สุกเหลืองหอม
 5: -ใส่หอมหัวใหญ่ ลงผัดให้สุกและใส ที่ใส่หอมใหญ่ก่อนเพราะอยากได้รสหวานจากหอมหัวใหญ่-ตามด้วยเนื้อหมูหั่นเป็นชิ้น ผัดจนเนื้อหมูสุก-ใส่ส่วนที่เหลือทั้งหมดคือ แตงกวา+สับปะรด+มะเขือเทศ-ใส่น้ำเปล่าหรือน้ำซุป-ปรุงรสด้วย+น้ำปลา+น้ำตาล+ซอสมะเขือเทศ ชิมให้ได้รสตามที่ชอบ ผัดให้เข้ากัน รอให้ผักทุกอย่างสุกนิ่มและน้ำจากสับปะรดออก ใส่ต้นหอมหั่นท่อน ปิดไฟ ตักเสิร์ฟ"
ปลาช่อนโบราณ,"1: ปลาช่อนบั้งแล้วทอดทั้งตัว หรือหั่นเป็นชิ้น
ทอดไฟกลางค่อนข้างอ่อน ให้กรอบราดด้วยน้ำยำ พริกขี้หนูสับ กระเทียมสับน้ำมะนาว เนื้อมะนาวติดเปลือกหั่นชิ้นเล็ก ๆเกลือ น้ำตาลปี๊บ น้ำพริกเผา ผักชีหูกระต่ายสับโรยสะระแหน่ ถั่วคั่ว พริกแห้งทอด"
กุ้งทอดซอสมะขาม,"1: นำกุ้งคลุกเคล้าแป้งชุบทอดให้ทั่ว
 2: ตั้งกระทะไฟแรง ตามด้วยน้ำมันพืช ร้อนน้ำมันร้อนได้ที่ นำกุ้งลงไปทอด ทอดจนเหลืองกรอบ ตักขึ้นพักไว้
 3: ผสมน้ำมะขามเปียก น้ำตาลปี๊บ น้ำปลา และน้ำเปล่า ตั้งกระทะไฟกลางเทส่วนผสมที่เตรียมไว้ลงไป เคี่ยวให้ข้นสักพัก ชิมรสตามชอบ
 4: จากนั้นนำกุ้งลงไปคลุก ปรับไฟเป็นไฟแรง เมื่อน้ำซอสเคลือบกุ้งและแห้ง ปิดไฟ
 5: เรียบร้อยค่ะ พร้อมทาน"
ต้มจืดเกี่ยมฉ่าย,"1: เกี่ยมฉ่าย นำมาหั่นเป็นชิ้น
 2: เทน้ำเปล่าใส่หม้อ ตั้งไฟ รอจนน้ำเดือด ใส่ซี่โครงหมูลงต้ม เบาไฟ หมั่นช้อนฟอง
 3: -ใส่เกี่ยมฉ่ายลง+น้ำของเกี่ยมฉ่ายที่อยู่ในถุงด้วย
-ชิมและปรุงรสให้ได้ตามชอบคือน้ำตาลกับน้ำปลา (แต่ส่วนตัวใส่น้ำปลา 1 ช้อนโต๊ะ เท่านั้น เพราะน้ำที่มาในถุงมีรสหวานและเปรี้ยวเค็มอยู่แล้ว)
 4: ได้รสที่ต้องการแล้ว ใส่ขึ้นฉ่ายหั่นท่อนแล้วโรยพริกไทยป่น ปิดไฟยกลง
 5: ตักใส่ถ้วยเสิร์ฟ รับประทานตอนร้อนๆ"
สปาเกตตี้น้ำยาทูน่า,"1: ต้มน้ำให้เดือด นำเส้นสปาเกตตี้ลงไปต้มจนสุก (เวลาตามที่ข้างห่อระบุ) ตอนต้มใส่เกลือเล็กน้อยเพื่อให้ตัวเส้นมีรสชาติ เมื่อเส้นสุกนำไปล้างด้วยน้ำเปล่า แล้วพักเส้นไว้
 2: ปั่น/โขลกกระชายให้ละเอียด แล้วนำพริกแกงลงไปปั่น/โขลกผสมให้เข้ากัน
 3: เทน้ำทูน่าออกให้หมด นำเฉพาะเนื้อทูน่าคลุกกับเครื่องแกงให้เข้ากัน
 4: ตั้งกระทะใส่น้ำมันเล็กน้อย เมื่อน้ำมันร้อนนำทูน่าคลุกเครื่องแกงผัดกับน้ำมันจนหอม เติมกะทิลงไปผัดเล็กน้อยจนกะทิแตกมัน
 5: เติมกะทิที่เหลือ เคี่ยวให้เข้ากัน เติมน้ำเปล่าลงไปตามแต่ชอบข้น/เหลว เคี่ยวจนเดือดเป็นอันเรียบร้อย
 6: จัดเสิร์ฟเส้นสปาเกตตี้ น้ำยาทูน่า พร้อมผักเคียง"
หมูสับทอดข้าวโพด,"1: -เนื้อหมูล้างแล้วหั่น นำมาสับพอหยาบๆ
-ข้าวโพด ฝานออกจากฝักให้เป็นเม็ดๆ
 2: โขลก พริกไทย+รากผักชี+กระเทียม ให้ละเอียด
 3: ใส่หมูสับลงไปโขลกรวมกับ 3 เกลอ ตำให้ส่วนผสมเข้ากัน
 4: -ใส่เนื้อข้าวโพดฝานลง คลุกเคล้าให้เข้ากันและให้เม็ดข้าวโพดกระจาย
-ปรุงรสด้วย ซีอิ้วขาว+น้ำมันหอย+ซอสปรุงรส คลุกเคล้าให้ส่วนผสมเข้ากันทั้งหมด
 5: ใส่แป้งลงคลุกเคล้าให้ส่วนผสมเหนียวแบะเกาะกัน ใช้สากโขลกเบาๆรวมทุกอย่างให้เข้ากันหรือจะใช้มือนวดก็ได้ ส่วนผสมจะเหนียวขึ้น
 6: ตั้งกระทะ ใส่น้ำมัน กะให้พอท่วมชิ้นหมูที่เราจะทอด
-น้ำมันร้อน ก็ใช้มือปั้นหมูเป็นก้อนหรือใช้ช้อนตักเป็นก้อนกลมก็ได้ ทอดด้วยไฟกลางจนหมูสุกเหลืองทุกด้าน ตักขึ้นพักไว้ให้สะเด็ดน้ำมัน
 7: จัดเสิร์ฟลงจาน รับประทานกับซอสพริกหรือซอสมะเขือเทศเข้ากันมากๆ"
กระเพราหอยแมลงภู่ราดข้าว,"1: 1. นำเนื้อหอยแมลงภู่มาคลุกเกลือล้างน้ำ 2-3 รอบ จะช่วยลดความคาวของหอยได้
 2: 2. เด็ดใบกระเพรา หั่นพริกแดงแฉลบสำหรับเพิ่มสีสัน หั่นถั่วฝักยาวแบบสั้นๆ ตำพริกขี้หนูกับกระเทียมให้แหลก
 3: 3. ตั้งกระทะไฟกลาง ใส่น้ำมัน ลงพริกกระเทียมตำที่เตรียมไว้ผัดจนหอม ตามด้วยเนื้อหอยแมลงภู่ ผัดให้เข้ากันดี (ถึงตอนนี้ น้ำหอยจะออกมาเยอะหน่อย ใครชอบแห้งๆสามารถวิดน้ำออกก่อนปรุงได้นะคะ)
 4: 4. พอหอยเริ่มสุกก็ปรุงรสด้วยน้ำปลา น้ำมันหอย ผงปรุงรสคนอร์อร่อยชัวร์ และใส่ถั่วฝักยาวที่เตรียมไว้
 5: 5. ผัดจนเข้ากัน ใส่พริกแดง ใบกระเพรา แล้วผัดต่ออีกหน่อย
 6: 6. เป็นอันเสร็จค่ะ ตักราดข้าวได้เลย ตอนกินก็คลุกๆกับข้าวไปเลยนะอร่อยดี"
ปลาร้าทรงเครื่อง,"1: ปลาดุก นำมาหั่นเป็นชิ้นๆและล้างให้หมดคาวและเมือก
 2: นำหม้อหรือกระทะตั้งไฟ ใส่น้ำต้มให้น้ำเดือดจัดๆ ใส่ปลาดุกลงลวกให้ปลาดุกสุก รีบตักขึ้น นำไปน็อคน้ำเย็น
 3: เตรียมผัก
-หน่อไม้ หั่นเป็นท่อนๆตามยาว แล้วผ่า ครึ่ง แบ่ง 2 หรือ 4 ตามความหนา นำไปลวกหรือต้มในน้ำเดือด 1 ครั้งก่อนนำมาประกอบอาหาร-มะเขือเปราะ ล้าง แล้วผ่า 2-4 แช่ในน้ำที่ละลายเกลือกันดำ-ถั่วฟักยาว ล้างหั่นเป็นท่อน-ตะไคร้ ซอยเป็นแว่นบางๆ-พริกชี้ฟ้า หั่นเป็นท่อน-พริกขี้หนู บุบเบาๆ
 4: -นำกะทิ ใส่หม้อ ตั้งไฟ ต้มให้เดือด
-ใส่ผักทั้งหมดลง(หน่อไม้+มะเขือเปราะ+ถั่วฝักยาว+พริกชี้ฟ้า+ตะไคร้ซอย)
 5: ใส่น้ำปลาร้าปรุงรส ต้มต่อให้เดือด ชิมก่อน 1 รอบ
 6: ก่อนปรุงรสให้ชิมก่อน
-น้ำตาลปี๊บ ไม่ใส่ก็ได้ ถ้าน้ำปลาร้าที่ซื้อมา มีรสที่ดีอยู่แล้ว-ตัดเค็มด้วยน้ำมะขามเปียก นิดหน่อย-น้ำปลา ถ้าน้ำปลาร้าเค็ม ไม่ต้องใส่เพิ่ม
 7: เมื่อได้รสที่ถูกใจแล้ว
-ใส่ปลาดุกที่ลวกไว้ลงไป-ใส่พริกขี้หนูบุบ-ใส่กระชายฝอย ขยี้ให้มีกลิ่นก่อนใส่รอให้เดือดอีกครั้ง ปิดไฟยกลงจัดเสิร์ฟ"
แกงยอดมะพร้าวใบย่านาง (แกงเปรอะ),"1: เตรียมเครื่องดังนี้
 2: วิธีทำข้าวเบือ ให้เอาขาวเหนียวดิบ มาตำ
การมส่ข้าวเบือ ก็เพื่อทำให้น้ำซุป มัความข้นขึ้นนั่นเองจะตำไม่แช่น้ำเลยก็ได้ แล้วใส่ลงไปน้ำซุปร้อน เคียวสักพัก มันก็จะเหนียวขึ้นแบบกะเพาะปลา เครี่ยวสักพักนะ สัก 10 นาทีหรือ เอาข้าวเหนียวแช่น้ำใว้สักพัก แล้วค่อยตำ จะตำง่ายกว่า แต่เวลาใส่ลงไป ระวังมันจะจับกันเป็นก้อน ให้ผสมน้ำร้อนใส่ถ้วยก่อน คนให้เป็นน้ำแป้งหนืดๆก่อน ค่อยเทลงในแกงหรือพบกันครึ่งทาง เอาไปซาวๆน้ำแล้วตำเลยก็ได้ก็จะตำง่ายกว่าตำไม่มีน้ำ (มันไม่กระเด็น) แต่ก็ระวังลงน้ำเดือดแล้วจะจับเป็นก้อนง่ายกว่าตำแบบไม่แช่น้ำ
 3: อันนี้แช่น้ำแล้วตำ
 4: อันนี้ตำไม่ใส่น้ำ
 5: ต้มน้ำแกงจนเดือด ใส่หอมโขลก ใส่พริก แล้วใส่ข้าวเบือลงไป ปรุงรสด้วยน้ำปลา
 6: ใส่ผักลงไป ใส่ฟักทองก่อนอย่างอื่นนะ พักทองสุกยากสุด ต้มสุกพักนึงแต่สุกแล้วเปื่อยเร็วอีก รีบใส่ข่าลงไป พร้อมที่เหลือตาม
 7: ผักวานใส่ท้ายสุดพร้อมใบแมงลักชะอม แล้วปิดไฟ
 8: ใส่ไข่มดแดงก็ได้นะ สูตรนี้เล่นแร่แปลธาติได้เยอะ
 9: รับประทานแทนก๋วยเตี๋ยวได้เลย รับรองอิ่มอยู่ท้อง
เพราะได้ทานข้าวเหนียวด้วยนิดนึงโดยไม่รู้ตัว"
ผัดหอยลายพริกเผาใส่นมข้นจืด,"1: ล้างหอยลายในน้ำผสมเกลือ แช่สัก 15 นาที จากนั้นล้างน้ำทิ้งอีก 2-3 รอบ
 2: ลวกหอยลายให้สุก โดยเมื่อสุกเปลือกหอยจะอ้าออก
 3: โขลกพริกกระเทียมพอหยาบ แล้วผัดกับน้ำมันด้วยไฟกลางให้หอม จากนั้นใส่น้ำพริกเผาลงไปผัดให้หอม ใส่หอยลายลงไปผัดให้ทั่ว
 4: ปรุงรสน้ำปลา นมข้นจืด เติมน้ำเปล่าเล็กน้อย ผัดให้เข้ากัน ปิดไฟแล้วใส่ไบโหระพาลงไปผัดให้ทั่ว เป็นอันเสร็จ"
ผัดพริกขิงถั่วฝักยาว,"1: วัตถุดิบที่ใช้ในเมนูนี้ ทั้งหมด
 2: จัดเตรียมวัตถุดิบ และส่วนผสมทั้งหมด ให้พร้อมปรุง
 3: ผัดจนกระทั่งถั่วสุกประมาณ 70% ก็ใส่เครื่องปรุงทั้งหมดลงไป ปิดท้ายด้วยใบมะกรูดซอย"
ปลาดอลลี่ทอดกรอบผัดพริกไทยดำ,"1: หั่นพริกหยวกสามสี หอมหัวใหญ่ ต้นหอม เตรียมไว้
 2: นำเนื้อปลาดอลลี่ชุปแป้งทอดกรอบ จากนั้นนำกระทะใส่น้ำมันลงไป เปิดเตา พอน้ำมันร้อนใส่ปลาลงไปทอดให้สุก ให้กรอบ ให้มีสีเหลืองทอง
 3: เมื่อสุกได้ที่ ได้สีตามต้องการแล้วตักขึ้นสะเด็ดน้ำมันพักไว้
 4: ใส่น้ำมันลงในกระทะสำหรับผัด พอน้ำมันร้อน ใส่กระเทียม+พริกแดงจินดา ลงไปผัดให้หอม
 5: จากนั้นใส่พริกหยวกสามสี+หอมหัวใหญ่ลงไปผัด ใส่น้ำเปล่าลงไป คนเคล้าส่วนผสมให้เข้ากัน ผัดให้ผักพอสุก
 6: ตามด้วยพริกไทยดำโขลกหยาบ+น้ำมันหอย+ซอสปรุงรส+น้ำตาลทราย คนเคล้าส่วนผสมให้เข้ากันอีกครั้ง ชิมรสชาติสามารถเพิ่มเติมได้ตามความต้องการ
 7: ใส่ปลาดอลลี่ทอดลงไป
 8: คนเคล้าส่วนผสมให้เข้ากันอีกครั้ง ชิมรสชาติอีกครั้ง เพิ่มเติมได้ตามชอบ
 9: ใส่ต้นหอมซอยลงไป
 10: คนเคล้าส่วนผสมให้เข้ากันอีกครั้ง ปิดเตา
 11: ตักใส่จาน พร้อมเสริฟความอร่อย😊❤🥰"
กุ้งแห้งทอด,"1: แช่กุ้งแห้งในน้ำร้อน เปลี่ยนน้ำ 2-3 ครั้ง พลิกตัวกุ้ง
 2: กุ้งจะฟูขึ้นคะ ใส่กระชอนสะเด็ดน้ำ
 3: ทอดให้หอมคะ
 4: เสร็จพร้อมทาน"
ลาบหมูทอด (Larb Moo Tod),"1: ผสมหมูบดหอมแดงซอย ต้นหอมซอย และผักชีฝรั่งซอยเข้าด้วยกัน ปรุงรสด้วย ข้าวคั่ว 2 ช้อนโต๊ะ น้ำปลา มะนาว และพริกป่น ใส่แป้งข้าวโพดลงไป นวดให้เข้ากันดี
 2: ตอกไข่ใส่ชาม ตีให้เข้ากัน ปั่นลาบหมูเป็นก้อนเล็กๆ ทาไข่บางๆ เคล้าด้วยข้าวคั่วที่เหลืออีกเล็กน้อย
 3: ตั้งกระทะทอดให้ร้อนดี ทอดพริกแห้ง และลาบหมูทอด เสิร์ฟแนมด้วย แตงกวา ถั่วฝักยาว กะหล่ำปลี สะระแหน่ และโหระพา"
ปลานึ่งบ๊วย น้ำจิ้มสูตรเต้าเจี้ยว,"1: น้ำราดปลา เริ่มจากผสม น้ำซุป น้ำตาล ซอสหอย ซีอิ๊ว ซอสถั่วเหลือง น้ำมันงา บ๊วย ผสมๆ จบ.
 2: นำปลาไปนึ่งโดยก่อนนึ่งโรยด้วยขิงและกระเทียม ราดด้วยน้ำราด นึ่งประมาณ 20 นาที
 3: ทำน้ำจิ้ม โดยผสมน้ำส้มสายชู เต้าเจี้ยว น้ำตาล พริก กระเทียมรากผักชี ขิง ทุกอย่างซอยนะ จากนั้นเอามารวม ผสมให้ได้รสที่ชอบ"
เกี๊ยวทอด,"1: หั่นแผ่นเกี๊ยวเป็นเส้นยาวๆ 1 แผ่นจะแบ่งเป็น 4 ส่วน
 2: ตั้งกระทะตามด้วยน้ำมันพืช รอน้ำมันร้อน นำเกี๊ยวไปทอดให้เหลืองกรอบน่ารับประทาน
 3: พักขึ้น
 4: เรียบร้อย ~"
แกงจืดไข่ม้วนไส้ผักกาดขาวหมูสับ,"1: เตรียมหั่นผักกาดหอมและหั่นแครอทให้เป็นแว่นๆ ใช้พิมพ์กดรูปดอกไม้กดลงไปบนแครอท
 2: ผสมหมูสับด้วยซีอิ๊วขาว ต้นหอมซอย
 3: ตีไข่ให้เป็นเนื้อเดียว ตั้งกระทะใช้ไฟอ่อน ทาน้ำมันบนกระทะนอนสติ๊กเล็กน้อย เทไข่ลงไปให้เป็นแผ่นบางๆ (แต่ไม่ต้องบางมาก) พอสุกแล้วตักขึ้นพักไว้ตั้งกระทะอีกใบใส่น้ำ พอน้ำเดือดนำผักกาดขาวและต้นหอมที่เด็ดออกเป็นเส้นๆไปต้มแค่พอสลด
 4: นำไข่เจียวแผ่นมาวางเป็นชั้นแรก ตามด้วยผักกาดขาว หมูสับเกลี่ยให้แบนๆไม่ต้องหนามาก แล้วเอามือค่อยๆม้วนไข่ให้แน่น
 5: ได้ไข่ม้วนแล้วให้เอาต้นหอมต้มเส้นมารองด้านล่าง ผูกมัดปมให้เป็นข้อๆ แล้วหั่นออกเป็น 3 ท่อน
 6: ตั้งน้ำ 1 ลิตร พอน้ำเริ่มเดือดใส่ซุปก้อนลงไป ตามด้วบแครอท ปรุงรสเพิ่มด้วยซีอิ๊วขาว คนให้เข้ากัน พอน้ำเดือดได้ที่ใส่ไข่ม้วนที่ทำไว้แล้วลงไป
 7: ต้มต่อไปเพื่อรอให้ไส้ไข่ม้วนสุกดี ระหว่างนั้นค่อยๆช้อนฟองไขมันออกเพื่อช่วยให้น้ำซุปใสขึ้น จากนั้นใส่ผักกาดหอมลงไป แล้วปิดเตา พอผักกาดหอมสลดก็ตักใส่ชาม ตกแต่งด้วยใบผักชีเล็กน้อย ก็เป็นอันเสร็จพร้อมเสิร์ฟ"
ข้าวขาหมู,"1: เตรียมวัตถุดิบหลักสำหรัยต้มขาหมูกันค่ะ
 2: มาต้มขาหมูกันค่ะ
1. เริ่มจากนำขาหมูไปต้มในน้ำสะอาด2. ต่อมาใส่โป๊ยกั๊ก และแท่งอบเชยลงไปต้ม3. ตามด้วยกระเทียมทุบ / รากผักชี / พริกไทยเม็ด4. และใส่เห็ดหอม
 3: ต่อมามาปรุงรสพะโล้กันค่ะ โดยเดียร์ใช้เป็นผงทำพะโล้สำเร็จรูป
1. ใส่ผงพะโล้2. ตามด้วยซีอิ๋วดำ(หวาน), ซีอิ่วขาว, ซอสปรุงรสฝาเขียว3. เพิ่มความหวานหอม ด้วยน้ำตาลปี๊บ4. ต่อมาก็ต้มซัก 30 นาที – 1 ชั่วโมง จนขาหมูเปื่อย เป็นอันเสร็จค่ะ
 4: - เสร็จแล้วค่ะข้าวขาหมู เพื่อนๆสามารถต้มไข่ต้ม และ ผักดอง ตัดแก้เลี่ยนได้- ส่วนตัวน้ำจิ้มขาหมูเดียร์ทำง่ายๆเลยค่ะ1. โดยการใช้ พริกแดงเหลือพริกเหลืองมาปั่น หรือหากเพื่อนๆไม่สะดวกไปปั่นก็สับเองก็ได้ค่ะ2. ต่อมาปรุงรสด้วย น้ำส้มสายชู น้ำตาล และเกลือเล็กน้อย เป็นอันเสร็จค่ะ"
ต้มข่าปลาช่อน,"1: 1.ปลาช่อนล้างให้สะอาด หั่นเป็นชิ้นตามต้องการ..เตรียมหั่นเครื่องสมุนไพรต่างๆให้พร้อม..
 2: 2.หม้อตั้งไฟต้มน้ำเปล่าและใส่กะทิเรียลไทยลงไป จากนั้นใส่ข่าอ่อนหั่นบาง ทุบตะไคร้ใส่ลงไปเพื่อให้กลิ่นสมุนไพรหอมออกมา ใส่หอมแดงทุบลงไปต้มให้พอเดือด แล้วใส่ปลาช่อนลงไปต้มให้สุกดี
 3: 3.ปรุงรสด้วยน้ำปลาดี น้ำมะขามเปียก น้ำตาลทราย.. ชิมรสชาติให้อร่อยถูกใจเปรี้ยว เค็ม หวานนิดๆ..ฉีกใบมะกรูดใส่ลงไป เพิ่มความเผ็ดด้วยพริกขี้หนูสวน รอเดือดอีกครั้งเป็นอันเสร็จ"
แกงป่าไก่พริกสด,"1: เตรียมส่วนผสม ล้างผักให้สะอาด
 2: ตำกระเทียม หอมแดง พริก ข่า และเกลือให้พอหยาบๆ
 3: นำเครื่องที่ตำบงไปผัดในกระทะ เติมน้ำลงไปผัดจนหอม
 4: ใส่ไก่ลงไปผัดพร้อมใบมะกรูด ผัดจนไก่สุก ตักขึ้นพักไว้
 5: ตั้งหม้อเติมน้ำลงไป 250 กรัม พร้อมใส่ใบโหระพา
 6: ใส่ไก่ที่ผัดไว้ลงไป ตักขึ้นพร้อมเสริ"
หมูย่างเนยจิ้มแจ่ว,"1: หั่นหมูสันในเป็นชิ้นใหญ่ๆ หมักหมูด้วย รากผักชี กระเทียม พริกไทย (ตำให้ละเอียด) นมจืด อร่อยชัวร์ และน้ำตาลทราย หมักทิ้งไปประมาณ 15 นาที
 2: ตั้งกระทะไฟอ่อนนำเนยลงไปละลาย
 3: เร่งเป็นไฟกลางนำหมูลงไปย่าง
 4: ย่างจนสุกน่ารับประทาน
 5: ตักขึ้น พักไว้ และหั่นเป็นชิ้นพอดีค่ะ
 6: ทำน้ำจิ้มแจ่ว โดยผสม พริกป่น น้ำปลา มะนาว น้ำตาลทราย ข้าวคั่ว และต้มหอมผักชีซอย ชิมรสตามชอบ
 7: จัดเสิร์ฟ พร้อมทานค่ะ ทานเล่นๆเป็นกับแกล้ม ทานกับข้าวสวย หรือข้าวเหนียวก็อร่อยค่า"
แกงเห็ดไข่ห่าน,"1:  1
- เตรียมกระเทียม หอมแดงปลอกเปลือก และพริกขี้หนูสวน- นำกระทะตั้งเตาใส่น้ำ 5 ช้อนโต๊ะ ใส่กระเทียม หอมแดง และพริกที่เตรียมไว้ลงในกระทะ คั่วทั้งหมดจนน้ำแห้ง และสีออกเหลือง ๆ จึงนำขึ้นพัก
 2:  2
- จากนั้นนำกระเทียม หอมแดง พริกขี้หนูที่คั่วแล้วทั้งหมดมาโขลกให้เข้ากันพอหยาบ
 3:  3
- เตรียมส่วนผสม ผักต่าง ๆ ชะอม ตำลึง ใบแมงลัก
 4:  4
- เตรียมบวบ ฟักทอง หั่นชิ้นขนาดพอคำ
 5:  5
- ซอยตะไคร้พอหยาบ 3ต้น
 6:  6
- นำเห็ดไข่ห่านที่ได้มา นำมาล้างโคลนออกให้หมด จากนั้นนำไปลวกและเทน้ำทิ้ง
 7:  7
- เตรียมหม้อตั้งเตา ใส่น้ำปลาร้าผสมน้ำเปล่าลงไป รอจนน้ำเดือด ใสเครื่องที่เตรียมไว้ลงไป- ใส่เห็ดไข่ห่านที่เตรียมไว้ลงไป- ปรุงรสด้วย เกลือ น้ำปลา ชิมรสตามชอบ จะมีรสเผ็ด และเค็ม และความหวานจากผักที่ใส่ลงไปทำให้รสชาติกลมกล่อม
 8:  8
- พอน้ำเดือดใส่บวบ ฟักทองลงไป
 9:  9
- ใส่ชะอมที่รูดไว้เรียบร้อย
 10:  10
- ใส่ตำลึงที่เด็ดใบเตรียมไว้แล้ว
 11:  11
- ใส่ใบแมงลักที่เตรียมไว้ลงไป
 12:  12
วิธีทำง่าย ๆ เท่านี้ก็พร้อมเสริฟ์แกงเห็ดไข่ห่านแบบแซ่บ ๆ แล้วค่ะ"
น้ำจิ้มปลาเผา (มะขาม),"1: ต้มมะขาม
(แบบนี้ไม่แนะนำนะคะเพราะตอนท้ายมันเอากากออกยากขยำในถ้วยแบบคนอื่นเถอะ ดีกว่า 😌)
 2: ได้นำ้มะขามเข้มข้นเยอะแบบนี้แหละ
ตักออก 555 ใช้ 1 ทัพพี
 3: นี่น้ำมะขามเข้มข้น 1 ทัพใส่น้ำตาลลงไป คนให้ละลายและเดือด
 4: เติมน้ำลงไปหน่อยเพราะมันเปรี้ยวมากน้ำข้นไปหน่อย
 5: พริกขี้หนู หอมแดงซอย เอาเยอะๆ เวลากินจะได้มีให้เคี้ยวได้ทุกคำ อร่อยดี
 6: ใส่ลงไป
 7: เขี่ย ๆ ให้มันสุกนิดเดียว ปิดไฟเลย
 8: เสร็จแล้ว รสชาติเข้มข้นดี กินกับปลาอบอร่อยเชียว"
แกงส้มผักรวมน้ำข้น,"1: ตั้งหม้อต้มน้ำให้เดือด
หั่นผักต่างๆให้เป็นชิ้นพอคำ และนำผักไปต้มในหม้อไว้ก่อน
 2: เท ผงทำแกงส้มคนอร์ 1ซองลงไปในน้ำ คนให้เข้ากัน ปรับไฟเบาตั้งทิ้งไว้ให้เดือดอ่อนๆ รอผักสุก
 3: นำเนื้อปลาดอลลี่แช่แข็งมาต้มในน้ำซุปให้ปลาสุก พอปลาสุกให้ตักขึ้น แล้วนำไปใส่ใน blender ปั่นเนื้อปลาให้ละเอียด
 4: พอน้ำเดือด ผักเริ่มสุก ให้ใส่เนื้อปลาป่นลงไป คนให้เข้ากัน
 5: ใส่น้ำมะขามเปียกลงไปเพื่อเพิ่มรสชาติเปรี้ยว ชิมรส ถ้าขาดหวานหรือเค็มให้ใส่น้ำตาลและน้ำปลาปรุงรสเพิ่มเข้าไปได้
 6: ต้มทิ้งไว้สักพัก ให้ผักซึมน้ำซุปเข้าไป ตักเสริฟ พร้อมทาน"
ยำรวมมิตร 🌶️,"1: เคี่ยวน้ำเชื่อมก่อนค่ะ ใช้น้ำตาลปี๊บ+น้ำตาลปี๊บ น้ำเปล่าเล็กน้อบ เคี่ยวให้น้ำตาลละลาย ปิดไฟ (ใช้ไฟกลางนะคะ)
 2: เตรียมส่วนผสมในส่วนของผัก
 3: เตรียมส่วนผสมในส่วนของเนื้อสัตว์ นำไปลวกให้สุกนะคะ
 4: ลวกหมูสับเตรียมไว้
 5: ลวกบะหมี่กึ่งสำเร็จรูปเตรียมไว้
 6: เริ่มทำน้ำยำโดยผสมน้ำเชื่อมที่เราทำไว้ ตามด้วยน้ำปลา มะนาว พริกขี้หนูปั่น และเครื่องต้มยำของบะหมี่กึ่งสำเร็จรูปค่ะ ชิมรสตามชอบ
 7: ตามด้วยเนื้อสัตว์และเส้นบะหมี่กึ่งสำเร็จรูป
 8: ตามด้วยผัก คลุกเคล้าให้เข้ากัน
 9: พร้อมทาน 🌶️✨"
ไก่ใต้น้ำ บนกระทะ,"1: โขลกเครื่องแกงพอหยาบๆ
 2: ตั้งกระทะ ใส่น้ำลงไปจนเดือด เติมพริกแกงลงไป
 3: ปรุงรสด้วยน้ำปลาร้าต้มสุก และเกลือ ลงไป ตัดรส น้ำตาลทรายนิดหน่อย
 4: ใส่เนื้อไก่ลงไป เคี่ยวพอไก่สุกนุ่ม ฉีกใบมะกรูดใส่ลงไป ปิดไฟ ทานได้ค่ะ"
ไข่เจียวกากหมู,"1: ตั้งกะทะให้ร้อน
 2: เมื่อน้ำมันร้อน ตีไข่รวมกับน้ำปลาพริกไทย แล้วเราก็เทไข่ที่เราตีแล้วลงไป
 3: ทอดให้ไข่เจียวกรอบด้านล่าง
 4: โรยกากหมูด้านบนแล้วกลับด้าน เมื่อสุกแล้ว ก็เสริฟได้เลย
โรยด้วยกากหมูกรอบๆ อีกที อร่อยอย่างแรง"
หลนเต้าเจี้ยว,"1: เตรียมวัสดุ
- ปลอกเปลือกหอมแดง ล้างให้สะอาด ซอยละเอียด- ปลอกเปลือกกุ้ง ผ่าหลัง ล้างให้สะอาด หั่นเป้นชิ้นเล็กๆ- ล้างพริกชี้ฟ้าให้สะอาด หั่นเป็นแว่น หรือ เป็นเส้นๆ แล้วแต่ชอบ- แช่มะขามเปียก เพื่อคั้นเอาน้ำ
 2: นำหมูสับ และ กุ้ง ใส่เครื่องปั่น หรือใส่ครก ปั่น หรือโขลกให้เป็นเนื้อเดียวกัน
 3: นำเต้าเจี้ยวจะใช้เต้าเจียวขาว หรือเต้าเจียวเหลือที่เป็นขวดก็ได้แล้วแต่สะดวก แต่เอาแต่เม็ดเต้มเจี้ยว นำมาโขลกให้ละเอียดอย่างเป็นเม็ด
 4: ตั้งหม้อนำกระทิลงไปเคี้ยวเล็กน้อย พอเดือดใส่เต้าเจี้ยวที่โขลก และหอมแดงลงไปคนให้เข้ากันกับน้ำกะทิ
 5: นำหมู+กุ้ง ปั่นหรือโขลกเตรียมไว้ใส่หม้อ จากนั้นใส่กระทิเพิ่มในปริมาณที่ต้องการ คนให้เข้ากันพอสุก
 6: พอสุกใส่พริกชี้ฟ้า ค้นให้เข้ากัน จากนั้นปรุงรสด้วยน้ำมะขาม น้ำตาลปี๊บ น้ำปลาหรือเกลือให้ได้รสตามชอบ คนให้เข้ากันอีกครั้ง จากนั้นก็ปิดไฟเตา พร้อมเสิร์ฟค่ะ--- ทานคุ่กับผัดสดเย็น เช่นแตงกวา ข่าอ่อน ผักชี อร่อยเหาะไปเลยค่ะ -"
ปลาผัดขิง,"1: ตั้งกะทะให้ร้อน น้ำปลาไปชุบแป้งทอดกรอบ แล้วทอดให้สีเหลือง พักไว้
 2: ตั้งกระทะ ใส่น้ำมันมะกอก กระเทียมสับ ผัดให้หอม ใส่ขิง ลงไปผัด ตามด้วยเครื่องปรุงทั้งหมด เติมน้ำเปล่าเล็กน้อย จากนั้นใส่เนื้อปลาที่ทอดแล้ว ลงไปผัดอีกรอบ ปิดไฟ ยกเสริฟ"
ขนมจีนน้ำนัวเรณูนคร ข้าวปุ้นเรณู,"1: ลวกในน้ำเดือด ขนมจีนแห้ง 3-5 นาที สังเกตเส้นขนมจีนโดยการใช้ส้อมจิ้ม ลักษณะจะคล้ายขนมจีนสด ไม่แข็ง สีขุ่น
 2: นำขนมจีนลงต้มในน้ำเดือด 3-5 นาที
ใช้ส้อม ตักขนมจีนขึ้นมาจับ หรือ ชิมดู ว่าขนมจีนสุกหรือยังสังเกตเส้นขนมจีนว่าจะมีลักษณะอ่อนตัวลง ไม่แข็งเหมือนเส้นหมี่ ชิมดูจะทำให้รู้ว่าขนมจีนสุกยัง
 3: นำน้ำนัวปลาร้า แบบเข้มข้น
ภายในห่อผสมเจือจางความเข้มข้นกับน้ำสะอาดปริมาณอัตราส่วน 1:1หากต้องการเข้มข้น ไม่ต้องผสมเยอะ
 4: น้ำนัว เทลงใส่ในขนมจีนทีเตรียมไว้
พร้อมทั้งปรุงรส จากนั้นค่อยใส่ผักลวก แล้วตามด้วยผักสดหรือเนื้อสัตว์ เครื่องเคียงอื่นๆ ตามใจชอบเพียงเท่านี้ท่านก็สามารถเข้าถึง ""ต้นตำหรับเรณูนคร"" ได้แล้ว!
 5: สั่งซื้อได้ที่
แฟนเพจ :ขนมจีนน้ำนัวเรณูนคร : โรงงานผลิตเพจ m.facebook.com/Khanomjeenthai"
ซุปหมูใส่มันฝรั่ง,"1: ตั้ืงน้ำ พอเดือดใส่สันคอหมูหั่นเต๋ม ผงปรุงรส ต้ม 30 นาที
 2: เติมมันฝรั่ง ต้ม 5 นาที
 3: เติมมะเขือเทศ ตามด้วยหัวหอมใหญ่ ปรุงรสด้วยเกลือ พริกไทย
 4: ตักเสริฟ โรยหน้าด้วยต้นหอมค่ะ"
ข้าวยำเครื่อง,"1: ทำพริกแกง ล้างเม็ดพริกไทยและคั่วให้พอหอม แช่พริกแห้งจนนุ่ม แล้วนำไปโขลกกับส่วนประกอบที่เหลือทั้งหมดให้เข้ากันดี ใส่ถ้วยพักไว้
 2: นำน้ำปลา น้ำตาลปี๊บ และเกลือใส่หม้อตั้งไฟ คนให้เข้ากันดี และเคี่ยวให้ข้นขึ้น พักไว้
 3: นำข้าวสวยและลูกเดือยใส่ชามผสม นำพริกแกงที่โลกใส่ลงไป เคล้าให้พริกแกงเคลือบข้าวดี ใส่ขิงอ่อน ใบมะกรูด ใบขมิ้น ใบชะพลูใบข่า และถั่วฝักยาวลงไป เคล้าเบาๆ ให้เข้ากันดี จัดใส่จานเสิร์ฟ เคียงด้วยดอกอัญชันส้มโอมะม่วงเปรี้ยวมะพร้าวคั่ว กุ้งแห้งป่น พริกป่น และไข่ต้ม เสิร์ฟกับน้ำตาลที่เคี่ยวไว้"
แกงคั่วส้มโอ,"1: ตั้งกะทะผัดพริกแกงกับหัวกะทิจนเดือด
 2: ใส่หางกะทิ ปรุงรสด้วยน้ำปลา น้ำตาลปี๊บ น้ำมะขาม คนให้เข้ากันจนเดือดอีกครั้ง
 3: ใส่ส้มโอ ใบมะกรูดเล็กน้อย คนสักพัก ปิดไฟ
 4: ตักราดบนกุ้ง โรยใบมะกรูด"
แกงส้มปลาทู (แกงส้มใต้),"1: ต้มน้ำให้ร้อนแล้วใส่เครื่องแกงและกะกิ
 2: น้ำเดือดก็ใส่ปลาทูที่ควักไส้ลงไป
 3: ปลาเซ็ทตัวดีแล้วตามด้วยมะละกอ
ต้มไปตนมะละกอใส
 4: ใส่ผักบุ้งลงไปทีหลัง ผักบุ้งสุกง่ายต้องแน่ใจว่ามะละกอสุกแล้วนะคะ
 5: ชิมเริ่มปรุงรสก่อนว่าเค็มมากมั้ย ถ้ายังไม่เค็มเติมน้ำปลา น้ำมะขาม และน้ำตาล ถ้าน้ำผักออกมาแล้วไม่ได้รสหวาน แต่หม้อนี้ไม่เติมน้ำตาล ได้ผักหวานลงตัวดีแล้ว
 6: ปิดไฟบีบมะนาวลงไป จะได้รสหอมสดชื่น เปรี้ยวใสๆของมะนาว"
ต้มกะทิปลาสลิดกับฟักเขียว,"1: ฟักเขียว ปอกเปลือก หั่นเป็นชิ้นขนาดเท่าๆกัน จะหั่นชิ้นใหญ่หรือเล็กก็ได้ ตามชอบแต่ถ้าหั่นใหญ่มากก็ต้องใช้เวลา
 2: ปลาสลิด
-ล้างทำความสะอาดนำมาบั้งแล้วผ่าครึ่ง ผึ่งไว้-จากนั้น นำไปทอดพอผิวตึงๆ พักให้สะเด็ดน้ำมัน
 3: ตำ เกลือป่น+กะปิ+พริกไทยเม็ด+หอมแดง ให้ละเอียดรวมกัน พักไว้ (หอมแดงแบ่งมาตำแค่ 3 หัว ส่วนที่เหลือบุบรอไว้)
 4: -นำกะทิใส่หม้อตั้งไฟ
-ใส่หอมแดงปอกเปลือกแล้วบุบลงไป-ใส่เครื่องที่ตำ ลงต้ม
 5: -ใส่ฟักเขียว ต้มจนฟักสุก
-ปรุงรส ด้วยน้ำปลาอย่าเพิ่งใส่เยอะ หลังจากใส่ปลาสลิดทอดแล้วค่อยเติม เพราะปลาสลิดอาจจะเค็ม-ใส่ น้ำมะขามเปียก ใส่มากน้อยแล้วแต่ชอบ ถ้ามีใบมะขามอ่อนใส่แทนน้ำมะขามเปียกก็ได้-น้ำตาลปี๊บ ชอบทานหวานมากน้อยแค่ไหน ก็ใส่ตามที่ชอบ จะมีความหวานจากกะทิและน้ำมะขามเปียกออกมา ด้วย
 6: ใส่ ปลาสลิดที่ทอด ต้มต่อ ชิมให้ได้รสตามที่ชอบ"
ขนมจีนน้ำยาปลาช่อน X ตีนไก่+ลูกชิ้นปลา,"1: ต้มตีนไก่รอไปก่อน ใช้เวลา1ชั่วโมงครึ่ง
 2: ต้มน้ำจนเดือด เดือดแล้วใส่ปลาช่อนลงไปต้มจนสุก 3-4นาที
 3: ปลาสุกแล้วเอาชึ้นใส่กระชายลงไปต้มต่อ 2-3นาที
 4: แกะเนื้อปลา กระชายต้ม ลงเครื่องปั่น ใช้น้ำต้มปลากับกระชายใส่ลงไปให้ปั่นง่ายขึ้น
 5: ระหว่างปั่นเติมกะปิลงไป
 6: ปั่นกะปิเข้ากันดีแล้ว จากนั้นใส่ปลาเค็มที่ทอดแล้วลงไปปั่นทั้งชิ้นเลย
 7: พริกแกงผัดกับหัวกะทิ
 8: ละลายพริกแกงดีแล้วใส่ที่เราปั่นลงไป รอจนเดือด
 9: ปรุงรสด้วยน้ำปลาอย่างเดียว ค่อยๆใส่ค่อยปรุงจนพอใจ
 10: เดือดครั้งสุดท้าย ปิดไฟ
 11: เสร็จพร้อมรั
 12: ใครชอบตีนไก่ ใส่ไป
 13: ใครชอบลูกชิ้นใส่ไป
 14: น่ารับประทานมั้ยล่ะ
 15: ผักจัดมา
 16: ประกอบร่างเข้าชุด พร้อมเสร
 17: เชิญรับประทานครับ"
ซูชิไข่เจียวชะอม,"1: ทอดไข่เจียวชะอมเป็นแผ่นให้เรียบร้อย
 2: วางข้าวสวย ลงบนไข่ ม้วนเป็นโรลให้แน่น
 3: หั่นเป็นชิ้นพอดีคำ จัดจานให้สวยงาม
 4: ทานคู่กับน้ำพริก หรือ จะเพิ่มผัก ปลาทูตามใจชอบ"
หมูคั่วเค็ม,"1: นำหมูมาล้างให้สะอาด แล้วนำมาหั่นเป็นท่อนๆ เตรียมไว้
 2: ตั้งน้ำให้เดือด ใส่เกลือเม็ดลงไป
 3: พอน้ำเดือด ใส่หมูลงไป
 4: คอยตักฟองออกอยุ่เสมอ
 5: ต้มไปเรื่อยจนน้ำแห้ง ใช้ไฟกลาง
 6: พอน้ำเริ่มแห้งใส่ซีอิ๊วดำเพื่อเพิ่มสีให้กับเนื้อหมู แล้วเคี่ยวต่อจนแห้งสนิท
 7: พอแห้งแล้ว นำกระเทียมเจียวลงไปคลุกให้ทั่ว เพื่อเพิ่มความหอม จากนั้นก็ตักเสิร์ฟพร้อมข้าวสวยร้อนๆ หรือทานกับข้าวเหนียว ตามชอบ"
ข้าวผัดน้ำพริกเผา,"1: -ตั้งกระทะบนเตา ใส่น้ำมันรอจนน้ำมันร้อน ใส่กระเทียมสับผัดจนกระเทียมสุกเหลืองหอม-ใส่หอมหัวใหญ่ ผัดจนหอมหัวใหญ่สุกและมีลักษณะใส
 2: ใส่หมูยอหั่นลงผัด
 3: ใส่ข้าวสวย บี้และผัดให้ข่าวสวยและส่วนผสมทั้งหมดคลุกเคล้าให้เข้ากัน
 4: -ใส่น้ำพริกเผา ผัดให้น้ำพริกเผาและข้าวสวยคลุกเคล้าเข้ากันจนทั่ว
-ตักชิมก่อนปรุง เพราะน้ำพริกเผาแต่ละยี่ห้อ มีความหวานกับความเค็มต่างกัน-ปรุงรสด้วยน้ำตาลทราย+น้ำมันหอย+น้ำปลา(น้ำปลาท้ายสุดเลย ต้องชิมอีกรอบก่อนถึงค่อยใส่น้ำปลา) ปรับให้ได้รสตามที่ชอบ
 5: ใส่ใบโหระพากับพริกชี้ฟ้าหั่นเฉียง ผัดให้เข้ากันอีกครั้ง
(พอดีวันนี้ไมีมีพริกชี้ฟ้าเลยใช้พริกขี้หนูแทน) ถ้าชอบเผ็ดใส่พริกขี้หนูบุบสับหยาบๆเพิ่มลงไปอีก)
 6: ตักใส่จานเสิร์ฟ รับประทานกับผักสด เช่น แตงกวา,ใบโหระพา ฯลฯ ถ้าชอบเปรี้ยวบีบมะนาวเพิ่ม 1 ซีก หรือจะแนมกับ ไข่ดาวหรือไข่เค็ม ก็ได้เช่นกันค่ะ"
อาหารไทย โปรตีนเกษตรผัดพริกขิง,"1: ตั้งน้ำมันให้ร้อนทอดโปรตีนเกษตรจนเป็นสีเหลืองทอง ตักพักไว้ให้สะเด็ดน้ำมัน ตามด้วยทอดใบมะกรูด
 2: ตั้งกระทะใส่น้ำมันเล็กน้อยผัดพริกแกงจนสุกหอมหรี่ไฟอ่อนเติมน้ำตาลทรายแดง ซีอิ้วขาว ผัดให้เข้ากันชิมรสเมื่อได้ที่ นำโปรตีนเกษตรผัดให้กับพริกแกงโรยใบมะกรูดพักให้เย็นเก็บใส่กล่องไว้ทานได้หลายมื้อ"
ดอกหอมผัดหมู,"1: นำดอกหอมมาหั่นเป็นท่อนประมาณ 1 นิ้วแล้วล้างทำความสะอาดตำหรือทุบกระเทียมพอหยาบแล้วพักไว้
 2: ตั้งกระทะไฟปานกลาง ใส่น้ำมันพอน้ำมัน พอเริ่มร้อน ให้ใส่กระเทียมลงไปผัดพอเหลืองหอม
 3: จากนั้นใส่หมูสับผัดให้หมูสุก ตามด้วยดอกหอมผัดและแครอทผัดให้เข้ากัน
ถ้าน้ำแห้งไปให้ใส่น้ำพอประมาณ แล้วปรุงรสด้วยน้ำมันหอย ซอสปรุงรสเปิดไฟแรงคลุกเคล้าให้เข้ากัน ปิดไฟตักใส่จานเป็นอันเสร็จ เท่านี้ก็เสริฟได้ค่ะ"
พะแนงหมู สูตรโบราณ By หญิงกบ,"1: ซอยใบมะกรูด 1 มม .. พออะยังคะ? เชฟเอียนมาดูจิ 🤣🤣
 2: เปิดกล่อง ตักกะทิออกมา 3 ช้อนโต๊ะ คนกับแป้งข้าวเจ้าให้ละลาย ตั้งไฟอ่อน กวนให้ข้น ตักพักไว้ทำหรับหยอดหน้าค่ะ
 3: ตั้งกระทะใส่กะทิจนกระทั่งกะทิกระทุแล้วกระแทกกระทั้นพริกแกงลงกระทะ 🤣🤣
 4: ใส่สันในหมู ผัดให้พริกแกงเข้าเนื้อ
 5: ปรุงรสด้วยน้ำตาลปี๊บ
 6: ใส่ถั่วลิสงคั่วบด
 7: โรยมะเขือพวง ผัดให้สุกนิดหน่อย
 8: ปิดไฟ เติม โหระพา ใบมะกรูดซอย พริกแดงซอย คนให้เข้ากันเบาๆ ค่ะ
 9: เสร็จพร้อมเสริฟ"
ปลาช่อนแม่ลาทอดกรอบผัดพริกขิง,"1: 1. ตั้งกระทะให้ร้อน ใส่น้ำมันลงไปกะว่าให้ท่วมชิ้นปลา ตั้งไฟแรงจนร้อน หรี่ไฟลงเป็นไฟกลาง ใส่ปลาช่อนแดดเดียวลงทอด ทอดแบบใจเย็นๆนะครับ ทอดจนเหลืองกรอบทั้งสองข้าง ตักขึ้นพักไว้
 2: 2. เทน้ำมันออกให้หมด ใส่น้ำพริกลงผัดบนไฟอ่อนๆ ใส่ใบมะกรูดซอยนิดหน่อย ค่อยๆผัดไปจนมีกลิ่นหอม
 3: 3. ปรุงรสด้วยน้ำตาลทราย ชิมรสดูก่อนว่าได้รสหวานๆ เผ็ดๆ เค็มนิดหน่อยหรือยัง ถ้ายังไม่เค็มให้เติมน้ำปลา ใส่ใบมะกรูดซอย แล้วใส่ปลาช่อนทอดกรอบลงไป ผัดให้เข้ากัน"
ปลาดุกผัดเผ็ดเมืองระยอง,"1: หั่นกระชาย ใบยี่หร่า พริกชี้ฟ้าเตรียมไว้ก่อน
 2: หั่นมะเขือเปราะแช่น้ำทิ้งไว้
 3: ล้างปลาดุกเตรียมไว้
 4: ใส่น้ำมันประมาณนึง ตั้งไฟกลาง
 5: ใส่พริกแกงเผ็ดลงไปผัดจนมีกลิ่นหอม
 6: ใส่ปลาดุกลงไปผัดด้วยกันจนเข้าเนื้อ
 7: ใส่น้ำตาล น้ำปลาและผงชูรส ผัดให้เข้ากันอีกครั้ง ชิมรสชาติให้ได้รสจัด เพราะเมื่อใส่ผักรสชาติจะลดลงอีก ระหว่างนี้คอยเติมน้ำเปล่า ไม่ให้แห้งจนเกินไป
 8: จากนั้นใส่มะเขือเปราะ
 9: ตามด้วยกระชายผัดให้เข้ากัน
 10: แล้วใส่พริกชี้ฟ้า
 11: ผัดจนเข้ากัน สุดท้ายใส่ใบยี่หร่าลงไปผัดรวมกัน
 12: เสร็จเรียบร้อยแล้วยกลงได้"
เจี๋ยนปลาทับทิม สูตร 2 น้ำมะขามเปียก,"1: กบชอบใช้กระทะจีนกบว่าใช้ง่ายกว่ากระทะท้องแบน ก็กระทะจีนธรรมดาไม่ได้เคลือบค่ะ มีวิธีทอดไม่ให้ปลาคิดกระทะ คือ ใส่เกลือในกระทะ ตั้งไฟ คั่วเกลือให้กลิ้งทั่วๆ กระทะ ประมาณ 5 นาที ปิดผิวหน้ากระทะ แล้วเททิ้งค่ะ
 2: ใส่น้ำมัน ทอดปลาทับทิมด้วยไฟกลางค่ะ รอใจเย็นๆ ไม่ต้องแซะดู ปล่อยไว้แล้วสังเกตดูขอบด้านข้างบริเวณครีบ ถ้าเป็นสีเหลืองแล้ว ก็จะร่อนจากกระทะ หนังปลาที่สุกแล้วก็จะไม่ขาดด้วยค่ะใช้ตะหลิว 2 อัน ประคองกลับข้าง น้ำมันจะได้ไม่กระเด็นค่ะ
 3: ทอดอีกข้างให้เหลืองสวย ตักขึ้นสะเด็ดน้ำมัน รินน้ำมันทิ้ง
 4: เติมน้ำมันใหม่ 1 ช้อนโต๊ะ กระเทียมสับ ขิงอ่อนซอย เต้าเจี้ยวผัดให้หอมจนข้างบ้านต้องมาเคาะประตูขอกินด้วย 🤤
 5: เติมน้ำมะขามเปียก ซอสหอยนางรม น้ำตาลปี๊บ น้ำเปล่า คนให้น้ำตาลละลาย ให้ออก 3 รสนะคะ เค็มนำอ่อนๆ ไม่โดด ตามด้วยเปรี้ยว-หวานค่ะ
 6: เอาปลาทอดของเราลงสปา
 7: กลับข้าง เติมต้นหอมหั่นท่อน พริกจินดาหั่นเส้น
 8: เสร็จพร้อมเสริฟค่ะ"
มะระตุ๋นซี่โครงหมู,"1: -มะระจีน ผ่าครึ่งตามยาว ใข้ช้อนขูดไส้ตรงกลางและเมล็ดออก หั่นเป็นชิ้น นำไปล้างทำความสะอาด-โรยเกลือป่นให้ทั่วทุกชิ้นแล้วคลุกเคล้าเบาๆให้ทั่ว พักทิ้งไว้ 30 นาที-ครบเวลา นำไปล้างน้ำ แล้วนำไปลวกในน้ำที่ต้มเดือดจัด+เกลือป่นเล็กน้อย ตักขึ้นพักไว้
 2: -หั่นซี่โครงหมูอ่อนเป็นชิ้นขนาดเท่าๆกัน
-รากผักชี นำไปล้างให้สะอาด บุบ-กระเทียมปอกเปลือก-พริกไทยเม็ดบุบเบาๆ พอแตกแต่ไม่ละเอียด
 3: ตั้งน้ำเปล่า ให้เดือดจัด เบาไฟใส่ซี่โครงหมูลงต้มให้เปื่อย หมั่นช้อนฟอง จนน้ำซุปใส
 4: ต้มจนซี่โครงหมูเปื่อยแล้วใส่
-ใส่คนอร์ซุปหมูก้อน-ใส่รากผักชี+กระเทียม+พริกไทยเม็ด-ใส่ซีอิ้วขาว-ใส่ดอกเกลือ
 5: ใส่มะระจีนที่ลวกเตรียมไว้ ปิดฝาหม้อ เบาไฟ ตุ๋นไปเรื่อยๆจนมะระสุกและนิ่ม ประมาณ 30 นาที อย่างต่ำ
 6: โรย ต้นหอม+ผักชี หั่นท่อน และ พริกไทยป่น ปิดไฟ ยกลง
 7: ตักใส่ถ้วยเสิร์ฟ รับประทานกับข้าวสวยร้อนๆ"
ยำไส้ตันสมุนไพร,"1: นำไส้ตันต้มสุข ทำความสะอาดแล้ว มาหั่นเป็นชิ้นพอคำ
 2: หั่นต้นหอม ผักชี ตะไคร้ หัวหอม เตรียมไว้เพื่อผสมกับน้ำราด
 3: ทำน้ำจิ้มไว้ราด โดยตำพริก กระเทียม ใส่น้ำตาล ปรุงรสด้วยน้ำปลา มะนาว
 4: คนทุกอย่างให้เข้ากัน"
ต้มผักกาดดองใส่กระดูกหมู,"1: ล้างกระดูกหมูด้วยน้ำผสมเกลือให้สะอาด
 2: ตั้งน้ำให้เดือดใส่เกลือและกระเทียมเพื่อความหอมของน้ำซุป
 3: ใส่กระดูกหมูในน้ำเดือดและรอให้น้ำเดือดอีกครั้ง
 4: ใส่ผักกาดดองเค็มที่เตรียมไว้และปิดฝาหม้อเปิดไฟเบาสุด ตุ๋นไว้ 1 ชั่วโมงเพื่อความนิ่มของกระดูกหมู
 5: หลังจากตุ๋น 1 ชั่วโมง พร้อมกินจ้า 💛"
ห่อหมกปลาดอลลี่ในถ้วยกระหล่ำปลี,"1: นำกระหล่ำปลีล้างน้ำให้สะอาด นำไปลวกพอสุก พักสะเด็ดน้ำให้แห้ง นำมากรุใส่ในพิมพ์หรือถ้วยตามขนาดที่ต้องการ พักไว้
 2: นำเนื้อปลาดอลลี่ 150 กนัมใสาลงในโถปั่น ตามด้วยไข่ไก่+น้ำตาลปี๊บหรือน้ำตาลมะพร้าว+น้ำปลา+พริกแกงเผ็ด ใส่ลงในโถปั่น ปั่นให้พอหยาบๆให้ส่วนผสมเป็นเนื้อเดียวกัน จากนั้นนำออกมาใส่ถ้วย
 3: ใส่เนื้อปลาดอลลี่หั่นเต๋า 150 กนัมลงไป
 4: ตามด้วยใบมะกรูดหั่นฝอย คนเคล้าส่วนผสมทุกอย่างให้เข้ากันจนเป็นเนื้อเดียวกันจากนั้นนำส่วนผสมนำไปพักในตู้เย็นสัก 15 นาทีเพื่อให้ส่วนผสมเหนียวข้นและเซตตัว
 5: ตักเนื้อห่อหมกที่ทำไว้ใส่ลงไปจนเต็ม
 6: จัดวางลงบนหม้อนึ่ง
 7: นำไปนึ่งประมาณ 10-15 นาทีจนห่อหมกสุก
 8: เมื่อนึ่งจนสุกแล้ว พักให้หายร้อน
 9: นำกระทิ+ผสมกับแป้งข้าวโพด+เกลือ คนให้แป้งละลาย จากนั้น เปิดเตา เคียวไปจนเดือด พอค้น แล้วปิดเตา
 10: นำห่อหมกออกจากพิมพ์ วางลงบนจานราดกระทิลงไปบนห่อหมก+โรยใบมะกรูดแ+พริกชีฟ้าแดง พร้อมเสริฟความอร่อยคร้าา🥰❤😊"
เมี่ยงหอยแครง น้ำจิ้มถั่วตัด/ถั่วกระจก,"1: ล้างผักทุกอย่าง พอสะเด็ดน้ำแล้วเอาไปเข้าตู้เย็นใว้ รับประทานผักเย็นๆจะกรอบอร่อยมาก
 2: ถั่วกระจก หรือถั่วตัด อะไรก็ได้ที่มีงาผสม เป็นอันใช้ได้
แต่เซเว่นแถวบ้านผมไม่มีเฉย ก็เลยใช่เจ้านี่แทน เป็นงาดำ ผลปรากฎว่าอร่อยกว่าอีก 555
 3: ตำทั้งหมดเข้าด้วยกัน
 4: ละเอียดดีแล้ว ก็ปรุงรสด้วย เกลือ และน้ำปลา มะนาว (อัตราส่วนโดยประมาณ2+2+1) น้ำปลา 2 ส่วน มะนาว 2 ส่วน น้ำตาล 1 ส่วน
 5: ก็จะได้น้ำจิ้มทีีหอมกิ่นถั่วและงา ทากกับขนมจีนกับผัก มันเข้ากันมากเลย
 6: หอยแครงเอาแช่น้ำใส่เกลือทิ้งใว้ไม่ต่ำหว่า 1 ชม. ขึ้นไปเพื่อให้หอยคายดิน/โคลนออกมาแล้วนำไปลวก ใส่น้ำไม่ต้องมาก เดือดแล้วใส่หอยปิดฝา ความสุกเลือกตามชอบ 30 วิ ก็พอสุก 1 นาทีสุกเยอะมากเอาขึ้นมาแล้วแช่น้ำเย็นอีกที
 7: จัดผักแล้ววางขนมจีนราดน้ำจิ้ม ทานแบบนี้ครับ อร๊อยอร่อย
 8: อร่อยจริงๆครับ อยากให้ลอง"
ข้าวผัดกุ้ง,"1: จัดเตรียมส่วนผสมและเครื่องปรุง
 2: ตั้งกระทะใส่น้ำมันเจียวกระเทียมให้พอหอมใส่กุ้งลงไปใส่ผัดไม่ต้องให้สุกมาก แค่พอสะดุ้งไฟ
 3: แล้วตักขึ้นพักไว้
 4: จากนั้นตอกไข่ลงไป พอไข่เริ่มสุกใช้ตะหลิวยีๆ
 5: แล้วใส่ข้าวสวยลงไปผัดคลุกเคล้าให้ทั่วผัดจนข้าวดีด
 6: ใส่แครอทและเกลือป่นลงไป
 7: ปรุงรสด้วย ซอสปรุงรส. ผงปรุงรส น้ำตาลทราย เนยผัดคลุกเคล้าแล้วใส่กุ้งลงไป
 8: ใส่ต้นหอม ปิดเตา. พร้อมเสริฟค่ะ"
น้ำยากุ้ง,"1: วัตถุดิบหลักที่ใช้
 2: ตั้งน้ำให้เดือด ใส่เกลือเล็กน้อย นำกุ้งลงไปต้ม พอสุก50% ดับไฟ กุ้งจะสุกต่อในน้ำที่ยังร้อนอยู่ พักทิ้งไว้ให้คลายร้อน
 3: คั้นกะทิแยกหัวและหาง เสร็จแล้ว แกะเนื้อกุ้ง (ชักเส้นดำทิ้งด้วย)
 4: นำพริกแกงและกระชายโขลกรวมกันให้แหลกแล้วตักขึ้นพักไว้ จากนั้นนำเนื้อกุ้งลงโขลกต่อ ให้แหลกตามต้องการ
 5: เตรียมส่วนผสมทุกอย่างให้พร้อม เพื่อสะดวกในการปรุง
 6: แบ่งหัวกะทิ1ทัพพีใส่ลงภาชนะ ตั้งไฟอ่อน เคี่ยวจนแตกมัน ( แกงไทยโบราณไม่ใช้น้ำมันผัดพริกแกง )
 7: ใส่พริกแกงลงไปผัด เติมกะทิลงไปอีกเล็กน้อย ผัดจนส่งกลิ่นหอม ใส่เนื้อกุ้งที่โขลกไว้ลงไป ผัดให้เนื้อกุ้งกระจายตัว เติมกะทิที่เหลือ พร้อมทั้งเครื่องปรุงลงไป รอเดือด ปิดไฟ
 8: ตักเสิร์ฟคู่กับขนมจีน พร้อมด้วยผักเคียงตามชอบ"
ปีกไก่ทอดน้ำปลา,"1: หมักไก่ด้วยส่วนผสมทั้งหมดเข้าด้วยกัน หมักทิ้งไว้ 1 คืน
 2: นำไก่ไปทอดในน้ำมันท่วม ใช้ไฟอ่อน - กลาง เหมือนกับสูตรไก่ทอดเกาหลีเลยครับ
 3: ทอดเสร็จแล้วก็จะได้แบบนี้ จะทานเล่น หรือทานคู่กับข้าวเหนียวก็เข้ากัน"
ต้มยำปลาทับทิมน้ำใส 🐟,"1: เตรียมเครื่องปรุงให้พร้อมนะคะ
 2: นำตะไคร้ หัวหอมแดง ข่า มาคั่วให้หอม เสร็จแล้วนำมาทุบๆๆๆๆ เพื่อให้หอมยิ่งขึ้น
 3: ฉีกใบมะกรูด ตามด้วยเกลือคะ รอให้น้ำเดือดอีกครั้ง
 4: ใส่ปลาทับทิมลงไป ห้ามคนเด็ดขาดเพราะจะคาว
 5: พอปลาสุกให้ใส่มะขามเปรี้ยว ตามด็วยเห็ดฟางลงไปคะ
 6: เตรียมถ้วย บีบมะนาว น้ำปลา นำตาล พริกขี้หนู และผักชีฝรั่งลงไปในถ้วยเสริฟ
 7: ตักเสริฟลงไปในถ้วยเลยจ้า
 8: สนใจดูคลิปการทำได้ข้างล่างนี้นะคะ
https://youtu.be/hfamgvbGuYI#ทำอาหาร#สูตรอาหาร365 Menu 365 Days Challenge - Menu 34 #ต้มยำปลาทับทิมน้ำใส"
หอมเจียว,"1: ซอยหัวหอมแดง
 2: นำมาคลุกเคล้าแป้งชุบทอดให้ทั่ว คลี่หอมแดงออกจากวงของมันให้ออกมา
 3: ตั้งกระทะไฟกลาง ตามด้วยน้ำมันพืช รอน้ำมันพืชร้อนสักครู่ และตามด้วยหอมแดง เจียวไปเรื่อยๆ โดยผัดตลอด
 4: เมื่อสีเริ่มเปลี่ยน ปรับไฟเป็นไฟอ่อน แล้วเจียวต่อ ผัดตลิดตลอดนะคะ เมื่อสีเริ่มเหลืองทั่วกัน นำขึ้น
 5: นำขึ้นมาสีจะเริ่มเข้มขึ้นค่ะ และไม่ไหม้
 6: เรียบร้อยแล้วค่ะ"
วุ้นเส้นผัดเนื้อปู,"1: เตรียมวัตถุดิบให้พร้อม
 2: หั่นใหทุกอย่างขนาดใกล้เคียงกัน
 3: เจียวกระเทียมให้เกรียมหอม
 4: ใส่ผักทุกอย่างลงไปผัดจนสุก เติมน้ำเล็กน้อยให้พอคลุกคลิก แหวกกลางหยอดปูลงไป ในน้ำให้เนื้อปูแช่น้ำ
 5: ปรุงรสเต็มที่ยกเว้นน้ำปลา
 6: คลุกเค้าให้เข้ากันจากนั้นตามด้วยวุ้นเส้น
 7: ชิมรสดีแล้วเขี่ยไปไว้ข้างนึง ตอกไข่ลงกะทะ ยีๆแล้วตักเอาวุ้นเส้นมาทับไข่ให้ทั่ว
 8: ไข่สุกดีแล้วพลิกกลับ จากนั้นเยาะน้ำปลาเข้าขอบกะทะ อย่าเยอะเดี๋ยวเค็ม เอาแค่กลิ่นหอม เสร็จตักใส่จานได้เลย
 9: โรยเนื้อปูที่ขยักไว้ให้พอสวยพร้อมรัปทาน"
ข้าวแมวขโมย,"1:  1
- หุงข้าวหอมมะลิ พอสุกแล้วตักใส่จานเตรียมไว้ค่ะ
 2:  2
- นำเครื่องที่เตรียมไว้ ได้แก่ ปลาทูแกะเนื้อหอมแดงซอย มะม่วงสับ พริกขี้หนู และมะนาวผ่าซีกนำทุกอย่างมาจัดเรียงใส่จานให้ดูน่ารับประทานเวลาทานบีบมะนาวและคลุกเคล้าให้เข้ากัน แค่นี้ก็ได้ข้าวแมวขโมยหน้าตาน่ารับประทานและรสชาติที่ไม่เหมือนเดิมแล้วค่ะ"
บัวลอยมันหวานญี่ปุ่น,"1: 1.นำแป้งข้าวเหนียวและมันหวานบดใส่ลงในอ่างผสม จากนั้นค่อยๆ เทกะทิลงไปผสม นวดจนเข้ากัน จนได้แป้งบัวลอย
 2: 2.นำแป้งบัวลอยที่นวดเสร็จแล้ว ปั่นเป็นลูกกลมเล็ก ๆ ขนาดไม่เกิน 1 ซม.
 3: 3.นำบัวลอยลงไปต้มในน้ำเดือดจนบัวลอยสุก ลอยขึ้น จึงตักพักในน้ำเย็น
 4: 4.นำกะทิ 250 มล. ใส่ลงในหม้อ ใส่น้ำตาลทราย เกลือ คนให้ละลาย จากนั้นเปิดไฟกลางจนน้ำกะทิเดือดเล็กน้อย จากนั้นจึงเบาไฟให้ต่ำ
 5: 5. ใส่มันบดหั่นเต๋า บัวลอยที่ต้มสุกแล้วในหม้อน้ำกะทิ จากนั้นคนเล็กน้อย
 6: 6.ตักใส่ถ้วย พร้อมเสิร์ฟ"
ผัดไทยโคราช จากน้ำผัดไทยสำเร็จรูป(สูตรข้าง),"1: ⭐⭐⭐ ความแตกต่างระหว่างผัดไทยและผัดหมี่โคราช ⭐⭐⭐
ผัดไทยใช้ก๋วยเตี๋ยวเส้นเล็กใช้แป้งข้าวเจ้าแต่จะตากแค่พอแห้งความชื้นในเส้นจะสูงกว่า ส่วนผัดหมี่โคราชจะใช้เส้นที่ชาวโคราชในท้องถิ่นทำ ซึ่งมีลักษณะเฉพาะในสมัยก่อนเมืองโคราชมีการปลูกข้าวเจ้ากันมาก จึงมีการดัดแปลง/แปรรูปมาทำเป็นเส้นหมี่ จากนั้นก็นำเส้นหมี่ไปตากแดดจนแห้ง เวลาใช้จะนำมาต้มอีกทีเพื่อคืนสภาพ เส้นจึงมีลักษณะเหนี่ยวนุ่มหนืดกว่า และเพื่อเป็นการถนอมอาหาร เก็บไว้ใช้ได้นานกว่าหมี่โครราชเครื่องจะน้อยกว่าผัดไทย ใช้วัตถุดิบที่หาง่ายในท้องถิ่นสมัยก่อน หลักๆก็จะไม่ใส่กุ้งแห้ง ถั่ว และเต้าหู้ เนื่องจากมีคนจีนน้อยกว่าภาคกลาง เต้าหู้เลยหายากสรุปว่า เส้นเล็ก/เส้นหมี่โคราช/เส้นจันท์ ทำจากแป้งข้าวเจ้าเหมือนกัน แต่ใช้ข้าวต่างพันธุ์กัน อัตราส่วนต่างกัน กรรมวิธีต่างกัน ความชื้นต่างกัน
 2: ⭐⭐⭐ ในสมัยจอมพล ป.พิบูลสงคราม มีการส่งเสริมเรื่อง ""นิยมไทย"" หลายๆด้าน รวมทั้งส่งเสริมในเรื่องของการใช้คำว่า ""ไทย"" แต่ก็ ไม่ได้คิด หรือมีหลักฐานว่ามีความเชื่อมโยงกับผัดไทยแต่อย่างได ⭐⭐⭐ชาวเน็ตสมัยปัจจุบันศึกษาข้อมูลมาแบบฉาบฉวย หาแค่ที่หาได้จากในเน็ต และนำไปเขียนบทความแชร์ต่อกัน จนทำให้คนเชื่อกันผิดๆ ว่าจอมพล ป.พิบูลสงคราม เป็นผู้สั่งให้คิดเมนูผัดไทยขึ้นผัดไทยมีมาพร้อมการจดบันทึกหลักฐานทางประวัติศาสตร์ ในสมัยกรุงศรีอยุธยาแล้ว มีวิวัฒนาการมาจากพ่อค้าชาวจีนและเวียดนามในสมัยนั้น นำเส้นก๋วยเตียวมาผัดใส่ซอส กุ้งแห้ง หัวไชโป้ว ไข่เป็ด เต้าหู้แข็ง และกากหมู
 3: เมนูนี้คุณแม่ชอบทำให้ผมทานตั้งแต่เด็กๆ เเละเด็กๆส่วนมากก็ขอบเมนูเส้นแบบนี้กัน ใส่หมูเพิ่มได้สารอาหารครบได้ทานผักด้วยผมติดใจสูตรแบบนี้มาตลอด จนไม่ชอบกินผัดไทยตามร้านเลย... เพราะมันมีแต่เส้นกับกุ้งแห้งและถั่ว กินไม่อิ่ม 555น้ำผัดไทยใช้ตามสูตรด้านล่างก็ไม่เผ็ด ถ้าผู้ใหญ่ทานก็ใส่พริกแค่นั้นเองเริ่มแรกก็เจียวหอมแดง
 4: หมูหั่นท่อนยาวๆเล็กๆ หมักกับซีอิ๊วกระเทียมพริกไทย
ใส่หมูลงไปผัดแล้วใส่น้ำผัดไทย 2 ช้อนสำหรับรสชาติกลางๆ หรือ 3 ช้อนรสเข้มข้น
 5: ใ่ส่ซอสผัดไทยแล้วเติมน้ำลงไปให้ท่วม ใส่เต้าหู้ ไชโป้ว กุ้ง ลงไป
 6: กุ้งสุกแล้วแยกออกมาก่อน เดี๋ยวมันจะหดหมด
 7: ใส่เส้นลงไปเลย เส้นโคราช รุ่นนี้ไม่ต้องแช่นัำก่อน สะดวกมาก
 8: ผัดจนน้ำเกือบแห้ง ก่อนที่น้ำะแห้งหมด ก็ใส่กุยช่ายและถั่วงอก ลงไป
 9: ถ้าผู้ใหญ่ทาน จะใส่พริกก็ได้
 10: ไข่เจียวซอยฝอยใส่ เป็นอันจบ
 11: ผมมีมุมมองใหม่ ในเรื่องผัดไทยครับ
ถ้าผมมองว่า ในยุคนั้นมันเป็นช่วงสงครามโลกล่ะผมไม่สนใจว่าใครจะเป็นนายกสมัยนั้น
 12: บรรยากาศในช่วงสงคราม และโดยเฉพาะอย่างยิ่ง หลังจบสงครามโลกครั้งที่2 ทหารอเมริกันและฝ่ายสัมพันธมิตรนำเรือรบมาเทียบ ปล่อยทหารขึ้นมาไทยเป็นจำนวนมาก เพื่อเคลียทหารญี่ปุ่น และกำลังคิดว่าจะจัดการกับไทยในฐานะฝ่ายญี่ปุ่นหรือฝ่ายไหนดี ทหารส่วนนึงก็อยู่ในไทยอยู่แล้วซึ่งแน่นอนว่า อาหารที่ทหารฝรั่งกินในแต่ละมือมันไม่ใช่สเต็กแฮมเบอร์เกอร์หรือสปาเกตตี้ทุกมื้อแน่นอน ก็ต้องกินอาหารพื้นบ้านไทยเรามั่งนี่ล่ะเคยสงสัยกันไหมครับว่าทหารฝรั่งที่เข้ามาบ้านเรายุคนั้น เค้ากินอะไรกันในยุคนั้นข้าวหายาก ก๋วยเตี๋ยวซึ่งทำจากข้าวหัก สามารถเก็บใว้ใช้ได้หาง่ายกว่าก๋วยเตี๋ยวผัด ที่เรามีอยู่แล้ว ทำได้ 2 เเนวทาง คือ1.ผัดใส่ซีอิ๊วดำใส่เลือดใส่ไข่2.กับอีกแบบนึง คือผัดใส่ซอสมะขาม ใส่กุ้งแห้ง ใส่เต้าหู้ ใส่ไข่ให้ทาย ว่าฝรั่งจะเลือกกินแบบไหนระหว่างNoodle + Chinese black sauce + pork bloodกับNoodle + Thai sauce + dried shrimpมันแน่นอนอยู่แล้ว ว่าคำตอบ คือต้องกินแบบหลังเพราะฝรั่งส่วนมากกินซีอิ๊วดำและเลือดไม่เป็นเวลาสื่อสารกันกับคนไทย จึงใช้คำง่ายๆสั้นๆว่า Noodle Thai Sauceแต่เรียกสั้นๆอังกฤษปนไทยรวมกัน ให้เข้าใจได้ ทั้งคนไทยและฝรั่ง ว่า ผัดแบบไทย หรือ Pad Thaiพอทหารฝรั่งกลับบ้านไป (หลายๆคนคงเคยได้กินผัดไทยกันเป็นเดือนเป็นชาติ 😁) ก็ไปเล่ากันต่อว่ามีก๋วยเตี๋ยวผัดที่เมืองไทย มันเป็นแบบนี้นะ ผัดไทยก็เลยเป็นที่รู้จัก ไปทั่วโลก ด้วยเหตุนี้(ซึ่งเป็นผลมาจากสงครามโลก ไม่ใช่จอมพลป.)ทฤษฎีนี้พิสูจน์ได้ !!!อยากพิสูจน์ ต้องหาทหารสัมพันธมิตรหรือทหารมะกัน ที่เข้ามาไทยสมัยสงครามโลก แล้วไปถามหลายๆคนดูว่า เคยกินก๋วยเตี๋ยวผัดแบบนี้ไหม ไม่รู้ว่าตอนนี้จะยังพอมีคนที่มีชีวิตเหลืออยู่ไหม..."
เส้นใหญ่ทอด สูตร 2,"1: นำเส้นลงแปะกับแป้งทอดกรอบทั้งสองด้าน เขย่าแป้งออก แล้วนำลงทอดให้เหลืองกรอบ
 2: ผลลัพธ์ที่ได้ค่ะ
 3: กร๊อบกรอบ"
ส้มตำหอยดอง,"1: -มะละกอดิบ นำมาปอกเปลือก สับเป็นเส้น
-หอยดอง เทออกจากขวด แยกเนื้อหอยดองออกจากน้ำบนกระชอน-ถั่วฟักยาว หั่นเป็นท่อนขนาด เท่าๆกัน
 2: -โขลก กระเทียม กับ พริกขี้หนู พอหยาบๆ
-ใส่น้ำตาปี๊บ บี้ให้แหลกและละลาย (บางทีซื้อมาเป็นก้อน)
 3: ใส่ถั่วฝักยาว บุบพอแหลก
 4: ใส่มะกะกอ คลุกเคล้าและโขลกเบาๆ
 5: -ใส่หอยดองและน้ำดองหอยลงไปนิดหน่อย คลุกเคล้าให้เข้ากัน
-ชิมรส ก่อนเพราะน้ำดองหอย มีรส หวาน,เค็ม นำ และมีเปรี้ยวอยู่แล้ว-ปรุงรสเพิ่ม ใส่น้ำปลา บีบมะนาว ให้ได้รสตามชอบ(ในสูตรสามารถใส่น้ำตาลเพิ่มได้ ถ้าชอบหวาน)
 6: ใส่ผักชีใบเลื่อยซอย ท้ายสุด คลุกเคล้าเบาๆ ให้เข้ากัน ตักเสิร์ฟ ลงจาน ทานพร้อมกับผักสด ที่ชอบ"
ผัดพริกไก่โหระพา,"1: นำไก่ไปรวนให้สุก ปรุงรสด้วยเกลือ รวนไปเรื่อยๆจนสุก ใช้น้ำเปล่ารวนนะคะ เสร็จแล้วตักขึ้นพักไว้
 2: ตั้งกระทะไฟกลางตามด้วยน้ำมันพืช นำพริกแกง กระเทียม และพริกขี้หนูตำลงไปผัดจนหอม เติมน้ำที่รวนไก่ลงไป (ใช้แทนน้ำเปล่า) รอเดือด
 3: ตามด้วยไก่ที่รวนไว้ เติมน้ำที่รวนไก่ทั้งหมด ปรุงรสด้วยน้ำตาลทราย ผงปรุงรส เติมสีสันด้วยซีอิ๊วดำ เร่งไฟและรอเดือดจนน้ำเริ่มน้อยลง ชิมรสตามชอบ
 4: ตามด้วยโหระพา ปิดไฟ
 5: ผัดให้เข้ากัน
 6: พร้อมทาน"
ปลาทอดซอสสามรส,"1: ทอดปลาจาระเม็ดดำในน้ำมันพืชให้เหลือง พักไว้ให้สะเด็ดน้ำมัน
 2: ตั้งกระทะใส่น้ำ ตั้งไฟจนเดือดใส่กระเทียม พริกแดงโขลก เครื่องปรุงรสน้ำมะขาม น้ำปลา น้ำตาล เคี่ยวจนงวด
 3: นำมาราดบนตัวปลาที่ทอดไว้แล้ว"
สะโพกไก่ต้ม,"1: เอาไปตำ
 2: ใส่ไก่ทั้งหมดลงในน้ำตั้งไฟกลาง น้ำเดือดเบาไฟลงหน่อย
ใส่เกลือ 3 เกลอคอยหมั่นช้อนฟองออก ต้มไปประมาณ 15 นาที
 3: เอามีดจิ้มดู ถ้าไม่ติดมีดก็สุกแล้วเอาขึ้นพักใส่จาน

 4: ผักกาดขาวเอาไปลวกในน้ำซุปต่อแล้วเอามาวางเป็นผักเคียง
 5: ไก่เย็นเลาะกระดูกออกสับเป็นชิ้น นำผักมาวางไว้ทานเปนผักเคียง"
เส้นใหญ่ผัดซีอิ๊วไก่,"1: นำเส้นใหญ่มาคลุกกับซีอิ๊วดำ คลุกให้ทั่วพักไว้
 2: ตั้งกระทะเจียวกระเทียม ใส่ไก่ลงไปผัดให้ไก่สุก ตอกไข่ลงไปใช้ตะหลิวยีใข่ให้แตก ทิ้งไว้ให้ไข่เซ็ตตัวสักครู่แล้วผัดคลุกเคล้ากับไก่
 3: จากนั้นใส่เส้นใหญ่ที่คลุกกับซีอิ๊วเตรียมไว้ลงไปผัด ปรุงรสด้วยซีอิ๊วขาว ซอสปรุงรส น้ำปลา น้ำตาลทรายผัดให้เข้ากัน
 4: ใส่คะน้าลงไปผัดต่อให้คะน้าสุก
 5: ตักใส่จาน บีบมะนาวหน่อย โรยพริไทยนิด พร้อมเสริฟได้ค่ะ"
เมนู🐔: แกงจืดฟักน่องไก่ Winter melon with chicken drumsticks soup.,"1: ปลอกเปลือกฟักเขียว และหั่นฟักให้พอดีคำ
 2: ต้มน้ำให้เต็มหม้อ ใส่รากผักชี และน่องไก่ลงไปต้มให้ไก่สุก
 3: ช้อนฟองในน้ำซุปออก
 4: ใส่ฟักเขียว แล้วปรุงรสด้วยซีอิ๊วขาวและเกลือเล็กน้อย ตามด้วยผักชี ต้นหอม และเก้ากี้
 5: แค่นี้ก็เสร็จแล้วค่า ตักใส่ชาม เตรียมเสิร์ฟได้เลย!"
ข้าวผัดแหนม,"1: ตั้งกระทะใส่น้ำร้อน และแหนมหมู
 2: ใช้ตะหลิวขยี้แหนมให้กระจายเป็นชิ้นเล็กๆ ร่วนจนน้ำแห้ง พอเริ่มมีสีน้ำตาล ใส่น้ำมันพืชลงไป
 3: ผัดกระเทียมให้สุกหอม
 4: แบ่งแหนมไปไว้อีกฝั่งของกระทะ ใส่ไข่ลงไปขยี้ให้สุกปานกลาง
 5: จากนั้นนำข้าวลงไปผัดคลุกเคล้าให้เข้ากัน
 6: ปรุงรส และผัดให้เข้ากันดี ชิมรสชาติตามใจชอบ
 7: จะได้ลักษณะแบบนี้
 8: ใส่ต้นหอมซอย ผัดให้เข้ากัน เร่งไฟแรงๆ จะได้หอมกลิ่นคั่วกระทะ
 9: พร้อมตักใส่จาน และรับประทาน"
พะโล้,"1: นำหมูสามชั้น (ต้ม) มาหั่นประมาณครึ่งนิ้ว
จากนั้นคลุกกับซีอิ้วหวาน
 2: ปอกไข่ต้ม จากนั้นคลุกกับซีอิ้วหวาน
 3: ตั้งหม้อให้ร้อน ใส่น้ำมันเล็กน้อย
 4: ผัดจนสามเกลอหอม ใส่เครื่องพะโล้ลงไปผัด

 5: นำหมูสามชั้นลงไปผัด
 6: จากนั้นให้เติมน้ำเปล่าลงไปพอท่วม
 7: ใส่ไข่ต้มลงไป
เคี่ยวไฟกลาง อีกประมาณ 45 นาที/ ปรุงรสตามชอบ
 8: พร้อมเสริฟ พะโล้หมูสามชั้น
 9: พะโล้ ...ควันหลัง อาหารหลังไหว้ตรุษจีน"
พะโล้ขาหมูเห็ดหอม,"1: ใส่น้ำมันลงในกระทะซัก 2 ช้อนโต๊ะ แล้วใส่ รากผักชี พริกไทย กระเทียม ตำละเอียด ลงไปผัดบนไฟกลางๆจะเหลืองสวยและมีกลิ่นหอม
 2: ใส่น้ำตาลมะพร้าวลงไปผัดจนละลายหมด เคี่ยวต่อจนกว่าจะส่งกลิ่นหอมหวาน และน้ำตาลเริ่มเปลี่ยนเป็นสีคล้ำขึ้น
 3: ปรุงรสด้วยน้ำปลา ซอสปรุงรส แล้วผัดให้เข้ากัน

 4: ใส่ขาหมูลงผัดกับน้ำตาล มันจะหนืดๆ เกาะเป็นก้อนๆหน่อยนะครับ ค่อยๆผัดไปจนด้านนอกสุก
 5: เติมน้ำเปล่าลงไปเพื่อละลายน้ำตาล รอให้เดือดดีน้ำตาลที่เกาะกันเป็นก้อนๆจะได้ละลายหมด
 6: เทใส่หม้อที่เรียงไข่ต้มไว้ ใส่เห็ดหอม เต้าหู้พวง

 7: เติมน้ำจนท่วม เคี่ยวๆไฟกลางๆประมาณ 1 ชั่วโมง จนกว่าหมูจะสุกนุ่ม ไข่จะเปลี่ยนเป็นสีเข้ม ถ้าน้ำพะโล้สียังไม่เข้มถูกใจให้ใส่ซีอิ๊วดำหวานได้ครับ"
"“ต้มมะระน่องไก่""","1: ตั้งน้ำสต็อก หรือ น้ำสะอาด รอจนเดือด ใส่น่องไก่ลงไป
 2: ใส่มะระ เห็ดหอม รากผักชี ใส่ซีอิ้วปรุงรส และ ผงปรุงรส ปิดฝาหม้อ เปิดไฟอ่อน รอสุก ชิมรสตามใจชอบ ตักใส่ถ้วยพร้อมทาน"
ไข่ลูกเขยเศรษฐี (Wealthy Son-in-Law Eggs),"1: ต้มไข่เป็ด โดยใส่ไข่เป็ดในหม้อ ใส่น้ำให้ท่วมดี นำไปตั้งไฟ พอน้ำเดือด ต้มต่ออีก 3 นาที ตักไข่ออกมาพักในชามน้ำเย็นจัดเพื่อหยุดความร้อน แกะไข่ พักไว้
 2: ตั้งน้ำมันสำหรับทอด ซอยหอมแดงบางๆ พอน้ำมันเริ่มร้อน ใส่หอมแดงลงไปทอดจนกรอบดี แล้วตักขึ้นมาพักไว้ ซอยกระเทียมลงไปทอดต่อให้กรอบดี พักไว้ ทอดพริกแห้ง พักไว้
 3: ทำซอสมะขาม โดยนำส่วนผสมทั้งหมดใส่หม้อตั้งไฟ เคี่ยวให้ซอสข้นขึ้น ใส่หอมเจียวลงไปสัก 3 ช้อนโต๊ะ คนให้เข้ากัน พักไว้
 4: ตั้งน้ำมันให้ร้อนอีกครั้ง นำไข่เป็ดต้มลงไปทอดด้วยความร้อนปานกลางจนผิวมีลักษณะที่กรอบดี ตักขึ้นมาพักไว้ แกะเปลือกกุ้งไว้หัวไว้หาง คลุกเคล้าด้วยแป้งมันสำปะหลัง เคล้าแป้งส่วนเกินออก ทอดให้กุ้งสุกดี
 5: ผ่าครึ่งไข่ จัดวางลงบนจานพร้อมกับกุ้งทอด ราดด้วยซอสมะขามที่เตรียมไว้ โรยด้วยหอมเจียวที่เหลือ กระเทียม และพริกทอด ตกแต่งด้วยผักชี"
หมูผัดบล็อคโคลี่,"1: ตั้งน้ำมัน ใส่กระเทียมสับลงไปผัดให้หอม
 2: เมื่อกระเทียมเริ่มหอม ใส่เนื้อหมูลงไป
 3: เนื้อหมูเริ่มสุด ใส่เห็ดหอมลงไปผัดให้เข้ากัน
 4: เมื่อหมูสุกใส่บล็อคโคลี่ตามลงไป และปรุงรสผัดให้เข้ากันจนสุก
 5: ตักเสริฟใส่จานได้เลยค่า"
ยำวุ้นเส้นเครื่องล้น,"1: ล้างผักทั้งหมดให้สะอาด และหั่นเป็นชิ้นพอดีคำ
 2: ต้มน้ำลวกผักเพียง 1นาที เพื่อไม่ให้ผักสุกจนเกินไป
 3: หลังจากนั้นลวกหมูสับ ตักพักไว้ แล้วลวกวุ้นเส้นต่อ
 4: ปรุงน้ำยำ บีบมะนาว2ช้อนโต๊ะ ใครชอบเปรี้ยวเพิ่มได้ค่ะ น้ำปลา2ช้อนโต๊ะ น้ำตาลเล็กน้อย ตามด้วยพริกป่นตามชอบ
 5: นำส่วนผสม คลุกเคล้าในน้ำยำ หั่นขึ้นฉ่ายสดลงไป พร้อมใส่จานเสิร์ฟ"
เคล็ดลับ ส้มตำ แซ่บ นัวร์,"1: โปรทราบครับพี่น้องคนไทย เขมรระยำ ได้เข้ามาขโมยรูปในนี้ ไปเคลมเป็นอาหารประจำชาติของมันครับPlease note, Thai brothers and sisters, Cambodians are fucked shameless nation. Cambodian has come in to steal the photos here. Going to claim it as its national food.
 2: รสชาติอาหารทั่วๆไปที่เราคุ้นเคยกันในการทำอาหารมี 3 รส คือเค็ม หวาน เปรี้ยว แต่สำหรับส้มตำแล้ว แค่นั้นมันยังไม่ถึงขั้นที่เรียกว่านัวร์อ่ะครับคีย์แมนตัวสำคัญ ที่ขาดไม่ได้เลย ก็คือ มะกอกสุกครับ มะกอกสุก มันจะมีรสเฝื่อนๆฝาดๆ นี่ล่ะครับ มันคือรสที่ 4ในเมนูอาหารไทยโบราณมีการนำผลไม้รสฝาด มาประกอบอาหารหลายอย่าง เช่นมะเฟือง มะกอก พวกนี้มีรสฝาดทั้งนั้น แต่พอใส่ลงไปแล้วกลับยิ่งเพิ่มรสชาติให้อร่อย ปัจจุบันคนชอบละเลยเพราะหลายๆคนไม่เข้าใจเหตุผลที่ใส่หรือแม้กระทั่งอาหารเวียดนาม อย่างเช่น ร้านแหนมเนืองส่วนใหญ่ชอบเอามะม่วงมาแทนมะเฟือง เพราะคิดว่าแทนแค่รสเปรี้ยว แต่ผิดถนัด มะม่วงมันเปรี้ยวอย่างเดียว มันไม่มีรสฝาดแบบมะเฟือง 😅😅😅 บางร้านหนักกว่านั้นไม่มีกล้วยดิบ 😅 กินยังงัยก็ได้แค่ครึ่งของแหนมเนือง"" แค่สูตรไม่ทำให้อาหารอร่อยได้ คุณต้องใส่จิตวิญญานลงไปด้วย ""อธิบายตามหลักวิทยาศาสตร์ได้ว่ารสฝาดที่ว่านี่ พอใส่ลงไปแล้ว มันจะไปเบรค รสเเหลมๆของรส เค็มจัด/เปรี้ยวจัด/หวานจัด ในอาหารครับ ทำให้จัดแต่แฝงความนุ่มนวล ดูมีชาติตระกูลขึ้นในส้มตำก็เหมือนกัน ส้มตำยังคงมีรสจัดจ้าน แต่ใส่ความนุ่มนวลเพิ่มขึ้น แซ่บเลยทีนี้หลายร้านไม่เคยใส่ใจในรายละเอียดนี้ ใส่ทำตาล/มะนาว/น้ำปลาแล้วก็ก้มหน้าก้มตาตำไป เป็นสิบปีก็ไม่แซ่บไม่นัวร์สักที 😊ตอนนี้มะกอกยังมีในตลาดเยอะนะ แพคละห้าบาทสิบบาทเองเรามาทำส้มตำกันเถอะ กลางปีจะหาไม่ได้แล้วนะ พวกร้านแซ่บๆเค้าซื้อตุนแช่ฟรีสกันใว้ข้ามปีเลยล่ะ
 3: key man ตัวสำคัญ
 4: ปูเค็มที่ซื้อมาจากตลาดนั้น ให้นำไปล้างแล้วเอามาปิ้งจะดีกว่าครับ เชื่อเถอะว่าอร่อย ปิ้งแล้วหอมด้วย
 5: น้ำปลาร้าก็ใช้แบบต้มสุก อร่อยกว่า ไม่ขนลุกด้วย เคยใช้ที่ขายตามห้าง ยี่ห้อแม่พลอยแล้วไม่อร่อย ผมสั่งมาจากร้านส้มตำร้านดังจ.อุดร เป็นปลาร้าต้มสุกครับ
 6: ตำพริกกระเทียม ก่อน ตามด้วยถั่วฝักยาว มะเขือ
- ใช้ทั้งพริกแห้ง+พริกกระเหรี่ยงจะหอม-ใช้ทั้งมะเขือเทศ ธรรมดา และ มะเขือเทศเชอร์รี จะได้รสหวานเปรี้ยวหลายรส
 7: ตามด้วยน้ำปลาร้า น้ำปลา น้ำตาลปี๊บและมะนาวไม่เกินซีก อย่าใส่ไปตำทั้งเปลือกนะ จะเหม็นเขียวและขม ถ้าจะนำมาประดับ ทำเสร็จแล้วค่อยใส่ทีหลัง
 8: ตามด้วยมะละกอ ปูแกะกระดองออกใส่ลงไป ผงชูรสไม่ต้อง😅
 9: พร้อมแซ่บซี๊ดซ้าดละ 😊 แคบหมูมา ไก่ทอดมาพร้อม
ก็จะได้ส้มตำน้ำดำๆแซ่บๆนัวร์ๆแบบนี้ล่ะครับ ยิ่งดำยิ่งแซ่บนะจ๊ะ 😊
 10: ตำไทยไม่ใส่ภั่วลิสง"
ต้มยำปลาคัง,"1: ตั้งหม้อใหม่ใส่น้ำเปล่า ใส่เครื่องต้มยำลง ตะไคร้ทุบ ข่า หอมแดง กระเทียม
 2: เมื่อน้ำซุปเดือดจัด ใส่หัวปลาและเนื้อปลาลงต้ม ใส่พริกขี้หนูทุบลง พริกขี้หนูแห้งคั่ว และ ใบมะกรูด มะเขือเทศ
 3: ปรุงน้ำปลา ซีอิ๋วขาว บีบมะนาวลงในชามตามชอบ ใส่ต้นหอมผักชี ผักชีฝรั่งหั่น ลงไป ตักขึ้น นำเสิร์ฟ"
ไข่ดาวลูกเขย,"1: ทอดไข่ดาวเตรียมไว้
 2: ใช้กะทะใบเดิม เจียมหอมแดงให้เหลืองสวย ตักสะเด็ดน้ำมันพักไว้
 3: ใส่น้ำตาลปี๊บ+น้ำมะขามเปียก+น้ำปลา เคี่ยวพอเริ่มข้นปิดไฟ
 4: จัดจาน ใส่น้ำราด ผักโรย หอมเจียว"
ปลาจาระเม็ดดำทอดราดพริก,"1: นำกระทะตั้งไฟแรงให้ร้อนดี เทน้ำมันใส่กระทะ ตั้งไฟต่อจนน้ำมันร้อนดี น้ำปลาลงทอด แล้วหรี่ไฟเป็นไฟกลาง การทอดปลาต้องไม่กลับปลาบ่อยนะครับ กลับอย่างมากไม่เกิน 3 ครั้ง ปล่อยให้ปลาสุก เหลืองกรอบเป็นด้านๆไปครับ พอปลาสุก เหลืองกรอบ ก็ตักขึ้นซับน้ำมัน
 2: เทน้ำมันที่ทอดปลาออกให้หมด เช็ดทำความสะอาดกระทะ แล้วใส่น้ำมันใหม่ลงไปนิดหน่อย ใส่พริกขี้หนูกับกระเทียมตำลงไปผัดบนไฟกลางๆให้หอมจัดๆ พริกขี้หนูที่ใช้ถ้าเป็นพริกขี้หนูสวนจะหอมมากๆครับ
 3: ใส่น้ำตาลทราย น้ำปลา แล้วคนจนน้ำตาลทรายละลายหมด ปริมาณก็กะๆเอานะครับ ชิมดูเรื่อยๆ ว่าน้ำราดออกรสเผ็ด หวาน เค็มนิดๆ หรือยัง ถ้ารสเข้มเกินก็แก้โดยการเติมน้ำเปล่าลงไปทีละนิดๆ เคี่ยวจนเดือด คอยดูว่ามีความเข้มข้นตามที่ต้องการหรือยัง สังเกตุฟองจะเป็นฟองเล็กๆ ละเอียดๆ มีขนาดเท่าๆกันครับ ตักราดปลาที่ทอดรอไว้แล้ว"
น้ำจิ้มสะเต๊ะ,"1: คั่วถั่วให้สุก มีกลิ่นหอม นำไปตำพอหยาบตามรูป
 2: ใส่น้ำกะทิลงในกระทะ ตั้งไฟเคี่ยวพอร้อน ตามด้วยเครื่องแกงมัสมั่น
 3: ใส่น้ำตาลปี๊บ น้ำมะขามเปียก และเกลือป่น ผสมให้เข้ากัน ตามด้วยถั่วคั่วป่น ผสมให้เข้ากัน เคี่ยวส่วนผสมจนเดือด
 4: ในระหว่างที่ทำ ก็หมันชิม เพราะ อาจจะมีรสเปรี้ยวของน้ำมะขาม โด่งขึ้นมา"
กุ้งผัดน้ำมันหอย,"1: เตรียมวัตถุดิบทั้งหมด
 2: หั่นหอมใหญ่ ต้นหอม
 3: นำกุ้งลงผัดในน้ำมัน
 4: ใส่เครื่องปรุง น้ำตาลทราย ซอสปรุงรส ซอสหอยนางรม
 5: ใส่หอมใหญ่และต้นหอม
 6: ใส่กระเทียมเจียว ผัดให้เข้ากัน
 7: ตักใส่จาน พร้อมเสิร์ฟ"
ไข่เจียวหอมแดง,"1: ปอกหอมแดง และ สับพอหยาบๆ
 2: ตอกไข่ใส่
 3: ตีไข่ให้เข้ากัน ปรุงรสด้วยน้ำปลา ตั้งน้ำมันให้ร้อน ใส่ไข่ลงทอด
 4: รอไข่สุกพร้อมทานค่ะ"
ปลาซาบะย่างซีอิ้ว,"1: นำปลาซาบะนำไปล้างให้สะอาดเอากรรไกรตัดตรงเหงือกปลาออกแล้วใช้มือดึงบริเวณเหงือกให้ขาด ค่อยๆดึงออกมาจะออกมาทั้งเหงือกและไส้ปลา แล้วล้างให้สะอาด นำมาซับน้ำให้แห้ง นำปลามามาบั้ง จากนั้นนำตะไคร้ยัดเข้าไปในท้องของปลา (จะไม่ทำการผ่าท้องปลาถ้าผ่าเวลาย่างช่วงท้องปลาเนื้อจะเละคะ)
 2: ผสมซอส นำซีอิ้วขาว+น้ำตาลมะพร้าว/ปี๊บ+ซอสหอยนางรม ใส่ลงในชามผสมคนเคล้าส่วนผสมทั้งหมดให้เข้ากัน คนจนน้ำตาลละลายนำซอสที่เราผสมไว้ ทาให้ทั่วปลาทั้งสองด้าน ทาเข้าไปในทเองปลาและตรงเวลาเนื้อปลาที่เราบั้งไส้ด้วย
 3: ก่อนนำปลาไปย่างทาน้ำมันบางๆลงบนตะแกรงย่างเพื่อเวลาย่างเนื้อปลาจะได้ไม่ติดบนตะแกรง นำปลาลงไปย่างบนเตา ระหว่างย่าง ค่อยกลับด้านปลาเบาๆเพื่อไม่ให้เนื้อติดตะแกรง และระหว่างย่างให้ทาซอสบนตัวปลาด้วย เพื่อซอสจะได้เข้าเนื้อปลา หอมอร่อยมากยิ่งขึ้น
 4: ย่างให้สุกทั้งสองด้าน จากนั้นโรยงาขาวคั่วลงไปบนปลาทั้งาองด้าน เพื่อเพิ่มความหอม และทำให้ปลาซาบะน่าทานยิ่งขึ้น
 5: สุกแล้ว นำใส่ภาชนะที่จัดเสริฟ พร้อมทานคะ🥰😊❤"
กุ้งอบวุ้นเส้น,"1: เตรียมตัว
วุ้นเส้นแช่น้ำ 3 นาทีกุ้งแกะเปลือกตัดหนวด
 2: กุ้งที่แกะดีแล้วคลุกกับซอสอบฯน้ำมันงารากผักชีให้เค้ากัน
 3: เอากุ้งที่คลุกเคล้าดีแล้ววางบนวุ้นเส้นโรยคื่นไช้และผักชีบนสุด
 4: ปิดแล้วเข้าไมโครเวฟ 8-10 แล้วแต่ขนาดของกุ้ง
 5: ปิ๊งป่อง ออกมาแล้วจ้า"
ซี่โครงหมูอบ,"1: นำรากผักชี พริกไทย กระเทียม หอมแดง โขลกให้ละเอียด
 2: จากนั้นปรุงรสด้วยผงคนอร์รสหมู 1 ช้อนชา ซอสฝาเขียว ซีอิ๊วขาว น้ำตาลปี๊ป น้ำมันหอยอย่างละ 1 ช้อนโต๊ะ คนให้เข้ากัน
 3: นำไปหมักกับซี่โครงหมูที่เตรียมไว้ หมักพักไว้ 1-2 ชั่วโมง ยิ่งหมักนานยิ่งอร่อย
 4: นำไปอบ โดยใช้หม้ออบลมร้อน ตั้งอุณหภูมิที่ 200 องศา ระยะเวลา 30 นาที และตั้งหมูบนตะแกรงต่ำ เมื่อครบ 30 นาทีแรก ให้ทำการพลิกหมูและอบต่อไปอีก 30 นาทีเป็นอันว่าเสร็จจ้า"
ผัดสะตอกุ้งหมูสับ,"1: เตรียมส่วนผสม แกะกุ้งผ่าหลังทำความสะอาดให้เรียบร้อย และแกะเม็ดสะตอหั่นครึ่ง พริกชี้ฟ้า หั่นแฉลบ
 2: นำพริก กระเทียม ลงไปตำในครก ตามด้วยกะปิ น้ำปลา น้ำตาล น้ำมะนาว ชิมให้ได้รสชาติที่ถูกใจ
 3: ตั้งน้ำมันพอร้อนใส่หมูสับลงไปผัดให้สุก และตามด้วยกุ้งลงไปผัดให้เริ่มสุก ใส่กะปิที่ตำไว้และน้ำมันหอยลงไป ผัดให้เข้ากัน
 4: ใส่สะตอลงไปผัดคลุกเคล้าให้เข้ากัน แล้วใส่พริกชี้ฟ้าแดงขั้นตอนสุดท้าย
 5: ปิดไฟตักเสิร์ฟลงจานได้ค่ะ"
ไข่พะโล้เทวะ,"1: 1. นำหมูสามชั้นมาหั่นประมาณครึ่งนิ้ว แล้วนำมาหมักกับผงพะโล้ กระเทียม พริกไทย รากผักชี ที่โขลกและตำจนละเอียดเรียบร้อยแล้วใส่เกลือและน้ำตาลซอสปรุงรสคลุกหมักกับหมูสามชั้นทิ้งเอาไว้ประมาณครึ่งชั่วโมง
 2: 2. ระหว่างที่เรารอหมูเราจะต้มไข่นำไข่ไก่หรือไข่เป็ดมาต้มให้สุกประมาณ 10 นาที จากนั้นปลอกเปือกแช่น้ำเย็น เอาขึ้นจากน้ำเย็นใส่ภาชนะรอไว้
 3: 3. เอากระทะหรือหม้อใบใหญ่ใส่น้ำมันเล็กน้อย เอากระเทียมซอยมาผัดกับหมูสามชั้นให้หอมหมูหดตัวดีแล้วไม่ดูแข็งสุขกันจนทั่วใส่ไข่คลุกให้เข้ากัน ระวังอย่าให้ไข่แตก
 4: จากนั้นให้ใส่น้ำลงไปพอท่วมแล้วต้มอีกประมาณ 30 นาทีถึง 45 นาทีจนสีน่าทานหมูเปื่อยดีแล้วชิมรสชาติ ถ้าหากว่าชอบหวานให้เติมน้ำตาลเพิ่มได้นะคะ
 5: จากนั้นชิมรสชาติ ตักใส่ถ้วยพร้อมเสริฟค่ะ"
ไก่ผัดขิง,"1: ล้างไก่ให้สะอาด หั่นชิ้นพอดีคำ
เลือกส่วนไก่ตามความชอบ ใครชอบเนื้อล้วนก็เลือกส่วนอก ชอบติดกระดูกก็เลือกส่วนปีกหรือน่อง
 2: ซอยขิงให้ละเอยดตามยาว หั่นเห็ดหูหนูพอดีคำ
 3: หั่นพริกชี้ฟ้า ต้นหอม หอมใหญ่พอดีคำ
 4: ผัดกระเทียมให้เหลือง ใส่ไก่ลงผัดให้สุก
 5: ปรุงรสด้วยน้ำมันหอย ซีอิ้วปรุงรส น้ำตาลทราย ชิมรสตามชอบ
 6: ไก่เริ่มสุกใส่ขิงลงผัด
 7: ใส่หัวหอม พริกชี้ฟ้าลงผัด
 8: ใส่เห็ดหูหนูลงผัด
 9: ปิดฝาสักประมาณ 5 นาที เปิดฝากลับลงผักสุกชิมรสตามชอบตักใส่จาน"
มัสมั่นเนื้อ Short Rib,"1: หั่น short rib เป็นก้อนสี่เหลี่ยม ตั้งน้ำมันให้ร้อน ซับเนื้อให้แห้งจะได้ไม่กระเด็น เอาลงไป sear ให้ได้สี ใส่น้ำปลาลงไปด้วยจะหอมมากเวลาโดนไฟร้อนๆ
 2: เอาเนื้อที่ sear ได้สีเป็นที่พอใจแล้ว เอาไปตุ๋นในกะทิต่ออีกประมาณ 2-3 ชม ใส่เครื่องแกงมั่สมั่นกับน้ำปลาลงไปด้วย เอาให้นิ่มจนเอาส้อมฉีกได้ เป็นอันเสร็จพอดี
 3: หั่นมันฝรั่ง หัวหอม คั่วถั่วให้หอม
ตั้งไฟกลาง ต้มหัวกะทิจนแตกมันแล้วผัดพริกแกงให้หอม แล้วก็ใส่กะทิ
 4: ใส่มันฝรั่งลงก่อน พร้อมกับเนื้อ พอสัก 10 นาที ใส่หอมตาม พอหอมสุกนิ่มพอดี มันฝรั่งก็จะได้สุกนุ้มไปตามกัน ปรุงรสด้วย น้ำมะขาม น้ำปลา น้ำตาลปี๊บ ใส่ถั่วลิสงคั่วตาม เป็นอันเสร็จ พร้อมกินนนสสสส"
หลนปลาอินทรีย์เค็ม,"1: เปิดไฟกลางนำกระทิเคี่ยวให้เดือด ใส่ข่าซอย ตะไคร้ซอย เนื้อปลาอินทรีย์เค็มทอดและข้าวหมาก
 2: นำกุ้งสับและหมูสับผสมกระทิคนให้เข้ากันแล้วนำใส่กระทะที่ใส่ส่วนผสมไว้แล้ว
 3: ปรุงรสโดยใส่น้ำมะขามเปียก น้ำตาลมะพร้าว น้ำปลาเล็กน้อยชิมรสตามชอบ
 4: ใส่ใบมะกูดฉีกเล็กๆ หอมแดงซอยและพริกชี้ฟ้าเขียว,แดง,เหลือง เดือดแล้วปิดไฟ
เสร็จแล้วตักใส่ถ้วย พร้อมเสิร์ฟค่ะ"
ไก่ผัดขิงสด,"1: 1.ผัดหัวหอมในน้ำมันเล็กน้อย จนเกือบสุก ใส่ไก่ลงไป ผัดต่อ
 2: 2.ใส่เห็ดหูหนูดำ ข้าวโพด
 3: 3.ปรุงรสด้วย น้ำตาลทราย น้ำปลา น้ำมันหอย ชิมให้ได้รสที่ชอบ
 4: 4.ใส่ขิงซอย ผัดต่ออีกสักครู่
 5: 5.ปิดไฟ ใส่ต้นหอมซอยคลุกเคล้าให้ทั่ว ตักเสิร์ฟ ทานกับข้าวสวยร้อนๆ"
แกงเผ็ดหมูใส่ฟักเขียว,"1: ล้างหมูสันใน หั่นเป็นชิ้น
 2: ปอกเปลือก หั่นฟักเขียว
 3: ตั้งหม้อ เทกะทิประมาณ 1 ถ้วย ใส่พริกแกง ผัดให้หอม แล้วใส่หมูที่หั่นเตรียมไว้
 4: เมื่อหมูสุก ใส่กะทิที่เหลือ เติมน้ำเปล่า ตั้งไฟให้เดือด ระหว่างรอน้ำเดือด เตรียมล้าง หั่นมะเขือ
 5: พอน้ำเดือด ใส่คนอร์ น้ำตาลปี๊บครึ่งหนึ่งก่อน ใส่ผักที่เตรียมไว้ พอผักสุก ชิมรส แล้วค่อนปรุงเพิ่ม
 6: ระหว่างรอน้ำเดือด ล้าง เด็ดโหระพา เตรียมไว้
 7: น้ำแกงเดือด ชิมรส เติมตามชอบ เมื่อได้รสที่ต้องการแล้ว ปิดไฟ ใส่โหระพา พร้อมเสริฟคะ"
ข้าวหมูกระเทียมพริกไทย,"1: เราใช้อันนี้นะคะ
 2: หั่นเนื้อหมูเป็นชิ้น
 3: ตั้งกระทะไฟกลาง ตามด้วยน้ำมันถั่วเหลือง นำเนื้อหมูลงไปผัดพอสุก
 4: เติมซอสกระเทียมพริกไทยลงไป ตามด้วยน้ำเปล่า
 5: ตามด้วยพริกไทยป่นที่มีมาให้ในซอง ผัดให้เข้ากัน ปิดไฟ
 6: ราดลงบนข้าวสวย เสร็จแล้วค่ะ ~"
แกงเลียงใบตำลึง,"1: เตรียมวัตถุดิบ
 2: ตั้งน้ำเปล่าพอเดือด ใส่กะปิลงไป
 3: จากนั้นตามด้วยใบตำลึง และตอกไข่ลงไป ตั้งให้เดือด
 4: เสร็จละ พร้อมเสิร์ฟ"
แกงคั่วสับปะรดหอยแมลงภู่,"1: ตั้งกระทะใส่น้ำมันพอร้อน ใส่น้ำพริกแกงคั่วลงผัดพอหอม
 2: ค่อย ๆ เติมหัวกะทิ ใส่หอยแมลงภู่ ใบมะกรูด ผัดพอเข้ากัน
 3: เติมกะทิ และปรุงรสด้วยน้ำปลา น้ำตาลปี๊บ น้ำมะขามเปียก สับปะรด คนให้เข้ากันรอเดือดสักหน่อยก็พร้อมเสิร์ฟ"
เขียวหวานหมูผัดแห้ง,"1: ผัดกะทิกับพริกแกงให้หอม
 2: เติมหมู ผัดให้สุก เข้าเนื้อ
 3: เติมน้ำตาลปี๊บ ผัดให้น้ำกะทิงวด หมูจะเปื่อยนุ่ม ชิมรสก่อน ค่อยเติมน้ำปลานะคะ
 4: ใส่มะเขือเปราะฝาน มะเขือพวงที่เตรียมไว้
 5: ใส่โหระพา
 6: ตักเสริฟ"
ยำขนมจีนปลาทู [ไม่ใส่ปลาร้า],"1: จัดเตรียมส่วนผสมและเครื่องปรุง
 2: นำปลาทูนึ่งไปทอดให้สุกเหลือง ตักขึ้นพักไว้ให้เย็น แล้วแกะเอาแต่เนื้อปลา และนำหมูยอไปลวกในน้ำร้อน แล้วพักไว้
 3: จากนั้นทำน้ำยำโดยนำส่วนผสม น้ำปลา น้ำมะขาวเปียก หอมแขก พริกขี้หนูซอย พริกป่น น้ำตาลมะพร้าวมาคลุกเคล้าให้เข้ากันจนน้ำตาลมะพร้าวละลาย
 4: ใส่เส้นขนมจีน ถั่วฝักยาว ถั่วพู ผักชีฝรั่ง หมูยอ ปลาทูที่แกะเตรียมไว้คลุกเคล้าให้เข้ากัน
 5: ตักใส่จานพร้อมเสริฟค่ะ"
ยำคอหมูย่างมะเขือเปราะ,"1: เตรียมคอหมู โดยโรยเกลือ และพริกไทยทั้ง 2 ด้านของคอหมู ทาด้วยซอสหอยนางรม หมักไว้เป็นเวลา 30 นาที นำไปย่างบนกระทะให้สุกดี พักไว้ ประมาณ 5 นาทีก่อนหั่น
 2: หั่นครึ่งมะเขือเปราะ นำไปซอยเป็นแผ่น จากนั้นแช่น้ำเกลือเพื่อป้องกันไม่ให้มะเขือเปลี่ยนสี
 3: ทำน้ำยำโดย ผสมน้ำมะนาว น้ำตาลทราย น้ำปลา และพริกป่นเข้าด้วยกัน ใส่ ตะไคร้ หอมแดง และมะเขือเปราะลงไป เคล้าให้เข้ากัน หั่นคอหมูเป็นชิ้นๆใส่ตามลงไปพร้อมกับมะเขือเปราะ เคล้าให้เข้ากัน
 4: จัดเสิร์ฟ ตกแต่งด้วยใบสะระแหน่"
หัวไฉ้โป้วเค็ม-หวาน,"1: ตัดแต่งหัวไฉ้เท๊า แล้วล้างให้สะอาด
 2: ชั่งนน.หัวไฉ้เท๊า แล้วชั่งเกลือเตรียมให้พร้อม
 3: โรยเกลือ(1)ลงไปเคล้าให้เกลือเคลือบหัวไฉ้เท๊าทั่ว ๆ หลังจากนั้นนำของหนัก ๆ ทับทิ้งไว้ 1 คืนเพื่อเป็นการไล่น้ำจากหัวไฉ้เท๊า
 4: รุ่งเช้า นำขึ้นเรียงบนกระด้งหรือตะแกรง ตากในที่โล่ง แดดจัด ๆ
 5: บ่าย4โมงครึ่ง เก็บเข้ามา เคล้าเกลือ(2)อีกครั้ง ทับไล่น้ำทิ้งไว้อีก 1 คืน เป็นครั้งที่ 2
 6: รุ่งเช้า นำขึ้นตากแดดครั้งที่ 2
 7: บ่าย4โมงครึ่ง เก็บเข้ามา แล้วทับไล่น้ำทิ้งไว้อีก 1 คืน เป็นครั้งที่ 3
 8: รุ่งเช้า นำขึ้นตากแดดครั้งที่3 บ่าย4โมงครึ่งเก็บเข้า
 9: นำหัวไฉ้เท๊าตากแห้ง (ถึงตอนนี้เรียกหัวไฉ้โป้วเค็ม) ล้างให้สะอาด แช่น้ำทิ่งไว้ 15 นาที แล้วชั่ง นน. เพื่อเตรียมน้ำตาล
 10: นำไฉ้โป้วเค็มขึ้นจากน้ำเรียงใส่ภาชนะ โรยน้ำตาลให้ทั่ว ทิ้งไว้ 24 ชม.
 11: ครบเวลา น้ำตาลจะละลายเกือบหมด ให้กลับเอาส่วนบนลงล่างคลุกเคล้าไปมา เพื่อให้หัวไฉ้โป้วเค็มได้ดูดซับน้ำตาลทั่วถึง กลับแบบนี้ทุก ๆ 2-3 วัน
 12: ครบเวลา 1 เดือน หัวไฉ้โป้วเค็มจะอิ่มน้ำตาล มีรสหวานเพิ่มขึ้นมา กลายเป็นไฉ้โป้ว เค็ม+หวาน เนื้อฉ่ำ ๆ กรอบอร่อย"
ปลาหมึกผัดน้ำดำ,"1: ล้างหมึกให้สะอาดดี เอาแผ่นใสๆแข็งๆทิ้งไป เก็บถุงหมึกไว้ หั่นชิ้นขนาดพอดี เมื่อโดนความร้อน เนื้อหมึกจะหดลงอีก
 2: ใส่น้ำมัน ผัดหอมแดงและกระเทียมให้สุกหอม ใส่หมึก และปรุงรส รอให้สุก
 3: ชิมรส ตักใส่จาน ส่วนตัวเราปรุงรสให้หวานนำเค็มตาม"
ปลาทูทอด,"1: เลือกปลาทูตัวอวบกดแล้วไม่บุ๋ม
 2: ใช้น้ำมันน้อยพอเคลือบปลาไม่ให้ติดกะทะ ไฟกลางค่อนไปทางอ่อน
 3: หนังพอเหลืองเอาขึ้นซับมัน"
ผัดถั่วงอกหัวโตเต้าหู้ทอด,"1: เตรียมส่วนผสมให้พร้อม
ถั่วงอก นำมาแช่น้ำ รอไว้เต้าหู้ขาว หั่น สี่เหลี่ยม ขนาดใหญ่ เล็ก ขึ้นอยู่กับความชอบคึ่นช่าย หั่นยาวประมาณ 1 นิ้วพริกชี้ฟ้า หั่นแฉลบๆๆ
 2: ตั้งกระทะ ใส่น้ำมัน 5 ช้อนโต๊ะ พอน้ำมันร้อน ใส่เต้าหู้หั่นแล้ว ลงไป
 3: ทอดสักพัก ให้เต้าหู้เปลี่ยนเป็นสีเหลืองทอง
 4: ใส่ถั่วงอกลงไป
ปรุงรสด้วย น้ำมันหอย น้ำปลา น้ำตาล พริกไทยคนเร็วๆ
 5: ใส่พริกกับคึ่นช่ายลงไป ผัดให้เข้ากัน แล้วปิดไฟเลย
 6: เสร็จแล้วนำมาจัดใส่จานได้เลย"
ปั้นขลิบนึ่งไส้ปลา,"1: ผสมแป้งทุกชนิดเข้าด้วยกัน ค่อยๆนวดกับกะทิทีละน้อยอย่าให้แป้งเป็นเม็ด ใส่กะทิจนหมด นำไปกวนให้ข้น ใส่น้ำมันแล้วกวนต่อจนเป็นก้อน ยกลงทิ้งไว้ให้เย็น นวดอีกครั้งให้เนียน
 2: ใส่น้ำมัน ผัดสามเกลอและหอมแดงให้หอม ใส่ปลาที่โขลกลงผัด ใส่ข่าผัดให้เข้ากัน
 3: ปรุงรสด้วยน้ำปลา เกลือป่น และน้ำตาลทรายผัดให้เข้ากัน ยกลงทิ้งไว้ให้เย็น
 4: ปั้นไส้เตรียมไว้สำหรับห่อแป้ง
 5: แบ่งแป้งเป็นก้อนกลมๆ ใช้ไม้คลึงแผ่เป็นแผ่นวงกลม ใส่ไส้ตรงกลางแล้วขลิบแป้งโดยรอบ
 6: วางเรียงลงในลังถึง นึ่งในน้ำเดือด 5 นาที
 7: พรมด้วยน้ำมันกระเทียมเจียว
 8: จัดเสิร์ฟ โรยกระเทียมเจียว ทานคู่กับผักชี และพริกขี้หนู
( ปั้นขลิบทอด อร่อยกว่าเยอะเลยครับ )"
มะละกอผัดพริกแกงกุ้งฝอย,"1: สับมะละกอดิบเป็นฝอยคล้ายๆทำส้มตำ ล้างให้สะอาด นำกุ้งฝอยมาตัดหนวดให้สั้น ล้างให้สะอาด หั่นพริกอ่อนแบบเฉียง
 2: ตั้งกระทะไฟปานกลาง ใส่น้ำมันพืชเล็กน้อย ใส่พริกแกงลงไปผัดจนสุก ใส่มะละกอดิบลงไปผัดพร้อมน้ำเปล่า
 3: คลุกเคล้าให้เข้ากัน ใส่กุ้งฝอย ลงไปผัดจนสุก สังเกตสีของกุ้งจะเปลี่ยนเป็นสีขาวอมส้ม
 4: ปรุงรสชาติด้วยน้ำปลาและน้ำตาลทรายตามชอบ พร้อมใส่พริกอ่อนลงไปคลุก ปิดไฟกระทะ ตักใส่จานเป็นอันเสร็จ"
หมูสับผัดพริกเผาไข่เค็ม,"1: ฉีดน้ำมันมะกอกสเปรย์ลงไป แล้วเอาหมูสับไปรวน
 2: พอหมูเริ่มสุก ใส่น้ำพริกเผาลงไป สามารถปรับได้ตามความชอบเผ็ดมากเผ็ดน้อยเลยค่ะ เสร็จแล้วคลุกจนเข้ากัน
 3: ผัดจรเข้ากันประมานนี้ หรี่ไฟลงแล้วคลุกจนหมูสุกค่ะ
 4: ใส่ไข่เค็มลงไป 2 ฟอง ใช้เต็มไปแค่1ฟอง กับ อีกฟอง เอาไข่ขาวครึ่งเดียว กับไข่แดงค่ะ เดี๋ยวเค็มเกิน แล้วสับๆให้ไข่แตกเป็นชิ้นเล็กๆแล้วคลุกให้เข้ากัน
 5: ตักใส่ชามเสิร์ฟเลยค่า 💕"
กุ้งลายเสืออบเกลือ,"1: ล้างกุ้งให้สะอาด ถ้าเวลาน้อย
ก็ล้างแล้วเอาลงกะทะได้เลยแต่ถ้ามีก็ตัดแต่งหนวดกุ้งซะหน่อย
 2: จากนั้นโรยเกลือนิดหน่อยพอมีรสเค็ม

 3: จากนั้นโรยเกลือนิดหน่อยพอมีรสเค็ม

 4: อบ 3-5 นาที เปิดฝามาตลบเอาตัวบนล่างสลับกันจะได้สุกทั่วๆ
 5: ปิดอีก 3-4 นาที ก็เปิดฝาเช็ดดู
เอาแค่ตัวแดงทั่วทั้งตัวก็ได้แล้ว"
สะเดาน้ำปลาหวานกับปลาดุกย่าง,"1: -ปอกหัวหอมกับกระเทียม นำไปล้างน้ำ ทิ้งไว้ให้สะเด็ดน้ำ
-นำมาซอยบางๆ ให้ชิ้นเท่าๆกัน-เกลี่ยให้ทั่วภาชนะหรือถาด พึ่งลมหรือแดดให้พอสักพักก่อนจะเราจะนำมาเจียว
 2: ตั้งกระทะ ใส่น้ำมัน ใช้ไฟกลางค่อนข้างอ่อน พอน้ำมันร้อน
-ใส่หัวหอมซอยกับกระเทียม ลงเจียวให้เหลืองสุกกรอบ-ตักพักไว้ให้สะเด็ดน้ำมันวางบนกระดาษซับมัน-พอเย็น จัดเก็บใส่ภาชนะที่มีฝาปิด เพื่อให้กรอบนาน
 3: ตักน้ำมันออกให้เหลือติดกระทะนิดเดียว นำพริกขี้หนูแห้งทอด ใช้ไฟอ่อนค่อยๆคั่วให้พริกขี้หนูแห้งสุกกรอบและหอม
 4: -นำสะเดาไปล้างน้ำเปล่า แบบเบามือถ้าแรงดอกจะร่วงและช้ำ นำสะเดาใส่ภาชนะ-ต้มนำให้เดือด แล้วเทน้ำเดือดที่ต้มให้ท่วมพอดีกับสะเดาแล้วปิดฝาพักไว้สักพัก แล้วนำสะเดาขึ้นจากน้ำจัดใส่จาน
 5: -นำ นำตาลปี๊บ ละลายกับน้ำปลาและน้ำมะขามเปียก
-นำขึ้นตั้งไฟอ่อนๆ เคี่ยวให้เหนียว ปิดไฟยกลง
 6: เวลาทานน้ำปลาหวาน มี 2 แบบ
-ตักน้ำปลาหวานใส่ถ้วย แล้วแยกหัวหอมเจียว กระเทียวเจียว พริกขี้หนูแห้งทอด ไว้ข้าง พอเวลาจะทานก็ตักผสมเป็นคำๆไป-หรือ ตักน้ำปลาหวานใส่ถ้วย ใส่หัวหอมเจียว กระเทียมเจียว พริกขี้หนูแห้งทอด หักเป็นท่อนๆ ลงผสมในถ้วยที่ใส่น้ำปลาหวานเลยก็ได้"
ผัดฟักทองใส่ไข่ นิ่ม ฟิน,"1: ก่อนอื่นปอกเปลือก และหั่นฟักทองดังภาพ ล้างให้สะอาดจนหายเมือก แช่น้ำไว้
 2: เจียวกระเทียมให้หอม
 3: ใส่ไข่ลงไป เหยาะแมกกี้ ไข่จะได้มีรสชาติ
 4: ใส่ฟักทองลงไป
 5: ใส่น้ำมันหอย น้ำปลา แมกกี้ น้ำตาล
 6: เติมน้ำลงไป ผัดให้เข้ากัน
 7: ปิดฝารอน้ำเข้าเนื้อ ประมาณ 5 นาที
 8: เสร็จแล้วค่ะ ฟักทองผัดไข่ ง่ายๆ
 9: ใส่กระปุกเก็บไว้ แช่ตู้เย็น จะกินก็เอามาอุ่นได้จ้า ยิ่งอุ่นยิ่งนิ่ม ยิ่งฟิน"
น้ำพริกกะปิกุ้งแห้ง,"1: ลัางหรือเช็ดใบตองให้สะอาด ตักกะปิใส่ ห่อให้มิด
 2: นำไปจี่ หรือ ย่างบนกระทะเทปล่อน จนสุกมีกลิ่นหอม พักไว้
 3: -กุ้งแห้งเนื้อ นำไปแช่น้ำพอนิ่ม นำขึ้นพักไว้
-ตำกุ้งแห้งให้แหลก ตักพักไว้ก่อน
 4: ตำ กระเทียม กับ กะปิ รวมกัน ความละเอียดก็แล้วแต่ความชอบของแต่ละบ้านเลย
 5: -แบ่งพริกขี้หนู 20 เม็ดลงโขลก ให้แหลกและผสมรวมกัน
-ใส่เนื้อกุ้งแห้งที่ตำพักไว้-ใส่น้ำเปล่าต้มสุก คนให้เข้ากัน(ไม่ใส่ก็ได้ถ้าชอบข้นๆ)-ปรุงรส ด้วย น้ำตาลปี๊บ+น้ำมะนาว ชิมดูความเค็มก่อน แล้วค่อยเติมน้ำปลา-ปรุงให้ได้รสตามที่ชอบ
 6: ตักใส่ถ้วย โรยด้วยมะเขือพวงและลูกโดด(พริกที่เหลือ) จะรับประทานกับปลาทูทอด,ไข่ชะอมทอด,มะเขือชุบไข่ทอด,โสนผัดน้ำมันหรือผักสด"
ผัดวุ้นเส้นผักกาดแก้ว,"1: เตรียมวัตถุดิบให้พร้อม
 2: นำหมูลงรวนพร้อมกระเทียม
 3: ตามด้วยหอมหัวใหญ่และมะเขือเทศ ผัดจนสุก จากนั้นเติมน้ำเล็กน้อย ปรุงรสให้จัดกว่าปรกติ เผื่อเส้นและผักกาดแก้วด้วยนะครับ
 4: ชิมรสดีแล้วใส่วุ้นเส้นลงไป คลุกเคล้าให้เข้ากัน
 5: คลุกเคล้าดีแล้ว ตามด้วยผักกาดแก้วลงผัดต่อไปเขย่าๆจนสุก
 6: เข้ากันดีแล้วชิมรสจนพอใจ แหวกกะทะ ใส่น้ำมันเล็กน้อย ตอกไข่ลงไป
 7: เขี่ยไข่ให้แตกแล้วเอาวุ้นเส้นที่ผัดไว้ขึ้นกลบ
 8: พลิกกลับมาอีกด้าน เป็นอันสุกเสร็จพร้อมรับประทาน
 9: เสร็จแล้ว"
ปลาลิ้นหมาทอด,"1: น้ำปลาลิ้นหมาที่ล้างสะอาดแล้วมาทาเกลือบางๆ
 2: ตั้งไฟในกระทะให้ร้อน นำปลาลิ้นหมาลงไปทอดให้เหลือกรอบ"
ผัดไข่มดแดง,"1: ไข่มดแดงล้างให้สะอาด (เราซื้อแต่ไข่เม็ดใหญ่ๆมาไม่เอาไข่เล็ก)สะเด็ดน้ำไว้
เทน้ำร้อนใส่ถ้วยทนความร้อน จากนั้นเทไข่มดแดงลงไปปิดฝาแช่ทิ้งไว้ให้สุก 2-3 นาทีสังเกตุว่าไข่จะเด้งๆ ใช้ได้เทน้ำร้อนอก สะเด็ดไข่มดในกระชอนเล็กๆ
 2: ล้างต้นหอมญี่ปุ่น หั่นแฉลบ
มะเขือเทศล้างแล้วหั่นเป็นกลีบกระเทียมทุบและสับให้ละเอียดพริกชีฟ้าล้างแล้วหั่นเฉียๆง
 3: ตั้งกะทะไฟกลาง ใส่น้ำมันพอร้อนเอากระเทียมลงไปผัดให้หอม
ตอกไข่ลงไปผัดคนๆ แล้วเทไข่มดลงไปตามด้วยมะเขือเทศ ปรุงรสด้วยซอสหอยนางรม ผงปรุงรส ซีอิ๊วขาว ชิมรสตามใจชอบ ใส่ต้นหอมลงไปผัดตามด้วยพริก พอต้นหอมสุดปิดไฟได้เลยค่ะ"
ต้มกะทิปลาสลิดกับใบมะขามอ่อน,"1: -ปลาสลิด ตัดห้าง บั้งแล้วหั่น ครึ่งตัว -ล้างน้ำแล้วพึ่งหรือซับให้แห้ง
-นำไปทอด แค่พอผิวปลาตึงๆ ตักพักไว้บนตะแกรงให้สะเด็ดน้ำมัน ถ้ามีผู้สูงอายุ กลัวก้างติดคอ ให้ แกะเอาแต่เนื้อปลา ตรงขั้นตอนนี้ก็ได้
 2: -ตำหัวหอม(หัวหอมตำแค่ 4 หัว) +พริกไทยเม็ด+กะปิ+รากผักชี ให้ละเอียด-หัวหอมอีก 4 หัวที่เหลือ บุบเตรียมไว้
 3: -นำ กะทิใส่หม้อแล้วตั้งไฟ
-ใส่เครื่องที่ตำลง-ใส่หัวหอมที่บุบ 4 หัวลง เคี่ยวด้วยไฟอ่อน หมั่นคน จนมีกลิ่นหอม
 4: -ใส่ใบมะขามอ่อน ลง ต้มให้ความเปรี้ยวจากใบมะขามออก ชิมความเปรี้ยวจากใบมะขามอ่อนก่อนว่าเปรี้ยวมากน้อยขนาดไหน-ปรุงรสด้วย น้ำตาลปี๊บ+น้ำปลา+น้ำมะขามเปียก ชิมและปรุงให้ได้รสตามชอบ
 5: ใส่ปลาสลิดลง ต้มและเคี่ยวให้น้ำซึมเข้าเนื้อปลา ปิดไฟ ยกลง
 6: ตักใส่ถ้วยเสิร์ฟรับประทานกับข้าวสวยร้อนๆ ถ้าชอบเผ็ดโรยด้วยพริกขี้หนูแห้งทอด"
มะม่วงน้ำปลาหวาน,"1: จัดเตรียมส่วนผสมและเครื่องปรุง
 2: นำกะปิละลายกับน้ำปลา
คนกะปิละลายไม่จับตัวเป็นก้อน
 3: ตั้งหม้อใส่น้ำ น้ำตาลมะพร้าว และน้ำตาลทรายแดงลงเคี่ยว
เปิดไฟอ่อนๆ เคี่ยวจนน้ำตาลละลาย
 4: จากนั้นนำกะปิที่ละลายกับน้ำปลาเทลงไปในหม้อที่กำลังเคี่ยวน้ำตาล
 5: เคี่ยวต่อไปเรื่อยๆ เติมเกลือลงไปแล้วเคี่ยวต่อให้พอเหนี่ยวข้น
 6: ใส่กุ้งแห้งและกุ้งป่นลงไปเคี่ยวต่อสักพัก
 7: แล้วใส่หอมแดงซอยลงไป
 8: เคี่ยวต่อสักพักค่อยตามด้วยพริกขี้หนูและพริกแดงจินดาซอยลงไป
 9: เคี่ยวต่อพอได้ที่ปิดเตา พักไว้ให้เย็น ตักใสชามฝานมะม่วงจิ้มน้ำปลาหวานอร่อยฟินๆ"
ลาบหมูทอด,"1: เตรียมวัตถุดิบให้ครบ
 2: ผสมเครื่องปรุงลงในหมูสับ ใส่น้ำตาล น้ำปลา น้ำมะนาว ผงปาปริก้า หรือพริกป่น ข้าวคั่ว
 3: ใส่ต้นหอมผักชีและผักชีฝรั่ง และแป้งทอดกรอบ คลุกเคล้าให้เข้ากันดี
 4: นำหมูสับมาปั้นเป็นก้อน
 5: นำหมูสับก้อนคลุกในแป้งทอดกรอบ (แป้งแห้ง)
 6: ทอดลาบหมู น้ำมันต้องท่วมเนื้อหมู ใช้ไฟอ่อนถึงปานกลางสลับกัน การทอดใช้เวลาประมาณ 10นาที ใกล้ตักลาบหมูขึ้น เร่งเป็นไฟแรงเพื่อไม่ให้อมน้ำมัน ตักขึ้นสะเด็ดน้ำมัน
 7: เตรียมข้าวเหนียว มาจัดใส่จานคู่กับลาบหมูทอด เป็นอันเสร็จเรียบร้อย"
ต้มข่าไก่,"1: ตั้งกะทิด้วยไฟอ่อน คนไปเรื่อยๆ จนเดือด
 2: ใส่ข่าหั่น และไก่ลงไป เคี่ยวจนไก่สุกและนุ่ม ปรุงรสด้วยน้ำปลา และน้ำตาล
 3: ใส่เลือดไก่ ใบมะกรูด และเห็ดฟางลงไป รอจนเดือดอีกครัง
 4: ปรุงรสด้วยมะนาว ใส่พริกขี้หนูตำ และผักชีซอยลงไปไป
 5: พร้อมแล้วเสิร์ฟได้เลยค่ะ"
แหนมเอ็นข้อไก่ 🐔,"1: ล้างเอ็นข้อไก่ สะเด็ดน้ำให้แห้งสนิท ขยำรวมกับข้าวเหนียว (ซื้อมาถุงละ 5 บาท ขี้เกียจนึ่ง 🤣🤣) กระเทียม เกลือค่ะ
 2: เนื้อที่ได้ค่ะ
 3: เอาใส่ถุง ปิดให้แน่น เขียนวันที่เอาไว้จะได้ไม่ลืม ทิ้งไว้ 2 วัน ระหว่างนั้นหาอะไรกินไปก่อน 🍜
 4: ทอดไฟอ่อนๆ พอเหลืองสวย สะเด็ดน้ำมันพักไว้
 5: เสร็จพร้อมเสริฟ"
ยำทูน่า แบบคลีน🌱,"1: นำทูน่ามาบี้ๆ ให้ละเอียด เอาน้ำออก
 2: ใส่ข้าวโพดต้มลงไป
 3: ตามด้วยมะเขือเทศ หอมแดงซอย ต้นหอมผักชี
 4: ตามด้วยแตงกวา
 5: นำน้ำตาลผสมน้ำ ตามด้วยเกลือ ซีอิ๊วขาว มะนาว คลุกให้เข้ากัน ทานได้แล้วจ้า"
แกงเผ็ดมะเขือยาวหมูสับ,"1: วัตถุดิบ
 2: จัดเตรียมส่วนผสมทุกอย่างให้พร้อมปรุง
 3: นำกระทะตั้งไฟ ใส่หัวกะทิลงไปเพียงเล็กน้อย ตามด้วยพริกแกงลงไป ผัดจนกระทั่งพริกแกงหอม กะทิแตกมันดี ใส่หมูสับลงไป ผัดต่อไปให้หมูสับกระจายตัว
 4: หมูสับกระจายตัวดีแล้ว เติมกะทิลงไปอีกส่วนหนึ่ง รอจนกะทิเดือดทั่ว ใส่มะเขือยาวลงไปปิดฝาอบไว้สักครู่ เมื่อมะเขือยาวสุกดีแล้วเปิดฝา ใส่เครื่องปรุง ใบมะกรูดโหระพาและพริกสดลงไป
 5: ตักใส่ชาม พร้อมเสิร์ฟ"
น้ำพริกกะปิปลาทู,"1: แกะเนื้อปลาทูแยกก้างไว้

 2: นำกระเทียมมาแกะเปลือกสับให้ละเอียด พริกขี้หนูทำเช่นเดียวกัน
 3: ยีกะปิกับน้ำตาลปี๊บให้เข้ากันตามด้วยกระเทียม พริกขี้หนู

 4: ใส่เนื้อปลาทูยีให้เข้ากับตัวน้ำพริกตามด้วยน้ำมะนาวน้ำต้มสุกคนให้เข้ากันทานกับผักสดได้ทันทีหรือจะปรุงรสตามที่ชอบเพิ่มอีกได้ค่า"
กะเพราหมูหมัก เด้งนุ่ม,"1: -ใช้น้ำ 5 ช้อนโต๊ะผสมผงฟู ครึ่งช้อนชาให้ละลายทั่วก่อน
-ใส่หมูที่หั่นเป็นชิ้นแล้วลงไปคลุกนวดให้ทั่ว ทิ้งใว้ไม่เกิน 5 นาทีน้ำจะซึมเข้าหมูจนหมด- จากนั้นปรุงรสด้วยซีอิ๊วขาว น้ำปลา น้ำตาล กระเทียม เหยาะพริกไทยลงไปหน่อย คลุกให้ทั่ว
 2: เจียวพริกกระเทียม
 3: ใส่หมูหมักของเราลงไป
 4: ผัดไปเรื่อยๆ ไฟกลาง
 5: คิดซะว่าทอดหมู 😁
 6: ประมาณ 4-5 นาที หมูก็สุกสวยได้ที่ละ
 7: ปิดไฟแล้วก็ใส่ใบกะเพราลงไป คลุกต่ออีกหน่อยครับ
 8: เสร็จละครับ ง่ายๆสไตล์เทฟล่อน
ตอนผัดง่ายซะจนไม่มีอะไร แต่หัวใจไปอยู่ที่การเตรียมและหมักหมูนะครับ"
สาคูไส้หมู,"1: ✅ โครก 3 เกลอ รากผักชี + กระเทียม+ พริกไทย ให้ละเอียด พักไว้ก่อนคะ
 2: ✅ จากนั้นโครกกระเทียมให้ละเอียด
(จะนำไปเจียว)
 3: ✅ ตั้งกะทะให้ร้อน ใส่น้ำมันพืช นำกระเทียม ลงเจียว จนสีเหลืองทอง
 4: ✅ นำ 3 เกลอที่โครกไว้
มาผัดให้หอมกับน้ำมันกระเทียมเจียวเมื่อครู่ จนสีเหลืองเล็กน้อย ตามด้วยหมูบด
 5: ✅ ใส่หมูบด ผัดให้สุก ก่อนใส่หอมแดง
 6: ✅ ผัดหอมแดง กับหมูบดให้สุกพอประมาณ
 7: ✅ ใส่หัวไชโป๊ว ผัดให้เข้ากันกับส่วนผสมทุกอย่าง
 8: ✅ ตามด้วย น้ำตาลมะพร้าว เคี่ยวให้น้ำตาลละลาย ผัดคุกเคล้าให้เข้ากันดี✅ ก่อนปรุงรสด้วยซีอิ๊วขาว✅ พักไว้ให้พออุ่น
 9: ✅ หลังจากไส้สาคูอุ่นดีแล้ว
ปั้นลูกเล็กๆ ให้เท่ากันทุกๆลูก
 10: ✅ แช่เม็ดสาคู แค่ 7-10 นาทีพอคะ
✅ ใส่สีตามชอบใจ แล้วรีบเทน้ำทิ้งทันที
 11: ✅ วางแป้งสาคู + ไส้สาคู ค่อยๆ ตะลอมๆ ปั้นอย่าให้เม็ดสาคูแตก เวลานึ่งออกมาจะสวยคะ
 12: ✅ ได้เวลานึ่งแล้วคะ ก่อนนึ่ง ต้องทาน้ำมันที่ถาดก่อนนะคะ
 13: ✅ ถ้ามีใบตอง อย่าลืมเจาะรู ให้ไอน้ำขึ้นมาได้ด้วยนะคะ
 14: ✅ นึ่งด้วยไฟกลาง น้ำเดือดพล่าน เป็นเวลา 6 นาที
 15: ✅ หลังจากนึ่งเสร็จ สักพัก ให้ทาน้ำมันกระเทียมเจียว ให้ทั่ว กันสาคูติดกันคะ
 16: ✅ จัดจาน เสริฟ กับ พริกขี้หนู + ผักกาดหอม + ผักชีคะ
 17: ✅ อย่าลืมโรยกระเทียมเจียว ด้วยนะคะ
 18: ✅ จัดใส่กล่อง ไปฝากเพื่อนๆ หรือไว้ขายได้คะ"
ข้าวปลาแกะ🐱,"1: นำปลานิลสร้างทำความสะอาดให้เรียบร้อย ทาเกลือให้ทั่ว ตั้งกระทะตามด้วยน้ำมันพืชไฟอ่อน ทอดจนเหลืองสุกน่ารับประทาน ตักขึ้นพักไว
 2: ซอยพริกขี้หนู หัวหอมแดง จากนั้นผสมน้ำปลา มะนาว และซีอิ๊วดำ ผสมให้เข้ากัน แช่พริกและหัวหอมแดงทิ้งไว้ 1-2 ชม.
 3: ตักข้าวใส่ภาชนะ แกะเฉพาะเนื้อปลานิลวางลงไปตามชอบ ตามด้วยผักชี และน้ำจิ้มที่เตรียมไว้
 4: พร้อมทาน 💖"
ต้มยำปลาหมึกน้ำใส,"1: เตรียมเครื่องปรุง และ ปลาหมึกสดๆขึ้นจากทะเลค่ะ
วิธีเตรียมปลาหมึก!..นำปลาหมึกลอกหนังออกบั้งตาสับปะรด หั่นชิ้นเล็กล้างให้สะอาดใส่ตะกร้าพักให้สะเด็ดน้ำเตรียมไว้
 2: วิธีทำ!...นำหม้อตั้งไฟปานกลางใส่น้ำสะอาดรอให้เดือด ข่า ตะไคร้ หอมแดง ลงต้มจนมีกลิ่นหอม รอน้ำเดือด
 3: ใส่ปลาหมึก ที่เตรียมไว้ รอให้เนื้อเริ่มสุกให้ใส่เห็ด พริกขี้หนูปรุงรสด้วย น้ำปลา น้ำมะนาว น้ำตาล คนให้เข้ากัน ผักชีฝรั่ง ใบมะกรูด จากนั้นปิดไฟ พร้อมตักใส่ชาม
 4: ตักใส่ชาม จัดเสริฟ ตอนร้อนๆ ค่ะ"
ผัดขนมจีน,"1: ผสมซีอิ้วดำกับเต้าเจี้ยวให้เข้ากัน
 2: นำเส้นขนมจีนลงคลุกให้ทั่ว
 3: ตั้งกะทะคั่วกระเทียมพอหอม
 4: ผัดเส้นให้ร้อน ปิดไฟ ใส่ต้นหอม ผักชี กระเทียมเจียว
 5: เสริฟพร้อมผักกาดดอง แคบหมู"
น้ำพริกไข่เค็มสูตรคุณยาย,"1: ตั้งกระทะไฟอ่อน ตามด้วยพริกขี้หนู กระเทียม หัวหอมแดง คั่วจนหอม ปิดไฟ
 2: นำไข่แดงเค็มมาหั่นเป็นชิ้นเล็กๆค่ะ
 3: ตั้งกระทะไฟอ่อน ตามด้วยไข่แดงเค็มที่เราหั่นไว้ ผัดจนสุก ปิดไฟค่ะ
 4: นำพริก หัวหอมแดง กระเทียมที่เรานำไปคั่วไปนะคะ ตำจนแหลกละเอียดเลยค่ะ ตามด้วยน้ำปลา และน้ำตาลปี๊บ ตำให้เข้ากัน
 5: ตักขึ้นใส่ถ้วย บีบมะนาว ชิมรสตามชอบ เปรี้ยวเค็มหวานเผ็ด
(หวานนำนะคะ)
 6: ตามด้วยไข่แดงเค็ทที่ผัดไว้ค่ะ
 7: คลุกเคล้าให้เข้ากัน ก็เสร็จแล้วค่ะ"
แกงจืดไชเท้าหมูสับ,"1: ตำให้แหลกแล้วเอาไปผัดให้หอม
เติมน้ำเปล่าลงไป 3 ถ้วย
 2: ใส่เครื่องปรุง หมักหมู 30 นาที
 3: ล้างไช้เท้าให้สะอาด แล้วหั่นตามชอบ
 4: น้ำซุปร้อนแล้วให้ช้อนฟองและสามเกลอที่ลอยอยู่ออก
จากนั้นใส่ไชเท้าลงไป ต้มให้สุกก่อน
 5: ไชเท้าสุกดีก็ตักหมูที่หมักไว้เป็นคำๆลงไป ต้มให้เดือดแล้วคอยตักฟองออก
 6: ต้นหอมหั่นท่อน
 7: เสร็จค่ะ"
สะโพกไก่ทอด,"1: นำรากผักชี กระเทียม พริกไทยขาว ตำให้ละเอียด
 2: นำส้อมจิ้มสะโพกไก่ให้ทั่วเพื่อให้เครื่องปรุงเข้าถึงเนื้อไก่ นำรากผักชี กระเทียม พริกไทยขาวที่ตำไว้หมักไก่ ตามด้วยน้ำตาลทราย ผงปรุงรส ซอสปรุงรสฝาเขียว และน้ำพริกเผา คลุกเคล้าให้เข้ากัน หมักทิ้งไว้อย่างต่ำ 1 ชม. แต่แนะนำให้ค้างคืนนะคะ โดยแช่เย็นไว้
 3: นำแป้งชุบทอดเทลงไปตามด้วยน้ำเปล่า คลุกเคล้าให้เข้ากัน
 4: ตั้งกระทะไฟอ่อนจามด้วยน้ำมันพืช รอจนน้ำมันพืชร้อนได้ที่ นำไก่ลงไปทอด ทอดเรื่อยๆโดยใช้ไฟอ่อนตลอดนะคะ ให้ไก่สุกให้ทั่ว
 5: กลับด้าน ให้ไก่สุกทั้งสองด้าน ทั้งด้านนอกและด้านใน
 6: ตักขึ้นพักไว้ ซับน้ำมันให้แห้ง
 7: โรยกระเทียมเจียว หรือ หอมเจียว ทานกับน้ำจิ้มตามชอบ"
คอหมูย่างน้ำผึ้ง,"1: ผสมน้ำผึ้งกับซอสปรุงรส ซอสหอยนางรม และพริกไทย น้ำตาลปี๊ป ซีอิ้วดำ กระเทียมผสมจนเข้ากันจากนั้น ใช้ส้อมจิ้มคอหมูให้ทั่วแล้วใส่ลงไปหมัก
 2: พักทิ้งไว้ในตู้เย็นประมาณ 30 นาที
 3: นำคอหมูอบด้วยหม้ออบลมร้อนที่อุณหภูมิ 200-225 องศาเซลเซียส (หม้อที่ใช้เป็น หม้ออบกลมแบบลมร้อนฮาโลเจน) ประมาณ 20 -30นาที
 4: สุกแล้วหอมน่าทาน
หั่นเป็นชิ้นๆพอดีคำ"
ต้มยำหัวปลีซี่โครงหมู,"1: หัวปลี นำไปเผา ลอกเอาเฉพาะส่วนที่อ่อนๆ หั่นเป็นชิ้น ไม่เอานมหัวปลี
 2: ซี่โครงหมูสับเป็นชิ้น ล้างทำความสะอาด
 3: พริกขี้หนูแห้ง นำไปทอดหรือคั่วให้สุกหอม
 4: เตรียมเครื่องต้มยำ -ข่าหั่นเป็นแว่นบางๆ
-ใบมะกรูดฉีก-ตะไคร้บุบ หั่นเป็นท่อน
 5: นำน้ำเปล่าใส่หม้อ ใส่เครื่องต้มยำ(ข่า,ตะไคร้,ใบมะกรูด) นำขึ้นตั้งไฟให้เดือด ใส่คนอร์ซุปก้อน
 6: -ใส่กระดูกหมู เบาไฟ เคี่ยวให้กระดูกหมูเปื่อย หมั่นช้อนฟอง
-ใส่หัวปลีเผาหั่น ปรุงรสด้วย น้ำปลา+น้ำมะนาว+พริกขี้หนูบุบ ชิมให้ได้รสตามชอบ-ตักใส่ถ้วยเสิร์ฟ ตำหรือทุบพริกแห้งโรย"
พริกหยวกผัดไข่,"1: หั่นพริกหยวกผ่าซีกตามยาวแช่น้ำ
 2: หั่นกระเทียมเตรียมไว้
 3: ตั้งกระทะใช้ไฟกลาง ตามด้วยน้ำมันถั่วเหลือง รอจนน้ำมันร้อนได้ที่ ตอกไข่ใส่ลงไป ยีและผัดให้เข้ากัน
 4: ตามด้วยกระเทียมที่หั่นไว้ ผัดให้สุกเหลือง
 5: ตามด้วยพริกหยวก
 6: ปรุงรสด้วยน้ำปลา น้ำตาลปี๊บ และเติมน้ำเปล่าเล็กน้อย ชิมรสตามชอบ ผัดจนพริกหยวกสุก ปิดไฟ
 7: พร้อมทาน"
มาม่าผัดมันกุ้งแม่น้ำ!,"1: นำเส้นไวไวต้มในน้ำเดือด ต้มพอให้เส้นเกือบสุก จากนั้นเทน้ำทิ้งและพักเส้นไว้ แล้วจึงหันมสตั้งเตาใส่น้ำมันลงไป
 2: เมื่อน้ำมันในเตาเริ่มร้อนแล้วก็นำมันกุ้งแม่น้ำลงไปผัดให้หอมจนสุก
 3: จากนั้นตอกไข่ใส่ผัดรวมกับมันกุ้ง พอไข่เริ่มสุกก็นำเส้นลงไปผัด จากนั้นตามด้วย เครื่องปรุง ซอสน้ำมันหอย+น้ำตาล+ ผงเครื่องปรุง(ที่อยู่ในห่อไวไว) ผัดให้เข้ากัน จากนั้นปิดไฟ ยกเสริฟ ได้เลยจ้าาา"
สปาเกตตี้ผัดหอยลาย,"1: ต้มเส้นสปาเกตตี้ โดยการใส่เกลือ 1 ช้อนชา และน้ำมัน 1 ช้อนโต๊ะ ลงในน้ำพร้อมใส่เส้นสปาเกตตี้ รอจนเส้นสุก และตักเส้นพักไว้
 2: ใส่น้ำมัน 2 ช้อนโต๊ะ ตามด้วยกระเทียมและพริก ผัดจนหอม

 3: ใส่หอยลายกระป๋อง พริกไทยอ่อน กระชาย ผัดให้เข้ากัน แล้วใส่เส้นสปาเกตตี้ที่ต้มแล้วลงไป ตามด้วยซอสหอยนางรม น้ำปลา น้ำตาลค่ะ ผัดให้เข้ากัน
 4: โรยด้วยโหระพา และ พริกชี้ฟ้าแดงใหญ่ ผัดให้เข้ากัน ปิดไฟแล้วยกลงจัดใส่จานได้เลยค่ะ
 5: พร้อมเสิร์ฟค่ะ ""สปาเกตตี้ผัดหอยลาย"""
มะม่วงน้ำปลาหวาน,"1: ผสมน้ำตาลปี๊ป น้ำปลา กะปิ น้ำเปล่า เคี่ยวด้วยไฟอ่อนจนข้น อย่าให้เดือดมาก เพราะน้ำตาลจะขึ้นเกล็ด
 2: เมื่อเริ่มข้น เติมหอมแดงลงไปเคี่ยวจนหอมเริ่มนิ่ม จากนั้นใส่กุ้งแห้ง และพริกขี้หนูลงไปเคี่ยวอีกสักพัก ก่อนปิดไฟบีบมะนาวลงไป แล้วคนให้เข้ากันเพื่อกันน้ำตาลเป็นเกล็ดเมื่อเย็นตัว ปิดไฟ"
ยำถั่วพลูกุ้งสด,1: 1. นำถั่วพลูมาซอยเล็กๆ ไปลวกในน้ำเดือด ใส่กระชาน ทำให้สะเด็ดน้ำ แล้วนำมาแช่ในน้ำเย็นจัด2. ลวกกุ้งพอสุก พักไว้3. นำหัวกะทิตั้งไฟพอเดือด ใส่แป้งข้าวโพดเล็กน้อย ให้ข้นนิดๆ ยกลง แบ่งใส่ถ้วยเล็กไว้ราดบนยำด้วยค่ะ4. นำกะทิมาปรุงรสด้วย น้ำพริกเผา น้ำปลา น้ำมะนาว พริก และ หอมแดง ชิมรสชาติตามชอบ จากนั้น ใส่กุ้ง และถั่วพลูลงไปคลุกคล้ำ5. ตักใส่จาน ราดด้วยกะทิที่แบ่งไว้ โรยด้วย หอมเจียว และพริกทอด
ต้มมะระหมูสับวุ้นเส้น,"1: ล้างมะระหั่นเป็นท่อนคว้านไส้ออก นำไปขยำเกลือเบาๆ แล้วเติมน้ำแช่ทิ้งไว้
 2: โขลกรากผักชี+กระเทียม+พริกไทย ให้ละเอียด
 3: นำหมูสับมาผสมกับเครื่ิงที่ตำ ใส่วุ้นเส้น ขยำให้ส่วนผสมเข้ากัน
 4: -ตั้งหม้อ ใส่น้ำเปล่าต้มให้เดือด ใส่คนอร์ก้อน กับ เกลือป่น
-ปั้นหมูสับเป็นก้อนใส่ลง รอจนเดือด หมั่นช้อนฟอง-ปรุงให้ได้รสตามชอบ-ใส่มะระ ปิดฝา เบาไฟ ตุ๋นไปเรื่อยๆ ห้ามเปิดฝาและห้ามใช้อะไรไปคนในหม้อจนกว่ามะระสุกจนได้ที่-ตักเสิร์ฟ โรยพริกไทยป่น"
ไก่ทอด ฮอต แอนด์ สไปซี่,"1: ล้างปีกไก่ให้สะอาด
 2: นำไก่ลงไปหมักกับน้ำปลาและผงปรุงรส หมักทิ้งไว้ 15 นาที
 3: คลุกเคล้าให้เข้ากัน
 4: หมักเสร็จแล้วก็ตามด้วยแป้งทอดกรอบ
 5: คลุกเคล้าให้เข้ากันอีกครั้ง
 6: ตั้งกระทะใส่น้ำมันรอให้น้ำมันเดือด แล้วนำไก่ลงไปทอดให้กรอบเหลือง
 7: เสร็จแล้วตักขึ้นมาสะเด็ดน้ำมัน
 8: นำไก่ที่ทอดไว้ลงในภาชนะ ใส่ผงปรุงรส ฮอต แอนด์ สไปซี่
ปิดฝาเย่าให้เข้ากัน
 9: ไก่ทอด รส ฮอต แอนด์ สไปซี่
 10: ไก่ทอด รส ฮอต แอนด์ สไปซี่"
ยำไข่ดาว,"1: 1. ผสมน้ำมะนาว น้ำกระเทียมดอง น้ำตาลทราย น้ำปลา พริกขี้หนูสับ คนผสมให้เข้ากัน ชิมรสดู ทิ้งไว้ให้น้ำตาลทรายละลายดีๆก่อน
 2: 2. ตั้งกระทะใส่น้ำมันลงไป เร่งให้ร้อนๆ ตอกไข่ใส่ลงไป ไข่จะได้ฟูๆ กลมๆ สวยดีครับ การเอียงกระทะนิดนึงก็ช่วยให้น้ำมันไหลมารวมกันเป็นแอ่ง จะได้ปริมาณน้ำมันที่เยอะขึ้นโดยใช้น้ำมันน้อยกว่าปกติและยังช่วยทำให้ไข่กลมสวยอีกด้วย ตักขึ้นซับน้ำมันไว้ พออุ่นๆ ก็เอามีดตัดเป็นชิ้นๆ
 3: 3. ใส่ไข่ดาวลงในอ่างผสม โรยต้นหอม ขึ้นฉ่าย เคล้าเบาให้เข้ากัน"
คั่วกลิ้งสะตอ,"1: ตั้งกระทะไฟกลาง ผัดเครื่องแกงกับน้ำมันให้หอม ใส่หมูสับลงไปผัดให้เข้ากันสักพัก
 2: ละลายกะปิกับน้ำเปล่า แล้วใส่ลงไป ผัดให้เข้ากัน ปรุงรสน้ำปลา น้ำตาล คั่วไปจนเริ่มแห้ง
 3: ใส่สะตอลงไปผัดให้เข้ากัน คัวอีกสักพักจนคั่วกลิ้งแห้ง ใส่ใบมะกรูดหั่นฝอยลงไป ผัดให้เข้ากัน เป็นอันเสร็จ"
ยำมะเขือยาวหมูสับไข่ต้มยางมะตูม,"1: 1. นำมะเชือยาวมาล้างน้ำให้สะอาด หั่นครึ่งออกเป็น 2 ท่อน ตั้งกระทะสำหรับย่าง ไม่ต้องใช้น้ำมันนะคะ ย่างไปเรื่อยๆจนผิวด้านนอกไหม้เกรียมทั่วทุกด้าน เสร็จแล้วนำมาลอกผิวเปลือกด้านนอกออกให้หมด เหลือเฉพาะเนื้อด้านในนิ่มๆหอมๆ นำมาหั่นเป็นท่อนๆรอไว้
 2: 2. นำไข่เป็ดมาต้ม หากอยากได้ยางมะตูมให้ต้ม 8-9 นาทีจะได้ออกมาตามในรูปเลยค่ะ และนำหมูสับมารวนให้สุก
 3: 3. นำหมูที่รวนสุกแล้วมาทำน้ำยำกันค่ะ เหลือน้ำหมูไว้ขลุกขลิกๆเล็กน้อยนะ ปรุงรสด้วยน้ำปลา น้ำตาลมะพร้าว มะนาว น้ำพริกเผาแบบคลีนๆไร้ไขมัน คลุกเคล้าให้เครื่องปรุงเข้ากันดี เติมหอมแดง พริกขี้หนู ใบสะระแหน่ ผักชีลงไป คลุกต่อเล็กน้อยก็พร้อมเสิร์ฟ
 4: 4. นำมะเขือเผาจัดใส่จาน ราดด้วยน้ำยำหมูสับที่ทำเสร็จแล้ว ตกแต่งหน้าตาด้วยผักชี เสิร์ฟพร้อมไข่เป็ดต้มเป็นอันเสร็จค่ะ
 5: น่าทานมั้ยค้าาา"
ลอดช่องน้ำตาลข้น,"1: ใส่แป้งมัน และผักเคลผง ผสมให้เข้ากัน
 2: ต้มน้ำร้อนให้เดือดจัด ค่อยๆใส่น้ำร้อนลงในแป้ง และนวดให้เนียนเป็นเนื้อเดียว
 3: รีดแป้งให้เป็นแผ่นบางๆ ใช้มีดหั่นให้เป็นเส้น ระหว่างทำก็เอาผ้าชุบน้ำหมาดๆมาคลุมไว้ ป้องกันแป้งแห้งและแตกได้
 4: เสร็จแล้วเตรียมนำไปต้ม
 5: ตั้งน้ำให้เดือด ใส่เส้นลอดช่องสิงคโปร์ลงไปต้มให้สุกประมาณ 1-2 นาที ตักขึ้นใส่ในน้ำเย็นจัดแช่ทิ้งไว้
 6: ตัวเส้นจะมีความนุ่มลื่น หนึบ อร่อย
 7: ใช้ผงกาแฟโบราณ 1 ชต ชงด้วยน้ำร้อนจัด 1/2 ถ้วยตวงพักไว้
 8: เคี่ยวน้ำตาลโตนด และน้ำกาแฟโบราณให้ข้นเหนียว เติมกลิ่นวนิลา ปิดเตา
 9: คั้นน้ำกะทิสด นำมาตั้งไฟ ใส่ใบเตยและเกลือป่นให้พอร้อน อย่าให้แตกมัน พักไว้ให้เย็น
 10: ใส่เครื่องอื่นๆตามต้องการตามด้วยลอดช่องสิงคโปร์และน้ำแข็งบดละเอียด ราดด้วยน้ำตาลข้น โปะน้ำแข็งบด ราดด้วยกะทิสด พร้อมเสิร์ฟ"
ลูกชิ้นปลาผัดฉ่า,"1: นำพริกแกงผัดจนหอม
ใส่ลูกชิ้นลงผัด
 2: ใส่พริกไทยเม็ด กระชาย ถั่วฝักยาว เติมน้ำปลา น้ำตาล กะทิ ผัดจนเข้ากัน
 3: ใส่ใบโหระพา พริกชี้ฟ้า คลุกให้เข้ากัน ตักเสริฟ"
เต้าหู้ผัดขึ้นฉ่ายไก่สับ,"1: ตั้งกระทะใส่น้ำมันทอดเต้าหู้ให้เหลืองสวย สะเด็ดน้ำมันพักไว้ .. อันไหนไม่สวย เดี๋ยวเอาไว้ใต้จาน 😆
 2: รินน้ำมันออกให้หมดเหลือแค่เคลือบกระทะ ใส่กระเทียมสับ ผัดให้หอม
 3: เติมไก่สับ ผัดให้พอสุก
 4: เติมน้ำเล็กน้อย ซอสปรุงรสต่างๆ ผัดจนไก่สุก
 5: เติมเต้าหู้ทอด ปล่อยให้เปลือกเต้าหู้ซึมซับน้ำซอสให้เต็มที่ค่ะ
 6: เติมขึ้นฉ่าย พริกจินดา ผัดพอผักสลด ปิดไฟ ตักใส่จาน เขี่ยๆ อันที่ทำแตกไว้ข้างล่าง เอาอันสวยๆ โปะข้างบน เดี๋ยวรูปก็สวยเอง 😆
 7: เสร็จพร้อมเสริฟ"
ต้มจืดเต้าหู้อ่อน,"1: 1. นำพริกไทยไปโขลกให้ละเอียด
2. นำหมูสับมาปรุงรส ใส่ซีอิ๊วขาว และพริกไทยที่โขลกไว้แล้วมาผสมให้เข้ากัน3. ตั้งหม้อใส่น้ำเปล่าต้มให้เดือด พอน้ำเดือดใส่คนอร์ก้อนรสหมูลงไป จากนั้นใส่หมูสับที่ผสมไว้เป็นคำๆ ใส่ลงไป4. ใส่ผักกาดขาว รอเดือด ปรุงรสด้วย ซีอิ๊วขาวนิดหน่อย ใส่เต้าหู้ไข่ โรยต้นหอมและขึ้นฉ่าย ปิดไฟ ตักเสิร์ฟ"
แกงจืดผักกาดขาวเต้าหู้หมูสับ,"1: เทน้ำใส่ครึ่งหม้อ ตั้งน้ำจนเดือด แล้วใส่คนอร์ 2 ก้อน
 2: ระหว่างตั้งน้ำ รอเดือด ใช้เวลานี้ล้างผัก แล้วนำมาหั่นขนาดพอเหมาะ
 3: เมื่อน้ำเดือด ใช้ช้อนตักหมูเป็นก้อนขนาดพอดีคำใส่ลงไปในหม้อ
 4: เมื่อหมูสุก และหมูเปลี่ยนเป็นสีขาว ให้ใส่ผักกาดขาว ตามด้วยต้นหอม และเต้าหู้ไข่ ลงไป เมื่อผักสุก ก็ยกเสริฟได้เลย"
ไข่ตุ๋นหม้อไฟ,"1: เตรียมหม้อไฟ จุดไฟ แล้วนำกุ้งผัดกับเนยในหม้อไฟ พอกุ้งสุก ให้ตักออกมาพักไว้
 2: ตีไข่5ฟอง ผสมน้ำเปล่า และหมูสับ ปรุงรสด้วยน้ำปลา พริกไทย และต้นหอม ให้เข้ากัน

 3: เทส่วนผสมของไข่ลงในหม้อไฟ ปิดฝา หมั่นคอยเปิดดู และคนไม่ให้ติดหม้อ

 4: พอไข่สุกให้นำกุ้งที่พักไว้ มาวางตกแต่งบนไข่ตุ๋น โรยด้วยต้นหอม ผักชี และพริกไทยป่น
 5: พร้อมเสริฟ"
หมี่ไก่ตุ๋น,"1: ใส่เครื่องเทศต้มก๋วยเตี๋ยวและผักชีลงไปต้มจนสุก
 2: เมื่อน้ำเดือดใส่ผักลงไปก่อน
 3: เมื่อน้ำเดือดอีกรอบใส่ไก่ลงไป ตามด้วยซีอิ๊วดำ เกลือ น้ำปลา น้ำตาลปึก
บอกเครื่องปรุงเป๊ะๆ ไม่ได้นะคะ เนื่องจากกะๆ เอาตามความชอบจ้า
 4: ตุ๋นไปเรื่อยๆ ประมาณ 30 นาที น้ำซุปจะเข้มขึ้นเรื่อยๆ โรยด้วยต้นหอมแล้วต้มต่ออีก 10 นาที ยกลงได้จ้า
 5: ลวกบะหมี่ ใส่กระเทียมเจียว พร้อมทานจ้า"
ปลาหมอแดดเดียวทอดน้ำปลา,"1: นำปลาหมอที่ได้ มาขอดเกล็ด ล้างทำความสะอาด แล้วน้ำมาแช่น้ำเกลือ 1 ชั่วโมง
 2: นำปลาหมอที่แช่น้ำเกลือแล้ว มาล้างความคาวของปลาออกจนน้ำใส ตากแดด 1 ชั่วโมง
 3: จากนั้นนำปลาหมอแดดเดียวที่ได้มาชุบน้ำปลา แล้วนำมาผึ่งลมพอแห้ว
 4: นำไปทอดบนกระทะใส่น้ำมัน ทิดให้เหลืองกรอบ"
ต้มยำไข่เจียวน้ำข้น,"1: ทอดไข่ให้เหลือสวย หั่นเป็นแผ่นสี่เหลี่ยม
 2: ต้มน้ำให้เดือด ใส่คนอร์ก้อน เครื่องต้มยำ หอมแดง พริกขี้หนู ที่ทุบแล้ว รอจนน้ำเดือดใส่เนื้อไก่ลงไป รอจนไก่สุก
 3: ตามด้วยเห็ด มะเขือเทศ รอจนสุก
 4: ใส่ไข่เจียวที่หั่นไว้ลงไป ตามด้วยน้ำพริกเผา นมข้นจืด ปรุงรสด้วยน้ำปลา มะนาว ปิดเตาไฟ แล้วใส่ผักชีใบเรื่อยลงไป พร้อมเสิร์ฟ"
แกงส้มไหลบัวปลากระพงปักษ์ใต้,"1:  1
ขั้นตอนการเตรียมอุปกรณ์- หั่นไหลบัวเป็นท่อนขนาดพอคำ ลงในน้ำที่ผสมเกลือไว้แล้ว เพื่อไม่ให้ไหลบัวดำ
 2:  2
- นำเกลือและพริกไทยดำเม็ด ใส่ในครก ตำให้ละเอียด- เติมพริกป่นแบบใต้ (ป่นแบบละเอียด) และกะปิ ลงโขลก
 3: - จากนั้นใส่น้ำเปล่าและคนให้เข้ากัน แล้วนำไปกรองเอาแต่น้ำไว้
 4:  4
- ตั้งไฟปานกลาง รอจนน้ำเดือด ใส่ไหลบัว
 5:  5
- พอไฟเดือดอีกครั้ง ใส่ปลากระพงที่หั่นเตรียมไว้แล้ว ไม่ต้องคนนะคะเพราะจะทำให้มีกลิ่นคาวและเนื้อปลาเละ- พอเดือดปรุงรสด้วยเกลือ น้ำมะนาว และชิมรสตามชอบ ถ้าใครชอบหวานสามารถเติมน้ำตาลปี๊บได้นะคะ แต่ปกติตั้มไม่ใส่เพราะชอบทานเปรี้ยว และรสหวานจากเนื้อสัตว์ที่ใส่ลงไปจะทำให้รสชาติกลมกล่อมกำลังดีค่ะ
 6:  6
- เท่านี้ก็ได้แกงส้มไหลบัวปลากระพงแบบปักษ์ไว้ทานแล้วค่ะ ง่ายนิดเดียวใช่ไหมคะ"
ข้าวต้มหมูทรงเครื่อง,"1: ต้มน้ำเดือด ใส่คนอร์ หมูสับต้มจนสุก ใส่ข้าวสวย คนให้แตก ตั้งไฟปานกลาง สังเกตุถ้าข้าวเริ่มแตกและนิ่มแล้ว ใส่ กระเทียม ปลาหมึกและกุ้งแห้งลงไป
 2: ตั้งไปจนเดือด ใส่ขิง คนให้เข้ากัน ปิดไฟ โรยด้วยผักคื่นช่าย คนอีกครั้ง
 3: ตักใส่ถ้วย โรยพริกไทย ปรุงรสตามใจชอบ"
ก๋วยเตี๋ยวบก สูตรหมูสับเห็ดหอม,"1: เตรียมวัตถุดิบต่างๆ ล้างและทำความสะอาด โดยนำแครอทและเห็ดหอมสดมาหั่นเป็นไซส์ลูกเต๋า และนำใบโหระพา ใบสะระแหน่ และผักกาดหอมมาเด็ดแยกเป็นใบๆ เตรียมพักไว้
 2: เตรียมเส้นใหญ่ โดยนำมาหั่นให้ได้ไซส์พอดีทาน ก็นำไปเข้าไมโครเวฟ ประมาณ 1-2 นาที พอให้เส้นสุกแล้วพักไว้รอให้เย็น
 3: ตั้งกระทะใช้ไฟปานกลางถึงค่อนข้างแรง ใส่น้ำมันพืชสำหรับทอดเล็กน้อย ก่อนนำกระเทียมกลีบเล็กสับลงผัดจนมีกลิ่นหอม
 4: แล้วจึงนำหมูสับที่เตรียมไว้ ลงผัดกับกระเทียม เติมด้วยแครอท และน้ำเปล่าหรือน้ำสต๊อก
 5: ก่อนจะปรุงรสด้วย พริกไทยดำป่นหยาบ ซอสหอยนางรม ซีอิ้วขาว ผงปรุงรส และน้ำตาลทราย ให้ได้รสตามชอบ
 6: เติมด้วยเห็ดหอมสับลงคลุกเคล้าในกระทะ รอจนน้ำเปล่าหรือน้ำสต๊อกเริ่มงวดลง จึงปิดไฟยกลงจากเตาพักไว้
 7: จัดจานโดยรองก้นด้วยผักกาดหอม ใบโหระพาใบสะระแหน่ เป็นชั้นๆ
 8: ก่อนจะนำเส้นใหญ่ที่สุกได้ที่และเย็นลงแล้ว วางด้านบน และราดหน้าด้วย หมูสับแครอทเห็ดหอม ที่เราพักไว้เสริฟทานคู่กับน้ำจิ้มซีฟู๊ตรสเปรี้ยวๆหวานรับรองว่าฟินแน่นอนค่ะ"
ต้มยำกุ้งแม่น้ำ (น้ำข้น),"1: นำข่า ตะไตร้ ใบมะกรูดใส่ลงไปในหม้อ ใส่เกลือลงไป2ช้อนชา
 2: ใส่กุ้งและเห็ดลงไป รอจนน้ำเดือดชิมรสชาติ เติมพริกเผา พริกสดตำนมจืดลงไป คนให้เข้ากัน รอจนน้ำเดือดอีกนิด เมื่อรสชาติได้ที่ให้ปิดแก๊สและใส่มะนาวลงไป โรยหน้าด้วยผักชีใบเลื่อย เรียบร้อยแล้ววววว"
ผัดหมี่เบตง,"1: เส้นหมี่เบตงอบแห้งพลังงานแสงอาทิตย์
 2: ใช้เวลาลวกเส้น 4 นาทีเศษ เราลวก 4 นาที 30 วิ
 3: ใส่น้ำมันนำข้าว เจียวกระเทียมให้สุกหอม ตามด้วยหมูบดปรุงรสเล็กน้อย
 4: ผัดหมูสุกดีแล้ว ใส่น้ำซุปผัก ปรุงรสด้วยน้ำตาลทราย ผงปรุงรสหมู ซอสหอยนางรม และซีอิ้วดำเล็กน้อย ให้พอมีสีสัน ชิมรสชาติให้ได้หวานเค็ม
 5: ใส่เส้นหมี่เบตงที่ลวกแล้ว ผักคะน้า หมูแดง ฮือก๊วย และกุนเชียง ผัดให้เข้ากันดี
 6: ระหว่างที่ผัด ลองชิมเส้นดู ว่าเส้นแข็งอีกหรือเปล่า รสชาติได้รึยัง ถ้าได้แล้วก็ปิดเตา
 7: พร้อมทานครับ ทานคู่กับน้ำซุปผักที่ต้มไว้ อร่อยเข้ากันมาก!"
ปีกไก่อบ,"1: ล้างปีกไก่ให้สะอาด ผึ่งไว้ให้สะเด็ดน้ำ

 2: กระเทียม พริกไทย รากผักชี ตำรวมกัน
 3: หมักไก่ทิ้งไว้ประมาณ 30-45 นาที
 4: นำไปอบในเตาอบ อุณหภูมิ 220 องศาเซลเซียส ประมาณ 30 นาที (นำออกมากลับด้าน เมื่อครบ 15 นาที)
 5: เสร็จแล้วค่ะ ไก่อบหอมกรุ่นจากเตา"
สุกี้รวมมิตรหม้อไฟ,"1: นำน้ำเปล่าใส่ในหม้อไฟฟ้า จากนั้นใส่ก้อนคนอร์เพื่อทำน้ำซุป
 2: เมื่อน้ำเดือด ใส่ส่วนผสมคาวลงไป เนื้อหมู ปูอัด กุ้ง แฮม ปิดฝากระทะให้เนื้อสัตว์สุก
 3: ใส่ผักบุ้ง เห็ดเข็มทองลงไป จากนั้นราดไข่ไก่ลงไป ปิดฝารอไข่สุก
 4: ตักมากินโดยปรุงรสน้ำจิ้มตามใจชอบ"
โสนผัดน้ำมัน,"1: ดอกโสน นำมาเด็ดดอกออกจากก้านแล้วนำไปล้างแบบเบามือไม่ใช้ดอกโสนช้ำ พักบนตะแกรง
 2: ตั้งกระทะใส่น้ำมัน ตามด้วยกระเทียมสับ ผัดพอกระเทียมหอม
 3: -ตามด้วยดอกโสน
-ปรุงรสด้วย ซีอิ้วขาว หรือ น้ำมันหอย ใส่นิดหน่อยแค่พอให้มีรสเค็มปะแล่มๆ (เลือกใส่อย่างใดอย่างหนึ่ง)-ผัดจนดอกโสนสุก
 4: ตักเสิร์ฟลงจาน รับประทานได้เลยค่ะ"
ผัดเผ็ดไก่มะเขือเปาะ,"1: เตรียมหั่นวัตถุดิบให้พร้อม
 2: นำพริกแกงเผ็ดลงผัดจนหอม
 3: นำเนื้อสัตว์ลงไปผัดให้เข้ากัน
 4: จากนั้นใส่กะทิลงไป
 5: ตามด้วยมะเขือและใบมะกรูดฉีก
 6: ปรุงรส จากนั้นรอมะเขือสุก เนื้อสัตว์สุก
 7: ใส่โหระพาสุดท้าย
 8: คนให้เข้ากันเป็นอันพร้อมเสริฟ"
แกงส้มฟักแม้วกุ้งสด,"1: เอาฟักแม้วมาล้าง ปลอกเปลือก หั่นชิ้นพอดีทาน
เอากุ้งมาล้าง ปลอกเปลือกเอาเส้นดำออก
 2: ตั้งน้ำให้เดือด ใส่เกลือลงไป 1 ช้อน เอาปลานิลไปต้ม จนสุก นำขึ้นมาพักให้หายร้อนและแกะเอาเนื้อออกมาแยกไว้และเอาเนื้อปลาที่แกะไว้ลงไปตำให้ฟู จากนั้นใส่พริกแกงส้มตำให้เข้ากัน
 3: เอาน้ำใส่หม้อปริมาณ 1 ลิตร ต้มน้ำให้เดือด จากนั้นใส่พริกแกงที่โขกรวมกับเนื้อปลาลงไปต้มให้เดือดระหว่างรอก็หันมาแช่มะขามเปียกด้วยน้ำอุ่นหรือน้ำร้อน
 4: จากนั้นใส่ฟักแม้วลงไปต้ม พอเริ่มเดือด ก้อใส่กุ้งที่ปลอกเตรียมไว้ลงไป พอกุ้งเริ่มออกสีแดง ให้ปรุงรสด้วยน้ำมะขามเปียก น้ำปลา น้ำตาลปีบ เกลือเล็กน้อย ชิมรสตามชอบ ให้ออกเปรี้ยวหวาน สามรส"
แกงเขียวหวานหน่อไม้ไก่,"1: หั่นเนื้อสะโพกไก่เป็นชิ้นพอดีคำ
 2: หั่นหน่อไม่เป็นท่อนๆพอดีคำ แล้วต้มในน้ำเปล่าให้เดือด
 3: เด็ดใบโหระพาแล้วล้างให้สะอาด
 4: ตั้งกะทะใส่น้ำมันเล็กน้อยใส่พริกแกงลงคั่ว ตามด้วยหัวกะทิ เคี่ยวจนกะทิแตกมัน
 5: ใส่ไก่ลงไปคลุกให้ทั่วสักพักเพื่อให้เครื่องแกงซึมเข้าเนื้อไก่
 6: ใส่หน่อไม่ตามลงไป ตามด้วยน้ำหางกะทิ ตปรุงด้วยน้ำตาล น้ำปลา และชิมรสชาดตามชอบ
 7: ต้มจนเดือดและ ไก่สุก ใส่ใบโหระพาลงไป ปิดไฟ
 8: ตักใส่ภาชนะ พร้อมทานได้แล้วคะ"
ไก่ผัดสะตอ,"1: แกะสะตอแช่น้ำสะอาดให้เม็ตสะตอเต่งกรอบ จากนั้นผ่าครึ่งไว้

 2: สับกระเทียม หอมแดง หรือตำให้ละเอียด พริกขี้หนูทำแบบเดียวกัน

 3: สับอกไก่พอหยาบๆ จากนั้นตั้งกะทะใส่น้ำมันผัดกระเทียมหอมแดงพอใส

 4: ใส่อกไก่สับลงไปพัดพอไก่เริ่มสุกปรุงรสด้วย กะปิ, น้ำตาลปี๊บ, น้ำปลา, น้ำมันหอย ผัดให้เข้ากัน
 5: จากนั้นใส่สะตอ พริกขี้หนูผัดต่อให้เม็ดสะตอสีเริ่มสดขึ้นปิดเตาตักใส่จานทานได้ทันที"
ต้มผักกาดดองกับปลาช่อนทอด,"1: ปลาช่อนที่ขอดเกล็ดและหั่นเป็นชิ้นๆ นำมาล้างทำความสะอาดให้หมดคาวและเมือก พักไว้ให้สะเด็ดน้ำ
 2: นำปลาช่อนไปคลุกเกลือเล็กน้อย จากนั้นนำไปทอดให้สุกเหลืองกรอบพักไว้ในกระชอนให้สะเด็ดน้ำมัน
 3: ผักกาดดอง นำมาหั่นเป็นชิ้นพอคำ
 4: ตั้งกระทะ ใส่น้ำมันกระเทียมบุบ+หัวหอมบุบ+รากผักชีทุบ+พริกไทยเม็ดบุบ คั่วให้มีกลิ่นหอม
 5: ใส่ ผักกาดดอง+เต้าเจี้ยว+ซีอิ้วดำ ผัดให้เข้ากัน
 6: นำไปเทใส่หม้อต้ม เติมน้ำเปล่าให้ท่วมผักกาดดอง ต้มให้น้ำเดือด
 7: ใส่คนอร์ซุปก้อนหมู+น้ำตาลปี๊บ ชิมรสให้ได้ตามชอบ
 8: ลดไฟลง ใส่ปลาช่อนทอด รอเดือดอีกครั้ง ปิดไฟ ตักเสิร์ฟ"
ปลาทับทิมลุยสวน,"1: แล่ปลาเป็น 2 ส่วน ตัว กับ เนื้อ ส่วนเนื้อหั่นเป็นชิ้นพอคำคะ
 2: ตั้งกระทะทอด ใส่เกลือเล็กน้อย
 3: ทอดตัวก่อน ให้เหลืองกรอบ
 4: แล้วทอดเนื้อตาม พักไว้
 5: เตรียมเครื่องยำ
 6: ซอย พริกสด ใบมะกรูด ผักชีฝรั่ง ตะไคร้ ขิงอ่อน มะม่วงเปรี้ยว
หั่นเต๋า พริกแห้ง หอมแดง ขิงแก่ มะนาวครึ่งลูก
 7: ทำน้ำยำด้วย มะนาวที่เหลือ น้ำปลา น้ำตาล น้ำพริกเผา คนให้น้ำตาล น้ำพริกเผาละลาย
 8: ใส่มะม่วงเปรี้ยว
 9: เครื่องยำ
 10: คลุกให้เข้ากัน
 11: กลับมาจัดจานปลา
 12: ราดด้วยน้ำยำ โรยถั่วลิสง
 13: เสร็จพร้อมเสริฟ"
ขนมจีนน้ำยา สูตรเด็ด,"1: มาเตรียมวัตถุดิบหลักๆของตัวน้ำยากันค่ะ
 2: 1. เริ่มจากนำปลามาต้มจนสุก
2. ลอกก้างออกและลอกเฉพาะเนื้อปลา3. นำกระชายหั่นท่อนลงไปในถ้วยปั่น4. ปั่นรวมกันกับกระชาย+เนื้อปลาบด+หางกะทิ
 3: 1.ต่อมานำหัวกะทิมาผัดกับพริกแกง
2. และเคี่ยวเรื่อยๆ จนส่วนผสมรวมกัน3. ใส่น้ำตาลปี๊ปลงไป
 4: 1. ต่อมาใส่กะปิ
2. คนอร์ก้อน3. เนื้อปลาปั่นที่เตรียมไว้4. ปรุงรสด้วยน้ำปลา
 5: เสร็จเรียบร้อยแล้วค่ะสำหรับน้ำยา
 6: เพื่อนๆจะทานก็สามารถทานกับเครื่องและผักต่างๆที่ชอบได้ วันนี้เดียร์เลือกทานกับลูกชิ้นปลา และขนมจีนค่ะ
 7: ขนมจีนน้ำยา :)"
นํ้าพริกนํ้าย้อยกากหมู,"1: พริกป่น
 2: กากหมูเจียว
 3: หอมแดง กระเทียม เจียวสะเด็ดนํ้ามัน
 4: ตั้งกะทะใบเดิมใส่นํ้ามันเอาทุกอย่างลงผัดคลุกด้วยไฟอ่อน
ปรุงรสด้วย เกลือ รสดี ผัดให้เข้ากัน
 5: พักให้เย็น ตักใส่กระปุกเก็บเข้าตู้เย็นอยู่ได้นานเลยละค่ะ"
ข้าวผัดต้มยำกุ้ง,"1: ตั้งกระทะใส่น้ำมันพืช เจียวกระเทียมและพริก ตามด้วยกุ้งลงไปผัดคลุกเคล้า
 2: จากนั้นใสข่า ตะไคร้ ใบมะกรูด หอมแดง มะเขือเทศ และเห็ดฟางลงไปผัดให้เข้ากัน
 3: ปรุงรสด้วยพริกเผา น้ำตาลทราย น้ำปลาผัดให้เข้ากันแล้วใส่ข้าวสวยลงไปผัดคลุกเคล้าให้เครื่องเข้ากัน จากนั้นใส่น้ำมะนาวลงไปผัดต่อ โรยด้วยต้นหอมซอยพร้อมตักเสริฟ"
ไข่เจียวทูน่าพริกสับ,"1: สับพริกขี้หนูเตรียมไว้
 2: ตอกไข่ใส่ภาชนะ
 3: ตามด้วยทูน่า น้ำปลา และพริกขี้หนูที่สับไว้ ตีให้เข้ากัน
 4: ตั้งกระทะไฟกลางตามด้วยน้ำมันพืช รอน้ำมันร้อนได้ที่ เทไข่ลงไปทอด ทอดจนเหลืองฟูน่ารับประทาน ปิดไฟ
 5: ตักขึ้น พร้อมทาน 🧡"
แกงส้มชะอมไข่ใส่ปลาทู,"1: ตั้งน้ำให้เดือด ใส่พริกแกงลงไปละลายน้ำให้หอม
 2: ปลาทู ย่างหรือทอดแกะเอาแต่เนื้อ 1 ตัว อีก1 ตัวแกะเนื้อเก็บไว้
 3: โขลกเนื้อปลาให้ฟู แล้วใส่ลงในหม้อน้ำแกง คนให้ทั่วอย่าให้จับเป็นก้อน
 4: ตีไข่กับชะอม ลองทอดในกระทะน้ำมันน้อยๆไฟกลางให้สุก ตัดพอดีคำเตรียมไว้
 5: ใส่ผักทุกอย่างลงไปเคี่ยวในน้ำแกง ชิมรสตามชอบ ตามด้วยปลาทู แกะเนื้อชิ้นเล็กๆ เคี่ยวจนผักสุกนุ่มดี เติมชะอมไข่ลงไป จากนั้นปิดฝา ทิ้งไว้10 นาทีให้ชะอมดูดซับน้ำแกง ก่อนตักเสิร์ฟ"
วุ้นไข่,"1: นำน้ำเปล่าและผงวุ้นใส่ลงในหม้อคนให้เข้ากัน จากนั้นเติมน้ำตาลทรายลงไป คนให้ละลายเข้ากันดี ยกขึ้รตั้งบนเตาต้มให้วุ้นเดือด
 2: ตีไข่ใส่ถ้ายให้แตก จากนั้นก็ค่อยๆเทลงไปในหม้อวุ้นให้เป็นเส้นเล็กๆ ให้เราอาช้วนส้อมช่วยคนจะได้ไม่จับตัวเป็นก้อนๆ ใส่กลิ่นวนิลลา
 3: พอไข่สุกดีแล้วก็ให้นำมาค่อยๆ ตักวุ้นเทใส่พิมพ์ที่เราเตรียมไว้
 4: รอให้วุ้นเซตตัวก็นำมาทานได้แล้ว"
หมึกไข่ต้มเค็ม,"1: เตรียมปลาหมึก
 2: โขลกรากผักชี,กระเทียม,พริกไทยให้เข้ากัน
 3: ต้มปลาหมึก และใส่รากผักชีกระเทียมพริกไทยที่โขลกไว้ลงไป จากนั้นใส้น้ำตาลปึก และน้ำปลา ปรุงรสตามชอบ เคี้ยวต่อจนได้ที่
 4: ตักใส่จาน โรยด้วยผักชี พร้อมเสริฟค่ะ"
ยำหูหมู กับเทคนิคการหั่นหูหมู,"1: เมนูหูหมูนี้ กินมานานตั้งแต่เด็กจนโตไปกินตามร้านยำไม่เคยได้อย่างใจเลย ต่อให้ทำน้ำยำเทพแค่ไหน ก็ตามหูหมูนี่ ถ้าหั่นหูหมูมาผิด ชีวิตก็เปลี่ยน ความอร่อยจะหายไปครึ่งนึงเลย(จะมีก็แต่ภัตราคารจีนบางร้าน ที่เก๋าๆหน่อยหั่นเป็น แม้น้ำจิ้มไม่ค่อยอร่อยมันก็ยังอร่อยอยู่ดี)หูหมูที่ซื้อมาจากตลาด ร้อยทั้งร้อยก็จะต้มน้ำพะโล้มาเรียบร้อย คงไม่มีใครเอาหัวหมูมาต้มเองที่บ้านนะครับ 😁😁😁ขั้นแรก # นำไปลวก ขูดๆ ให้สะอาดอีกทีนึง
 2: หัวใจที่สำคัญ อยู่ที่การหั่น ส่วนใบหู กับส่วนอื่น จะหั่นไม่เหมือนกันนะครับ
ให้แยกส่วนใบหูออกมา ส่วนนี้แหละอร่อยสุดแต่ก็มักจะหั่นกันแล้วออกมาเหนียวให้เอียงใบมีดเยอะๆ เกือบจะแนบ ทำมุมประมาณ 20 องศาแล้วหั่นครับ สไลด์ไปบางๆ
 3: ต้องหั่นแบบนี้ เพื่อที่จะแยกทั้ง 3 layer มันออกจากกัน
มันก็จะออกมาเรียงเลเยอร์กันใหม่ เป็นธงชาติแบบนี้ ซึ่งในแต่ละเลเยอร์ ก็จะไม่ไปทับกันหนังจะเป็นหนัง กรอบเป็นกรอบ กรุบๆ กรอบๆ เคี้ยวเพลิน อร่อยกว่ากัน 50% จริงๆ
 4: ไม่หันแบบนี้นะครับ
เพราะจะได้ หนังสองชั้นหุ้มกระดูกตรงกลาง ซึ่งเวลาทานแล้วเหนียวกว่ากันมากครับส่วนมาก ตกม้าตายกันตอนนี้ และจะเสียส่วนที่อร่อยที่สุดของหูหมูไปอย่างน่าเสียดาย ร้านยำ100ทั้ง100 หั่นแบบนี้ บางร้านหนักกว่านั้นอีก สับมาเลย เทพจริงๆ กินแล้วโมโหมาก 😂😂😂
 5: เหนียวนะครับ ถ้าแบบนี้
 6: ต้องแบบนี้
 7: ส่วนอื่นก็หั่นบางๆไปตามปกติ ยิ่งบางยิ่งอร่อย
 8: หั่นบางๆ
 9: นำไปเรียงใส่จาน จริงๆแค่นี้ก็จิ้มอร่อยละ
 10: หั่นผัก โรยทับลงไป
ใส่ขิงได้รสชาติยำเชื้อสายภัตราคารจีน ไม่ใส่ได้รสไทย อันนี้จัดกันได้ตามชอบเลยครับ เรื่องทำน้ำยำเครื่องยำ สำคัญไม่เท่าเรื่อง""การหั่น""ครับ
 11: โขลกพริกกระเทียม เติมน้ำปลาน้ำตาล บีบมะนาว ปรุงรสตามชอบ แล้วราดลงไปหากับแกล้มพวกเครื่องดื่ม มาทานด้วยกัน เข้ากันสุดๆ พูดแล้วนึกอยาก 😄 🥂"
กุ้งถังทะเลแตก (รสชาติเข้มข้นถึงใจ❤),"1: เตรียม กุ้ง+หอย+ปลาหมึก+ข้าวโพดล้างให้สะอาด
 2: นำไปนึ่งในน้ำเดือดจัด 10 นาที
 3: เมื่อสุกแล้ว นำออกมาพักไว้
 4: นำภาชนะที่จะใช้ใส่กุ้งถังห่อด้วยกระดาษฟอยส์พักไว้
 5: เปิดเตา ตั้งกระทะ ใส่เนยลงไปผัดจนเนยลัลาย ใส่กระเทียมลงไปผัดจนหอม
 6: ใส่พริกเผา+มันกุ้ง+ ผัดให้เข้สกัน ใส่ซอสพริก+ผงปาปริก้า+น้ำตาลทราย+เกลือป่น+พริกไทยป่น คนส่วนผสมให้เข้ากันิกครั้ง ใส่น้ำเปล่า/นม/กระทิ ลงไป คนให้เข้ากัน ใส่พริกไทยป่น+ออริกาโน่ เคี่ยวให้งวดเล็กน้อย ปิดเตา
 7: นำของทะเล+ข้าวโพด ใส่ลงไป
 8: จากนั้นคนคลุกเคล้าจนน้ำซอสเข้ากันได้ดีกับของทะเล+ข้าวโพด
 9: ตักใส่ภาชนะที่เราเตรียมไว้ โรยด้วยต้นหอมซอย พร้อมเสริฟความอร่อย"
ต้มยำอกไก่,"1: ต้มไก่ใส่เกลือใช้ไฟอ่อนไปเรื่อยๆ 20 นาที
 2: ไก่นุ่มเปื่อยดีก็ใส่มะเขือเทศหอมใหญ่ลงไปต้ม
 3: ใส่เห็ดลงไปรอเดือด
 4: พอเดือดอีกรอบก็ใส่ข่า ตะไคร้ ใบมะกูด ลงไปอีกแป็บพอกลิ่นหอมออกก็ไปไฟได้เลยค่ะ
 5: ใส่พริกลงไปบีบมะนาวแล้วตักใส่ถ้วยได้เลยค่ะ"
"“ต้มเค็มปลาตะเพียน""","1: เคี่ยวน้ำตาลปี๊บให้ละลายด้วยไฟอ่อนสุด
 2: เติมน้ำสะอาดลงไป คนให้น้ำตาลปี๊บและน้ำเป็นส่วนเดียวกัน
 3: ใส่มะขามเปียก น้ำปลา พริกแห้ง ชิมรสตามชอบ รอจนเดือด ใส่ปลาลงไป และเบาไฟ ปิดฝา ทิ้งไว้ 30 นาที
 4: ใส่ตะไคร้ ใบมะกรูด พริกไทยป่น ผงปรุงรส ปิดฝาต้มไปอีก 30 นาที ครบเวลาปิดไฟ ตักใส่จานพร้อมเสิร์ฟ"
ต้มยำปลากระป๋อง,"1: 1.นำเห็ดนางฟ้ามาฉีก
2.นำน้ำเปล่าใส่หม้อ ตั้งไฟ รอน้ำเดือด ใส่คนอร์ซุปก้อน เปิดปลากระป๋องเทลงในน้ำ(ใส่ทั้งเนื้อและน้ำ)3.ใส่เห็ด รอเห็ดสุก ปรุงรสด้วยน้ำปลา 4.ใส่พริกขี้หนู ปิดไฟ บีบมะนาว ใส่ผักชีใบเลื่อยหั่นท่อน"
ยำมะเขือยาวกุ้งแห้ง,"1: ใช้กุ้งแห้งคุณภาพดี นำมาล้างและแช่น้ำไว้สักครู่หนึ่งให้กุ้งแห้งอ่อนตัว
 2: นำกุ้งแห้งลงครก ตำพอแหลก
 3: เตรียมเครื่องยำโดยซอยหอมและกระเทียม หั่นพริกแดงจินดาเป็นชิ้นเล็กๆ หั่นมะนาวรอไว้เตรียมทำน้ำยำ
 4: ล้างทำความสะอาดมะเขือยาวและต้นหอมให้ดี จากนั้นซอยต้นหอมให้ละเอียด
 5: นำพริกจินดาที่หั่นไว้ลงครกและตำหยาบๆ
 6: นำมะเขือยาวขึ้นย่างบนเตาใช้ไฟอ่อน
 7: ค่อยๆย่างใจเย็นๆค่อยพลิกลับไปกลับมาให้ความร้อนโดนมะเขือจนทั่ว
 8: ย่างไปเรื่อยๆจนเปลือกมะเขือไหม้เกรียมแบบนี้เลยนะไม่ต้องกลัวว่าจะกินไม่ได้
 9: ย่างต่อไปจนผิวไหม้เกรียมครบทั้งลูก แบบนี้เป็นอันใช้ได้
 10: นำมะเขือไปล้างน้ำจากก๊อกให้น้ำไหลผ่านแรงๆ ตัวผิวมะเขือด้านนอกที่ไหม้จะไหลหลุดออกไปกับสายน้ำได้โดยง่าย เหลือไว้เพียงแต่เนื้อมะเขือด้านในที่หอมนุ่มแบบนี้ นำขึ้นมาหั่นเป็นชิ้นพอดีคำ
 11: รวนหมูบดในกระทะที่มีน้ำเดือดอยู่เล็กน้อยให้หมูพอสุก
 12: ปรุงน้ำยำโดยใช้น้ำมะนาว น้ำปลา หอมซอย กระเทียมซอย และพริกจินดาที่ตำไว้ ชิมรสจนพอใจ
 13: หลังจากปรุงน้ำยำจนได้รสชาติที่ต้องการแล้วก็นำหมูรวนลงไปคลุกน้ำยำได้เลย
 14: นำน้ำยำไปราดมะเขือยาวเผาที่หันไว้ จัดจานให้สวยงาม พร้อมโรยหน้าด้วยกุ้งแห้งตำที่เตรียมไว้ตั้งแต่แรก"
แกงส้มใต้มันขี้หนู,"1: มันขี้หนู นำมาล้างดินออก นำไปต้มให้พอสุก
 2: นำมาปอกเปลือกออก
 3: -ต้มน้ำให้เดือด
-ใส่พริกแกง-ใส่ส้มแขก(ไม่มี ไม่ใส่ก็ได้ ใช้ความเปรี้ยวของน้ำมะนาวเพิ่มเอา)
 4: -ใส่มันขี้หนู ต้มจนมันสุกนิ่ม ลองตักขึ้นมาชิมด้วย
-ปรุงรสด้วย น้ำปลา+น้ำตาลปี๊บ+น้ำมะขามเปียก ชิมและปรุงให้ได้รสตามชอบ ถ้าชอบเปรี้ยวนำ บีบะนาวเพิ่มหลังปิดไฟก็ได้
 5: ต้มน้ำให้เดือดพล่านอีกครั้ง ใส่ปลาทูสด ห้ามคน รอจนปลาสุก ปิดไฟ ยกลง
 6: ตักใส่ถ้วย รับประทานกับข้าวสวย"
แกงจืดหน่อไม้สดหมูสับ,"1: นำสามเกลอมาโขลกให้ละเอียด
 2: ตักขึ้นมาคลุกเคล้ากับหมูสับ ใส่ซอสปรุงรสหมักหมูทิ้งไว้
 3: ล้างหน่อไม้สดให้สะอาด หั่นเป็นชิ้นๆ
 4: ตั้งหม้อต้มน้ำให้เดือดใส่เกลือ และน้ำตาลมะพร้าวลงไป ต้มให้สุก ตักขึ้นแช่ในน้ำเย็นแล้วล้างน้ำ1-2น้ำ พักไว้ให้สะเด็ดน้ำ
 5: ต้มจนหน่อไม้สุกได้ที่แล้วตักขึ้นแช่ในน้ำเย็นแล้วล้างน้ำ1-2น้ำ พักไว้ให้สะเด็ดน้ำ
 6: จากนั้นตั้งหม้อต้มน้ำใส่รากผักชีทุกลงไปต้มให้เดือด ระหว่างรอน้ำซุปเดือดปั้นหมูสับที่หมักไว้เป็นก้อนๆพอดีคำ พอน้ำซุปเดือดใส่หมูสับลงไป ตามด้วยแครอท
 7: ใส่เห็ดหอมแช่น้ำจนนิ่มแล้ว กับหน่อไม้ลงไปปรุงรสด้วยซีอิ๊วขาว น้ำตาลทราย ต้มให้เดือดอีกรอบ
 8: ใส่ผักชีลงไปปิดเตาตักใส่ชามเสริฟพร้อมข้าวสวยร้อนๆ"
ข้าวต้มไก่ by คุณยาย,"1: ตั้งกระทะไฟกลาง นำซี่โครงไก่ลงไปรวน ปรุงรสด้วยซีอิ๊วขาว รวนไปเรื่อยๆจนสุกพอประมาณ นำมันจะตัวไก่จะออกมานะคะ ไม่ต้องเติมน้ำมัน เสร็จแล้วปิดไฟ ตักขึ้นพักไว้
 2: ใช้น้ำมันจากการรวนไก่มาผัดหระเทียมเจียวจนเหลือง ปิดไฟ พักไว้
 3: ตั้งหม้อไฟกลางตามด้วยน้ำเปล่า ตามด้วยซุปก้อน รากผักชี และขิงซอย รอจนเดือด
 4: เมื่อน้ำเดือดได้ที่ ตามด้วยซี่โครงไก่ที่รวนไว้
 5: ตามด้วยข้าวสวย
 6: เคี่ยวต่อให้ข้าวนุ่มสักพัก ชิมรสตามชอบ
 7: โรยต้นหอมผักชี
 8: โรยพริกไทยดำ ปิดไฟ
 9: พร้อมทาน"
แจ่วมะเขือเทศ,"1: 1. นำมะเขือเทศ พริก กระเทียม หอมแดง ไปย่างหรือคั่วจนหอม
 2: 2. นำส่วนผสมที่คั่วเสร็จแล้วใส่ลงไปในครก จากนั้นตำให้แหลกพอประมาณ
 3: 3. ปรุงรสด้วยน้ำตาล มะนาวน้ำบูดูต้มสุก จากนั้นชิม ถ้ารสชาติถูกปากแล้วก็จัดใส่จานทานคู่กับผักสดหรือผักลวกได้เลยจ้า(รสชาตินี้อาจขึ้นอยู่กับผู้ทานนะคะบางคนชอบทานเผ็ดก็ใส่พริกเยอะหน่อย ทานเปรี้ยวก็ใส่มะนาวเพิ่ม สัดส่วนในการปรุงเลยไม่คงที่)"
ข้าวต้มเต้าหู้หมูสับทรงเครื่อง,"1: เตรียมวัตถุดิบหั่นเต้าหู้ล้างผัก ซอยผัก สับกระเทียมเพื่อเจียวให้พอเหลืองหอมๆเอาไว้โรย จ้ะ
 2: เปิดเตาหม้อตั้งน้ำใส่ข้าวสุกลงไปต้มพร้อมกัน
 3: หมักหมูสับด้วยซีอิ๊วขาวและน้ำมันหอยใส่ต้นหอมซอยลงไปคลุกเคล้าให้เข้ากัน พักไว้
 4: หม้อข้าวเดือดใส่หมูสับปั้นเป็นก้อนลงไปจนหมด รอจนเดือดอีกนิดนึงใส่เต้าหู้ตามลงไปทั้งหมด
 5: พอเดือดแล้วลดไฟลงปิดไฟ ตักใส่ชาม ใส่กระเทียมเจียวคึ่นช่ายโรยพริกไทยพร้อมเสิร์ฟแล้วจ้า"
หลนปลาร้าทรงเครื่อง,"1: มาเริ่มกันค่ะ
1. นำปลานิน มาต้มกันน้ำสะอาด2. ต้มจนสุกและรอให้ปลาหายร้อน3. เลาะเฉพาะส่วนของเนื้อปลาออก4. นำเนื้อปลามาบด / ตำ ค่ะ
 2: ต่อมา
1. นำปลาร้าต้มสุกมากรองเอาแต่ส่วนน้ำ และนำมาต้มอีกประมาณ 1 นาที2. ใส่ตะไคร้3. ใส่ใบมะกรูด4. ใส่หอมแดง
 3: 1. ต่อมาใส่กระชาย
2. และเนื้อปลาบด3. ใส่หัวกะทิ และพริกชี้ฟ้าต้มต่ออีกประมาณ 5 นาที ก็พร้อมทานค่ะ
 4: เสร็จแล้วค่ะ
หลนปลาร้า ทานคู่กันผัดสด หรือผักต้ม กับข้าวร้อนๆ รับรองความอร่อยค่ะ"
ต้มกะทิเนื้อเค็มหน่อไม้ดอง,"1: เนื้อเค็มหรือหมูเค็ม นำมาหั่นเป็นชิ้น ล้างน้ำ พักไว้
 2: หน่อไม้ดองนำมา
-ล้างน้ำ พักไว้-ต้มน้ำให้เดือด นำหน่อไม้ดองที่ล้างน้ำไว้ ลงต้ม ในน้ำเดือด นำขึ้น ล้างน้ำเย็น พักไว้-นำหน่อไม้ดองที่ชิ้นใหญ่ มาหั่นให้เป็นชิ้นเล็กลง
 3: ตำกระเทียมกับพริกไทย ให้ละเอียด พักไว้
 4: นำกะทิใส่หม้อ ตั้งไฟ ใส่เครื่องที่ตำลงต้มให้หอม
 5: ใส่เนื้อเค็มลงต้ม ด้วยไฟอ่อนเพื่อให้เนื้อเค็มเปื่อย
 6: ใส่หน่อไม้ดอง เคี่ยวต่อ ด้วยไฟอ่อน
 7: -ใส่ใบมะกรูดฉีก 4 ใบ คือฉีกแล้วขยี้ให้มีกลิ่นก่อนใส่
-ชิมน้ำแกงก่อน 1 รอบเพื่อเช็คความเปรี้ยวจากหน่อไม้และความเค็มจากเนื้อเค็ม ถึงค่อยปรุงรส-ปรุงรสด้วย น้ำตาลปี๊บ+ซีอิ้วขาว+น้ำมะขามเปียก ชิมให้ได้รสตามชอบ(เพราะหน่อไม้ดองแต่ละที่เปรี้ยวไม่เท่ากัน,เนื้อเค็มแต่ละที่เค็มไม่เท่ากัน)ต้องมี 3 รสคือ เปรี้ยว,เค็ม,หวาน
 8: ใส่หอมแดงซอย ต้มให้หอมสุกและมีกลิ่นหอม
 9: -ใส่ลูกโดดตามชอบเลยว่าชอบเผ็ดมากเผ็ดน้อย
-ใส่ใบมะกรูดซอย 4 ใบ-ปิดไฟยกลง
 10: ตักใส่ถ้วยเสิร์ฟ รับประทานกับข้าวสวยร้อนๆ"
คะน้าหมูกรอบ,"1: นำคะน้ามาล้างน้ำ เอาเศษดินออก เเล้วนำมันหั่น ให้พอดีคำ
 2: นำหมูกรอบเส้น มาหั่นให้พอดีคำ
 3: ตั้งกระทะ ใส่น้ำมันพืช
 4: ใส่คะน้าลงไป พร้อมปรุงเครื่องปรุงตาสูตร เเละโรยด้วยหมูกรอบ คลุกเคล้าให้เข้ากัน พร้อมเสริฟ"
ยำปลาสลิด,"1: แล่ปลาสลิด เอาแต่เนื้อ หั่นข้างละ 3 ชิ้น
 2: ตั้งกระทะทอดด้วยไฟอ่อนจนเนื้อปลาสุกขาว ยกขึ้น ปิดไฟ รอให้เย็น ทอดครั้งที่ 2 เปิดไฟกลาง ทอดจนเหลืองสวย ไม่ต้องกรอบมากค่ะ
 3: เตรียมน้ำยำ ละลายน้ำตาล น้ำปลา มะนาว ชิมรสให้หวานนำ
 4: ใส่ขิงซอย หอมแดงซอย ต้นหอม ผักชี ปลาสลิดทอด เคล้าให้เข้ากัน
 5: เสร็จพร้อมเสริฟ"
สูตร แกงเลียง ระดับเทพ อร่อยกว่าร้านดังแน่นอน,"1: จริงๆแล้วแกงเลียงทำง่ายๆนะครับ ไม่กี่นาทีก็เสร็จแล้ว แต่วันนี้ผมจะทำแบบขั้นเทพมาให้ดูแต่รับรอง อร่อยกว่าร้าน แน่นอนและผมยังไม่เคยกินร้านไหนทำอร่อยกว่าผม กล้าท้าให้เอาสูตรไปลอง 555 ว่าไปนั่น งั้นมาดูกันกระดูกหมู + เกลือ ....ต้มไฟอ่อนๆ 1 วัน ต้มตั้งแต่เช้าจนเย็นจะได้น้ำซุปที่หวานหอมกลมกล่อมแบบธรรมชาติ(ผมเป็นคนที่นิยมทำอาหาร แบบไม่ใส่น้ำตาลหรือผงชูรสเลย..ร้านไหนทำใส่น้ำตาลเนี่ยกินแล้วรู้เลย.มันหวานไม่ธรรมชาติ)เสร็จแล้วก็ยกลง รอเย็น แล้วจึงเก็บเข้าตู้เย็น 1 คืนใขมันจะจับกันเป็นก้อน เช้ามาก็มาตักเอาใขมันออกได้แบบหมดจดเราก็จะได้น้ำซุปที่ใสเป็นสีทองรสชาติเยี่ยม !!!หมดไปแล้ว 1 วัน 555...เฉพาะตอนเตรียมน้ำต้มกระดูกอ่ะ 1 วัน... ..ตอนทำจริงๆเป๊ปเดียว...น้ำเดือดเครื่องลงผักลง เสร็จแระจะได้น้ำซุปกระดูกเป็นน้ำซุปเริ่มต้น..รสหวานกลมกล่อมแบบที่เรียกว่า รสอูมามิ (Umami)บางร้านเค้าแอบใส่น้ำตาล...กินยังงัยก็ไม่ใช่
 2: # ปฏิกิริยาทางเคมี #
ในใขกระดูกมีโปรตีนและแคลเซี่ยม. ส่วนเกลือนั้นมีชื่อทางวิทยาศาสตร์ก็คือ (Sodium chloride, สูตรเคมี: NaCl) )เมื่อโปรตีนและแคลเซี่ยมจากกระดูก.โดนความร้อนแล้ว มาเจอกับเกลือ หรือโซเดียมคลอไรท์โมเลกุลมันก็จะแตกตัวมารวมกันกลายเป็นสารประกอบใหม่ขึ้นมาคือ..โมโนโซเดียมกลูตาเมต(Monosodium Glutamate C5H8NNaO4).... หรือ..ผงชูรสนั่นเอง..... แต่นี่คือผงชูรสที่เกิดขึ้นเองจากน้ำซุบในครัวสดๆ มิใช่สารเคมีในโรงงานแต่อย่างใดตรงนี้เองที่ทำให้เกิดรสชาติเฉพาะตัวซึ่งเป็นรสที่ 5 ขั้นเทพที่เรียกว่ารสอูมามิ (Umami) เป็นรสที่ 5 ที่มนุษย์สามารถรับรู้ได้และมีเอกลักษณ์แตกต่างจากรสชาติพื้นฐานทั้ง 4 รสเคล็ดลับอยู่ตรงนี้นี่เอง...เราก็จะได้น้ำซุปโดยไม่ใส่ผงชูรส เป็นชูรสที่เกิดจากธรรมชาติ ไม่เป็นอันตรายเหมือนผงชูรสที่ะเป็นการสังเคราะห์ทางเคมีขึ้นมา ...น้ำซุปหอมหวานมันอร่อยแน่นอน...อันนี้เป็นพื้นฐานของน้ำซุปทำแกงหลายๆชนิดการทำอาหารไม่เพียงแต่สูตรหรือศิลปะการปรุงรสอย่างเดียวยังมีเรื่องทางเคมีวิทยาศาสตร์เข้ามาเกี่ยวด้วยหากเข้าใจเรื่องทั้งหมดนี้แล้ว เราก็สามารถดัดแปลงหรือแม้แต่คิดเมนูใหม่ๆขึ้นมาได้
 3: ปลาทูนึ่งแกะเอาแต่เนื้อ ที่ใช้เยอะเพราะน้ำจะได้เข้มข้น
หวานเค็มมันแบบธรรมชาติ ไม่ได้เค็มแบบน้ำปลาล้วนๆ# เทคนิคเล็กๆน้อยๆในการแกะปลาทู #ดึงหัวออกก่อน แล้วแกะจากหางขึ้นมาหัวเนื้อจะหลุดออกทีเดียว..ง่ายกว่าแกะจากหัวลงไปหางเอาเครื่องแกงทุกอย่างตำเข้าด้วยกัน ปรุงรสด้วยน้ำปลาผมชอบใช้ตราปลาหมึกนะครับ น้ำซุบจะใสกว่าหวานกว่า ทิพรสกลิ่นมันจะแรงๆเค็มๆพอน้ำเดือดใส่ฟักทองเห็ดกุ้งแล้วก็ผัก ปิดไฟ เป็นอันเสร็จ
 4: จริงๆแล้ว ผักต่างๆ ไม่ต้องเหมือนผมก็ได้ครับ แล้วแต่ชอบ หรือประยุคต์เอาเลย แต่ห้ามขาดคือ ใบแมงลักเมื่อได้น้ำซุปแล้วก็จะทำเป็นแกงเลียงกันจริงๆละนำเครื่องทำพริกแกงเลียง ทั้งหมดมาตำรวมกันได้แก่พริกกระเหรี่ยงกระชายหอมแดงกระปิพริกไทยปลาทูนึ่งใส่ลงไปต้มจนเดือดสักพัก ใส่กุ้งใส่ผัก จบแล้วครับไม่เชื่อผมกล้าท้าพิศูจน์ ลองเอาสูตรผมไปทำ อร่อยกว่าร้านเป็นไหนๆ เคล็ดลับของความอร่อย อยู่ที่การต้มน้ำซุบ กับเนื้อปลาทูบดนี่แหละครับ"
ผัดดอกหอมกุ้งสด,"1: มาเริ่มผัดกันเลยค่ะ
1. ตั้งน้ำมันในกระทะ รอจนน้ำมันเดือดใส่กุ้งลงไปผัด2. ต่อมาใส่ดอกหอมตอนกุ้งพอสะดุ้งน้ำมัน เพื่อไม่ให้กุ้งแข็ง และดอกหอมยังกรอบอยู่3. ตามด้วยคนอร์4. และปรุงต่อด้วยน้ำมันหอย และซีอิ๋วขาว
 2: เสร็จแล้วค่ะ
"" ดอกหอมผัดใส่กุ้ง ""เพื่อนๆสามารถใส่เป็นหมู, ไก่, เห็ด หรือจะตับหมูก็อร่อยค่ะ"
ยำคะน้ากุ้งสด,"1: ปอกเปลือกก้านคะน้า และหั่นเป็นท่อนเล็กๆ
 2: ล้างกุ้ง เด็ดหัวทิ้ง แกะเปลือกเหลือหางไว้เพื่อความสวยงาม ผ่าหลังดึงเส้นดำออก
 3: ต้มน้ำให้เดือด นำก้านคะน้าหั่นท่อนลวกพอสุก เสร็จแล้วตักขึ้นมาสะเด็ดน้ำ นำกุ้งสดลงไปลวกต่อจนสุก ตักขึ้นมาสะเด็ดน้ำ
 4: นำกุ้งลวก ก้านคะน้าลวก พริกขี้หนู หอมใหญ่ หอมแดง ขึ้นฉ่าย มะเขือเทศ น้ำมะนาว น้ำปลา น้ำตาล ใส่ลงในอ่างผสม คลุกเคล้าให้เข้ากัน เป็นอันเสร็จ"
ยำก้านคะน้าฮ่องกง,"1: จัดเตรียมส่วนผสมและเครื่องปรุง
 2: หั่นก้านคะน้าฮ่องกง จะหั่นแฉลบหรือหั่นเป็นท่อนๆบางๆก็ได้แล้วแต่ชอบ
 3: ต้มน้ำให้เดือดใส่เกลือและน้ำมันพืชลงไปเล็กน้อย. แล้วนำก้านคะน้าฮ่องกงลงไปลวกให้พอสุกกรอบ ตักขึ้นน็อคในน้ำเย็นทิ้งไว้สักครู่แล้วตักขึ้นพักไว้ให้สะเด็ดน้ำ
 4: ตั้งหม้อใส่น้ำเปล่าลงไปพอประมาณตามด้วยรากผักชีรอให้น้ำเดือดใส่หมูบดลงไปรวน ปรุงรสด้วยซีอิ๊วขาวรวนจนสุก ใส่กุ้งสดลงไปลวก ตักขึ้นพักไว้ให้เย็น
 5: จากนั้นทำน้ำยำโดยนำหมูบด กุ้ง น้ำที่รวนหมู น้ำตาลมะพร้าว พริกขี้หนูซอย น้ำปลา น้ำมะนาว และน้ำกระเทียมดองมาคลุกเคล้าเข้าด้วยกัน
 6: ใส่หอมแขกซอย แครอท ก้านคะน้าฮ่องกง ขึ้นฉ่าย คลุกเคล้า
 7: ตักใส่จานพร้อมเสริฟค่ะ"
ปลากระพงย่างเกลือ,"1: นำปลากระพง มาขอดเกล็ดออก แล้วผ่าท้องควักไส้ออกให้หมด จากนั้นล้างน้ำให้สะอาดแล้ว สะเด็ดน้ำให้แห้ง เตรียมไว้
 2: จากนั้นนำเกลือป่น ทาให้ทั่วๆ ตัวปลากระพง จากนั้นนำตะไคร้ใบมะกรูด มายัดใส่ท้องปลากระพง เตรียมไว้
 3: ย่างปลากระพงให้สุก แล้วกลับอีกด้านย่างให้ปลากระพงสุกดีให้สุกทั่วถึง แล้วจากนั้นจึงนำออกมาพักไว้ พร้อมจัดเสิร์ฟ"
ข้าวขาหมู,"1: 1. ตั้งกระทะบนเตา เปิดไฟแรง ใส่น้ำมันลงไปเล็กน้อย พอกระทะร้อนดีก็ใส่ขาหมูด้านหนังลงทอดก่อนจนหนังตึง กลับด้านทอดอีกครั้งจนสุกทั่ว ตักใส่หม้อสำหรับตุ๋นเตรียมไว้
 2: 2. ใช้กระทะใบเดิมตั้งบนเตาใช้ไฟกลางๆ นำพริกไทย กระเทียม รากผักชี ที่ตำรวมกันลงผัดจนหอม ใส่น้ำตาลมะพร้าวลงผัดจนน้ำตาลละลายและเดือดดี ผัดต่อบนไฟกลางๆจนน้ำตาลมีสีเข้มๆจนเกือบจะไหม้ ตอนนี้น้ำตาลจะมีกลิ่นที่หอมมากๆ ใส่น้ำปลา ซอสปรุงรส ซีอิ๊วดำหวานนิดหน่อย ปิดไฟ เทใส่หม้อที่เตรียมขาหมูไว้ ใส่ไข่ต้มแข็ง เห็ดหอม โป๊ยกั๊ก และอบเชย
 3: 3. เติมน้ำให้ท่วมขาหมู เคี่ยวไฟอ่อนๆไปจนกว่าจะเดือดดี ช้อนฟองออกให้หมด เคี่ยวต่อไปจนกว่าขาหมูจะเปื่อยดี ชิมรสน้ำซุปเรื่อยๆ ปรุงรสจนกว่าจะถูกใจ
 4: 4. เวลาจะเสิร์ฟ ตักไข่ออกก่อน ตักขาหมูขึ้นมาพักไว้ให้อุ่นๆ สับเป็นชิ้นๆ นำยอดคะน้าลวกในน้ำซุปแค่เปลี่ยนสี จัดใส่จาน"
แกงเขียวหวานไก่,"1: 1. ไก่ล้างให้สะอาด หั่น/สับชิ้นพอคำ
2. เครื่องในไก่ ตัดคราบไขมัน ขูดเมือกให้หมด ล้างให้สะอาด3. เลือดไก่ หั่นชิ้นพอคำ ล้างให้สะอาด ตั้งน้ำและต้มให้สุก
 2: มะเขือเปราะ ล้างให้สะอาด ตัดจุก (ลูกใหญ่ผ่า 4 ส่วน, ลูกเล็กผ่าครึ่ง)
 3: โหระพาเด็ดใบ ล้างน้ำอย่สงเบามือให้สะอาด พักไว้ให้สะเด็ดน้ำ
 4: 1. เอาหัวกะทิตั้งไฟ พอเดือด ใส่น้ำพริกแกงเขียวหวานลงผัด จนน้ำพริกละลายเข้ากันดี2. ใส่เกลือ และน้ำปลาเล็กน้อยลงในน้ำพริกแกง
 5: 1. เมื่อน้ำพริกแกงเข้ากันแล้ว เติมหัวกะทิและหางกะทิที่เหลือ และตั้งไฟรอจนเดือด2. ใส่เนื้อไก่ลงไป
 6: เมื่อเดือดอีกครั้ง ใส่เลือดไก่
 7: พอเดือดแล้วปรุงรสอีกครั้ง ใส่น้ำปลา ผงปรุงรส (รสไก่) ชิมรสตามชอบ ใส่มะเขือเปราะ ต้มจนมะเขือสุก
 8: เมื่อทุกอย่างสุก โรยโหระพา พริกชี้ฟ้าหั่นแฉลบ ทานได้"
น่องไก่ต้มน้ำปลาสูตรคลีน,"1: ล้างไก่ให้สะอาด ต้มน้ำให้เดือด ใส่ไก่ลงไป ตามด้วยคนอร์ซุปก้อนรสไก่ น้ำปลา ซีอิ้วขาว
 2: ต้มจนน้ำซุปเข้าเนื้อ ไก่สุก ตักเสิร์ฟ"
""" กุ้งผัดพริกขี้หนูใบโหระพา ""","1: :: เตรียมวัตถุดิบ- กุ้ง แกะเปลือก ผ่าหลัง ล้างให้สะอาด พักให้ไว้สะเด็ดน้ำ- พริกขี้หนู(เหลือง+แดง) กระเทียม โขลกหยาบ- ใบโหระพา เด็ดยอด ใบ ล้างทำความสะอาดแล้วพักไว้- เครื่องปรุงรส ใช้ ซอสหอยนางรม ซอสฝาเขียว ผงปรุงรส น้ำตาลทราย มันกุ้ง#แชร์สูตรอาหารกับครัวwongnai#fusionfood style by natwarin
 2: :: วิธีการทำ
- ตั้งกระทะ ใช้ไฟกลาง ใส่น้ำมัน รอน้ำมันร้อน ใส่กุ้งลงทอดให้พอเหลืองเนื้อเด้ง จากนั้นพักกุ้งไว้ด้านข้างกระทะ แล้วนำ พริก+กระเทียมที่โขลกไว้ลงผัดให้สุกเหลืองทอง แล้วผัดรวมกับกุ้ง พร้อมปรุงรส(ชิมรสตามชอบ)ได้ที่แล้ว ใส่ใบโหระพา ผัดให้เข้ากันอีกที ปิดไฟ ตักใส่จานเสริฟ พร้อมรับประทานได้คะ#แชร์สูตรอาหารกับครัวwongnai#fusionfood style by natwarin"
ทอดมันหัวปลี,"1: ซอยหัวปลี แล้วแช่น้ำ บีบมะนาวครึ่งลูก ทิ้งไว้สักพัก ล้าง สะเด็ดน้ำให้แห้ง
 2: ใส่ไข่ไก่ แป้งทอดกรอบ น้ำตาล น้ำปลา ใบมะกรูดซอย เคล้าให้เข้ากัน สังเกตให้น้ำตาลปี๊บ กับ พริกแกงเผ็ดละลายดี ไม่เป็นก้อนนะคะ
 3: นำลงทอดไฟอ่อน ให้เหลืองสวย
 4: สะเด็ดน้ำมัน พักไว้
 5: เสร็จพร้อมเสริฟคู่กับน้ำจิ้มไก่"
ปลาทูทอดหนังกรอบ / ทอดปลาทู,"1: ตั้งกระทะให้ร้อน ใช้ไฟกลางค่อนข้างสูง
 2: ใส่ปลาทูลงกระทะที่น้ำมันเดือดๆปลาทูจะได้ไม่อมน้ำมัน
อย่ากลับบ่อย ให้กลับแค่ครั้ง สองครั้งพอ*โดยรอให้ด้านนึงสุกก่อนแล้วค่อยกลับทีเดียว
 3: สังเกตดูว่าสุกทั่วกันทั้งตัว แล้วเอาขึ้นได้เลยค่ะ หน้าตาก็จะเหลืองกรอบแบบนี้เลยค่ะ
 4: ปลาทู หนังกรอบ"
ห่อหมกปลาทับทิม(อาหารเด็ก),"1: ทำกระทงเตรียมไว้ ต้มน้ำลวกผักกาดขาวและใบโหระพาพักไว้
 2: เทกะทิลงในภาชนะผสมเติม น้ำตาลมะพร้าว น้ำปลา พริกแกงเด็กคนให้ส่วนผสมเข้ากัน
 3: ตอกใข่ลงไป ตีใข่และคนอีกรอบให้ทุกอย่างเข้ากัน
 4: ใส่เนื้อปลาทับทิมลงไปคนให้เข้ากันพักไว้
 5: เตรียมห่อหมกโดยวางผักกาดขาวและใบโหระพาที่ลวกเตรียมไว้ วางรองก้นถ้วยกระทงหรือถ้วย
 6: จากนั้นใส่ส่วนผสมที่เตรียมไว้ลงไปในกระทงห่อหมก ตั้งหม้อต้มน้ำให้เดือดแล้วนำห่อหมกลงไปนึ่ง ใช้ระยะเวลาในการนึ่ง 15-20นาที
 7: ระหว่างรอนึ่งห่อหมก ก็มาเตรียมกะทิหยอดหน้า โดยใส่กะทิผสมกับแป้งข้าวเจ้า เคี่ยวด้วยไฟอ่อนๆ จนส่วนผสมข้นพักไว้
 8: พอนึ่งครบและห่อหมกสุกก็ปิดเตา ยกลงมาหยอด แต่งหน้าด้วยใบมะกรูดกับพริกหวานสีแดงพร้อมยกเสริฟให้เด็กๆทาน"
ไก่ย่างหนังกรอบ,"1: ล้างปีกไก่ให้สะอาด พักให้สะเด็ดน้ำ
 2: นำส่วนผสมทุกอย่างผสมให้เข้ากัน แล้วนำมาหมักลงในไก่ พักไว้ 1-2 ชั่วโมง
 3: นำปีกไก่ที่หมักเรียบร้อยแล้ว มาวางบนตะแกรงย่างในหม้ออบลมร้อน ใช้ไฟอบที่ 200 องศาเซลเซียส เวลา 20 นาที
 4: กลับปีกไก่อีกด้าน ย่างต่ออีก 15 นาที นำออกจากเตา จัดเสิร์ฟ"
แกงคั่วสับปะรดกับหอยแมลงภู่,"1: ปอกเปลือกสับปะรด หั่นเป็นชิ้นเล็กๆไม่เอาแกน ถ้าได้สับปะรดออกรสหวานมาต้องขยำบีบน้ำออกบ้างและถ้าได้ลูกเล็กมาก็ใช้ทั้งลูกเลย
 2: ลวกหอยแมลงภู่พอสุกและอ้าแกะเอาแต่เนื้อหอย
 3: ตั้งกระทะ ใส่น้ำมันพืช พอน้ำมันร้อนนำพริกแกงลงผัดให้สุกหอม
 4: ระหว่างที่ผัดพริกแกง ค่อยๆเติมหัวกะทิ ผัดให้กะทิแตกมัน
 5: ใส่ สับปะรด เติมหางกะทิ เคี่ยวให้น้ำสับปะรดออก
 6: ใส่หอยแมลงภู่ตอนน้ำแกงเดือด ปรุงรส ด้วย น้ำตาล น้ำปลา ชิมรสดูก่อน ถ้าสับปะรดไม่เปรี้ยว เติม น้ำมะขามเปียก ชิมรสตามชอบอีกครั้ง
 7: ก่อนยกลง ใส่พริกชี้ฟ้า ใบโหระพา ปิดไฟ ยกลง"
🐷 ผัดขึ้นฉ่ายหมูสับ 🌿,"1: ตั้งกระทะไฟกลางค่ะ ตามด้วยน้ำมันถั่วเหลืิองและกระเทียม ผัดจนกระเทียมเหลืองหอม
 2: ตามด้วยหมูสับและน้ำเปล่าค่ะ ปรุงรสด้วย คนอร์ขวดซอสข้นปรุงรสเล็กน้อยก่อนนะคะ ผัดจนหมูเริ่มสุก
 3: ตามด้วยขึ้นฉ่ายค่ะ
 4: ปรุงรสด้วย น้ำตาลทรายและคนอร์ขวดซอสข้นปรุงรส ชิมรสตามชอบ เติมน้ำได้ตามต้องการค่ะ เสร็จแล้วปิดไฟ
 5: พร้อมทานค่ะ"
แกงองุ่นเป็ดย่างโหรภา,"1: เตรียมวัตถุดิบ
 2: พร้อมแล้วไปลงมือทำกัน
 3: ผัดพริกแกงให้หอม
 4: ตามด้วย มะเขือเทศ องุ่น ใบมะกรูด
 5: เติมกะทิลงไปคนให้พริกแกงละลายทั่ว
 6: เดือดแล้วปรุงรสด้วยน้ำตาลน้ำปลา
 7: ชิมรสจนได้ที่ใส่เนื้อเป็ดลงไป
 8: เมื่อเดือดอีกรอบ ใส่โหระพา มะเขือพวง พริกหนุ่ม คนให้เข้ากันเดือดแล้วปิดไฟตักเสริฟ
 9: เสร็จพร้อมรับประทาน สามารถทานได้กับทั้งข้าวสวยร้อนๆหรือเส้นขนมจีน"
ทอดมันหมูเด้ง,"1: พร้อม
 2: แกะหมูลงกะละมังทั้ง2แบบ
 3: ใส่ถั่วฝักยาว ใบมะกรูดลงไป
 4: ตามด้วย พริกแกงเผ็ด
 5: สุดท้ายแหวกที่สำหรับไข่ไก่
 6: คลุกเคล้าให้เข้ากันจนเนียน
 7: ปั้นกด แผ่ชิ้นใหญ่เล็กตามใจปรารถนา ทอดในน้ำมันร้อนไฟกลางกลับไปมา สุกเอาขึ้นสะเด็ดน้ำมัน
 8: เสร็จพร้อมรับประทาน น้ำจิ้มไก่เทใส่แตงกวาซอยทานคู่กันครับ"
แกงคั่วหมูสามชั้นใบยี่หร่า,"1: ตั้งกระทะ ใส่กะทิ (ประมาณ ครึ่งกล่อง) ใส่พริกแกงใต้แบบสำเร็จ หาซื้อได้ตามตลาดสดค่ะ ผัดให้เข้ากัน และแตกมันเล็กน้อย
 2: ใส่เนื้อหมูสามชั้นที่หั่นพอดีคำ + กะทิที่หลือผัดให้เข้ากัน ปรุงรสด้วยน้ำปลา น้ำตาล หากไม่เผ็ดใส่พริกแกงเพิ่มได้ คนให้เข้ากัน
 3: ใส่ใบมะกรูด ฉีกๆ (ขี้เกียจอีกแล้ว -_-') และใบยี่หร่าที่เด็ดเตรียมไว้ลงไป คนให้เข้ากัน ปิดไฟ พร้อมเสิร์ฟค่ะ"
ไข่เจียวห่อหมก 🍳,"1: ตอกไข่ใส่ในภาชนะ
 2: ตามด้วยพริกแกง กะทิ และใบมะกรูดซอย ปรุงรสด้วย อร่อยชัวร์ น้ำปลา และน้ำตาลทราย ตีให้เข้ากัน
 3: ตั้งกระทะตามด้วยน้ำมันพืช รอจนกระทะร้อน เทไข่ไก่ที่ผสมไว้ลงไป ปิดฝาค่ะ ใช้ไฟอ่อนรอจนขึ้นฟู สุกทั่วกัน ปิดไฟค่ะ
 4: โรยด้วยใบมะกรูด พริกชี้ฟ้า พร้อมทานค่ะ"
ผัดลูกชิ้นถั่วฝักยาว,"1: ตั้งกะทะลวกถั่วฝักยา
 2: น๊อกน้ำเย็นให้เขียวสวยค่ะ
 3: ตั้งกะทะ คั่วพริกกระเทียมให้หอม
 4: เติมน้ำเปล่าเล็กน้อย เติมซอสต่างๆ ปรุงรส ชิมตามชอบ
 5: เติมลูกชิ้นผัดให้สุก
 6: ปิดไฟ นำถั่วฝักยาวลวกลงคลุก
 7: เสร็จพร้อมเสริฟ"
หมูมะนาว,"1: หั่นสะโพกหมูหมักแป้งข้าวโพด 1/2 ช้อนโต๊ะ ไว้ 15 นาที
 2: ทำน้ำจิ้มซีฟู้ดรอ
ส่วนผสมพริกขี้หนูกระเทียมไทยอย่างละ 20เม็ด ตำแล้วใส่น้ำตาลปิ้บอย่างดีบีบให้ละลายแล้วใส่น้ำปลา มะนาวคนให้เข้ากัน(สูตรอยู่ในโพสต์ก่อน)
 3: ต้มน้ำ ใส่น้ำน้อยเอาแค่พอให้หมูสุก
 4: ใส่หมูลงไปรวนให้สุกแล้วรินน้ำออก
 5: ตักน้ำจิ้มที่ทำไว้มาคลุกกับหมูให้เจ้ากัน
 6: ตักหมูใส่จานแล้วโรยกระเทียมจีนที่หั่นไว้โรยหน้า"
แกงเขียวหวานลูกชิ้นปลากราย,"1: เตรียมเครื่อง
 2: มะเขือผ่าแช่น้ำ
 3: พริกแกงเขียวหวานผัดกับน้ำมันให้หอม
 4: ต่อด้วยลูกชิ้นผัดให้เข้ากัน
 5: เมื่อเข้ากันดีแล้วใส่กะทิลงไป
 6: เติมกะทิแล้วใส่น้ำตามปริมาณกะทิให้เท่าๆกันอัตราส่วน 1:1 จากนั้นเติมน้ำตาลน้ำปลา
 7: ใส่มะเขือ
 8: ตามด้วยใบมะกรูดกับกระชาย
 9: เติมโหรภาและพริกชี้ฟ้าเป็นอันจบ
 10: สำเร็จพร้อมเสริฟ"
ไก่ผัดพริกขิงถั่วฝักยาว,"1: ล้างไก่ หั่นชิ้นพอดีคำ
 2: ล้างถั่วฝักยาว สะเด็ดให้แห้ง หั่นเป็นท่อนๆ ไม่ยาวนัก
 3: ตั้งกระทะ ใส่น้ำมัน พอร้อน ให้ใส่เครื่องแกง ผัดให้หอม
 4: ใส่ไก่ที่ทำไว้ แล้วตามด้วยถั่วฝักยาวเลย ผัดจนสุก
 5: ใส่ปรุงรสต่างๆ ให้ได้ที่ ชิมรส
 6: พอถั่วฝักยาวนิ่ม นำขึ้น พร้อมเสริฟ"
กะเพราเต้าหู้ 🌶,"1: หั่นเต้าหู้ขาวเป็นเต๋า
 2: ตำพริกขี้หนูให้ละเอียด
 3: ตั้งกระทะตามด้วยน้ำมันทอดให้เต้าหู้เหลืองกรอบข้างนอกเล็กน้อย ตักขึ้น
 4: เทน้ำมันออกให้เหลือเล็กน้อย ตามด้วยพริกขี้หนูที่ตำไว้และน้ำเปล่า ปรุงรสด้วย ซีอิ๊วดำ อร่อยชัวร์ และน้ำตาลทราย ชิมรสตามชอบ
 5: ตามด้วยเต้าหู้ขาวที่ทอดไว้ ผัดให้เข้ากัน โรยใบกะเพรา ปิดไฟ
 6: เสร็จเรียบร้อยค่ะ ~"
ข้าวคลุกกะปิ สูตรเชฟหมีประตูชัย,"1: ทำอะไรก่อนดีล่ะ ทำหมูหวานก่อนละกัน หั่นหมูสามชั้น ขนาดชิ้นพอคำ อย่าให้หนาเกินไป ตั้งกระทะไฟอ่อนๆ ใส่น้ำตาลมะพร้าว รอให้ละลาย ใส่หมูสามชั้น ปรุงรสด้วยน้ำปลาดี ค่อยๆเคี่ยว ใส่หอมแดงซอยนิดหน่อย พอหมูสุกเติม ซีอิ๊วดำ สามารถเติมน้ำสะอาดได้เล็กน้อยเคี่ยวไปจนหมูเงาๆ และ น้ำตาลรัดตัว เป็นอันเสร็จ ตักขึ้นพักไว้ก่อน
 2: ทำอะไรต่อดี ไข่เจียวละกัน ไข่เจียวง่ายๆเลย ตีไข่ ตีๆๆ เติมน้ำเล็กน้อย ตั้งกระทะไฟกลาง เติมน้ำมันประมาน 1 ช้อนโต๊ะ กลิ้งน้ำมันให้ทั่วกระทะ ใส่ไข่ลงทอด พอสุกได้ที่ ตักขึ้นพักไว้ พอไข่เย็น หั่นเป็นเส้นๆไว้โรยบนข้าว
 3: ตั้งกระทะไฟกลางใส่น้ำมันพืช นำกุ้งแห้งลงทอด เมื่อดูกรอบดี ตักขึ้นพักไว้ก่อน
 4: อ่ะ ทีนี้ คลุกข้าวกัน นำข้าวสวย คลุกกับ กะปิ ให้ถ้วนทั่ว จริงๆกินได้แล้วแหละ แต่สูตรของเรา เราจะเอาไปผัดนิดนึง ให้ใช้กระทะ ที่ทอดไข่ตะกี๊นั่นแหละ ตั้งไฟ กลาง เอาข้าวที่คลุกกะปิจนทั่วลงไปผัด พอให้หอมแล้วตักอัดใส่ถ้วย
 5: ซอยหอมแดง ซอยพริก ขูดมะม่วง ซอยถั่วฝักยาว หั่นมะนาวจัดจานตามรูปเลยจ้า
 6: บางคน ใส่กุนเชียงทอดด้วย ซึ่งถ้าเป็นสูตรแม่เรา จะไม่ใส่ เพราะต้องไทยแท้! แต่เราชอบกินไงเราเลยใส่กุนเชียงทอดด้วย"
ต้มมะระเห็ดหอมเจ,"1: เตรียมวัตถุดิบ หั่นมะระเป็นท่อนๆ คว้านเอาไส้ออกให้หมด หั่นเป็นชิ้นพักไว้ แช่เห็ดหอมจนนิ่ม เครื่องปรุงรส
 2: ต้มน้ำให้เดือดใส่เห็ดหอม และมะระลงต้ม
 3: รอจนเดือดอีกรอบใส่เครื่องปรุงรส ซีอิ้วขาว ผงปรุงรสเจ แล้วชิมดูถ้ารสชาติไม่เค็มก็ไม่ต้องใส่น้ำตาล เคี้ยวจนมะระนิ่ม
 4: พอมะระสุกได้ที่ตักขึ้นใส่ชามรับประทานกับข้าวสวยร้อนๆ หรือทานเล่นๆ ก็อร่อยมากคร้า
 5: เก็บใส่ถ้วยแก้วเอาไว้แบ่งทานได้หลายมื้อเลยคร้า อร่อยสุขภาพดีมีประโยชน์"
"“ผัดใบมะกอก""","1: นำพริกแห้ง หอมแดง กระเทียม ข่า มาคั่วด้วยไฟอ่อนๆ จนหอม และ โขลกให้ละเอียด
 2: นำน้ำมันใส่กระทะ และนำส่วนผสมข้อที่ 1 ไปผัดให้หอม
 3: ใส่หมูสับลงไปผัดจนสุก ปรุงรสด้วย น้ำตาลปี๊บ น้ำปลา น้ำสะอาด และ ใบมะกอก คนให้เข้ากัน ชิมรสตามชอบ
 4: ตักใส่จานพร้อมเสิร์ฟ ทานกับผักสด หรือ ไข่เจียว"
ยำกุนเชียง,"1: ผสมน้ำยำโดยใส่น้ำปลา น้ำมะนาว น้ำตาลทราย ลงในอ่างผสม เอาทัพพีคนจนน้ำตาลละลายหมด ชิมรสตามชอบใจ พอได้รสที่ถูกใจแล้วเหยาะน้ำส้มสายชูลงไปนิดนึงครับ
 2: พอได้น้ำยำรสชาติที่ถูกใจแล้วก็ใส่พริกขี้หนูซอย

 3: ใส่กุนเชียงลงไปเคล้า ให้กุนเชียงดูดน้ำยำเข้าไปในเนื้อนิดนึงครับ
 4: แล้วใส่ผักต่างๆ หอมใหญ่ มะเขือเทศ แตงกวา เคล้าให้เข้ากัน ให้ผักช้ำนิดนึงนะครับไม่เช่นนั้นจะรู้สึกว่าไม่เข้าเนื้อ"
เมี่ยงคำ,"1: วิธีการคั่วมะพร้าว ใช้มะพร้าวแก่เลาะเอาแต่เนื้อ หั่นบางๆแล้วซอยเป็นชิ้นเล็กๆ
 2: ตั้งกระทะเปิดไฟกลางๆค่อนไปทางอ่อน คั่วไปเรื่อยๆ จนมีสีเข้มขึ้น ใช้เวลาประมาณ 30-40 นาที
 3: วิธีการทำน้ำเมี่ยงคำ ตะไคร้ ข่า ขิง หั่นชิ้นเล็กๆแล้วนำไปคั่ว
 4: ตำ ตะไคร้ ข่า ขิง ให้ละเอียด หรือจะใช้ปั่นก็ได้ค่ะ และตำ ถั่วลิสงคั่ว มะพร้าวคั่ว
 5: ตั้งหม้อใส่น้ำเปล่า และน้ำตาลมะพร้าว
 6: น้ำปลา และ กะปิ
 7: ตะไคร้ ข่า ขิงคั่ว ที่ตำไว้ใส่ลงไป ตามด้วย มะะร้าวคั่วที่ตำ
 8: ถั่วลิสงคั่วตำ เคี่ยวไฟอ่อนๆ อย่าเคี่ยวให้เหนียวจนเกินไปนะคะ เพราะเวลาน้ำเมี่ยงคำเย็นตัวลง ก็จะทำให้เหนียวมากยิ่งขึ้นค่ะ
 9: เย็นตัวแล้วก็จะเหนียวประมาณนี้ค่ะ
 10: จัดเตรียมเครื่องเคียงกันค่ะ. ขิงหั่นเต๋า. หอมแดงหั่นเต๋า
 11: มะนาวทั้งเปลือก หั่นเต๋า. พริกขี้หนู
 12: จัดเรียงพร้อมเสริฟ ค่ะ
 13: พร้อมแล้วค่ะ
 14: อร่อยแน่นอนค่า
 15: ขอบคุณนะคะ ถ้าเพื่อนๆสนใจขมคลิปและวิธีการทำอย่างละเอียดทถกขั้นตอน ติดตามได้ที่ 👇👇YouTube: Neranya channelFb : แม่บ้านต่างแดน usa"
ขิงดองน้ำผึ้ง 🐝,"1: ตั้งหม้อต้มน้ำ น้ำตาล น้ำผึ้งให้ละลาย พักให้เย็น
 2: ปอก ฝานขิงเป็นแผ่นบางๆ ล้าง แล้วแช่เกลือ 15 นาที ล้างทิ้ง สะเด็ดน้ำ
 3: นำขิงใส่ขวด รินน้ำเชื่อมใส่ บีบมะนาว
 4: ดอง 2 วันค่ะ
 5: เสร็จพร้อมเสริฟ"
กะเพราไก่ผัดพริกแห้ง,"1: เตรียมของ
เด็ดกระเพราะล้าง ปอก สับ กระเทียม พริกจินดา พริกขี้หนูแห้งล้าง หั่น สันในไก่
 2: ตั้งกระทะ เจียวกระเทียม พริกจินดา พริกขี้หนูแห้งให้หอม
 3: ใส่เนื้อไก่ พร้อมซอสต่างๆ ปรุงรส ผัดจนสุก
 4: ใส่ใบกะเพราคะ
 5: เสร็จพร้อมเสริฟ"
กะเพราไก่ผัดพริกแห้ง,"1: เตรียมของ
เด็ดกระเพราะล้าง ปอก สับ กระเทียม พริกจินดา พริกขี้หนูแห้งล้าง หั่น สันในไก่
 2: ตั้งกระทะ เจียวกระเทียม พริกจินดา พริกขี้หนูแห้งให้หอม
 3: ใส่เนื้อไก่ พร้อมซอสต่างๆ ปรุงรส ผัดจนสุก
 4: ใส่ใบกะเพราคะ
 5: เสร็จพร้อมเสริฟ"
ผัดกระเพราเนื้อปู,"1: พริกกระเทียมโขลกพอหยาบ
 2: นำซีอิ๊วขาว ซอสปรุงรส น้ำตาลทราย ผสมลงในถ้วย
 3: กระทะตั้งไฟกลางใส่น้ำมันมะพร้าว
 4: พอน้ำมันร้อนแล้ว ใส่พริกขี้หนูและกระเทียมที่โขลกหยาบ
 5: ผัดจนพริกกระเทียมส่งกลิ่นหอม ใส่ซอสที่ผสมไว้ในถ้วย
 6: ใส่เนื้อปูและใบกระเพราลงไปพร้อมกัน
 7: คนแค่พอใบกระเพราสลด ตักใส่จานพร้อมเสิร์ฟ"
แกงคั่วมะระสันคอหมู,"1: ล้าง คว้านไส้ หั่นเป็นแว่นๆ
 2: หมักเกลือทิ้งไว้ 15 นาที
 3: ตั้งกะทะ ใส่น้ำ พอเดือดใส่เกลือ นำมะระลงลวก พอมะระเปลี่ยนสีเป็นเขียวเข้ม เนื้อใส ยกขึ้นใส่น้ำเย็นทันทีค่ะ
 4: ได้มะระลวกกรุบกรอบไม่ขมแล้วนะคะ
 5: ตั้งหม้อใส่หัวกะทิ พริกแกงคั่ว ละลายให้เข้ากัน
 6: เติมสันคอหมู ผัดให้เข้าเนื้อ
 7: ปรุงรสด้วยน้ำตาลปี๊บ เกลือ
 8: เติมมะระลวก
 9: เสร็จพร้อมเสริฟ"
หม่าล่า เบคอนพันเห็ดเข็มทอง,"1: นำเห็ดเข็มทองมาตัดส่วนรากออก แล้วล้างให้สะอาด

 2: แบ่งเห็ดเข็มทองเป็นกำเล็กๆ +นำมาพันด้วยเบคอน จากนั้นกลัดด้วยไม้จิ้มฟัน
 3: ตั้งกระทะด้วยไฟอ่อนๆใส่เนย นำเบคอนพันเห็ดเข็มทองลงทอดให้สุกหอม
 4: จัดใส่จาน โรยผงหม่าล่า
 5: เพิ่มเติม ภาพวัตถุดิบ
เบคอนเห็ดเข็มทอง
 6: เพิ่มเติม ภาพวัตถุดิบ
ผงหม่าหล่า
 7: เพิ่มเติม ภาพวัตถุดิบ
เนย"
ยอดมะพร้าวผัดกุ้ง,"1: ตั้งน้ำเดือดต้มยอดมะพร้าวจนสุกนิ่ม
 2: วัตถุดิบพร้อมทำ
 3: กะเทียมกับกุ้งลงผัด
 4: กุ้งเกือบสุกใส่ยอดมะพร้าวที่ต้มแล้วลงไป
 5: เติมน้ำปรุงรส
 6: สุกดีแล้วชิมรส สุกดีแล้วใส่ต้นหอมลงไป
 7: เสร็จพร้อมรับประทานแล้วครับ"
หอมหัวใหญ่ผัดหมูสับพริกหวาน,"1: ตั้งกระทะเจียวกระเทียมให้พอหอมใส่หมูสับลงไปผัดให้สุก
 2: จากนั้นใส่พริกหวาน และหอมหัวใหญ่ลงไปผัดคลุกเคล้า เติมน้ำเปล่าลงไปเล็กน้อยผัดให้เข้ากัน
 3: ปรุงรสด้วยซีอิ๊วขาว ซอสน้ำมันหอย
 4: ผัดคลุกเคล้า. ปิดเตาตักใส่จาน
 5: หรือราดข้าวเป็นเมนูจานเดียวก็ได้ค่ะ"
ไก่ต้มขมิ้น,"1: เตรียมวัตถุดิบ

 2: ตั้งน้ำใส่ข่า,ตะไคร้,ใบมะกรูด(ครึ่งเดียว), ขมิ้น,กระเทียม, หอมแดง
ใส่เกลือ+ ผงปรุงรส
 3: เมื่อน้ำแกงเริ่มเหลือง ใส่ไก่
เมื่อไก่เริ่มสุกใส่เห็ดปรุงรสตามชอบใส่ใบมะกรูดที่เหลือ + พริก
 4: ตักใส่ถ้วย บีบมะนาวเป็นอันเสร็จ"
ข้าวมันกะทิใบเตย,"1: ล้างข้าวสารให้สะอาด สงให้สะเด็ดน้ำ
 2: ผสมกะทิกับเกลือ น้ำตาล คนจนน้ำตาลละลาย กรองด้วยผ้าขาวบาง
 3: เทข้าวใส่หม้อ พร้อมน้ำกะทิในขั้นตอนที่ 2 ใส่สีผสมอาหาร และใบเตย ปิดฝา Cook ไว้จนสุก
 4: น้ำตาลอาจจะทำให้ก้นหม้อไหม้ได้ ระหว่างที่ Cook หมันคนข้าวให้กระจายตัว
 5: โฟกัสที่ข้าวมันกะทิใบเตย สูตรอื่นๆจะตามมาที่หลังครับ 😁"
ขนมจีนน้ำยากะทิไก่ไม่เผ็ดสำหรับเด็ก,"1: ตั้งหม้อใส่น้ำมันพืชแล้วนำพริกแกง(เด็ก) ลงไปผัดให้พอมีกลิ่นหอม
 2: เติมหัวกะทิลงไปคนให้เข้ากันแล้วรอให้เดือด
 3: พอกะทิเดือดใส่เนื้อไก่บดลงไปคนให้เข้ากันปล่อยให้เดือดอีกรอบ
 4: แล้วเติมหางกะทิส่วนที่เหลือลงไป
 5: เติมน้ำสต็อกใส่เกลือ และใบมะกรูดลงไป ปล่อยให้เดือด
 6: ใส่เลือดไก่ลงไป ปรุงรสด้วยน้ำปลา น้ำตาลปี๊บคนให้เข้ากันแล้วปล่อยให้เดือดอีกแป๊บนึง ใส่ต้นหอมหั่นลงไปปิดเตา
 7: ตักราดขนมจีน พร้อมเสริฟความอร่อยให้เด็กๆได้เลยค่ะ"
ลูกชิ้นไก่ไร้แป้ง Super Clean โปรตีนสูง,"1: วิธีทำ
1. ล้างอกไก่ให้สะอาด ใช้เกลือล้างช่วยลดคาวของไก่ได้2. หั่นเป็นสี่เหลี่ยมลูกเต๋า คลุกเกลือ พริกไทย ซีอิ๊วIS ปริมาณตามชอบ ใครจะใส่รากผักชี อบเชย ใส่เพิ่มเติมได้เลย
 2: 3. นำไก่ที่คลุกเครื่องปรุงแล้ว ไปปั่นให้ละเอียด

 3: 4. นำไก่ปั่นใส่ถุงพลาสติก และตัดปลายถุงด้านใดด้านหนึ่ง
 4: ออก
5. ตั้งน้ำร้อน พอน้ำเดือดค่อยๆ บีบไก่ที่ใส่ในถุงลงไป จะได้ลูกชิ้นขนาดที่ค่อนข้างพอดีและกลม6. ลูกชิ้นสุก ตัดออกและนำไปแช่น้ำเย็นให้ลูกชิ้นเชตตัวเป็นก้อน รับประทานได้เลย หรือจะเก็บในตู้เย็นได้ประมาณ 1สัปดาห์"
ต้มยำไก่น้ำใส,"1: ต้มน้ำใส่ข่า ตะไคร้ ใบมะกรูดฉีก ใส่ไก่ลงไปเติมเกลือนิดหน่อย ต้มจนเดือด
 2: ใส่เห็ดฟาง มะเขือเทศ หอมหัวใหญ่ ต้มอีกพักนึง
 3: บุพริกทั้งพริกขี้หนูและพริกแห้งเพิ่มความหอม ใส่ชามไว้ ตักต้มยำใส่ชามปรุงรสด้วย มะนาว น้ำปลา ชิมรสตามชอบใจ"
ยำปลากระป๋องทอดกร๊อบกรอบ,"1: วัตถุดิบพร้อม
 2: นำปลากระป๋องมาแยกน้ำและชิ้นปลา
 3: นำชิ้นปลาคลุกแป้งเอนกประสงค์จนทั่วชิ้นปลา นำไปคลุกต่อด้วยไข่ แล้วนำไปคลุกเกร็ดขนมปังให้ทั่ว
 4: ทอดจนเหลืองกรอบ
 5: นำมาพักน้ำมัน
 6: เตรียมเครื่องน้ำยำ
 7: นำมะนาว พริกสด น้ำตาลทราย ขึ้นฉ่าย ต้นหอม แครอทคลุกกับน้ำปลากระป๋อง ปรุงตามใจชอบนะคะ
 8: สุดท้ายจัดจาน"
ข้าวผัดแจ่วคอหมูย่าง,"1: ขั้นตอนทำคอหมูย่าง 🐷
1. หมักหมูที่จะใช้ย่าง กับน้ำมันหอย ซีอิ๊วขาว น้ำตาล พริกไทยป่น และนมสดให้เข้ากัน โดยใช้ส้อมทิ่มเนื้อหมูหลายๆจุด เพื่อให้เครื่องปรุงซึมเข้าเนื้อหมูได้ดี นำไปแช่เย็นทิ้งไว้อย่างน้อย 4 ชม. หรือข้ามคืนก็ได้ เพื่อให้หมูนุ่มมีรสชาติ2. เมื่อเนื้อหมูได้ที่ นำมาย่าง หรือ อบที่อุณภูมิ 180°C นาน 20 นาที หรือ grill บนกระทะ จนสุก แล้วแต่อุปกรณ์และความสะดวก แต่ย่างจะหอมสุดปล. หากไม่สะดวก ก็ซื้อคอหมูย่างสำเร็จรูปได้ค่ะ
 2: ชั้นตอนทำน้ำจิ้มแจ่ว 🌶
ผสมน้ำมะนาว น้ำปลา น้ำตาล พริกป่น ข้าวคั่ว คนให้เข้ากัน สามารถปรุงรสเค็มเปรี้ยวหวานตามที่ชอบได้
 3: ขั้นตอนทำข้าวผัดแจ่ว 🍚
1. ใส่น้ำมันลงในกระทะ พอน้ำมันร้อน ใส่กระเทียมสับลงไปผัดให้หอม ตามด้วยพริกขี้หนูซอย ผัดให้เข้ากัน2. เร่งไฟแรง และใส่ข้าวลงไปผัดด้วยกันจนมีกลิ่นหอม แล้วกวาดข้าวมาพักไว้ด้านหนึ่งของกระทะ3. ตอกไข่ลงไปอีกด้านที่ว่างของกระทะ ยีไข่เล็กน้อยให้แตก รอสักพักให้ไข่เซ็ทตัว แล้วจึงเกลี่ยข้าวมาผัดเข้ากันกับไข่ (จะทำให้ข้าวผัดไม่แฉะ)4. ใส่น้ำจิ้มแจ่วที่เตรียมไว้ประมาณ 2 ช้อนโต๊ะ ลงไปผัด ตามด้วยใบมะกรูดซอย ผัดให้เข้ากันจนมีกลิ่นหอม ใส่ต้นหอมซอยลงไป ผัดคลุกเคล้าให้เข้ากัน และปิดไฟเลย
 4: จัดจานข้าวผัดพร้อมหมูย่าง และราดด้วยน้ำจิ้มแจ่ว พร้อมเสิร์ฟ"
ข้าวผัดรถไฟ (ข้าวผัดซีอิ๊ว)​,"1: ซอยกระเทียม หั่นผักต่างๆ
 2: ตั้งกระทะ ใส่กระเทียม เจียวพอหอม
 3: ใส่หมูผัดให้สุก ใส่ไข่ตาม รวนจนเกือบสุก
 4: ใส่ข้าวลง ไป
 5: ใส่เครื่องปรุงต่างๆลงไป ผัดไปซักพัก ตามด้วยหอมใหญ่ กับคะน้า ผัดพอหอมเริ่มนิ่ม
 6: ปิดไฟ ใสมะเขือเทศ กับต้มหอม ลงไป ผัดอีกหน่อย
 7: โรยพริกไทย คลุก จบ"
ตับหมูผัดพริก,"1: จัดเตรียมส่วนผสมและเครื่องปรุง
 2: หั่นตับหมูเป็นชิ้นๆพอดีคำไม่หนา ไม่บางจนเกินไป
เทน้ำส้มสายชูเทลงไปขยำๆกับตับแล้วล้างน้ำเปล่า2รอบ จากนั้นเทนมสดลงไปหมักทิ้งไว้ประมาณ10นาทีแล้วขยำอีกครั้ง ล้างน้ำพักไว้ให้สะเด็ดน้ำ
 3: ตั้งกระทะใส่น้ำมันเจียวกระเทียมให้พอหอม ใส่ตับลงไปผัด
 4: พอตับเริ่มสุกใส่พริกหยวก พริกแดงจินดา หอมหัวใหญ่. ลงไปผัด จากนั้นปรุงรสด้วย น้ำพริกเผา ซีอิ๊วขาว. น้ำตาลทราย และคนอร์ซอสข้นปรุงรส เติมน้ำเปล่าลงไปเล็กน้อยผัดคลุกเคล้าให้เข้ากัน
 5: ใส่ต้นหอมหั่นท่อนลงผัดต่อ
 6: ตักใส่จานพร้อมเสริฟกับข้าวสวยร้อนๆ"
แกงส้มดอกแคเนื้อปลานินทอดกรอบ,"1: นำปลานินที่หั่นเป็นชิ้นมาทอดให้สุกกรอบ
 2: นำปลานินที่ทอดกรอบสุกแล้วมาพักไว้ในจาน
 3: ตั้งไฟจนน้ำเดือดพอประมาณ ใส่พริกแกงลงไปละลาย ปรุงรสด้วยน้ำปลา น้ำตาลปี๊บ มะขามเปียก
 4: ใส่ดอกแคลงไปต้มในน้ำเดือด เติมเครื่องปรุงลงไปอีกเล็กน้อย ปรุงรสตามใจชอบ เคี่ยวจนเดือดอีกครั้ง ปิดไฟ
 5: ตักใส่ถ้วยพร้อมเสริฟร้อนๆค่า"
ผัดเผ็ดปลาดุกพริกสด,"1: เตรียมกระเทียมพริกขี้หนูไว้ ซอยกระชาย พริกไทยอ่อนและฉีกใบมะกรูดเตรียมไว้
 2: หั่นมะเขือและแช่น้ำเอาไว้
 3: นำปลาดุกล้างเลือดออกให้สะอาด
 4: เริ่มผัดพริกกระเทียมที่เตรียมเอาไว้เลยใส่น้ำมันเล็กน้อย
 5: เริ่มปลาดุกลงไปผัด
 6: ใส่มะเขือใบมะกรูดพริกไทยอ่อน ลงไป ปรุงรสด้วยซอสปรุงรส ผงปรุงรสและน้ำมันหอยเล็กน้อย
 7: เติมน้ำเล็กน้อย
 8: คลุกเคร้าอีกครั้ง รอจนสุกแล้วปรุงรสอื่นได้ตามใจชอบ
 9: ตักใส่จานพร้อมเสิร์ฟจ้า"
ส้มตำหมึกสาย,"1: โขลกพริก กระเทียมพอแหลก
 2: ใส่มะเขือ มะเขือเทศ โขลกให้เข้ากัน
ปรุงรสด้วย น้ำตาลปิ๊ป มะนาว น้ำปลา น้ำมะขามเปียก น้ำปลาร้าโขลกให้เข้ากัน ชิมรสตามชอบ
 3: ใส่เส้นมะละกอแครอท โขลกเล็กน้อย
 4: เนื่องจาก ครกเล็ก
เทเครื่องทั้งหมดใส่กล่อง หรือกะลามัง จากนั้นใส่หมึก หอยลวก คลุกเคล้าให้เข้ากัน
 5: จัดจาน พร้อมเสริฟ"
หมูผัดกะปิถั่วฝักยาว,"1: -เนื้อหมู นำมาล้างแล้วหั่นชิ้นพอดีคำขนาดเท่าๆกัน
-ถั่วฝักยาว ล้างแล้วหั่นเป็นท่อนขนาดเท่าๆกัน
 2: ตำพริกเหลือง+หัวหอม+กระเทียม ให้เข้ากันพอหยาบๆ
 3: ตั้งกระทะ ใส่น้ำมัน นำเครื่องที่ตำลงผัดให้สุกหอม
 4: ใส่กะปิ ลงผัดให้กลิ่นกะปิ ส่งกลิ่นหอมออกมา
 5: ใส่น้ำซุปหรือน้ำเปล่า
 6: ใส่เนิ้อหมู ลงผัดให้ส่วนผสมเข้ากัน และ เคี่ยวให้หมูเปื่อย
 7: -ใส่ถั่วฟักยาว ผัดคลุกเคล้าให้เข้ากัน
-ปรุงรส ด้วย น้ำตาล+น้ำปลา ชิมให้ได้รสตามที่ชอบผัดจนถั่วฝักยาวสุก
 8: ตักใส่จานเสิร์ฟ"
แกงส้มไข่ปลาเรียวเซียว,"1: ต้มน้ำให้ร้อนจัด ใส่ไข่ปลาและเนื้อปลาลงไปต้มให้สุก ประมาณ3-5นาที แล้วตักออกมาพักไว้
 2: ตั้งหม้อใส่น้ำให้เดือด ใส่พริกแกงส้มลงไป คนจนพริกแกงละลายเข้ากับน้ำ
 3: ใส่ไข่ปลาและเนื้อปลา ใบมะกรูด ยอดมะพร้าว ลงไปต้มให้สุก
 4: พอเดือดแล้วปรุงรสดเวยน้ำมะขามเปียก น้ำตาลปี๊บ น้ำปลา คนให้เข้ากัน ตักใส่ชามพร้อมเสิร์ฟ"
ปูนิ่มคั่วพริกเกลือ,"1: แบ่งกระเทียมที่สับไว้มาประมาน1ช้อนโต๊ะ นำมาเจียวให้พอเหลือง แล้วรีบยกขึ้นสะเด็ดน้ำมันพักไว้ในถ้วย ตากลมให้แห้งกรอบ
 2: นำปูนิ่มมาล้างให้สะอาด หั่นแบ่งเป็นตัวละ4ส่วน แล้วนำไปคลุกแป้งทอดกรอบ(ไม่ต้องละลายน้ำ)
 3: ตั้งน้ำมันในกระทะให้ร้อน ใช้ไฟกลางๆค่อนไปทางเบา แล้วนำปูที่คลุกแป้งแล้วลงทอดให้เหลืองกรอบ นำขึ้นมาพักสะเด็ดน้ำมันไว้ก่อน
 4: ใช้กระทะใบเดิมที่ทอดปู เทน้ำมันออกเอาแค่พอเหลือติดกระทะเล็กน้อย ใส่กระเทียมสับ รากผักชีสับ พริกขี้หนูสวนสับ ผัดใช้ไฟอ่อนๆไปจนหอม
 5: เปิดไฟแรง เติมพริกชี้ฟ้าแดงสับ โคนต้นหอมซอย ผัดต่ออีกเล็กน้อยจนพริกชี้ฟ้าแดงสุก แล้วเติมปูนิ่มที่ทอดพักไว้แล้วลงไป คลุกเคล้าในกระทะ
 6: ปรุงรสด้วยน้ำตาลและเกลือ คลุกเคล้าให้เข้ากันดี ใส่ต้นหอมซอยเพื่อเพิ่มสีสัน ปิดไฟ คลุกเคล้าให้ต้นหอมซอยเข้ากันดี
 7: ตักลงจานเสริฟ โรยกระเทียมเจียวที่พักไว้จนกรอบจากขั้นตอนที่1 เพื่อเพิ่มTextureให้อาหาร ตกแต่งด้วยผักชีให้สวยงาม"
น้ำพริกกากหมู,"1: เจียวมันหมูแข็ง ใส่น้ำสะอาดให้พอดี เติมเกลือป่นเล็กน้อยให้พอมีรสเค็มนิดๆ เจียวจนเหลืองกรอบ ตักขึ้นพักไว้
 2: เจียวกระเทียมไทยในน้ำมันหมูต่อให้สุกกรอบ เสร็จแล้วตักขึ้นพักไว้
 3: พริกกะเหรี่ยงเด็ดก้าน ล้างน้ำให้สะอาด อบจนแห้งกรอบ ปั่นให้ละเอียด ชอบหยาบก็ปั่นหยาบ
 4: ใส่กากหมู กระเทียมเจียว หอมเจียว รสดีหมู น้ำตาลทราย พริกกะเหรี่ยงป่น
 5: ใช้ไฟอ่อนในการผัดน้ำพริก ผัดจนใบมะกรูดซอยแห้งดี พักไว้ให้เย็นสนิทก่อนบรรจุใส่ภาชนะ"
ต้มยำปลากระพงน้ำใส,"1: ตั้งน้ำให้เดือด
 2: ทุบตะไคร้ และ ขา นำไปฝานเป็นชิ้นๆ (ล้างให้สะอาดด้วยนะคะ) ใบมะกรูดฉีกก้านตรงกลางออก
 3: น้ำเดือด ใส่ ข่า ตะไคร้ ใบกรูด ลงไป
 4: ปลาหั่นเป็นชิ้นตามชอบแล้วแต่สะดวก
 5: น้ำเดือดพล่าน ค่อยๆใส่ปลาลงไป
 6: เมื่อปลาสุก ปิดไฟ ใส่จาน และปรุงแล้วแต่ชอบค่ะ"
ขนมจีนน้ำยากะทิหมู 🐷,"1: ละลายพริกแกงกับกะทิ
 2: เติมกระชายซอยต้มให้เดือด
 3: เติมหมูบด ก้อนปรุงรส
 4: ปิดไฟ ใส่ใบมะกรูดฉีก
 5: เสริฟพร้อมผักสด"
ปลาทูสดต้มเต้าเจี้ยว,"1: 2. หรี่ไฟลงเป็นไฟอ่อนแล้วใส่ปลาทูลงไป เรียงอย่าให้ซ้อนกัน เคี่ยวต่อจนกว่าปลาทูจะสุกดี
 2: 3. โรยต้นหอมซอยก่อนปิดไฟ"
หมูผัดพริก,"1: ตั้งกระทะให้ร้อน ใส่น้ำมันลงไปแล้วใส่กระเทียมสับลงไปผัดตั้งแต่น้ำมันยังไม่ร้อน กระเทียมจะได้ไม่ไหม้ ผัดต่อจนกระเทียมสับเหลือง หอม
 2: ใส่เนื้อหมูลงผัดจนเปลี่ยนสี
 3: ใส่หอมใหญ่ ผัดจนหอมใหญ่สุก แต่ไม่ต้องให้หอมใหญ่ใส
 4: ใส่พริกหนุ่มและพริกชี้ฟ้าหลายๆสีซอย ผัดให้เข้ากัน
 5: ปรุงรสด้วยน้ำตาลทราย น้ำปลา ซอสปรุงรส น้ำมันหอย ผัดให้เข้ากัน ถ้าน้ำแห้งไปก็เติมน้ำได้นิดหน่อย อย่าเติมมากเพราะจะกลายเป็นแกง ไม่น่ากิน อาหารเมนูผัดแบบนี้เจ้าของบล็อกชอบให้มีน้ำขลุกขลิกเอาไว้คลุกข้าวครับ ถ้าไม่แม่นเรื่องปริมาณน้ำต้องเติมทีละช้อนโต๊ะเลยครับ"
หอยทอด(ทะเลทอด),"1: ล้าง ทำความสะอาด กุ้ง หมึก หอย
ถั่วงอก ต้นหอมผักชีเตรียมไว้
 2: ผสมแป้งน้ำเย็นจัด คนให้เข้ากัน
จากนั้นใส่นมสด ปรุงรสด้วย ซีอิ้วขาว น้ำตาล น้ำปลา พริกไทยป่นตอกไข่ใส่ลงไป คนให้เป็นเนื้อเดียวกันหมั่นคน อย่าให้แป้งจับเป็นก้อน
 3: นำ หอย หมึก กุ้ง ถั่วงอก ต้นหอมผักชีใส่ลงไป คนเบา
แบ่งทอด ได้ 3-4 กะทะ
 4: ตั้งกะทะให้ร้อน ใส่น้ำมันลงไปเล็กน้อย รอให้ร้อนอีกรอบ เทส่วนผสมที่เตรียมไว้ลงไป เกลี่ย ยี ให้ทั่วกะทะ ทอดให้ เหลือง กรอบ สุก ทั้งสองด้าน
 5: จัดจาน โรยด้วย ต้นหอม พร้อมเสริฟ
อาจแต่งจานเพิ่มด้วย ถั่วงอกผัด ถั่วงอกดิมเพิ่ม"
หมูสามชั้นผัดพริกแกงถั่วฝักยาว,"1: ล้างถั่่วฝักยาว นำลงลวกในน้ำร้อน เมื่อถั่วฝักยาวสลดให้นำมาแช่ในน้ำเย็น จากนั้นก็นำมามัดปมเป็นคำๆ จนหมด เตรียมไว้
 2: เตรียมวัตถุดิบ โดยการหั่นหมูสามชั้นเป็นชิ้นพอดีคำ พริกชี้ฟ้าให้หั่นแฉลบ ซอยใบมะกรูดให้เรียบร้อย
 3: ตั้งกระทะบนเตา แล้วพอกระทะเริ่มร้อนให้ใส่หมูสามชั้นลงไปคั่วจนผิวของหมูสามชั้นออกเหลืองนิด ๆ ก็ตักขึ้นพักไว้ก่อน
 4: ใช้กระทะใบเดิมใส่น้ำมันพืชลงไปใช้ไฟกลางๆ พอน้ำมันเริ่มร้อน ก็ใส่พริกแกงหยาบลงไปผัดจนกระทั่งพริกแกงส่งกลิ่นหอมๆ (ถ้าหากพริกแกงแห้งเกินไปเติมน้ำซุปหรือน้ำได้นิดหน่อยนะ)
 5: ก็ใส่หมูที่เราคั่วไว้ตั้งแต่แรกลงไปผัดต่อกับพริกแกง แล้วก็ปรุงรสด้วยน้ำตาลปี๊บ กับน้ำปลา โดยให้มีรสหวานนำนิดๆ แล้วก็เค็ม เผ็ด ชิมให้ได้รสชาติตามที่เราต้องการ
 6: ผัดไปจนได้ที่แล้วก็ใส่ถั่้วฝักยาวกับใบมะกรูดลงไปตามด้วยพริกชี้ฟ้าหั่นแฉลบ แล้วก็ผัดให้เข้ากันดี ปิดไฟเตา ตักใส่ชามได้เลย"
เนื้อหอยลายผัดน้ำพริกเผา,"1: ล้างเนื้อหอยลายให้สะอาด
 2: ล้างใบโหระพา กระเทียม ให้เรียบร้อย
 3: ตั้งกะทะให้ร้อน ใส่น้ำมัน และกระเทียมสับหยาบลงไปผัดให้หอม
 4: เอาเนื้อหอยลายลวกสุกลงไปผัดให้พอร้อน
 5: ปรุงรสตามชอบ ใส่น้ำพริกเผาลงไป เติมน้ำนิดหน่อย ผัดให้เข้ากัน ชิมรสให้ได้ตามที่ชอบ
 6: ใส่ใบโหระพาลงไปผัดให้หอม
 7: ตักเสริฟ"
หมูสะเต๊ะ สูตรอย่างง่าย,"1: เตรียมวัตถุดิบในส่วนของ
"" เนื้อหมูสะเต๊ะ "" กันค่ะ
 2: ขั้นตอนการทำง่ายแสนง่ายค่ะ
1. หั่นเนื้อหมูชิ้นบางๆตามแนวยาว และนำไปคลุกกับน้ำส้มสายชู และพักไว้ประมาณ 10 นาทีค่ะ2. ต่อมานำมาคลุกกับน้ำตาลทรายแดง และหมักทิ้งไว้ 1 ชม.3. มาทำในส่วนของน้ำหมักกันค่ะโดยนำน้ำกะทิ, นมข้นจืด, ผงกระหรี่, ผงขมิ้น, ตำลูกผักชี และผสมทุกส่วนให้เข้ากัน4. นำส่วนของน้ำหมักมาเทลงในเนื้อหมู (ข้อที่2.) ค่ะ***** ให้หมักทิ้งไว้อย่างน้อย 1 วันค่ะ
 3: หลังจากหมักอย่างน้อย1วัน ก็นำมาเสียบไม้ และเตรียมปิ้งได้เลยค่ะ
** ถ้าเพื่อนๆมีเตาถ่านจะเวิร์คมากค่ะ เนื้อสัมผัสที่ได้จะแตกต่างจากเตาไฟฟ้า แต่พอดีเดียร์ไม่มีก็สามารถใช้เตาไฟฟ้าได้น้า
 4: มาเตรียมส่วนผสม
"" น้ำจิ้มหมูสะเต๊ะ "" กันค่ะ
 5: 1. เริ่มจากนำกะทิประมาณ 5 ชต. ลงหม้อ
2. กะทิเริ่มเดือดให้ใส่พริกแกงลงไป3. และคนส่วนผสมจนเข้ากัน
 6: 1. ต่อมานำน้ำตาลปี๊บมาละลาย
2. เทส่วนผสมของกะทิที่เหลือลงไป และคนให้เข้ากัน3. ใส่ถั่วลิสงบดค่ะ* ถั่วบดยิ่งใส่เยอะยิ่งอร่อยยิ่งเข้มข้นค่ะ
 7: มาเตรียมในส่วนของ "" อาจาด ""
แก้เลี่ยนกันค่ะทำง่ายๆเพียงนำส่วนผสมทั้งหมดเข้าด้วยกัน( น้ำส้มสายชู, น้ำตาลทราย, เกลือ, น้ำตมสุก และแตงกวากับหอมแดง )
 8: เสร็จแล้วค่ะ ทานคู่กับขนมปังปิ้งก็เข้าก๊านเข้ากัน :)))"
ยำถั่วพลูกุ้งสด,"1: เตรียมวัตถุดิบกันค่ะ
- ถั่วพลู : หั่นเป็นท่อนๆขนาด 1 cm- หอมแดง : สไลด์หอมแดง- ถั่วบด, กุ้งสด, กะทิเข้มข้น- น้ำตาลปี๊บ, พริกเผา, น้ำปลา, มะนาว
 2: มาเตรียมวัตดุกิบก่อนนำมายำกันค่ะ
"" ถั่วพลู ""1.หลังจากหั่นถั่วพลูเรียบร้อยแล้ว นำมาต้มในน้ำเดือด2.ต่อมานำถั่วพลูมาแช่ในน้ำเย็น"" มาทำน้ำยำกันค่ะ ""1. นำน้ำพริกเผาใส่ถ้วย2. บีบมะนาว
 3: ต่อมา
1. ใส่น้ำปลา2. ต่อด้วยน้ำตาลปี๊บ3. และกะทิ4. และใช้ช้อนคนจนส่วนผสมเข้ากัน
 4: ต่อมามาเริ่มยำกันค่ะ
1. หลังจากทำน้ำยำเสร็จ นำถั่งพลู และหอมแดงลงไปคลุก2. ต่อมาใส่ถั่วบด3. และกุ้ง4. นำมายำเข้สด้วยกันและทานกับไข่ต้ม
 5: เสร็จแล้วค่ะ
"" ยำถั่วพลูกุ้งสด """
ไข่เค็มผัดกระเพรา,"1: 1. เตรียมเครื่อง ทุบกระเทียม หั่นถั่วฝักยาว
 2: 2. ทอดใบกระเพราพอกรอบ และตักขึ้นพักไว้
 3: 3. ตั้งกระทะ ใส่น้ำมัน เจียวกระเทียม ใส่หมูสับ ผัดจนสุก ใส่ถั่วฝักยาว ผัดคลุกกระทะ
 4: 4. ใส่พริก น้ำพริกเผา นำ้ปลา นำ้ตาล ปรุงรสตามชอบ
 5: 5.ใส่ไข่เค็ม และใบกระเพรา"
มาม่าต้มโคล้งปลากระป๋อง,"1: นำน้ำร้อนใส่ในชามเส้นบะหมี่กึ่งสำเร็จรูป รอจนเส้นนิ่ม เทน้ำออกค่ะ
 2: ตั้งหม้อเติมน้ำเปล่า ไฟกลาง ตามด้วยใบมะกรูด ตะไคร้ เครื่องปรุงต้มโคล้ง ตามด้วยเนื้อปลาและซอสในกระป๋อง รอจนเดือด ปิดไฟ
 3: ปรุงรสเพิ่มเติมด้วย น้ำปลา มะนาวและพริกป่น โรยผักชีฝรั่ง ชิมรสตามชอบ
 4: นำเส้นใส่ชาม ตามด้วยน้ำต้มโคล้ง เสร็จแล้วค่ะ"
น้ำพริกมะอึก,"1: นำหอม กระเทียม ไปเผาให้หอม มะอึกปอกเปลือกล้างและฝานย่างกะปิ กุ้งแห้งเอาเเช่น้ำ เตรียมไว้
 2: โขรกพริก หอม กระเทียม พอแหลกเติมกุ้งแห้งที่เเช่น้ำจนนิ่ม จากนั้น เติมกะปิลงไป ตำให้เข้ากันดีไม่ต้องแหลกมาก
 3: เติมมะอึกที่ฝานเตรียมไว้ โขรกให้เข้ากัน
 4: โขรกเสร็จเเล้วปรุงรสด้วย น้ำปลา น้ำมะนาว น้ำตาล ตามชอบ ต้องการรสชาติจัดจ้านยังไงปรับได้ตามความต้องการของแต่ละคนได้เลยค่ะ"
แกงเทโพหมูสามชั้น,"1: เตรียมของ เอามะขามเปียกล้าง แช่น้ำร้อน
 2: ตั้งหม้อ ผัดหัวกะทิกับพริกแกง ละลายให้เป็นเนื้อเดียวกัน
 3: นำหมูสามชั้นลงผัดให้พริกแกงเข้าเนื้อ
 4: ใส่น้ำตาลปี๊ป เติมหางกะทิ
 5: พอน้ำแกงเดือด ใส่ผักบุ้ง
 6: กรองน้ำมะขามเปียก ชิมรสตามชอบ
 7: ใส่มะกรูดผ่าครึ่ง เติมใบมะกรูด
 8: เสร็จพร้อมเสริฟ"
ก๋วยเตี๋ยวลุยสวน,"1: เริ่มจากการรวนเนื้อไก่สับกันก่อนเลยค่ะ ใส่น้ำเล็กน้อยรอให้เดือดแล้วใส่ไก่ตามลงไปผัดจนสุก
 2: เติม แครอท เห็ดหอม แล้วผัดให้เข้ากัน จากนั้นจึงเริ่มปรุงรส แล้วตักขึ้นพักไว้ค่ะ
 3: มาเตรียมห่อกันเลย เริ่มต้นจากนำใบเมี่ยงมาแช่น้ำไว้สักครู่ ประมาณ 4-5 วินาที
 4: ใส่ผักที่ชอบตามลงไป
 5: จากนั้นก็นำไส้ที่เราผัดไว้ตามลงไป ใส่ตามชอบเลยนะคะ
 6: เริ่มห่อกันเลย ให้ม้วนเหมือนโรตี จากนั้นพับสองด้านเข้าหากัน แล้วม้วนต่อค่ะ
 7: แท๊น แทนน เมื่อห่อเสร็จจะได้หน้าตาแบบนี้คะ
 8: จากนั้นก็นำไปหั่นให้เป็นท่อนๆ ทานคู่กับน้ำจิ้มซีฟู๊ดค่ะ"
ต้มข่าน่องไก่บน,"1: ล้างน่องไก่บน ทุบตะไคร้ หั่นข่า หอมแดง ต้มน้ำพอท่วมไก่ พอน้ำเดือดใส่ลงไป พร้อมผงปรุงรส ต้ม 30 นาที
 2: หรี่ไฟ เติมกะทิ ต้มให้ร้อน ไม่ต้องเดือด ใส่ผักชีฝรั่ง พริกจินดา พริกแห้ง ใบมะกรูด น้ำพริกเผา
 3: แต่งรสด้วยมะนาว
 4: เสร็จพร้อมเสริฟ"
ห่อหมกปลาอินทรี,"1: นำขมิ้นมามาผสมรวมกับพริกแกงตำให้เข้ากัน ตักพักไว้
 2: นำเนื้อปลาที่ขูดมาตำจนเหนียวพักไว้
 3: นำกะทิใส่ในชามผสม ตามด้วยพริกแกง คนให้เข้ากันตอกไข่ไก่ลงไป เติมน้ำปลา น้ำตาลลงไปคนอีกครั้งจนเป็นเนื้อเดียว
 4: เติมเนื้อปลาที่เตรียมไว้ลงไป คนจนเหนียวข้น คราวนี้ตักใส่ถ้วยเล็กๆ ลองนึ่งชิมรสชาติ
 5: หากชิมแล้วอ่อนหวาน อ่อนเค็มไปก็เติมเพิ่มลงไปแล้วคนให้เข้ากันค่ะ
 6: จากนั้นนำใบตองที่ล้างแล้วมาพับเป็นกระทง ใส่ใบโหระพาลองไว้ด้านล่าง ตักห่อหมกที่เตรียมไว้มาหยอดลงไป
 7: นำไปนึ่งจนสุก ระหว่างรอนึ่งก็มาทำกะทิสำหรับหยอดหน้ากัน
 8: นำกะทิผสมกับแป้งข้าวเจ้าคนให้เข้ากัน ตั้งไฟจนพอข้นๆ เป็นใช้ได้ พักไว้แล้วนำพริกชี้ฟ้าแดงมาซอยเป็นเส้นๆ สำหรับโรยหน้า
 9: รอห่อหมกสุกยกลง หนอดกะทิที่เตรียมไว้ลงไป โรยด้วยใบมะกรูดซอยและพริกชี้ฟ้าแดงซอยค่ะ"
ฝอยทองใบเตย,"1: ตอกไข่ไก่กับไข่เป็ด แล้วนำมาแยกไข่แดงกับไข่ขาว พอได้ไข่แดงนำมาบีบในผ้าขาวบาง1รอบ
 2: น้ำไข่แดงที่บีบไว้แล้ว มาเข้าเครื่องปั่นรวมกับใบเตยจนได้สีที่เขียว แล้วนำมากรองกับตะแกง1รอบและผ้าขาวบางอีก1รอบ ช้อนฟองที่อยู่หน้าไข่ทิ้งให้หมด
 3: ใช้ตะเกียบช้อนเส้นฝอยทองขึ้นมาพักให้เย็นเพื่อรอเสริฟ"
เส้นหมี่ผัดซีอิ๊วหมูนุ่ม,"1: เตรียมเครื่องปรุง พร้อมแช่เส้นในน้ำเย็น 3 นาที คลุกซีอิ๊วดำพักไว้ก่อน
 2: ตั้งกระทะ ใส่น้ำมันพอร้อน ตามด้วยกระเทียมสับ เจียวจนหอม ใส่หมูนุ่มตามลงไป
 3: ผัดไปเรื่อยๆ จนกระทั่งหมูเกือบสุก
 4: ใส่ไข่ตามลงไป ทิ้งไว้ซักครู่ ค่อยผัด ปรุงรสด้วยซีอิ๊วขาวครึ่งนึง
 5: ตามด้วยผักคะน้าที่หั่นไว้ ผัดไปจนผักเกือบสุก
 6: ใส่เส้นหมี่ลงไปผัด ปรุงรสด้วยซีอิ๊วขาวที่เหลือ, น้ำปลา, และน้ำตาลทราย
 7: ใช้ไฟแรง ผัดไปจนกระทั่งเส้นแห้ง ปิดไฟ จัดเสริฟ"
ยำหอยแครง หมูยอ ไข่แดงเค็ม เดือด,"1: เตรียมส่วนผสม
1.ล้างหอยแครงให้สะอาด2.ล้างไข่แดงเค็ม3.เตรียมหมูยอ หั่นไว้ลวกหมูยอ , ไข่แดงเค็ม และ หอยแครงตามลำดับหั่นผักชีฝรั่ง , มะเขือเทศ
 2: จัดการยำได้เลยค่ะ
โขลกพริก ,กระเทียม, เกลือ 1 หยิบมือ ให้พอหยาบๆปรุงรสด้วย น้ำปลา,น้ำปลาร้า, น้ำตาล ,
 3: คลุกเคล้าให้เข้ากัน ขาดเกินตรงไหนเติมได้ตามใจ ยำหอยแครง หมูยอ ไข่แดงเค็ม แซ่บๆ ยั่วๆ จ้า"
เขียวหวานไก่มะเขือยาว,"1: ขั้นตอนการเตรียมส่วนผสม
หั่นสะโพกไก่พอดีคำเด็ดโหระพาพริกหั่นเฉียงมะเขือยาว หั่นพริกขี้หนูตำ
 2: ตั้งเตาไฟอ่อนๆ แล้วเทหัวกะทิลงไปประมาณ 1/3 จองกล่องพอกะทิเริ่มร้อน
ให้ใส่พริกแกงลงไปผัดให้หอม
 3: เครื่องแกงเข้ากับกะทิดีแล้ว ใส่ไก่ลงไปผัดให้เกือบสุก เติมกะทิลงไปอีก หมดกล่อง
 4: ปรุงรส กะทิเดือดก็ใส่มะเขือยาวลงไป
รอมะเขือสุก ใส่ พริกชี้ฟ้า ใส่พริกขี้หนูตำลงไปใบโหระพาลงไปคลุกๆ แล้วปิดเตาทันที"
แกงเผ็ดเป็ดย่าง,"1: เตรียมเครื่อง
 2: หั่นของให้เท่าๆกัน
 3: พริกโหระพาหั่นเตรียมไว้
 4: พริกแกงผัดกับน้ำมันให้หอมฉุย
 5: ใส่มะเขือเทศและสับปะรดลงไปผัดกับพริกแกงเผ็ด
 6: ใส่กะทิ1กล่อง ตามด้วยน้ำปริมาณเท่ากับกะทิ
 7: ใส่น้ำตาลปี้บ 2ช้อนโต๊ะ คนไปในทิศทางเดียวกัน
 8: ใส่เป็ดและมะเขือพวง เคี่ยวต่ออีกหน่อย
 9: เมื่อมะเขือเทศ และสับปะรดสุกดีแล้ว ใส่น้ำปลา ค่อยๆใส่และหมั่นชิมไป จนได้รส หวานอมเปรี้ยว เค็มปะแล่ม
 10: ใส่ใบโหรพา
 11: สำเร็จ พร้อมรับประทาน
 12: น่าทานมั้ย เอาข้าวสวยหรือขนมจีนมาทานด้วยก้อได้"
กระดูกหมูต้มเต้าเจี้ยว,"1: เครื่องปรุงตามนี้คะ
 2: นำกระดูกอ่อน ใส่หม้อ ใส่น้ำซุป ตะไคร้ปุ๊บ หอมแดง ใบมะกูด ขิงอ่อน เปิดไฟอ่อนๆตุ๋นไปเรื่อยๆ หมั่นช้อนฟองออก
 3: คนให้น้อยที่สุดเพื่อที่น้ำซุปจะได้ไม่ขุ่น
พอหมูเริ่มเปื่อย ใส่เต้าเจี้ยว ปรุงรสด้วย น้ำมะขามเปียก น้ำตาลปี๊บ และซีอิ๊วหวาน*รสชาติจะได้ 3 รส เปรี๊ยว หวาน เค็ม"
ต้มจืดแรดิชหมูสับ,"1: จัดเตรียมส่วนผสมและเครื่องปรุง
 2: ล้างลูกแรดิชแล้วฝานบางๆหรือหั่นตามชอบ
 3: หมักหมูด้วย 3เกลอ และซีอิ๊วขาว1ช้อนชา คลุกเคล้าให้เข้ากัน แล้วเป็นเป็นก้อนพอดีคำ
 4: ตั้งหม้อต้มน้ำให้เดือด. ใส่รากผักชีลงไปรอให้น้ำเดือด ใส่เกลือลงไปเล็กน้อย อย่าลืมช้อนฟองออกด้วยน๊า. รอให้เดือดอีกรอบแล้วใส่แรดิชและแครอทลงไปต้มจนสุกได้ที่
 5: ปรุงรสด้วยซีอิ๊วขาว ใส่ต้นหอมลงไป ปิดเตา
 6: โรยกระเทียมเจียวหน่อย พร้อมเสริฟค่ะ"
ซี่โครงหมูย่างน้ำผึ้ง ใบเตยย่าง,"1: นำซี่โครงไปต้มในจนเปื่อยนุ่ม ใครมีเครื่องทำซูวี ก้อโชคดีไป เติมเกลือเล้กน้อย
 2: ผสมซอสหมัก นำ3 เกลอ น้ำผึ้งจิตรดา บีบไปครึ่งหลอด ปรุงซอส ให้เข้ากัน
 3: นำ ซี่โครงหมู ที่ นำไปต้นในไฟอ่อนๆจนเปื่อย แล้วพักไว้เย็นและสะเด็ดน้ำแล้ว คลุกซอสที่เราปรุงไว้
 4: หมักให้เข้าเนื้อ 2-5 ชม. กได้แล้ว แต่สำหรับเรา หมักไว้ 1 คืน
 5: นำไปย่างในเตา โดยรองด้วยใบเตย ย่างจนสุก และเกรียมนิดๆ
 6: จัดใส่จาน เข้าปากได้เลย"
ต้มยำซี่โครงหมู สูตรใส่คนอร์,"1: เริ่มด้วยการตั้งหม้อต้ม ใส่น้ำ และนำข่าฝานเป็นชิ้นๆ - ตะไคร้ทุบพอแตกแล้วหั่นเป็นท่อน - ใบมะกรูดเด็ดออกเป็นสองส่วน นำทั้งสามอย่างใส่ลงไปในหมอต้ม ตามด้วยหอมแดงที่บุเบาๆ
 2: ล้างซี่โครงให้สะอาด รอจนน้ำในหม้อเดือดแล้วค่อยใส่ซี่โครงลงไป (ไม่ต้องคนนะ) คอยช้อนฟองดำๆออก
 3: เมื่อฟองดำๆ ลดลงจนไม่มีแล้วก็ตั้งไฟอ่อน ใส่เห็ดฟาง ปรุงรสด้วยคนอร์ เกลือ น้ำปลา
 4: เมื่อสุกโดยทั่วกันให้ตักลงถ้วย ใส่พริกป่น น้ำมะนาว พริกขี้หนูทุบ ค้นให้เข้ากัน แล้วโรยหน้าด้วยต้นหอม ผักชี ผักชีฝรั่ง พร้อมเสิร์ฟ"
ปลานิลทอดกระเทียม,"1: หั่นปลาเป็นชิ้นแบบขวาง /ล้างให้สะอาด
 2: ใส่ซอสข้นปรุงรสคนอร์รสไก่ 1 ช้อนโต๊ะ
 3: ใส่กระเทียม 1 ช้อนโต๊ะ
 4: คลุกเคล้าให้เข้ากัน
 5: ตั้งน้ำมันให้ร้อน นำปลานิลลงทอด
 6: พักบนตระแกรงให้สะเด็ดน้ำมัน
 7: จัดใส่จาน พร้อมรับประทาน"
แกงจืดกวางตุ้งหมูสับ,"1: ก่อนอื่นหมักหมูสับด้วยสามเกลอ ปั้นเป็นก้อนพอดีคำแล้วพักไว้
ล้างผักกวางตุ้ง แครอท หั่นเป็นท่อนพักไว้
 2: ตั้งหม้อต้มน้ำให้เดือดใส่ รากผักชี ซุปก้อนรสหมู ตามด้วยแครอท และหมูสับลงไป
 3: ปรุงรสด้วยซีอิ๊วขาว น้ำตาลทราย คนให้เข้ากัน ใส่เห็ดหอมและกวางตุ้งลงไป
 4: จากนั้นใส่เต้าหู้ใข่ ขึ้นฉ่ายลงไปคนให้เข้ากัน ปิดเตาตักใส่ชามโรยด้วยกระเทียมเจียวหอมๆ พร้อมเสริฟค่ะ"
ส้มตำทอด,"1: สับมะละกอเป็นเส้นยาวๆ ใส่แป้งโกกิลงไปคลุกให้ทั่ว แล้วใส่น้ำเปล่าลงไปผสมให้เข้ากัน
 2: นำส่วนผสมที่ได้ไปทอด
 3: เริ่มทำน้ำส้มตำโดยตำกระเทียมและพริกขี้หนูให้พอหยาบๆ
 4: ใส่น้ำปลา น้ำตาลปี๊บ และมะนาว ละลายให้เข้ากัน
 5: ใส่มะเขือเทศและถั่วฝักยาว ตำให้น้ำออกมาเล็กน้อย
 6: ใส่กุ้งแห้งตามชอบ
 7: ตักใส่ถ้วยเล็กๆรอเสิร์ฟ
 8: ทุบถั่วลิสงให้พอหยาบๆ โรยหน้าน้ำตำ"
ปังกรอบเนยหนึบมันม่วง,"1: ตีเนยกับไอซิ่งให้เข้ากัน
 2: ไข่แดง 1 ฟองตีโล้ด
 3: นมข้นหวานใส่เลยย
 4: ตามด้วยนมผง ใครชอบมันๆนมๆก็ใส่ไปเลยเยอะๆ สูตรนี้Homemade ทำเองกินเองสบายใจจ้า
 5: ผงมันม่วงใส่เลยย ในส่วนนี้ใครอยากกินรสอื่นสามารถเปลี่ยนจากผงมันม่วงใส่รสได้ตามชอบจ่ะ
 6: อ้าว..ลืมบอก อย่าลืมอบขนมปังให้กรอบพอประมาณด้วยนะจ๊ะ ขั้นตอนนี้แบมอบประมาณ 3-5 นาที แต่ถ้านานกว่านั้นก็จะสภาพอย่างที่เห็นค่ะ 555
 7: เอาขนมปังที่อบแล้ว กับเนยหนึบที่ทำเตรียมไว้มาปาดเข้าด้วยกัน กินเองก็ปาดหนาๆ ฝากญาติก็ปาดน้อยๆค่ะ
 8: อบเลยย ประมาณ 10-15 นาที ลองชะโงกดูเตาเรื่อยๆไหม้แล้วก็เอาออกค่ะ
 9: เสร็จแล้ววว อร่อยมากกกกกกกกกก"
สามชั้นตุ๋นยอดคะน้า,"1: ใส่สามชั้น ซีอิ๊วขาว น้ำตาลปี๊บ ซอสปรุงรส ซีอิ๊วดำ ลงในหม้อก้นลึก เติมน้ำเปล่าลงไป
 2: ตั้งไฟอ่อนๆไปจนกว่าสามชั้นจะเปื่อย นุ่ม
 3: ใส่ผักคะน้าทั้งยอดลงไปตุ่นรวมกันประมาณ 3นาที ปิดไฟได้"
หมูทอดกระเทียม น้ำขลุกขลิก,"1: ล้าง หั่นสันใน หมักกับซอสหอยนางรม ซีอิ้วขาว น้ำปลา พริกไทย 1/2 ช้อนโต๊ะ ทิ้งไว้ 30 นาที
 2: โขลกสามเกล
 3: ตั้งกะทะ ใส่น้ำมัน ผัดสามเกลอให้หอม ใส่หมูหมัก ผัดให้สุก นิ่ม ชิมรส ปรุงรสเพื่มตามชอบ
 4: เสร็จพร้อมเสริฟ"
"น้ำชุบหยำ, น้ำพริกโจร, น้ำพริกขยำ","1: วัตถุดิบที่ใช้
 2: นำกะปิย่างมาขยำกับเนื้อมะนาว
 3: ใส่น้ำสต็อกกุ้งลงไปให้มีน้ำคลุกคลิก
 4: ใส่เนื้อกุ้งสับ
 5: ใส่เกลือ+น้ำตาลทราย คนให้เข้ากัน
 6: ใส่พริกซอย+หอมแดงซอย ชิมรสชาติตามชอบ เป็นอันเสร็จเรียบร้อยค่ะ"
เค้กข้าวเหนียวหมูทอด,"1: หั่นหมูเป็นชิ้นยาว แล้วนำมาหมักกับพริกไทยดำป่น น้ำตาลทราย ซีอิ้วขาว ซีอิ้วดำ น้ำมันหอย หมักไว้ครึ่งชัวโมง แล้วนำมาทอดในน้ำมันพืช สุกแล้วพักไว้
 2: นำกระเทียมสับผสมกับแป้งทอดกรอบ น้ำมันหอย ซีอิ้วขาว ซีอิ้วดำอย่างละเล็กน้อย แล้วน้ำไปทอด เหลืองแล้วนำขึ้นพักไว้
 3: นำข้าวเหนียวนึ่งใส่พิมพ์กลมกดให้ข้าวเหนียวอยู่ตัวเป็นแผ่นวงกลมหนาประมาณ1-2ซม. ทำ 2 อัน
 4: วางข้าวเหนียวที่อัดเป็นแผ่นกลม1แผ่นในจานแล้วนำหมูทอดตัดให้เป็นชิ้นสี่เหลี่ยมลูกเต๋าวางทับแล้วต่อด้วยข้าวเหนียวอีกแผ่นตามด้วยหมูทอดชิ้นยาวและโรยด้วยกระเทียมที่ทอดแล้วตามชอบใจ"
หมูผัดพริกหมาล่า,"1: นำพริกแห้งไปทอดให้หอม
 2: ปอกขมิ้นหั่นเป็นชิ้นเล็กๆ
 3: ตำให้ละเอียด
 4: ใส่พริกหมาล่ากับหมูที่หั่นใว้
 5: ใส่ขมิ้นที่ตำลงไป เกลือ คลุกให้ทั่ว หยอดน้ำนิดหน่อย น้ำตาลไม่ต้องใส่ มันจะหวานธรรมชาติ และเข้ากับกลิ่นและความเผ็ด
 6: เจียวกระเทียม แล้วใส่หมูลงไปผัด หยอดน้ำกันไหม้
 7: ผัดจนน้ำแห้ง
 8: แล้วใส่พริกทอดลงไปเป็นอันจบ"
ต้มยำกุ้งมะพร้าวอ่อน,"1: เตรียมวัตถุดิบทั้งหมดให้ครบ
 2: ใส่ตะไคร้ ใบมะกรูด ข่า พริกขี้หนู และเนื้อมะพร้าว ลงไปในน้ำมะพร้าวที่ตั้งไฟ รอจนน้ำเดือดสักพัก
 3: ใส่เห็ดนางฟ้า เห็ดหลินขาว เห็ดฟาง รอเดือด ใส่ผักชีฝรั่ง ปรุงรสด้วย น้ำตาลทราย และน้ำปลา
 4: รอน้ำเดือด ค่อยๆใส่กุ้งลงไป
 5: ใส่กะทิ ปิดไฟ ปรุงรสด้วยน้ำมะนาว น้ำพริกเผาและมันกุ้ง
 6: คนให้เข้ากัน
 7: ตักเสิร์ฟ พร้อมอร่อย"
ต้มข่าปลาช่อนใส่หัวปลี,"1: ตั้งหม้อต้มหางกะทิ ใส่ปลาช่อนลงไป ต้มพอสุก แล้วพักไว้
 2: หม้อใส่หางกะทิที่เหลือ ใส่ข่า ตะไคร้ ใบมะกรูด ต้มพอเดือดแล้วใส่ปลาช่อนที่ต้มไว้ตอนแรกลงไป รอให้เดือดอีกครั้ง
 3: ใส่หัวปลี ใส่หัวกะทิ ปรุงรสน้ำปลา น้ำตาลทราย ปิดไฟ เติมน้ำมะนาว พริกขี้หนู"
ผัดกะหล่ำปลี(หมู​สามชั้นทอดกรอบ)​🐷,"1: หั่นผักกะหล่ำ​ปลี​และมะเขือเทศ​ มะเขือ​เทศ1ลูกแบ่ง4จ้า​
 2: หมู​สามชั้นหั่นประมาน2ซม.
 3: เปิด​แก๊ส​🔥ตั้ง​กระทะ​ นำหมู​สามชั้นลงไปคั่วให้น้ำมันหมูออกมา
 4: คั่วไปเรื่อย​ๆจะได้สีเหลือง​และหมูจะมี​ความกรอบ
 5: ตักหมู​ขึ้นมาพักสะเด​็ดน้ำมันไว้
 6: เปิดไฟ🔥ตั้งกระทะอีกรอบ​ ไม่ต้องใส่น้ำมัน​ ใส่ผักกระกล่ำปลี​กับมะเขือ​เทศ​
 7: ปรุงรส​ด้วยซอสปรุงรส​ ซอส​หอยนางรม​ น้ำตาล​ทราย​ ผงปรุงรส​ พริกไทย​ป่น​ และตามด้วยน้ำเปล่า​
 8: คนให้เข้า​กัน​👩‍🍳
 9: ผัดกระหล่ำปลีให้สุกได้ที่แล้วตามด้วยหมูที่ทอดไว้🐷
 10: คนหมูกับกระหล่ำ​ปลี​ให้เข้ากันประมาน10วินาที​🕑แล้วปิดแก๊ส​เลยจ้า🔥
 11: พร้อมเสริฟ​แล้วจ้า😋"
สาคูต้นมะพร้าวอ่อน,"1: ตั้งน้ำมะพร้าวให้เดือด
(ถ้าให้ดีใส่ใบเตยลงไปต้มด้วยเพื่อเพิ่มความหอม)
 2: เมื่อน้ำมะพร้าวเดือดใส่สาคูลงไป
คนตลอดเวลาจนเม็ดสาคูใสเป็นตากบ
 3: ใส่น้ำตาลลงไป
 4: ใส่มะพร้าวลงไปคน
ถ้าใครชอบข้าวโพดจะใส่เพิ่มก็ได้เหมือนกัน
 5: ตักสาคูพักทิ้งไว้แล้วมาทำกะทิราดกันต่อ
 6: ตั้งกะทิบนไฟอ่อนไม่ให้แตกมัน ใส่เกลือลงไป คนจนเกลือละลายเป็นอันใช้ได้
 7: ตักเสิร์ฟได้เลย"
ไข่พะโล้,"1: ต้มไข่ 20 ฟองให้สุก
 2: ปอกไข่รอไว้
 3: เอาเครื่องพะโล้ใส่ถุง ต้มกับน้ำ 1 ลิตร
 4: เอาถุงพะโล้ออกแล้วปรุงรสด้วยน้ำตาลปึก ซีอิ้วและดอกเกลือ
ต้มให้ระอุ
 5: ใส่ไข่ลงไป
 6: ล้างเต้าหู้พวง บีบเอาน้ำออกให้มาที่สุดจะได้ไม่เป็นคราบไขมันลอยหน้า
 7: ใส่เต้าหู้พวงที่บีบน้ำออกดีแล้วลงไป
ต้มไฟอ่อนต่ออีกประมาณ 5 นาทีให้เต้าหู้ดูดน้ำพะโล้แล้วปิดไฟ
 8: จบด้วยผักชีโรยหน้า เพิ่มความสวย
เพราะมีผักชีเหลือ 😁"
ปลาราดพริกสามรส,"1: วิธีทำ
-ปลาต้องแล่เนื้ออกจากตัวทั้งสองด้าน หั่นลูดเต๋า แล้วเกลือโรยให้ทั่วเล็กน้อย-นำนื้อปลาคลุกแป้งทอด รวมทั้งทอดตัวและหัวปลา จนเหลือง กรอบซอสราด- ตั้งน้ำมะขามให้ร้อน ใส่น้ำตาล เกลือเล็กน้อย พอน้ำตาลละลาย-ใส่ซอสน้ำจิ้มไก่ มะนาว ตะไคร้ และใบมะกรูดหั่นลงไปผสมให้เข้ากัน ถ้าขนผสมน้ำได้เล็กน้อยชิมรสตามชอบ เปรี้ยวหวาน เผ็ดนิด-นำซอสมาราดบนตัวปลา โรยหน้าด้วยผักชีหั่นและถั่วลิสงคั่ว เป็นอันเสร็จ"
ผักกาดดองกระป๋องผัดหมูสับใส่ไข่ Pad Pak Gad Dong Moo Sab Sai Kai,"1: ตั้งกระทะใส่น้ำมันลงไป น้ำมันร้อนใส่พริกใส่กระเทียมลงไปผัดให้หอม
 2: จากนั้นใส่หมูสับหรือไก่สับลงไปรวนให้พอสุก 80%
 3: จากนั้นใส่ผักกาดดองที่เราหั่นไว้ใส่ลไปผัด
 4: คน้คล้าส่วรผสมให้เข้ากัน ปัดจนผักกาดดองสลดได้ที่
 5: ปรุงรสด้วยน้ำมันหอย+น้ำตาลทราย+ผงปรุงรส คนเคล้าส่วนผสมให้เข้ากันปรุงรสชาติ สามารถเพิ่มเติมได้ตามชอบ
 6: ใส่ไข่ลงไป
 7: พอไข่เริ่มสุกคนคลุกเคล้าผัดส่วนผสมทั้งหมดให้เข้ากัน ชิมรสชาติอีกครั้ง เพิ่มเติมได้ตามชอบ
 8: ใส่ต้นหอมหั่นท่อนลงไป
 9: คนเคล้าส่วนผสมทั้งหมดให้เข้ากันอีกครั้ง ปิดเตา
 10: ตักใส่จาน พร้อมเสริฟความอร่อย😍❤🥰"
ขนมปังไส้เผือก,"1: วิธีทำไส้เผือกกวน
- นำเผือกไปหั่นเต๋าแล้วนำไปนึ่ง 20 นาที
 2: - จากนั้นก็บดให้ละเอียด

 3: - นำน้ำตาลทราย เกลือและเผือกบดเทใส่กระทะกวนรวมกันจนน้ำตาลละลาย ประมาน 15 นาทีจนข้นเหนียว
 4: วิธีการทำขนมปัง
- ทำแป้งหมัก โดยผสมแป้งขนมปัง น้ำเปล่า และยีสต์ คนผสมเข้าด้วยกัน คลุมด้วยพลาสติกถนอมอาหาร พักทิ้งไว้ ประมาณ 30 นาที หรือจนแป้งโดว์พองขึ้นเป็นสองเท่า จากนั้นคนให้ยุบตัว- ผสมไข่กับนม คนให้เข้ากัน เตรียมไว้
 5: - ผสมแป้งขนมปังอีกส่วนกับน้ำตาลทราย และเกลือป่น คนให้เข้ากัน เทส่วนผสมไข่ไก่กับนมลงไป ตามด้วยแป้งหมัก นวดจนเนื้อเนียน เทเนยลงไป นวดจนเนื้อเนียน ปั้นเป็นก้อนกลม ใส่อ่างผสมคลุมด้วยพลาสติกถนอมอาหาร พักแป้งให้ขึ้นฟูเป็นสองเท่าอีกครั้ง
 6: - พอครบเวลานำแป้งออกมาตัดเป็นก้อนเล็กหรือใหญ่ตามชอบ
 7: - นำไม้คลึงมาแผ่แป้งออกเป็นวงกลม ปั้นไส้เผือกเป็นลูกกลมแล้วเอาไปห่อกับแป้งขนมปัง
 8: - นำไปอบที่อุณหภูมิ 175 องศาเซลเซียส ด้วยไฟล่าง นานประมาณ 15-20 นาที หรือจนสุก
 9: - ทานมข้นจืดบนหน้าขนมปังเพื่อให้หน้าเงาสวย"
✿ ขนมจีน~น้ำเงี้ยว ✿,"1: เตรียมล้าง หั่น ส่วนผสมให้พร้อมนะคะ เวลาทำจะได้จับใส่ง่ายๆ ^^
 2: ตั้งหม้อไฟอ่อน ลวนหมูบด สันคอหมูและซี่โครงหมู ลวนๆไปให้พอสุกนะคะ
 3: พอหมูสุกตึงๆ ใส่พริกน้ำเงี้ยวไปผัดเลยค่ะ
 4: ตามด้วยดอกเงี้ยวที่แช่น้ำจนนิ่ม รากผักชี ผัดไปด้วยกันเลยค่ะ
 5: เติมน้ำสักครึ่งหม้อค่ะ
 6: ใส่คนอร์ 1 ก้อน
 7: ตามด้วยตีนไก่และเปิดไฟกลางให้เดือด จากนั้นก็ลดไฟอ่อน ตั้งตุ๋นไปเลยค่ะ 2-3 ชั่วโมงตามเราชอบเลยค่ะ ซี่โครงหมู กับตีนไก่จะได้เปื่อยๆเราชอบมาก ^^
 8: ครบเวลา 2-3 ชั่วโมงแล้ว เติมเลือดไก่ลงไปค่ะ ค่อยๆใส่นะคะเดี๋ยวน้ำแกงในหม้อกระเด็นใส่
 9: ตามด้วยมะเขือเทศ ตุ๋นไปอีก 30 นาทีจ้า
 10: ครบเวลาแล้วจ้า หม้อนี้ใช้เวลาเกือบ 4 ชั่วโมง ตุ๋นจนเปื่อยเข้าที่ เข้าเนื้อ มีรสอมเปรี้ยวๆของน้ำมะเขือเทศที่ออกมามันใช่มากๆค่ะ รับสักจานไหมคะเพื่อนๆ
 11: พร้อมเสริ์ฟค่ะ รับสักถ้วยไหมคะ ^_^"
✿ ขนมจีน~น้ำเงี้ยว ✿,"1: เตรียมล้าง หั่น ส่วนผสมให้พร้อมนะคะ เวลาทำจะได้จับใส่ง่ายๆ ^^
 2: ตั้งหม้อไฟอ่อน ลวนหมูบด สันคอหมูและซี่โครงหมู ลวนๆไปให้พอสุกนะคะ
 3: พอหมูสุกตึงๆ ใส่พริกน้ำเงี้ยวไปผัดเลยค่ะ
 4: ตามด้วยดอกเงี้ยวที่แช่น้ำจนนิ่ม รากผักชี ผัดไปด้วยกันเลยค่ะ
 5: เติมน้ำสักครึ่งหม้อค่ะ
 6: ใส่คนอร์ 1 ก้อน
 7: ตามด้วยตีนไก่และเปิดไฟกลางให้เดือด จากนั้นก็ลดไฟอ่อน ตั้งตุ๋นไปเลยค่ะ 2-3 ชั่วโมงตามเราชอบเลยค่ะ ซี่โครงหมู กับตีนไก่จะได้เปื่อยๆเราชอบมาก ^^
 8: ครบเวลา 2-3 ชั่วโมงแล้ว เติมเลือดไก่ลงไปค่ะ ค่อยๆใส่นะคะเดี๋ยวน้ำแกงในหม้อกระเด็นใส่
 9: ตามด้วยมะเขือเทศ ตุ๋นไปอีก 30 นาทีจ้า
 10: ครบเวลาแล้วจ้า หม้อนี้ใช้เวลาเกือบ 4 ชั่วโมง ตุ๋นจนเปื่อยเข้าที่ เข้าเนื้อ มีรสอมเปรี้ยวๆของน้ำมะเขือเทศที่ออกมามันใช่มากๆค่ะ รับสักจานไหมคะเพื่อนๆ
 11: พร้อมเสริ์ฟค่ะ รับสักถ้วยไหมคะ ^_^"
หมูทอดกระเทียม,"1: นำเนื้อหมูหมักกับ รากผักชี กระเทียมพริกไทยผงปรุงรส
แป้งข้าวโพด ทิ้งไว้ประมาณ 5 นาที
 2: ตั้งกระทะบนไฟปานกลาง ใส่น้ำมัน รอจนร้อน ใส่หมูที่หมักไว้ลงไปทอดจนสุกเหลือง นำขึ้นจากกระทะสะเด็ดน้ำมัน
 3: จัดใส่จาน โรยหน้าด้วยกระเทียมเจียว พร้อมเสิร์ฟ"
ปลาทูต้มใบมะขามอ่อน,"1: ขออนุญาตอวดปลาทูสดๆ เนื้อเด้งตาใสปิ๊งนิดหน่อยนะคะ 🥰
 2: ต้มน้ำให้เดือดปรับไฟกลางแล้วค่อยๆใส่ปลาลงไปต้มไปสักพัก
 3: ระหว่างรอปลาทูสุกก็มาทำเครื่องต้มยำทุบแล้วหั่นนะจ๊ะ มะนาวก็นวดๆเอาใจก่อนจะหั่นซะหน่อย
 4: นี่ ใบมะขามอ่อนมีฤทธิ์เป้นยสระบายอ่อนๆ ใบอ่อนจะเปรี้ยวนวลไม่หอมอะไรหรอกค่ะแต่เปรี้ยวพอสดชื่นตามร้านจะไม่เจอแบบนี้นานแล้วส่วนมากเจอแต่ใบแก่ที่ไร้รสชาติเนอะ
 5: ปลาทูสุกแล้วปรุงรสด้วยน้ำปลาน้ำตาล แล้วเขี่ยให้ช่องเครื่องต้มยำได้มีที่โดนน้ำร้อนหน่อย
 6: ใส่พริกและใบมะขามอ่อนลงไปแล้วปิดไฟค่ะ จากนั้นบีบมะนาวตามลงไปเลย
 7: แหวกๆ ให้เห็นปลาทูกันหน่อย
งานนี้ไม่มีผักชีโรยหน้านะคะมีแต่ผักชีข้างชามไม่งั้นจะไม่เห็นปลาทูเลย"
ผัดผักเยอะ เครื่องปรุงน้อย,"1: หั่นผักทุกชนิดตามปริมาณที่ต้องการทาน ขนาดพอประมาณ
 2: นำผักที่หั่นลวกในน้ำเดือดจนสึกพอประมาณ
 3: ตั้งกระทะใส่น้ำมันดอกทานตะวันเล็กน้อย เปิดไฟกลางพอร้อนใส่กระเทียมทุบลงไป
 4: ใส่หมูที่หั่นลงในกระทะที่กระเทียมเริ่มเหลืองเล็กน้อย
 5: หมูเริ่มสุกใส่ผักทั้งหมดลงไปผัดให้เข้ากันแล้วปรุงรสด้วยซอสหอยนางรม ซีอิ๊วขาว
 6: ผัดจนเข้ากันแล้วเติมน่ำสะอาดเล็กน้อยไม่ให้แห้งจนเกินไป ผัดพอเข้ากันแล้วตีดเสิร์ฟได้เลยค่าา"
ต้มยำไก่ผัดแห้ง,"1: นำสะโพกไก่ มาล้างน้ำให้สะอาด แล้วหั่นชิ้นพอดีคำๆๆ
 2: ตั้งกะทะไฟกลาง แล้วใส่ พริกเผาลงไป ผัดให้หอม
 3: ใส่ไก่ลงไปผัดกับพริกแล้วเติมน้ำต้มลงไปนิดนึง
 4: พอไก่เริ่มสุก ให้ใส่พริก ข่า ตะไคร้ ที่ทุบแบบหยาบๆ รวมทั้งใบมะกรูด ลงไป
 5: ตามด้วย น้ำปลา น้ำตาล และน้ำต้มสุก ที่เหลือ ผัดจนไก่สุก
 6: ปิดไฟกระทะ แล้วบีบมะนาวลงไปแล้วคลุกให้ทั่วๆ
 7: ตักใส่จานเสริฟได้"
ไก่ต้มขมิ้น,"1: ตั้งน้ำต้ม พอเดือดใส่ไก่ ตะไคร้ กระเทียม หอมแดง ขมิ้น ผงปรุงรส
 2: หมั่นช้อนฟองทิ้ง
 3: ปรุงรสด้วยน้ำมะขามเปียก เกลือ
 4: พอไก่เปื่อยนุ่ม ปิดไฟ ใส่ใบมะกรูดฉีก
 5: เสร็จพร้อมเสริฟ"
หน่อไม้ผัดพริกแกงหมูสับ,"1: 1. ตั้งกระทะบนไฟกลางๆให้ร้อน ใส่น้ำมันลงไป ใส่หมูสับลงผัดจนสุก

 2: 2. ใส่น้ำพริกแกงเผ็ดลงผัดให้เข้ากัน

 3: 3. ใส่หน่อไม้ลงผัด ปรุงรสด้วยน่ำตาลทราย น้ำปลา ชิมรสดูให้ออกรสเค็มๆ เผ็ดๆ
 4: 4. ใส่ใบมะกรูด พริกไทยอ่อน และพริกชี้ฟ้าซอย แล้วผัดให้เข้ากันอีกทีตักเสิร์ฟ"
ข้าวยําไก่แซ่บ🌶️,"1: แล่อกไก่ชิ้นไม่หนาหรือบางเกินไป ปรุงรสด้วยเกลือและพริกไทยป่น
 2: นำแป้งชุบทอดผสมน้ำเปล่า คนให้ละลายเข้ากัน นำอกไก่ชุบแป้งให้ทั่ว
 3: คลุกเคล้าเกล็ดขนมปังให้ทั่ว
 4: ตั้งกระทะไฟกลาง ตามด้วยน้ำมันพืช รอจนน้ำมันพืชร้อนได้ที่ นำไก่ลงไปทอด ทอดจนเหลืองกรอบน่ารับประทาน
 5: ตักขึ้นพักไว้
 6: หั่นไก่เป็นชิ้นๆ
 7: ปรุงรสด้วยน้ำปลา มะนาว พริกป่น และข้าวคั่ว ตามด้วยหัวหอมแดง ต้นหอม และสะระแหน่ ชิมรสตามชอบ
 8: พร้อมทาน 🌿🌶️"
หมึกผัดต้นหอม,"1: ล้างปลาหมึกแล้วหั่นพอดีคำ
ต้นหอมหั่นท่อนหอมใหญ่ซอยพริกเขียวแดงหั่นสไลด์
 2: ต้มน้ำให้เดือด แล้วลวกปลากหมึกแค่พอสะดุ้ง 30 วินาที
 3: ตั้งไฟใส่น้ำมัน1 ชต ใส่กระเทียมบุบลงไปผัดให้น้ำมันหอม

 4: ขั้นตอนนี่ต้องมือไวนะคะ ปรับไฟแรงขึ้น
ใส่หอมใหญ่ลงไปผัดก่อนแล้วตามด้วยหมึกลวกลงไปผัดเติมเครื่องปรุงทุกอย่างลงไปตามด้วยต้นหอม พริก ผัดเร็วแล้วปิดเตาเป็นอันเสร็จ"
ข้าวผัดแหนม,"1: หั่นแหนมเป็นชิ้นเล็กๆ แล้วตั้งกระทะ ใส่น้ำมันพอร้อน ใส่แหนมลงไปผัดแล้วตอกไข่ลงไป ยีๆ ให้เข้ากับแหนม
 2: ใส่ข้าว มะเขือเทศ และเครื่องปรุงต่างๆลงไปผัดคลุกเคล้าให้เข้ากัน แล้วใส่ต้นหอม ปิดไฟตักลงจาน"
แกงส้มผักบุ้งปลาน้ำดอกไม้,"1: เตรียมส่วนผสม
: หั่นผักบุ้งเป็นท่อน ท่อนละประมาน2 นิ้ว ล้างน้ำให้สะอาด
 2: ตั้งน้ำใส่หม้อเล็กต้มมห้เดือด หั่นปลาน้ำดอกไม้เป็นชิ้นๆ นำลงไปลวกพอสุกประมาณ 1/3 ของที่เตรียมไว้ เมื่อสุกทำมาโขลกพร้อมกับพริกแกงส้ม เพื่อความเข้มข้นของนำซุป
 3: ตั้งน้ำให้เดือด นำพริกแกงที่โขลกไว้ละลายน้ำจนหมด เมื่อน้ำเดือด ใส่ปลาน้ำดอกไม้ที่เหลือลงไป
 4: ละลายมะขามเปียก จะได้น้ำมะขามเปียกไว้เตรียมปรุงรส
 5: เมื่อน้ำเดือดอีกรอบ ใส่ผักบุ้งลงไป ปรุงรสด้วย เกลือ น้ำปลา น้ำตาลปี้บ น้ำมะขามเปียก
 6: ชิมรสชาติตามใจชอบรอจนผักสุกกน่าทานพร้อมเสริฟละค่ะ"
แกงเนื้อใบกระเพรา,"1: ตั้งกระทะ ใส่น้ำมัน ใส่พริกแกงแดงลงผัด ให้หอม
 2: ใส่เนื้อวัวลงผัด
 3: ปรุงรสด้วย น้ำปลา น้ำตาล
ใส่น้ำเปล่าเล็กน้อย
 4: ใส่ใบกระเพรา
 5: ผัดอีกนิดหน่อย
 6: ตักใส่จาน กินกับข้าวสวยร้อนๆ"
แกงหมูสามชั้น,"1: เตรียมส่วนผสม
หั่นหมูสามชั้นขนาดพอคำ
 2: ตั้งกระทะ
ใส่กะทิใส่พริกแกงเคี่ยวจนแตกมันและมีความหอมใส่หมูสามชั่นลงผัดจนสุกใส่น้ำเปล่าเคียวจนหมูนุ่ม
 3: ใส่มะเขือพวง
พริกซอยใบมะกรูกใส่น้ำปลา น้ำตาลชิมรสตามชอบใส่ใบโหระพาแล้วปิดไฟ
 4: ตักใส่จานพร้อมรับประทาน"
ข้าวผัดคะน้าปลาเค็ม,"1: ใช้น้ำมัน 4 ช้อนโต๊ะ ทอดปลาเค็มให้เหลืองสวย
 2: ยีปลาเค็มทอด เอาก้างออก พักไว้
 3: เจียวกระเทียมสับ กับน้ำมัน 1 ช้อนโต๊ะ
 4: ใส่ปลาเค็มลงผัดให้หอม
 5: เต๊าะไข่ไก่ลง ยี พอให้ไข่สุกประมาณ 70%
 6: ใส่ข้าวสวยเก่า
 7: เติมน้ำตาล
 8: เติมน้ำปลา ชิมรสตามชอบ
 9: เร่งไฟแรง ใส่คะน้า และ พริกจินดา ผัดอย่างรวดเร็ว
 10: เสร็จพร้อมเสริฟ"
ผัดพริกหยวกปลาหมึก,"1:  1
- เตรียมเครื่องปรุง ปลาหมึกหั่นพอคำ
 2:  2
- เตรียมหอมใหญ่ซอย
 3:  3
- เตรียมหั่นต้นหอม พริกหยวก
 4:  4
- นำกระทะใส่น้ำมันตั้งเตา พอร้อนใส่ปลาหมึกที่เตรียมไว้ ผัดจนเริ่มสุก
 5:  5
- ปรุงรสด้วยน้ำตาลทราย ซอสหอยนางรม ซอสปรุงรส
 6:  6
- ใส่พริกหยวกที่เตรียมไว้
 7:  7
- ใส่ต้นหอม ผัดคลุกเคล้าจนเข้ากัน ชิมรสตามชอบ
 8:  8
- ตักข้าวสวยใส่จาน ราดด้วยผัดพริกหยวกปลาหมึก ตามด้วยไข่ดาว เพียงเท่านี้ก็ได้ข้าวราดพริกหยวกปลาหมึก รสชาติอร่อย รำลึกความหลังวัยเยาว์ค่ะ"
แกงหอยแครงชะอม,"1: วัตถุดิบพร้อม
 2: นำพริกแกงลงผัดในน้ำมันให้หอม
 3: เติมกะทิลงไปทั้งขวดคนให้ละลายรอจนเดือด
 4: เดือดดีแล้วใส่น้ำตาล น้ำปลาลงไปชิมรสให้ออกเผ็ดเค็มหวาน
 5: ใส่หอยลงไปคนให้เข้ากัน
 6: ตามด้วยชะอม คนให้กระจายตัวให้ทั่ว ชิมรสอีกครั้งครับ
 7: เสร็จพร้อมรับประทานแล้วครับ"
ขนมจีนน้ำพริก,"1: ปอกเปลือกกุ้งดึงขี้ออก ดึงหางออก นำไปต้มใส่น้ำไม่ต้องท่วมกุ้งมากพอกุ้งเริ่มเปลี่ยนสีปิดเตา แยกเนื้อกุ้งกับน้ำออกจากกัน (เก็บน้ำต้มกุ้งไว้) แล้วนำกุ้งไปตำหรือหั่นให้ละเอียด
 2: นำกะทิไปตั้งไฟพอเริ่มร้อนใส่เนื้อระกำ (ถ้าไม่มีใช้น้ำมะขามเปียก) ตามด้วยน้ำตาลปี๊บบี้ให้ละลาย
 3: นำพริกแกงแดงมาผัดน้ำมันให้หอมแล้วใส่ไปในกะทิที่ต้มไว้ ตามด้วยเนื้อกุ้ง และไตปลา
 4: คอยคนไปเรื่อยๆ ใส่ หอมเจียว, กระเทียมเจียว, ถั่วป่น

 5: ผ่ามะกรูดแคะเม็ดออกใส่ลงในน้ำยาทั้งลูก
 6: พอน้ำยาเริ่มข้นใส่ผักชีคนให้ทั่วแล้วปิดเตาได้เลย"
ตำยอดมะพร้าวกุ้งแช่น้ำปลา,"1: วัตถุดิบหลักสำหรับอาหารในวันนี้
- เตรียมพริกแห้ง/พริกสด กระเทียม- ล้างยอดมะพร้าว ผักก้านจอง ถั่วฝักยาว และมะเขือเทศให้สะอาด พักไว้ให้สะเด็ดน้ำ
 2: 1. เมื่อล้างยอดมะพร้าวแล้ว ให้ตัดแบ่งยอดมะพร้าวออกเป็นท่อน (ยาวประมาณ 1.5 นิ้ว)2. จากนั้นซอยให้เป็นแท่งๆ กว้างประมาณ 0.5 ซม. (ตามภาพ)
 3: ล้างผักก้านจองให้สะอาด และหั่นเป็นท่อนๆ พักไว้ เตรียมลวก
 4: 1. นำยอดมะพร้าวลงต้มในน้ำเดือดประมาณ 5 นาที เพื่อความสะอาด
2. เมื่อต้มเสร็จแล้ว ตักขึ้นให้สะเด็ดน้ำ ลงแช่ในน้ำเย็นจัดทันที ซาวให้ทั่ว สงขึ้นให้สะเด็ดน้ำ พักไว้
 5: 1. ลวกผักก้านจอง ประมาณ 15 วินาที
2. ตักขึ้นให้สะเด็ดน้ำร้อน และแช่ในน้ำเย็นจัดทันที ซาวให้ทั่ว สงขึ้นให้สะด็ดน้ำ พักไว้
 6: โขลกพริกแห้ง/พริกสด ให้แหลก 50%
 7: ใส่กระเทียมลงโขลกต่อ
 8: - หลังจากโขลกพริกกับกระเทียมจนได้ที่แล้ว ใส่ถั่วฝักยาวเด็ดท่อนลงไป
- บุบถั่วฝักยาวพอแหลก
 9: หลังบุบถั่วฝักยาวพอแหลกแล้ว ใส่มะเขือเทศสีดาหั่นเสี้ยวลงไป
 10: ใส่น้ำตาลโตนด/น้ำตาลปี๊บ
 11: ใส่มะกอก (สุก) ลงไป
 12: ใส่น้ำปลาร้าต้มสุก
 13: บีบมะนาว และใส่เปลือกลงไปด้วย
 14: คลุกเคล้าให้เครื่องปรุงและผักทุกอย่างเข้ากัน โดยใช้สากคลึงน้ำตาลโตนด/น้ำตาลปี๊บให้ละลาย และใช้ทัพพีคลุกเคล้าทุกอย่างให้เข้ากัน
 15: ใส่กุ้งและน้ำดองกุ้งลงในครก คลุกเคล้าให้เข้ากัน
 16: ใส่ยอดมะพร้าวลงไปคลุกเคล้าให้เข้ากัน
 17: เสร็จเรียบร้อย พร้อมรับประทาน"
ยำปลาไข่ทอดกรอบ,"1: 1.ผสมแป้งโกกิ,ผงออริกาโน,พริกไทย,เกลือ,กระเทียม
 2: 2. ชุบปลาไข่ในแป้งโกกิ
 3: 3.ชุบปลาไข่ในไข่ไก่
 4: 4.ชุบปลาไข่ในเกล็ดขนมปัง
 5: 5.นำปลาไข่ทอดในน้ำมัน ไฟกลาง
 6: 6.นำดอกอัญชันชุบแป้ง-ไข่ไก่-เกล็ดขนมปังที่เหลือ นำไปทอดใช้ไฟกลาง
 7: 7.ผสมน้ำยำ น้ำมะนาว น้ำพริกเผา พริกหั่น น้ำปลา น้ำตาล หัวหอม
 8: 8.นำปลาไข่ทอด หั่นตัวละ 4 ส่วน และดอกอัญชัน ลงคลุกในน้ำยำ
 9: 9. ตักใส่จานเสริฟ ถ้ารสชาติไม่เข้าเนื้อ อาจเสริมด้วยนำ้จิ้มไก่"
ยำแตง 🥒,"1: ผสมน้ำมะนาว น้ำเชื่อม และน้ำปลา ชิมรสตามชอบ
 2: เติมพริกขี้หนูและหัวหอมแดง
 3: สับแตงล้านเตรียมไว้
 4: คลุกเคล้าให้เข้ากัน พร้อมทาน"
สปาเก็ตตี้ผัดต้มยำหมู,"1: ผัดหมูชิ้นกับน้ำมันจนสุก
ใส่น้ำซุปลงไป1ตะหลิวตามด้วยพริกเผา พริกขี้หนูตำ เครื่องต้มยำกั่นฝอยเห็ดฟาง ปรุ่งรส น้ำปลา น้ำตาล ใส่น้ำสด ผัดให้เข้ากัน
 2: นำเส้นสปาเก็ตตี้ลงผัดให้เข้ากัน
 3: ตักขึ้นใสจาน โรยด้วยผักชี มะนาวหั่นซีก พริกทอด พร้อมทาน"
ดอกขจรผัดวุ้นเส้น,"1: แช่วุ้นเส้นในน้ำจนนิ่มนำขึ้นพักไว้ให้สะเด็ดน้ำ หั่นครึ่งมะเขือกเทศราชินี, ดอกขจร เด็ดคั่วดอกส่วนที่แข็งๆทิ้งแล้วล้างน้ำให้สะอาด
 2: ตั้งกระทะโดยใช้ไฟกลาง พอกระทะร้อนแล้วใส่น้ำมัน พร้อมทั้งตามด้วยกระเทียมลงผัดจนกระเทียมส่งกลิ่นหอม
 3: เพิ่มไฟเล็กน้อย ใส่ไข่ลงไปคนช้า ๆ จนไข่เกือบสุก ตามด้วยดอกขจร มะเขือดเทศ ซีอิ้ว น้ำมันหอย น้ำตาล ผัดจนเข้ากัน ใส่วุ้นเส้นลงผัด (อย่างเบามือ) ถ้าแห้งไปให้คอยเติมน้ำทีละนิดจนเส้นนุ่มลองหยิบมาชิมรสชาติและวุ้นเส้น หากสุกแล้วตักใส่จาน โรยพริกไทยป่น พร้อมเสิร์ฟ"
ผัดพริกแกงลูกชิ้นถั่วฝักยาว,"1: ล้าง ผ่าลูกชิ้น
 2: ทอดให้หอม
 3: ล้าง หั่น ถั่วฝักยาว
 4: เทน้ำมันทอดลูกชิ้นออก เหลือแค่เคลือบกะทะ ผักพริกแกง เติมซอสหอยนางรม น้ำตาล น้ำนิดหน่อย ชิมรสตามชอบ
 5: ใส่ถั่วฝักยาวผัด
 6: เติมลูกชิ้นทอด
 7: ใส่โหระพา
 8: เสร็จพร้อมเสิรฟ"
น้ำมันกระเทียมเจียว,"1: ปอกเปลือกกระเทียมน นำมาสับให้ละเอียด
 2: ตั้งกระทะไฟอ่อน นำกระเทียมลงไปเจียว จนเริ่มเปลี่ยนสี
 3: ตักขึ้นค่ะ เสร็จแล้วค่ะ ทำง่ายมากๆเลยใช่ไหมคะ :) แต่นี้ก็จะได้น้ำมันกระเทียมเจียวหอมๆไว้คลุกหรือทำอาหารตามต้องการค่ะ"
มะเขือยาวผัดเต้าเจี้ยว,"1: ล้างมะเขือยาว,ใบโหระพา,พริกขี้หนู พักให้สะเด็ดน้ำ
 2: -มะเขือยาว นำมาหั่นตามชอบให้มีชิ้นขนาดเท่าๆกัน(จะหั่นเฉียงหรือหั่นเป็นวงหนาๆก็ได้ แช่ลงในน้ำเปล่าที่ละลายเกลือป่นผสม-ใบโหระพา นำมาเด็ดใช้แต่ส่วนที่เป็นใบ-พริกขี้หนู จะนำมาตำหรือทุบแล้วสับหรือหั่นหยาบๆก็ได้-พริกชี้ฟ้า หั่นเฉียงๆ
 3: ตั้งกระทะใส่น้ำมัน รอจนน้ำมันร้อน ไฟแรง นำมะเขือยาวลงไปทอดแบบเร็วๆอย่านาน (บางตำราเรียกฉ่า)พอสุกรีบตักขึ้นพักไว้บนกระชอน
 4: -เทน้ำมันออกให้เหลือ ติดกระทะ นิดเดียว
-ใส่กระเทียมสับ ผัดให้กระเทียมุสุกหอมเหลือง-ใส่พริกแดงจินดา(พริกขี้หนู)ผัดให้มีกลิ่นหอม-ตามด้วยหมูสับ ผัดให้หมูสับ สุก
 5: -ใส่เต้าเจี้ยว
-ใส่มะเขือยาว ผัดให้เต้าเจี้ยวคลุกเคล้าเข้ากับมะเขือยาว ผัดแบบเร็วๆแต่อย่าผัดนาน-ถ้าเห็นว่าที่ผัดอยู่แห้งไปให้เติมน้ำเปล่าหรือน้ำซุปได้ แต่บางครั้งจะมีน้ำออกจากมะเขือเพราะเราแช่มะเขือยาวลงในน้ำเกลือ
 6: -ใส่เครื่องปรุงต่างๆ คือ ผงคนอร์อร่อยชัวร์+น้ำมันหอย+ซีอิ้วขาว+ซอสปรุงรส+น้ำตาลทราย ชิมให้ได้รสตามที่ชอบ-ใส่พริกชี้ฟ้า-ใส่ใบโหระพา-โรยด้วยพริกไทยป่น-ปิดไฟตักใส่จาน"
อกไก่ผัดกระเทียมพริกไทย,"1: 1. ลอกหนังอกไก่และหั่นเป็นชิ้นบางๆ
 2: 2. เตรียมกระเทียมและพริกไทย
 3: 3. สับกระเทียมหยาบๆ
 4: 4. ใช้เนยแทนน้ำมัน เพิ่มความหอมค่ะ การเลือกใช้แล้วแต่ชอบเลยนะคะ
 5: 5. ละลายเนยด้วยไฟอ่อนๆใส่กระเทียมสับลงไป
 6: 6. เจียวกระเทียมจนมีสีเหลืองหอม แล้วใส่ไก่ลงไปผัด
 7: 8. ปรุงรสด้วยซอสปรุงรสตามใจชอบ
 8: 7. ผัดจนไก่สุก ใส่พริกไทยลงไปแล้วผัดให้เข้ากันอีกครั้ง ตักใส่จานได้เลยค่ะ"
น้ำซุปโครงไก่,"1: นำน้ำเปล่าใส่หม้อตามด้วยโครงไก่ที่สับแล้วลงไป ใช้ไฟแรงต้มจนเดือด ให้ฟองและคราบเลือดลอยขึ้นมา จากนั้นช้อนออก แล้วปรับไฟมาเป็นไฟกลาง
 2: ใส่แครอทหั่นหัวหอมใหญ่หั่นลงไป
 3: ตามด้วยกระเทียมพริกไทยรากผักชีตำละเอียด ปรุงรสด้วยซีอิ๊วขาวและเกลือเล็กน้อย ต้มต่อไปให้เดือด ปรับเป็นไฟอ่อน ประมาณ 10 นาที
 4: สามารถนำน้ำซุปที่ได้ไปใช้ได้ทันทีหรืออุ่นต่ออีกครั้งให้เดือด เพื่อให้ผัก นิ่มเปื่อยดี
 5: นำน้ำซุปที่ได้ ไปทานได้ทันทีหรือนำ ไปปรุงอาหารอื่นๆเช่นแกงจืด"
ไข่ต้มทรงเครื่อง,"1: นำไข่ไก่ไปต้มให้สุก แล้วปลอกเปลือก ผ่าครึ่ง
 2: นำไข่ไก่ที่ผ่าครึ่งแล้วเอาไข่แดงออกนำมาผสมกับหมูสับปรุงรสชาติ
 3: นำเนื้อหมูที่ปรุงรสมาใส่ในไข่ไก่ที่ต้มสุกแล้วแล้วนำไปนึ่งให้เนื้อหมูสุก
 4: พอนึ่งจนสุกแล้วนำขึ้นจัดจานตกแต่งด้วยผักชีให้สวยงาม"
ฉู่ฉี่ปลาหมอ,"1: เตรียมเครื่องปรุงและส่วนผสม
 2: โขลกส่วนผสมเครื่องสมุนไพรในครกตำพอช้ำๆ
 3: เอาเครื่องสมุรไพรลงต้มกับหางกะทิและพริกแกง 100 กรัม (ผสมกันระหว่าพริกแกงเผ็ดกับพริกแกงพะแนงพร้อมกระชายสับ)ตั้งไฟให้เดือด
 4: นำปลาหมอลงไปต้มให้สุก ประมาณ 10-12 นาที
 5: ทำน้ำพริกแกงราดทับตัวปลา โดยนำหัวกะทิ 300 กรัมผัดกับพริกแกงที่เหลืออยู่ ผัดจนแตกมัน ใส่กระชายซอย ปรุงรสด้วย น้ำปลา น้ำตาล ซอสปรุงรส
 6: นำปลาหมอที่สุกแล้วเรียงบนจาน ราดทับด้วยพริกแกงฉู่ฉี่ โรยหน้าด้วยใบมะกรูดซิยละเอียด พร้อมรับประทาน"
ก๋วยเตี๋ยวเนื้อสับ,"1: เปิดเตา ผัดเส้นกับกระเทียมให้หอมใส่จานรอไว้กับผัก
 2: ใส่น้ำมันเจียวกระเทียม หอมใหญ่ เนื้อสับ มะเขือเทศ ผงกะหรี่ เติมน้ำ ปรุงรสตามชอบแล้วตักราดบนเส้นที่พักไว้ได้เลย"
ปลาทูทอด,"1: ใส่น้ำมันลงไปในกระทะแล้วรอจนร้อนโดยใช้ไฟอ่อน
 2: นำปลาทูลงไปทอดในกระทะ โดยไม่พริกกลับด้านบ่อย และปลาที่ทอดจะต้องเป็นเวลาที่ตัวไม่ใหญ่มาก"
ผัดกะเพราไข่ดาวราดข้าว,"1: สับกระเทียมและพริกป่นเตรียมไว้ ตั้งน้ำมันให้ร้อน นำกระเทียมและพริกลงไปผัดจนหอม
 2: ใส่หมูสับตามลงไป ยีจนหมูแตกตัวผัดจนพอเปลี่ยนสี ปรุงรสด้วยซอสต่างๆ เติมน้ำเปล่าเล็กน้อย ใส่ใบกะเพราลงไปส่วนนึง เหลือไว้เล็กน้อย ผัดจนทุกอย่างสุกทั่วกัน แล้วใส่ใบกะเพราที่เหลือตามไป
 3: ทอดไข่ดาว ตักกะเพราลงมาราดบนข้าว พร้อมเสิร์ฟ"
หัวใจไก่ผัดกระเพราโบราณ,"1: เตรียมเครื่อง
 2: ทุกอย่างหั่นให้พร้อม
 3: พริกตำกับกระเทียมผัดผัดให้หอมฉุย
 4: ใส่เนื้อสัตว์ทั้งหมดลงไปพร้อมใบมะกรูด
 5: เติมน้ำเล็กน้อย
 6: เนื้อไก่และเครื่องในสุกดีแล้วปรุงรสตามชอบเลยครับ
 7: ใส่ใบกระเพราและพริกชี้ฟ้าเป็นอันดับสุดท้าย เขย่าๆให้เข้ากัน
 8: พร้อมเสริฟแล้วครับ"
อาหารไทย ข้าวแมว,"1: แกะเนื้อปลาทู,บุบกระเทียม
 2: ตั้งกระทะใส่น้ำมันเล็กน้อยเจียวกระเทียมให้เหลืองตามด้วยเนื้อปลาทูรวนจนแห้ง ใส่ข้าว ปรุงรส ผัดให้เข้ากัน เรียบร้อย
 3: พริกน้ำปลา พริกขี้หนู หอมแดง น้ำปลา น้ำมะนาว ตัดรสน้ำตาลเล็กน้อย"
หมูสามชั้นต้มน้ำจิ้มซีฟู้ด,"1: ต้มสามชั้นกับตะไคร้ และข่า ให้เปื่อยนุ่ม
 2: โขลกพริกจินดา กระเทียม ทำน้ำจิ้มซีฟู้ด หั่นสามชั้นเป็นชิ้นพอคำ เสร็จพร้อมเสริฟ"
ไข่ลูกสะใภ้ 🍳,"1: ตอกไข่ใส่ภาชนะ
 2: ตั้งกระทะไฟแรง ตามด้วยน้ำมันพืช รอจนร้อนได้ที่ (มีควันขึ้น) จากนั้นตอกไข่ลงไป ทอดจนสุกตามชอบ (เราชอบแบบไข่ขาวกรอบ ไข่ดาวยังเป็นยางมะตูมเยิ้มๆนะคะ)
 3: ตักขึ้นพักไว้
 4: ตั้งกระทะไฟกลางตามด้วยเติมน้ำเล็กน้อย ตามด้วยน้ำมะเปียก น้ำตาลปี๊บ น้ำปลา เคี่ยวจนข้น ชิมรสตามชอบ ปิดไฟ
 5: นำซอสราดลงไปไข่ดาว ตามด้วยหอมเจียว พริกทอด และผักชี พร้อมทาน ❤️"
ก๋วยเตี๋ยวคั่วทะเล,"1: ตั้งกระทะใส่น้ำมันพอร้อน ใส่กุ้งและหมึกกรอบแช่ลงไปผัดให้สุก
 2: ใส่เส้นใหญ่ตามลงไป เติมตังฉ่ายและซีอิ๊วขาว ผัดให้เข้ากัน เกลี่ยเส้นมาพักไว้ด้านข้าง
 3: ตอกไข่ลงไป ยีไข่เล็กน้อย รอจนไข่เซ็ทตัวจึงผัดเส้นรวมกับไข่จนเข้ากัน โรยต้นหอมผัดเคล้าให้เข้ากัน ปิดไฟ
 4: เสิร์ฟโดยใช้ผักกาดหอมรองจาน โรยพริกไทยขาวป่น เป็นอันเสร็จ"
แกงจืดฟักอ่อนหมูสับ,1: 1. นำกุ้งแห้งมาแช่น้ำ พร้อมใส่เห็ดหอมแห้งลงไปด้วยแช่น้ำทิ้งไว้ 1-2 ชั่วโมง พอครบชั่วโมงให้นำเห็ดหอมมาหั่นเป็นชิ้นๆพักไว้2. หั่นฟักอ่อนเป็นชิ้นพอดีคำไว้ จากนั้นซอยผักชีไว้3. นำน้ำ 1 ชามใส่หม้อต้มให้เดือด จากนั้นใส่ผงปรุงรสลงไป ตามด้วยน้ำและเนื้อกุ้งแห้งที่แช่ไว้ลงไป ใส่หมูสับปั้นเป็นก้อนลงไปขณะน้ำเดือด จากนั้นใส่ฟักอ่อนที่หั่นตามลงไป ปรุงรสด้วยซีอิ้วขาวน้ำตาล และใส่เห็ดหอมหั่นลงไป ต้มเคี่ยวไปประมาณ 10นาที จากนั้นเสริฟใส่ชาม โรยพริกไทยเล็กน้อย และผักชีลงไปค่ะ
กะเพราทูน่า 🌶️,"1: นำพริกขี้หนูและกระเทียมปั่นพอละเอียด เติมน้ำเปล่าเล็กน้อย
 2: นำทูน่าออกจากกระป๋อง แยกเนื้อทูน่าออกจากน้ำแร่ให้แห้ง
 3: ตั้งกระทะไฟกลาง ตามด้วยน้ำมันถั่วเหลืองเล็กน้อย นำทูน่าไปผัดพอแห้ง
 4: ตามด้วยพริกขี้หนูและกระเทียมที่ปั่นไว้
 5: ปรุงรสด้วย น้ำตาลทราย อร่อยชัวร์ และซอสหอยนางรม ชิมรสตามชอบ
 6: ตามด้วยใบกะเพรา ปิดไฟ
 7: พร้อมทานค่ะ ~"
แกงเทโพใส่หมูสามชั้น,"1: ตั้งกระทะใช้ไฟกลาง ..เทหัวกะทิลงไปสักครึ่งหนึ่ง..รอให้กะทิเดือดและแตกมันเล็กน้อย..หมั่นคนอย่าให้กะทิเป็นลูก..
 2: พอกะทิแตกมันดี ก็ใส่พริกแกงลงไปผัด ผัดจนหอม...เมื่อพริกแกงเริ่มส่งกลิ่นหอม ก็ใส่ หมูสามชั้น ตามลงไปผัด และเติมกะทิลงไปเล็กน้อย เพื่อไม่ให้พริกแกงแห้งเกินไป
 3: พอหมูเริ่มสุก ก็เทน้ำกะทิที่เหลือลงไป..เร่งไฟให้แรงขึ้น และก็ปรุงรส โดยใส่ผงปรุงรสคนอร์ เกลือป่น น้ำปลา น้ำตาลปี๊บ และน้ำมะขามเปียก
 4: พอน้ำแกงเดือดชิมรสดู เพิ่มเติมรสได้ตามชอบ..เมื่อได้รสตามชอบแล้ว..ก็ให้นำมะกรูดบีบน้ำใส่ลงไป และใส่ลูกมะกรูดที่บีบน้ำแล้วลงไปด้วย
 5: ตามด้วยผักบุ้ง โดยบีบ ๆผักบุ้งซะหน่อย เพื่อที่จะให้ผักบุ้งดูดซึมน้ำแกงได้ดี...พอแกงเดือดจนผักบุ้งสุก และนิ่มได้ที่ ก็ฉีกใบมะกรูดตามลงไป... ราดด้วยหัวกะทิที่เหลือ คนพอให้เข้ากัน เดือดอีกครั้งก็ปิดไฟได้เลยค่ะ"
ไก่คั่วสมุนไพร,"1: เตรียมเนื้อไก่ หั่นชิ้นพอดีคำ
 2: นำตะไคร้หั่นซอย กระเทียม พริกขี้หนู ลงไปโขลกในครกให้พอเเตกกลิ่นหอม
 3: ตั้งกระทะใส่น้ำเปล่า
 4: นำที่โขลกในครกลงไปผัดในกระทะให้พอเหลือง มีกลิ่นหอมจากน้ำมันผิวใบมะกรูด ตะไคร้
 5: เนื้อไก่ลงไปผัดรวนด้วยไฟอ่อนจนสุก ใส่เครื่องปรุงต่างๆลงไป
 6: เมื่อสุดตักใส่จาน ตกแต่งด้วยพริกชี้ฟ้าหั่นซอย เเละใบมะกรูด พอสวยงาม"
หมูสามชั้นทอดกรอบ(กรอบมากกรอบนานกรอบอร่อย),"1: นำหมูล้างให้สะอาดหั่นเป็นชิ้นพอดีคำ ใส่ลงในชามผสมนำ น้ำปลา+น้ำตาล+พริกไทยป่น+แป้งทอดกรอบ+น้ำเย็นจัด ใส่ลงไป คนเคล้าส่วนผสมให้เข้ากัน จากนั้นนำกระทะตั้งไฟ ใส่น้ำมันลงไป ใส่แป้งทอดกรอบลงไปในน้ำมัน คนแป้งทอดกรอบให้เป็นเนื้อเดียวกันกับน้ำมัน พอน้ำมันร้อนได้ที่ใส่หมูลงไปทอด
 2: ทอดครั้งที่ 1 พอสุกให้มีสีเหลืองทองสวยงาม นำพักขึ้นสะเด็ดน้ำมัน พักหมูให้คลายความร้อน
 3: นำหมูลงไปทอดรอบ2 ใส่ใบมะกรูดลงไปทอดด้วย เพิ่มความหอมและสีสัน
 4: พอสุกได้ที่ ตามที่เราต้องการแล้ว จัดใส่จาน เสริฟพร้อมปักสด น้ำจิ้มแจ่ว และข้าวเหนียวร้อนๆ พร้อมทานคะ😊❤🥰"
ปลาดอลลี่ผัดพริกเผา เมนูผัด ลดน้ำมัน,1: ลวกปลาดอลลี่ก่อนค่ะ ไม่ต้องนานมากเพราะเดี๋ยวเอามาผัดอีกค่ะ
น้ำซุปหัวไชเท้ากระดูกอ่อน,"1: ต้มน้ำให้เดือด
 2: ล้างกระดูกอ่อนให้สะอาด
 3: ปอกและล้างหัวไชเท้าให้สะอาด ไม่ควรหั่นเล็กเกินไป เดี๋ยวต้มไปต้มมาจะเละนะคะ
 4: ใส่กระดูกอ่อนลงไปต้ม และคอยช้อนฟองออก
 5: พอน้ำใสแล้ว ปรุงรสด้วยเกลือ
 6: ซีอิ๊วขาวเห็ดหอม
 7: ผงปรุงรส
 8: พอกระดูกอ่อนเริ่มเปื่อย ใส่ไชเท้าลงไปเลยค่า
 9: พอทุกอย่างนิ่ม ก็ปิดไฟ พร้อมเสริฟค่ะ"
หมูฝอย,"1: ต้มหมูในน้ำเดือด 1 ชม. แล้วตักขึ้นพักให้เย็นฉีกเป็นเส้น ๆ พักไว้
 2: ผสมเครื่องปรุงซีอิ๊วขาวน้ำตาล พริกไทย
 3: ขยำเครื่องปรุงรสให้ละลายเข้ากันดี
 4: เทน้ำปรุงรสราดลงบนหมู ขยำคลุกเคล้าให้เข้ากัน
 5: ตั้งกระทะไฟกลาง เติมน้ำมันลงไป นำหมู ลงไปแช่ในน้ำมัน ที่ยังไม่ร้อน ได้เลย
 6: พอน้ำมันเริ่มร้อน เบาไฟลง ค่อนไปทางอ่อน หมั่นคน เป็นครั้งคราว ให้หมู สุกและน้ำตาลในเส้นหมูเปลี่ยนเป็นสีน้ำตาลแดง
 7: ใส่หอมแดงซอยลงไป เจียวพร้อมหมู
 8: พอหมูสุกเป็นสีเหลืองทอง ออกน้ำตาลแดงๆ ก็ตักขึ้นใส่กระชอน รอจนสะเด็ดน้ำมัน จนหมด หมูจะแห้งและกรอบขึ้นเอง
 9: แผ่หมูลงในถาด ให้กระจายตัวและเย็นลง จัดเก็บลงกล่องปิดฝาให้สนิท เป็นไว้ทานได้หลายวัน"
หมูเด้ง (แบบง่ายมาก),"1: เริ่มจากนำหมูสับใส่ในโถปั่น ตามด้วยแป้งมันผสมน้ำเย็น เทลงไปผสมกัน (สำหรับใครที่มีผงฟู สามารถเติมลงไปได้นะคะ)
 2: นำไปปั่นจนเนื้อเนียนละเอียด
 3: นำมาปรุงรสด้วยน้ำตาลทราย และ ซีอิ๊วขาว
 4: ตั้งหม้อไฟกลางตามด้วยน้ำเปล่า รอจนน้ำเดือดได้ที่
 5: นำหมูเด้งลงไปต้ม
 6: เมื่อสุกสังเกตว่าหมูเด้งของเราจะลอยขึ้นมานะคะ เสร็ตแล้วก็ตักขึ้น ปิดไฟ
 7: เรียบร้อยแล้วค่ะหมูเด้งง่ายๆ"
แกงกล้วยน้ำว้าดิบ,"1: -นำเกลือป่นมาละลายกีบกับน้ำเปล่า
แล้ว นำกล้วยน้ำว้าดิบมาปอกเปลือก หั่นเป็นชิ้นขนาดพอคำ แช่ลงในน้ำเกลือ
 2: -นำเกลือไปละลายกับน้ำเปล่าแบบเข้มข้น
-ปอกเปลือกกล้วยน้ำว้า(จะปลอกเปลือกยากนิดนึงมันจะติดเนื้อ) หัานกล้วยดิบเป็นชิ้นขนาดพอดีคำ-นำไปแช่ลงในน้ำเกลือเพื่อล้างยางกล้วยและไม่ให้กล้วยดำ
 3: -ต้้งกระทะบนเตา แบ่งกะทิใส่ลงไปบางส่วนเคี่ยวให้กะทิแตกมัน
-ใส่พริกแกงลงผัดให้สุกหอม-ตามด้วยเนื้อหมู ใส่กะทิส่วนที่เหลือลง
 4: -ปรุงรส ด้วยน้ำตาล น้ำปลา ชิมให้ได้รสตามที่ชอบ
-ใส่กล้วยดิบลง รอจนกล้วยสุก ใส่ใบมะกรูดฉีกกับพริกชี้ฟ้าหั่นลงไป รอเดือดอีกครั้ง ปิดไฟยกลงจัดเสิร์ฟ"
ขแกงงพะแนงหมู,1: นำกะทิใส่หม้อครึ่งนึง เหลือไว้อีกครึ่ง นึง ใส่พริกแกงพะแนงลงไปพอเดือดใส่เนื้อหมูใส่กะทิที่เหลือลงไปพอเดือดอีกครั้งปรุงรสชาติ ใส่มะเชือพวงลงไปพอมะเขือสุกปิดเตาโรยด้วยใบมะกรูกฉีกก็เสร็จคะ
ต้มข่ากระดูกหมูอ่อนใบพาย,"1: บุบหอมหัวใหญ่และพริกขี้หนูให้พอแตก
 2: ล้างกระดูกหมูอ่อนให้สะอาด แล้วนำลงต้ม
 3: ใส่รากผักชีเพื่อให้ช่วยดับคาวและเพิ่มกลิ่นรสที่ดีให้แก่น้ำซป
 4: เมื่อหมูสุกเปื่อยดีแล้ว ให้แยกส่วนน้ำซุปและเนื้อหมู
 5: ต้มน้ำซุปที่ได้ (ประมาณ1ลิตร) กับกะทิรอจนเดือด
 6: เติมส่วนเครื่องเทศของต้มข่าลงไป ได้แก่ ข่า ตะไคร้ และใบมะกรูดเล็กน้อย ต้มต่อไปจนเดือด
 7: ใส่หอมหัวใหญ่และเห็ดลงไปต้มต่อ
 8: เมื่อเห็ดสุกใส่กระดูกหมูอ่อนที่ต้มสุกแล้วใส่ลงไป
 9: จากนั้นใส่มะเขือเทศ แล้วปิดไฟ
 10: ปรุงรสซุปด้วยน้ำปลา พริกขี้หนูบุบ และพริกแห้ง
 11: บีบมะนาว ปรุงรสเปรี้ยวตามชอบ
 12: ปิดท้ายด้วยการใส่ผักชีฝรั่ง
 13: ตักจัดเสิร์ฟ"
ปลากะพงทอดขมิ้น,"1: เตรียมส่วนผสมและเครื่องปรุง
 2: ล้างปลาแล้วหั่นเนื้อปลากระพงเป็นชิ้นๆ
 3: นำขมิ้น กระเทียม ราดผักชี พริกไทยขาวเม็ดมาโขลกเข้าด้วยกันพอหยาบๆ
 4: ก็จะได้เครื่องหมัก
 5: จากนั้นน้ำส่วนผสมที่โขลกมาคลุกเคล้ากับเนื้อปลาใส่น้ำเปล่าลงไปเล็กน้อยคลุกเคล้าให้ทั่ว แล้วหมักทิ้งไว้ 30นาที
 6: หมักครบ 30นาที นำแป้งทอดกรอบมาคลุกให้ทั่วชิ้นปลา
 7: ตั้งหม้อใส่น้ำมันให้พอท่วมชิ้นปลา รอให้น้ำมันร้อนได้ที่นำปลาลงไปทอดให้เหลืองสุกกรอบทั้ง2ด้าน
 8: ตั้งขึ้นพักไว้ แล้วจัดใส่จานพร้อมเสริฟ"
กุ้งแม่น้ำคั่วเกลือ,"1: 1.ตัดหนวดกุ้ง และส่วนแหลมๆออก ไม่ต้องปอกเปลือก ล้างให้สะอาด
 2: 2.ตั้งกระทะไฟกลางใส่กุ้งลงไปในกระทะ
 3: คั่วในกระทะไปสักพักน้ำกุ้งจะออกมา ให้คั่วต่อจนน้ำเกือบแห้ง กุ้งจะเริ่มเกรียมนิดหน่อย
 4: 3.โรยเกลือและน้ำตาลทรายลงไปให้ทั่ว คั่วต่อให้เข้ากัน สักพักจะมีกลิ่นไหม้จะหอมมากๆเลยค่ะ คั่วต่อจนแห้ง ปิดไฟค่ะ
 5: 4.พร้อมทานค่ะ ^^
 6: กุ้งหัวไข่ มันเยิ้มๆ เลยค่ะ ^^"
ไก่ต้มน้ำปลาน้ำตาลมะพร้าว (สูตรไม่ใส่ซีอิ๊วดำ),"1: ล้างไก่ ตะไคร้ ใบมะกรูดและกระเทียมให้สะอาด หั่นตะไคร้เป็นท่อนๆขนาด 2-3 นิ้ว
 2: เปิดไฟใส่น้ำประมาณ 2 ช้อนโต๊ะลงในหม้อ แล้วใส่น้ำตาลมะพร้าวลงไปคนจนละลาย
 3: ให้ความร้อนต่อจนน้ำเริ่มระเหย น้ำตาลกลายเป็นซอสคาราเมล
 4: ใส่เนื้อไก่ลงไปในคาราเมลน้ำตาลมะพร้าว โดยให้นำส่วนด้านหนังลง
 5: จากนั้นเติมน้ำเปล่าลงไป เปลี่ยนเป็นไฟกลาง ผลิกด้านเอาหนังไก่ขึ้นด้านบน
 6: ใส่เครื่องสมุนไพรได้แก่ ตะไคร้ ใบมะกรูด และกระเทียมลงไป
 7: ปรุงรสด้วยซอสข้นปรุงรสคนอร์ รสไก่
 8: ปรุงรสเพิ่มด้วยน้ำปลาและซอสปรุงรส
 9: เปิดไฟกลางต้มตุ๋นต่อไปจนเนื้อไก่สุกเปื่อยดี
 10: เมื่อสุกดีแล้ว ตักใส่จาน ตกแต่งจานให้สวยงามด้วยผักชีและพริกแดง
 11: เราก็จะได้ไก่ต้มน้ำปลาน้ำตาลมะพร้าว ที่ปรุงครบรสด้วยซอสข้นคนอร์
 12: อย่าลืมเพิ่มความอร่อยแซ่บโดยการทานเนื้อไก่นุ่มๆพร้อมกับน้ำจิ้มซีฟู้ดแซ่บๆ"
ขนมจีนน้ำยาป่าปลาดุกย่าง,"1: แกะปลาดุกย่าง​ แยกเนื้อกับก้างและหัวปลา
 2: นำพริกแห้ง​ หอมแดง​ กระเทียม​ไปเผาไฟ​ แล้วนำไปต้มพร้อมตะไคร้​ทุบ กระชาย​ทุบ 3 ราก​ และก้าง+หัวปลา​ พอเดือดได้ที่แล้วกรองแยกน้ำ
 3: นำพริกแห้ง​ หอมแดง​ กระเทียม​ จากการต้มน้ำซุป​ไปตำให้ละเอียด​พร้อมกระชายสดที่เหลือ​ แล้วใส่เนื้อปลาลงไปตำด้วย
 4: ต้มน้ำซุปที่แยกไว้ให้เดือด​ ใส่เนื้อปลาที่ตำแล้วลงไป
 5: ปรุงรสด้วยเกลือ​ แล้วใส่ใบมะกรูดฉีกลงไป
 6: ตักเสิร์ฟ​พร้อมขนมจีน"
บะช่อตำลึงเต้าหู้หมูสับ,"1: น้ำต้มกระดูกหมู ใส่
- กระดูกหมู- รากผักชีทุบ- กระเทียมทุบ- เกลือ- พริกไทย(ขอโทษนะค้าา ตอนทำลืมถ่ายขั้นตอนแรกไว้ก่อนใส่หมูสับเลย)
 2: ใส่หมูสับลงไปเป็นก้อนๆตอนน้ำเดือด
 3: หั่นเต้าหู้เป็นชิ้นใหญ่ๆหน่อย เพื่อไม่ให้เต้าหูเละง่าย ใส่ลงหม้อได้เลย
 4: เตรียมเด็ดตำลึง ล้างให้สะอาดใส่ลงหม้อตอนสุดท้าย เปิดไฟให้น้ำเดือด ปิดฝาหม้อแปปนึงแล้วตักทานได้เลยค่ะ
 5: แนะนำให้ใส่ตำลึงเท่าที่จะทานแต่ละครั้ง เพราะจะได้ตำลึงเขียวๆสดๆแบบนี้ ถ้าใส่ทั้งหมดเลยตำลึงจะสุกเหินไปเป็นสีน้ำตาลๆไม่น่าทานค่ะ"
ไส้กรอกข้าว,"1: เห็ดหอมหั่นบางๆ แช่นำใว้ในตู้เย็น 1 คืน มันจะบานและนิ่มเด้งมาก
 2: กระเทียมสับแล้วโขลก
 3: กุนเชียงหั่นเป็นชิ้นเล็กๆ
 4: สามชั้นแยกเนื้อ กับมัน+หนังออกเลย แล้วหั่นชิ้นเล็กๆ
 5: รากผักชีล้างให้เกลี้ยงแล้วสับเล็กๆ
 6: นำไปตำให้ละเอียดอีกที
 7: หมูสับหมักกับรากผักชีกระเทียม ซีอิํวขาว เกลือสักครึ่งช้อน
 8: ok เตรียมเครื่องเสร็จละ
 9: นำเครื่องทั้งหมดไปผัด
 10: ปรุงด้วยนำมันหอย 2 ช้อน
 11: เติมน้ำลงไปเพื่อให้ส่วนผสมเข้ากันให้ทั่ว ผัดจนน้ำแห้ง
 12: ใส่ข้าวลงไปผัดให้ทั่ว
 13: นำไปกรอกใส่ในไส้
ดูวิธีการทำกระบอกแบบล๊อกได้นี้ ที่สูตรทำไส้กรอก Home Made ด้านล่างจะบอกทั้งวิธีทำกระบอก และวิธีการเตรียมไส้ครับ
 14: เสร็จแล้วนำไปผึ่งให้แห้ง สัก 2-3 ชั่วโมง
 15: ใช้ส้อมคมๆจิ้ม เพื่อเปิดรูระบายอากาศ ก่อนนำไปย่าง อบ หรือทอด
 16: ผมใช้หม้อลมร้อนอบ ใช้อุณหภูมิ 250 องศา C เป็นเวลา 13 นาทีครับ
 17: เสร็จแล้วจ้า หนังกรอบๆ พร้อมอร่อย
 18: ทานเล่นๆกับพริก จิ้มซีอิ๊วแบบจีนได้เลยครับ น้ำจิ้มซีอิ๊ว ก็ใช้ซีอิ๊วดำ ผสมน้ำส้มสายชูน้ำตาล ปรุงรสตามชอบ ใส่พริกตามชอบ รสจะออกหวานเปรียวนิดหน่อยครับ"
หมูตุ๋นเห็ดหอม,"1: ตั้งหม้อใส่น้ำมันรำข้าว ผัดสามเกลอให้หอม
 2: ใส่หมูเนื้อแดงหั่นชิ้นผัดให้พอสุก
 3: เติมน้ำสะอาด ตามด้วยเครื่องปรุงทั้งหมด
 4: ใส่เห็ดหอม
 5: เคี่ยวหรือตุ๋น 20-30 นาที ช้อนน้ำมันและฟองทิ้งด้วยนะครับ
 6: พอน้ำเริ่มงวดลงใส่กะหล่ำปลีลงไปต้มให้สุกครับ
 7: จะได้แบบนี้
 8: พร้อมทานครับ"
ต้มยำน้ำข้นปลาซาบะ,"1: วิธีเตรียมปลา!..นำปลาหั่นเป็นแว่นหนาๆ ล้างให้สะอาดใส่ตะกร้าพักให้สะเด็ดวิธีทำ!...นำหม้อตั้งไฟปานกลางใส่น้ำสะอาดรอให้เดือด ข่า ตะไคร้ หอมแดง ลงต้มจนมีกลิ่นหอม รอน้ำเดือด
 2: ใส่ปลา ที่เตรียมไว้ รอให้เนื้อเริ่มสุกให้ใส่เห็ด พริกขี้หนู นมข้นจืด น้ำพริกเผา น้ำปลา น้ำมะนาว น้ำตาล คนให้เข้ากัน
 3: ใส่ผักชีฝรั่ง ใบมะกรูด ชิมรสตามใจชอบปิดไฟ
 4: ตักใส่ถ้วยกินคู่ข้าวสวยร้อนๆ"
กะเพรากั้ง,"1: กั้ง นำมาล้าง
 2: ใช้กรรไกร เลาะเปิดเปลือกหลังออก ซ้าย/ขวาออก
 3: ใส่ซอสน้ำปลาปรุงรสลงไปเตรียมใว้
 4: ตำพริกกระเทียม
 5: เจียวให้หอม
 6: ตามด้วยกั้งลงไป
 7: หยอดน้ำหน่อยกันไหม้
 8: ใส่ใบกระเพรา เป็นอันว่าจบ
 9: พร้อมซี๊ดซ๊าดได้"
หอยลายผัดน้ำพริกเผา,"1: ตั้งกระทะ ไฟกลาง ใส่น้ำมันพืช ใส่กระเทียมผัดจนหอม
 2: ใส่น้ำพริกเผา ซีอิ๊ว
น้ำปลา น้ำตาลทราย ผัดให้เข้ากัน
 3: ใส่หอยลายลงไปผัดจนสุก
 4: ใส่โหระพา แล้วดับไฟ จัดใส่จาน"
ผัดเปรี้ยวหวานไก่กรอบ,"1: 1. คลุกสันในไก่กับแป้งเอนกประสงค์บางๆ ให้ทั่ว ลงทอดในน้ำมันร้อนๆ จนสุก เหลืองสวย ตักขึ้นพักไว้
 2: 2. เทน้ำมันออกให้เหลือติดกะทะนิดหน่อย ใส่กระเทียมสับลงผัดจนหอม เหลือง ใส่หอมใหญ่ มะขือเทศสีดา เห็ดหอม พริกหวาน และแตงร้าน ลงผัด
 3: 3. ปรุงรสด้วย น้ำตาลทราย ซอสปรุงรส ซอสมะเขือเทศ และน้ำส้มสายชู ผัดให้เข้ากัน
 4: 4. ใส่ไก่ที่ทอดไว้แล้ว ต้นหอมหั่น แล้วผัดให้ข้ากันอีกครั้งนึง"
กุ้งเผา,"1: อุ่นหม้อที่ไฟ 225 5 นาทีแล้ว
จับกุ้งเรียงใส่หม้ออบลมร้อนเอาชั้นสูง
 2: ตั้งเวลา 10 นาที ไม่ต้องด้านใดๆ
จะได้กุ้งสุกเนื้อหวาน หัวไม่แห้ง
 3: เรียบร้อย กินกับสะเดาหรือน้ำจิ้มซีฟู้ดหรืออะไรก็ได้"
ปลามงทอด,"1: ปลามงหั่นแล้วล้างเกลือให้สะอาด ซับน้ำให้แห้ง
 2: ตั้งเตาไฟกลางๆไปทางอ่อน น้ำมันร้อนก็ใส่ปลาลงไป
 3: ทอดข้างนึงประมาณ 5 นาทีก็กลับด้านแล้วทอดต่ออีก 5 นาทีก็เสร็จแล้ว"
ไก่ผัดเผ็ดกะทิสด,"1: ล้างอกไก่ให้สะอาด หั่นบางๆ
 2: ซอยใบมะกรูดหนา 1 มม เตรียมไว้ 🤣🤣🤣🤣
 3: ผัดพริกแกงกับกะทิ
 4: เติมน้ำตาลปี๊บ ซอสหอยนางรม ชิมรส
 5: เติมอกไก่ ผัดให้เข้าเนื้อ ปิดไฟ เติมใบมะกรูดซอย
 6: เสร็จพร้อมเสริฟ"
โจ๊กทรงเครื่อง 🥚,"1: ซอยวัตถุดิบในส่วนของเครื่องโรยหน้า ได้แก่ ขิง ต้นหอม และผักชี
 2: ปั้นหมูสับและกั่นตับหมูเตรียมไว้สำหรับต้มให้สุก
 3: ตั้งน้ำให้เดือดและนำหมูกับตับไปต้มจนสุก
 4: เสร้จแล้วตักขึ้นพักไว้
 5: ตามด้วยการต้มไข่
 6: ใช้น้ำใหม่ในการทำโจ๊ดนะคะ เมผงโจ๊กสำเร็จรูปตามด่วยน้ำเปล่า คนให้ข้น นำเครื่องลงไป ปิดไฟ (เราโรยพริกไทยเพิ่มนะคะ)
 7: ใส่ชาม โรยผักที่เตรียมไว้ เสร็จแล้วค่า"
แกงคั่วเห็ดเผาะใส่หน่อไม้ดอง,"1: ล้างเห็ดเผาะให้สะอาด ตักใส่ตะแกรงพักทิ้งไว้
 2: ต้มหน่อไม้ดองให้คลายรสเปรี้ยว บีบน้ำพักทิ้งไว้
 3: เทกะทิลงในกระทะในปริมาณ 1/4 ของกล่อง (ใช้ไฟกลาง) น้ำพริกแกงลงไปเคี่ยวถ้ากะทิแตกมัน
 4: เทกะทิที่เหลือลงไปหรือถ้าไม่ชอบแบบข้นๆให้ใช้น้ำแทน พอเดือดให้ใส่เห็ดเผาะลงไปต้ม
 5: ปรุงรสตามชอบให้ออกหวานเค็ม ชิมดูหากเห็ดที่ต้มสุกแล้วให้ใส่หน่อไม้ดองลงไป (ชะอมให้ใส่ก่อนปิดเตาประมาณ 3 นาที)"
ผัดผักรวมไก่สับ,"1: นำผักที่หั่นพอดีคำ ไปลวกในน้ำเดือด
 2: ตั้งกระทะ ใส่น้ำมันมะกอก เจียวกระเทียมสับให้หอม ใส่ไก่สับ ตอกไข่ไก่ ผัดพอสุก
 3: ใส่ผักที่ลวกไว้ ผัดต่อให้เข้ากัน เติมน้ำซุป
 4: ปรุงรสด้วยซอสหอยนางรม ซีอิ้วขาวโลว์โซเดียม"
แกงกะทิไก่หน่อไม้ดอง,"1: นำตีนไก่ที่ล้างแล้ว ไปตุ๋นกับหางกะทิ
 2: ต้มหน่อไม้ดอง 5-10 นาที (ต้มทิ้งน้ำ)
 3: ตั้งหม้อใส่หัวกะทิ พอกะทิเริ่มเดือด ให้ใส่พริงแกงลงในหม้อ ผัดให้พริกแกงเข้ากันกับกะทิ ผัดจนกว่าจะแตกมัน ใส่สะโพกไก่ลงไปผัดกับกะทิที่แตกมัน (ใช้ไฟแรง) ผัดจนไก่เริ่มสุก นำตีนไก่ที่ตุ๋นไว้ พร้อมกับหางกะทิที่ตุ๋นไก่มาใส่
 4: นำหน่อไม้ต้ม และเลือดไก่ใส่ลงในหม้อ แล้วเคี่ยวจนเลือดไก่สุก ปรุงรสด้วยน้ำปลา น้ำตาลมะพร้าว แล้วคนให้เข้ากัน จากนั้นใส่พริกชี้ฟ้าแดง และใบโหระพา คนให้เข้ากัน แล้วปิดไฟ"
ต้มยำน้ำข้นหมูเด้ง 🌶️,"1: ตั้งหม้อไฟกลางตามด้วยน้ำเปล่า นำตะไคร้ ใบมะกรูดใส่ลงไป รอจนน้ำเดือดได้ที่
 2: นำหมูเด้งใส่ลงไป รอจนสุกและลอยขึ้น ตักขึ้นพักไว้
 3: จากนั้นเติมซุปก่อน และ เกลือ รอน้ำเดือดอีกครั้ง ตามด้วยเห็ดชิเมจิ เพิ่มสีสันด้วยน้ำมันพริกเผา และนมจืด ปรุงรสตามชอบด้วย น้ำปลา มะนาว พริกป่น
 4: ตามด้วยหมูเด้งที่ตักไว้สักครู่ลงไป ปิดไฟ โรยใบมะกรูด และพริกแห้งทอด
 5: พร้อมทาน"
ห่อหมกปลากระพง,"1: ตำเครื่องแกง โดยใส่ส่วนผสมดังนี้
-พริกขี้หนูสด 12 เม็ด-ขมิ้น ความยาวประมาณ 2 ข้อนิ้ว-กระเทียม 3 กลีบ-ตะไคร้ 1 ต้น-ใบมะกรูด 2 ใบ (ตำลงไปในเครื่องแกงเพื่อให้เกิดความหอม)-กะปิ 1 ช้อนโต๊ะ-เกลือ 1/2 ช้อนชา-ผงคนอร์รสหมู 1/2 ช้อนชา-หอมแดง 1 หัวจากนั้นโขลกส่วนผสมทุกอย่างให้ละเอียด
 2: เตรียมภาชนะสำหรับผสม จากนั้นใส่เนื้อปลากระพงหั่นเต๋า เนื้อปลาซาบะสับละเอียด เครื่องแกงที่โขลกไว้ ไข่ไก่สด 1 ฟอง หัวกะทิประมาณ 120 ml. แล้วทำการปรุงรสด้วยน้ำตาลปี๊บ น้ำปลา อย่างละ 1 ช้อนชา คนให้เข้ากันจนเห็นเป็นเนื้อเดียวกัน
 3: รองผักที่ต้องการลงไปที่ก้นภาชนะ (ในสูตรจะใช้เป็นใบชะพลูและกะหล่ำปลี ความชอบส่วนตัว 😁) จากนั้นตักเครื่องแกงใส่ ตกแต่งหน้าด้วยปลาหมึก ใบโหระพาและพริก
 4: ใส่น้ำตั้งหม้อนึ่งโดยใช้ไฟแรง ตั้งไฟประมาณ 10 นาที จากนั้นเปิดฝาโรยหัวกะทิ ตั้งให้เดือดอีกครั้ง ปิดไฟตักใส่จาน พร้อมเสิร์ฟจ้า"
บะหมี่ผัดเย็นตาโฟแห้ง,"1: ใส่ซอสเย็นตาโฟโขลกพริกกระเทียมเข้าด้วยกัน เติมน้ำส้มสายชู ชิมจนกว่ารสชาติตามที่ชอบ
 2: ลวกบะหมี่ และลูกชิ้นต่างๆพอสุก
 3: ตั้งกระทะใส่น้ำมัน ใส่ปลาหมึกกรอบผัดให้สุกหอม
ตามด้วยเส้นบะหมี่ ใส่ซอสเย็นตาโฟที่ผสมไว้
 4: ใส่ลูกชิ้นต่างๆ ตามด้วยผักบุ้ง ผัดเร็วๆ ผักบุ้งสุก ปิดเตา เสิร์ฟ"
ผัดพริกแกงกุ้งถั่วฝักยาว,"1: ปอกเปลือก ผ่าหลัง ดึงไส้กุ้ง ใส่ลงในน้ำแข็งใส่เกลือ 1/2 ช้อนชา น้ำนิดหน่อย เวลาเอามาทำจะได้กุ้งที่กรอบค่ะ
 2: ล้าง หั่นถั่วฝักยาว ตั้งน้ำต้ม พอเดือดนำถั่วฝักยาวลงไปลวก เมื่อเปลี่ยนสี ยกขึ้น น็อคน้ำเย็น สะเด็ดน้ำพักไว้ จะได้ถั่วฝักยาวที่เขียวสวยค่ะ
 3: ตั้งกระทะใส่น้ำมัน ตีไข่ ใส่น้ำปลาคนแค่เข้ากัน ไม่ต้องเป็นฟองเหมือนไข่เจียวนะคะ พอน้ำมันเดือด รินไข่ลงไป พอไข่เริ่มเซทตัว ให้ใช่ตะเกียบคีบจากริมเข้ากลางแล้วหมุน น้ำไข่จะรินออกมา และทยอยสุกค่ะ ให้ความสุกอยู่ที่ 93.865% ค่ะ ตักไข่ออกโปะข้าวได้เลย 🤤
 4: ตั้งกระทะ ใช้น้ำมันที่เหลือจากทอดไข่ทอดกุ้งต่อเลยค่ะ ประหยัดคุ้ม นำกุ้งลงผัดให้สุก ตักออก
 5: นำพริกแกงลงผัดกับน้ำมันที่ใช้ผัดกุ้ง เติมน้ำนิดนึง
 6: เติมซอสหอยนางรม น้ำตาล ชิมรส ถ้าไม่เค็มค่อยเติมน้ำปลานะคะ เพราะพริกแกงมีรสเค็มอยู่ อย่าใจร้อนรีบเติมน้ำปลา ปิดไฟ
 7: นำกุ้งที่ผัดไว้ และ ถั่วฝักยาวลวกลงคลุก
 8: เติมใบโหระพา
 9: เติมใบมะกรูดซอยหนา 1 มม. เพิ่มความหอม
 10: เสร็จพร้อมเสริฟ"
ยำไข่ต้ม,"1: ต้มน้ำให้เดือด ใส่ไข่ลงไป จับเวลาตอนใส่ไข่ประมาณ 6 นาที
 2: พอครบ 6 นาที ให้นำไข่ขึ้นมาใส่ในน้ำใส่น้ำแข็ง
 3: แกะเปลือกไข่ ผ่าครึ่ง
 4: ปรุงน้ำยำด้วยน้ำมะนาว น้ำปลา และน้ำตาล คนใส่น้ำตาลละลายเข้ากัน ใส่พริกซอยกับหอมแดงซอย
 5: จัดไข่ต้มเสิร์ฟคู่กับน้ำยำ หรือราดน้ำยำไปเลย"
ต้มยำไก่,"1: 1.เตรียมวัตถุดิบต่างๆ ดังนี้
-ล้างอกไก่และซี่โครงให้สะอาด จากนั้นหั่นอกไก่ให้เป็นชิ้นขนาดพอดีคำ ส่วนซี่โครงก็ทำการหั่นเป็นส่วนๆ จากนั้นพักไว้-หั่นข้าวโพดอ่อนออกเป็น 4 ส่วน มะเขือเทศก็หั่นเป็น 4 ส่วนเช่นกัน
 2: 2.ใส่น้ำลงในหม้อ ใช้ไฟแรงสุด(กะทะไฟฟ้า) ใส่รากผักชี และเครื่องต้มยำหมดจนหมดซอง รอจนน้ำเดือดพล่าน จากนั้นใส่ซี้โครงไก่ลงไป ต้มไปจนกระทั่งซี่โครงเริ่มเปื่อยจึงค่อยใส่เนื้อหน้าอก ดอกข้าวโพด หอมใหญ่ ปิดฝาต้มต่อไปจนเนื้อไก่สุก ปรุงรสน้ำปลา น้ำตาลและมะนาวเพิ่มเติม ชิมรสชาติ เมื่อได้ที่แล้วจึงใส่มะเขือเทศแล้วต้นหอมลงไป ปิดฝานอให้เดือดอีกครั้ง เป็นอันเสร็จ ตักใส่ถ้วยโรยผักชีได้เลยจ้า"
แกงเขียวหวานไก่ใส่หน่อไม้,"1: ปอก หั่น ล้างหน่อไม้ แล้วนำลงต้ม 20 นาที สะเด็ดน้ำพักไว้ หั่นมะเขือเปราะ เด็ดมะเขือพวง แช่ในน้ำผสมเกลือ จะช่วยให้ผิวมะเขือไม่ดำค่ะ ก่อนนะมาใช้ ล้างน้ำ 3 ครั้ง เอาเกลือออกให้หมด สะบัดตะกร้า หยิบเฉพาะมะเขือลงไปในหม้อ จะช่วยไม่ให้แกงกะทิเสียง่ายค่ะ
 2: นำพริกแกงลงผัดกับหัวกะทิด้วยไฟอ่อนให้หอม แตกมันสวย
 3: ใส่เนื้อไก่ลงผัดให้พริกแกงเข้าเนื้อ
 4: เติมน้ำตาลปี๊บ คนให้ละลาย ที่เราใส่น้ำตาลปี๊บตอนนี้ เพื่อให้รัดผิวไก่ ไก่จะคงรูปไม่เละง่ายค่ะ เติมหางกะทิ ผงปรุงรส
 5: พอน้ำเดือด ใส่มะเขือเปราะ มะเขือพวง
 6: พอมะเขือเปราะเริ่มนิ่ม ปิดไฟ ใส่หน่อไม้ต้ม เลือดไก่
 7: ปิดท้ายด้วยใบโหระพา
 8: เสร็จพร้อมเสริฟ"
ผัดกะเพราขาหมูพะโล้,"1: เด็ดใบกะเพราแล้วนำไปแช่น้ำ ส่วนหนึ่งสะเด็ดน้ำแล้วนำไปทอดในน้ำมันให้กรอบ ก่อนนำขึ้นพักไว้
 2: สับกระเทียมกับพริกให้ละเอียด นำลงไปเจียวในน้ำมันให้หอม
 3: ใส่ขาหมูพะโล้ลงไปผัดให้แห้ง ระวังอย่างให้แห้งเกินไป เพราะอาจไหม้ได้
 4: ปรุงรสด้วยน้ำปลา ซีอิ๊วดำ และใส่ใบกะเพราไปผัดเป็นขั้นตอนสุดท้าย
 5: ตักเสิร์ฟพร้อมโรยหน้าด้วยใบกะเพรากรอบ"
กุ้งอบภูเขาไฟ,"1: นำวุ้นเส้นแช่น้ำให้นิ่มประมาณ15-20นาที
 2: ล้างกุ้งให้สะอาด พักสะเด็ดน้ำไว้
 3: เตรียมโขลกส่วนผสมข้อ 1-3 เข้าด้วยกัน
 4: นำซอสปรุงรส,ซอสหอยนางรม,ซีอิ้วดำ,น้ำตาลทราย ใส่ชามผสม คนให้ละลายเข้ากัน เติมน้ำเปล่ากะให้พอดีท่วมวุ้นเส้นที่แช่น้ำนิ่มแล้ว
 5: เมื่อส่วนผสมทุกอย่างพร้อมแล้ว ตั้งกะทะให้ร้อนไฟปานกลาง นำมันหมูลงไปเจียวให้หอมพอมีน้ำมันออกมา
 6: นำส่วนผสมข้อ1-3 ลงผัดให้หอม แล้วใส่กุ้งลงไป หาฝาปิด อบให้ตัวกุ้งพอเปลี่ยนสี แต่ยังไม่ต้องปล่อยให้สุกมาก พอได้ที่แล้วใส่วุ้นเส้นพร้อมน้ำปรุงรสที่ผสมไว้ ปิดฝาอีกครั้ง ประมาณ1นาที เปิดดูวุ้นเส้นว่าสุกหรือยังและน้ำปรุงรสซึมแห้งเข้าไปในวุ้นเส้นแล้ว แห้งพอดี ปรุงรสตามชอบ ใส่ขึ้นฉ่ายแล้วปิดฝาอบไว้ประมาณ1-2นาที ก็ยกลงจากเตา
 7: จัดใส่จานให้สวยงาม"
บะจ่างใบบัว,"1: แช่ข้าวเหนียวและถั่วลิสงไว้ อย่างน้อย 6 ชม. หรือข้ามคืน จากนั้น นึ่งข้าวเหนียว ด้วยไฟแรง 15 นาทีพอให้กึ่งสุกกึ่งดิบ
 2: นำหมูสามชั้น ลงผัดจนมีน้ำมันออกมาก แบ่งเห็ดหอม เห็ดหอมออกมาครึ่งถ้วย เครื่องเคียงทุกอย่าง (ยกเว้นไข่เค็มแปะก๊วย ) แบ่งอย่างละครึ่ง เหลือไว้แต่งหน้า ครึ่งถ้วยค่ะ
 3: ใส่ เครื่องปรุงรสทั้งหมดลงผัด พร้อมผงพะโล้ ผัดจนข้นขึ้นเล็กน้อย
 4: นำข้าวเหนียวลงไปผัดกับเครื่องปรุงรส
 5: เติมถั่วลิงสงลงไป ผัดต่อ ให้พอถั่วดูดซับเครื่องปรุง
 6: นำใบบัวลวกในน้ำเดือด เผื่อทำความสะอาดใบบัว และให้ใบบัวนิ่มลงห่อง่าย
 7: เตรียมเครื่องเคราต่างๆที่แบ่งไว้แต่งหน้า
 8: วางเครื่องทุกอย่างลงในใบบัว
 9: วางข้าวเหนียวที่ผัดแล้วปิดทับลงไป
 10: พับใบบัวให้ห่อข้าวเป็น 4 เหลี่ยม เอาใส่ลังถึงนึ่งไฟแรง 1ชม. จนกว่าข้าวจะสุก
 11: เมื่อข้าวสุดกรีดใบบัวเป็นแฉกเสริ์ฟได้
 12: หรือหากหาใบบัวใบไผ่ไม่ได้เลยจริงๆ เราสามารถจัดเรียงใส่ภาชนะ ทนความร้อน นึ่งได้เลยค่ะ"
ข้าวผัดไก่ย่าง,"1: ตั้งกระทะใส่น้ำมันลงไป พอร้อน ตอกไข่ลงไป ยีเล็กน้อยให้แตก รอไข่เซ็ทตัว
 2: เมื่อไข่เซ็ทตัว ใส่ข้าวลงไป ใช้ไฟแรงผัดใส่ไก่ย่างฉีกลงไป ปรุงรสด้วยซอสปรุงรส ซีอิ๊วขาว น้ำตาล ตามชอบ ผัดให้เข้ากัน ใส่ต้นหอมผักชีผัดคลุกเคล้า ปิดไฟ เป็นอันเสร็จ"
ดอกกะหล่ำผัดกุ้งเห็ดหอม,"1: หั่นทุกอย่างให้พร้อม
 2: นำเห็ดลงไปผัดกับน้ำมันจนหอม
 3: ใส่กุ้งกับกระเทียมลงไปผัดต่อ
 4: เมื่อกุ้งเกือบสุกตักขึ้นพักไว้ ใส่ดอกกะหล่ำลงไปเติมน้ำเล็กน้อย
 5: ปรุงรสตามชอบออกหวานเค็ม
 6: เมื่อปรุงเสร็จคลุกเคล้าให้เข้ากันปิดฝาไว้เพื่อให้ผักนิ่มเร็วขึ้น
 7: ใส่กุ้งที่พักไว้ลงไป
 8: ผัดต่อจนกุ้งสุก
 9: พร้อมเสริฟ"
น้ำพริกนรกแตก,"1: พริกแห้ง จะเห็นในสูตร มี 2 ชนิด เราแบ่งทำ 2 รสชาติ ล้างพริกแห้งให้สะอาด เอาขั้วพริกออกด้วยนะ อบแห้งอุณหภูมิ 80-100 องศาเซลเซียส ประมาณ 10-15 นาที จนพริกแห้งกรอบ พักไว้ให้เย็น
 2: ปั่นพริกแบบหยาบ แยกชนิดของพริกไว้
 3: ล้างกระเทียมไทยให้สะอาด ปั่นทั้งเปลือก ใครมีเวลาว่างจะแกะเปลือกด้วยก็ดีครับ 😅
 4: เจียวกระเทียมให้สุกกรอบ
 5: สูตรแรก พริกจินดาอบแห้งปั่นหยาบกระเทียมไทยเจียว ผงปรุงรสหมู/ไก่ และน้ำตาลสูตรสอง พริกหัวเรืออบแห้งปั่นหยาบกระเทียมไทยเจียว ผงปรุงรสปาปริก้า และน้ำตาลเปิดเตา คั่วไฟอ่อนๆให้ส่วนผสมเข้ากันดี พักไว้ให้เย็นก่อนเก็บใส่กระปุก
 6: น้ำพริกนรกแตก 2 สูตร
อร่อยคนละแบบ รสเผ็ดร้อน จัดจ้าน อร่อยได้ง่ายๆไม่ต้องไปถึงเชียงดาว แต่ถ้าไปแล้วแนะนำให้ซื้อชิม ซื้อฝากก็ดี อร่อยเช่นเดียวกันครับ 😂"
ใบเหลียงผัดไข่,"1: 1.เจียวกระเทียมกับน้ำมันให้หอม
ตอกไข่ใสลงไป
 2: 2.ผัดไข่ให้พอสุก
 3: 3.ใส่ใบเหลียง เติมเครื่องปรุง คือ น้ำมันหอย น้ำปลา น้ำตาลทราย รสดีนิดหน่อย
 4: 4.ผัดจนใบเหลียงสุก ตักเสริฟ
 5: อย่าลืมเติมน้ำเล็กน้อยตอนผัด เพื่อให้ใบเหลียงสุกง่ายขึ้น"
สะตอผัดกะปิ,"1: ตำพริกขี้หนู กระเทียม หอมแดงหยาบๆ
 2: ใส่กะปิลงไปตำให้เข้ากัน
 3: ใส่น้ำมันนิดหน่อย ผัดกะปิกระเทียมที่ตำชวไปผัดให้หอม
 4: กะปิหอมดี ใส่หมูลงไปผัดให้สุกเติมน้ำลงไปหน่อยใส่น้ำตาล
 5: ใส่สะตอและหอมใหญ่ลงไปผัด
 6: ใส่ใบมะกูดและบีบมะนาวลงไปปิดไฟได้"
แกงป่าหมูป่าใบยี่หร่า,"1: หมูป่า มีวิธีดูคือจะมีขน 3 เส้นใน 1 รูขุมขน นำมาล้างทำความสะอาดและหั่นเป็นชิ้น อาจจะหั่นหากหน่อยเพราะหนังจะเหนียว ต้องระวัง
 2: นำหม้อใส่น้ำเปล่า นำเนื้อหมูป่าที่หั่นลงต้ม ใส่มะละกอทั้งเปลือกที่มียางมะละกอ เพื่อจะช่วยทำให้หมูป่าเปื่อย
 3: เตรียมผัก
-หั่นฟักทองดิบเป็นชิ้นขนาดพอคำเท่าๆกัน-มะเขือเปราะ ผ่า 2 หรือ 4 แช่น้ำเกลือกันดำ-ข้าวโพดอ่อน หั่นเป็นชิ้นพอดำขนาดเท่าๆกัน-กระชายหั่นเป็นเส้น-กะเพราควายหรือใบยี่หร่า ถ้าใบใหญ่นำมาหั่น-พริกชี้ฟ้า หั่นเฉียง-ใบกะเพรา เด็ดเอาแต่ใบ-ใบมะกรูด ฉีกไม่เอาเส้นกลาง-พริกไทยเม็ด รูดเอาแต่แต่เม็ดพริกไทยอ่อน
 4: -ตั้งกระทะ ใส้น้ำมัน ตั้งไฟ นำพริกแกงลงไปคั่วหรือผัดให้สุกด้วยไฟกลาง
-ใส่เนื้อหมูป่าลงผัด-ใส่น้ำเปล่า แล้วเทใส่หม้อต้ม-ใส่น้ำปลา,น้ำตาล ปรุงและชิมรสให้ได้ตาชอบ-ใส่ ฟักทอง,ข้าวโพดอ่อน,มะเขือเปราะ,พริกไทยอ่อน,ใบมะกรูดฉีก ต้มให้เดือดและผักสุก-ผักสุก ใส่ใบยี่หร่า,ใบกะเพรา,พริกชี้ฟ้า ปิดไฟ ยกลงตักเสิร์ฟ"
เป็ดย่างผัดพริกแกงไข่เค็ม,"1: ทอดใบกะเพราส่วนหนึ่งในน้ำมันให้กรอบดี พักไว้ เทน้ำมันออกจากกระทะเหลือไว้ 4 ช้อนโต๊ะ
 2: โขลกกระเทียม และพริกจินดาเข้าด้วยกัน นำส่วนผสมที่โขลก ลงไปผัดกับน้ำมันพร้อมกับกระชาย ผัดจนหอมดี ใส่พริกแกงตามลงไป ผัดจนพริกแกงสุกดี
 3: ใส่มะเขือพวง และมะเขือเปราะหั่น ตามด้วยน้ำสต๊อก ปรุงรสด้วย ซอสหอยนางรม น้ำปลา และน้ำตาลทราย ผัดให้ส่วนผสมทุกอย่างสุก และเข้ากันดี ใส่เป็ดย่าง ไข่เค็มที่บิเป็นชิ้นเล็กๆ และใบกะเพราลงไป เคล้าให้ทุกอย่างเข้ากันดี
 4: จัดเสิร์ฟโรยด้วยใบกะเพราทอด และพริกชี้ฟ้าซอย"
✿ แกงผักกวางตุ้ง ✿,"1: เด็ดผักกวางตุ้งล้างให้สะอาด ล้างซี่โครงหมูหั่นให้เรียบร้อย เตรียมทุกอย่างให้พร้อมเลยค่ะ
 2: ตั้งหม้อแกงไฟปานกลาง ใส่ซี่โครงหมูลงไปลวนเลยค่ะหอมมากๆ
 3: ระหว่างลวนซี่โครงหมู เทน้ำเปล่ามาผสมพริกแกงสัก2ช้อนค่ะละลายให้เข้ากัน
 4: ลวนหมูพอตึงๆแล้วใส่พริกแกงที่เราละลายน้ำลงไปผัดด้วยกันเลยผัดๆไปสัก 5 นาทีนะคะ
 5: พอผัดครบเวลาแล้วใส่น้ำเปล่าลงไปในหม้อแกง กะให้ท่วมหมูนิดๆนะคะ แล้วปรุงรสตามชอบกับเครื่องครัวที่บ้านเลยค่ะ ตั้งตุ๋นไฟอ่อนๆสัก 1ชั่วโมงค่ะ(เราชอบหมูตุ๋นๆ) เวลาเคี้ยวๆมันหอมดีค่ะชอบมาก
 6: หมูในหม้อแกง ตุ๋นตามชอบแล้วจัดการใส่ผักกวางตุ้งได้เลยค่ะ คนๆให้ผักยุบตัวค่ะแล้วทิ้งไว้ให้เดือดๆสัก5นาทีค่ะ(เราชอบเปื่อยๆ^^)
 7: เรียบร้อยเสร็จแล้วค่ะ ตักข้าวรอแล้ว หิวข้าววว มาอร่อยด้วยกันนะคะ"
ปลาส้มผัดสมุนไพร,"1: วัตถุดิบทั้งหมด
 2: เตรียมส่วนผสมทั้งหมดให้พร้อม
 3: ตั้งกระทะใส่น้ำมันเล็กน้อย เปิดไฟกลางค่อนไปทางอ่อน นำหอมแดงและตะไคร้ ใส่ลงไป ตามด้วยปลาส้ม ค่อยๆผัดไป
 4: ผัดปลาส้มจนเกือบแห้ง ก็โรยพริกขี้หนูสวนลงไป ผัดต่อจนแห้งตามต้องการ ดับไฟ โรยใบมะกรูดซอย คลุกเคล้าให้ทั่ว
 5: ตักขึ้นใส่ถ้วย เสิร์ฟคู่ผักสด อร่อยลืมอ้วนเลยทีเดียว😊😋"
ข้าวหมูตุ๋น,"1: นำหมูมาล้างทำความสะอาด หั่นเป็นชิ้นขนาด 2 นิ้ว
 2: นำน้ำมันใส่หม้อ ตั้งไฟ นำรากผักชี กระเทียม พริกไทยลงไปผัดให้หอม
 3: ใส่หมูลงไปผัดให้หอม กึ่งสุกเล็กน้อย จากนั้นเติมน้ำซุปพอท่วมหมู
 4: นำเครื่องปรุงใส่พร้อมกัน จากนั้นตั้งไฟเคี่ยวหมู 3 ชั่วโมง
 5: นำหมูตุ๋นที่ได้มาราดข้าว แนมด้วยผักดองและผักลวก"
แกงหมูตะพาบน้ำ สูตรโบราณ แบบครบเครื่อง,"1: นำขาหมูที่หั่นเป็นชิ้น นำมาเคี่ยวกับหางกะทิที่ผสมเกลือเล็กน้อย ต้มจนขาหมูนุ่ม(แต่หนังยังหนึบๆ อยู่)
 2: นำกะทะหรือหม้อตั้งไฟ ใส่หัวกะทิลงไป จากนั้นใส่ พริกแกงคั่วลงไป ผัดจนหอม (ไม่ต้องแตกมัน)
 3: ใส่ขาหมูที่เราเคี่ยวไว้จนได้ที่แล้วลงไปในน้ำแกงครับ
 4: ตามด้วย กะปิและกุ้งแห้งตำละเอียด แล้วเติมน้ำที่เราเคี่ยวขาหมูไว้ลงไป เล็กน้อยครับ (แกงนี้กินแบบน้ำขลุกขลิกนะครับ)
 5: ใส่มะเขือเทศและระกำ
 6: มะอึก(สำคัญ) แล้วก็เคี่ยวให้ทุกอย่างนิ่มและมีรสชาติออกมาเล็กน้อยครับ
 7: ปรุงรสชาติด้วย เกลือ ผงปรุงรส น้ำตาลปี้ป น้ำปลา น้ำมะขามเปียกครับ พอเดือดแล้วใส่ใบมะกรูดลงไป เคี่ยวจนน้ำงวดลง เล็กน้อยครับ
 8: ใส่ใบโหระพา พริกชี้ฟ้าแดง ลงไปแล้วคนให้เข้ากันครับ ปิดไฟ ตักใส่ชาม พร้อมรับประทานกับข้าวสวยร้อนๆ แนมด้วยปลาเค็มทอดจะฟินมาก ๆ ครับ*รสชาติจะออก เปรี้ยว หวาน เค็ม ตามลำดับนะครับ"
สามชั้นคั่วพริกเกลือ,"1: 1. ตั้งกระทะให้ร้อน ไม่ต้องใส่น้ำมัน ใส่สามชั้นลงคั่วจนเหลือง ข้างนอกเปลี่ยนเป็นสีน้ำตาลสวย กรอบนิดๆ ทั้งสองด้าน
 2: 2.ใส่พริกจินดาสับ กระเทียมสับ รากผักชีสับ ปรุงรสด้วยเกลือ คั่วให้ทุกอย่างเข้ากันดี
 3: 3. ชิมรสดู ถ้าชอบกลิ่นหอมๆให้เหยาะซีอิ๊วขาวลงข้างๆกระทะนิดนึง แล้วคั่วต่ออีกแป๊บเดียวก็ปิดไฟได้"
ลูกชิ้นเต้าหู้ทอด (เจ),https://www.pim.in.th/snack/1516-tofu-ball
ข้าวเม่าหมี่,https://www.pim.in.th/snack/501-2011-08-10-18-28-31
เผือกห่อฟองเต้าหู้,https://www.pim.in.th/snack/1514-fried-taro-rolls
ยำรากบัว สไตล์จีน,https://www.pim.in.th/snack/1469-spicy-lotus-root-salad
ไก่ทอดซอสหัวหอม,https://www.pim.in.th/snack/1503-snow-onion-chicken
ลูกชิ้นชุบแป้งทอด น้ำจิ้มมะขาม,https://www.pim.in.th/snack/1453-deep-fried-meat-balls
เกี๊ยวหมูทรงเครื่องไข่แดงเค็ม,https://www.pim.in.th/snack/1495-boiled-pork-wonton
ทูน่าคอร์นสลัด,https://www.pim.in.th/snack/1448-tuna-corn-salad
น้ำปลาหวานมะม่วง (สูตรปลาป่น),https://www.pim.in.th/snack/1483-sweet-fish-sauce-with-mango
ยำแตงกวา สไตล์จีน,https://www.pim.in.th/snack/1439-chinese-cucumber-salad
สังขยามันม่วง-ฟักทอง,https://www.pim.in.th/snack/1437-sweet-potato-custard
ปอเปี๊ยะไส้กรอกรมรมควัน,https://www.pim.in.th/snack/1275-betagro-sausage-spring-roll
แซลมอนห่อใบชะพลู,https://www.pim.in.th/snack/1227-grilled-salmon-wrapped-in-wild-betel-leaf
ขนมปังหน้าหมู (แบบไม่ทอด),https://www.pim.in.th/snack/1273-no-fried-bread-with-minced-pork-spread
กุ้งกรอบสามรสสมุนไพร,https://www.pim.in.th/snack/1226-sweet-and-sour-deep-fried-dried-shrimp
ซุปมันม่วง ขนมปังกระเทียม,https://www.pim.in.th/snack/1270-purple-sweet-potato-soup
หมูโสร่ง (หมูสร่ง),https://www.pim.in.th/snack/1223-deep-fried-minced-pork-rolled-with-yellow-noodles
ซาลาเปาทรงเครื่อง,https://www.pim.in.th/snack/1264-salapao
กระทงทองแฮมสลัด,https://www.pim.in.th/snack/1253-golden-cup-with-ham-salad
สับปะรดกวน,https://www.pim.in.th/snack/1200-preserved-pineapple
เฟรนช์ฟรายส์ชีส,https://www.pim.in.th/snack/1187-cheesy-french-fries
มายองเนส สไตล์ญี่ปุ่น,https://www.pim.in.th/snack/1020-mayonnaise
ถุงทองไส้ข้าวผัดผงกะหรี่ปู,https://www.pim.in.th/snack/943-fried-golden-bags
Caramel Popcorn (คาราเมลป๊อบคอร์น),https://www.pim.in.th/snack/1011-caramel-popcorn
เกี๊ยวซ่า (เจ),https://www.pim.in.th/snack/937-vegetarian-gyoza
สลัดผลไม้โยเกิร์ต,https://www.pim.in.th/snack/867-fruit-salad-yogurt
ยำมะม่วงกับกะปิ ใส่มะพร้าวคั่ว,https://www.pim.in.th/snack/980-mango-sald-with-shrimp-paste
ชีสทอด,https://www.pim.in.th/snack/845-cheese-stick
กุ้งอบชีส,https://www.pim.in.th/snack/970-baked-river-prawn-with-cheese
เต้าฮวยกะทิฟรุ๊ตสลัด,https://www.pim.in.th/snack/835-jelly-coconut-milk-pudding-fruit-salad
ข้าวตังหน้าตั้ง,https://www.pim.in.th/snack/958-rice-crackers-with-minced-shrimp-and-pork-dip
สังขยาชาไทย,https://www.pim.in.th/snack/822-thai-tea-custard
ข้าวคลุกน้ำพริกผัดหมูสับไข่ข้น,https://www.pim.in.th/one-dish-food/1479-fried-rice-with-pork-chili-paste
โกยซีหมี่,https://www.pim.in.th/one-dish-food/1513-noodles-with-chicken-gravy
ข้าวมันเบคอน,https://www.pim.in.th/one-dish-food/1472-bacon-rice
เกี๊ยวกรอบต้มยำแห้ง,https://www.pim.in.th/one-dish-food/1502-crispy-wonton-tom-yum
ข้าวหน้าหมูทอดสไตล์ญี่ปุ่น,https://www.pim.in.th/one-dish-food/1447-katsudon
หมี่คลุกไก่ฉีกพริกเผา,https://www.pim.in.th/one-dish-food/1499-mee-kluk-prikpao
ข้าวผัดกระเทียมเนื้อย่าง,https://www.pim.in.th/one-dish-food/1438-beef-garlic-fried-rice
เกี๊ยวหมูซอสสุกี้,https://www.pim.in.th/one-dish-food/1489-pork-wonton-with-suki-sauce
ข้าวหน้าหมูสับผัดหนำเลี๊ยบ,https://www.pim.in.th/one-dish-food/1436-stir-fried-chinese-olives-with-minced-pork-on-rice
ข้าวผัดลูกเดือยธัญพืช,https://www.pim.in.th/one-dish-food/1433-whole-grain-fried-rice
ก๋วยเตี๋ยวหลอดไส้หน่อไม้,https://www.pim.in.th/one-dish-food/1486-chinese-steamed-rice-noodle-with-bamboo-shoot-rolls
เส้นใหญ่ผัดซีอิ๊วหมูหมัก,https://www.pim.in.th/one-dish-food/293-stir-fried-rice-noodles-with-soy-sauce-and-pork
ข้าวผัดกระเทียมญี่ปุ่นแบบง่ายๆ,https://www.pim.in.th/one-dish-food/1480-easy-garlic-fried-rice
กระเพาะปลาน้ำแดง,https://www.pim.in.th/one-dish-food/1432-fish-maw-soup
ขนมจีนน้ำใส,https://www.pim.in.th/one-dish-food/1431-nam-ngiao-rice-noodle
ข้าวมันไก่ย่างพริกไทยดำ,https://www.pim.in.th/one-dish-food/1397-black-pepper-grilled-chicken-rice
ซุปหน่อไม้ตีนไก่,https://www.pim.in.th/one-dish-food/1429-spicy-bamboo-shoot-salad-with-chicken-feet
(ก๋วยเตี๋ยว) บะหมี่น่องไก่ตุ๋นมะระ,https://www.pim.in.th/one-dish-food/1391-chicken-noodles
ผัดไทยถังแตก,https://www.pim.in.th/one-dish-food/1424-pad-thai-tang-tak
บะหมี่เกี๊ยวหมูแดง,https://www.pim.in.th/one-dish-food/1388-egg-noodle-soup-with-red-roasted-pork
"ข้าวหอมมะลิ, น้ำมันไก่, กระเทียม, ขิง, เกลือ, น้ำตาลทราย, ใบเตย, น้ำซุปไก่, สะโพกไก่, พริกไทย, ซีอิ๊วขาว, ซอสปรุงรส, เกลือ, ซอสหอยนางรม",https://www.pim.in.th/one-dish-food/1417-aussie-beef-noodles
บะหมี่ผัดสะตอกะปิกุ้ง,https://www.pim.in.th/one-dish-food/1415-fried-noodles-with-bitter-bean-and-shrimp-paste
ข้าวเหนียวนึ่งนุ่มข้ามคืน,https://www.pim.in.th/one-dish-food/1383-steamed-sticky-rice
ข้าวคลุกพริกเกลือทะเล,https://www.pim.in.th/one-dish-food/1413-salt-and-chilli-seasoned-rice
คีชแฮมไข่ผักโขม,https://www.pim.in.th/one-dish-food/1381-ham-and-spinach-quiche
โบโลน่าลาวาภูเขาไฟ,https://www.pim.in.th/one-dish-food/1410-cp-bologna-volcano
บะหมี่ราดหน้าปูทะเลผัดผงกะหรี่,https://www.pim.in.th/one-dish-food/1379-บะหมี่ราดหน้าปูทะเลผัดผงกะหรี่
เมี่ยงปลานิลนึ่ง กับน้ำจิ้มถั่วตัด,https://www.pim.in.th/one-dish-food/1409-miang-tilapia
ยำมาม่าทรงเครื่อง,https://www.pim.in.th/one-dish-food/1369-yum-mama
ข้าวไข่ข้นหมูทอดซอสแกงกะหรี่,https://www.pim.in.th/one-dish-food/1401-deep-fried-pork-with-curry-sauce-and-scrambled-eggs
หมี่คลุก,https://www.pim.in.th/one-dish-food/1368-rice-vermicell-with-meat-balls
ก๋วยจั๊บญวณ,https://www.pim.in.th/one-dish-food/1399-vietnamese-rice-noodle-soup-with-pork
พาสต้าไส้กรอกแฮมอบชีส,https://www.pim.in.th/one-dish-food/1364-baked-pasta-with-sausage-ham-and-cheese
ข้าวหน้าหมูซีอิ๊วสไตล์ญี่ปุ่น,https://www.pim.in.th/one-dish-food/1355-kurobuta-don
ไข่อบมันฝรั่ง กับเบคอน,https://www.pim.in.th/one-dish-food/1298-bacon-potato-and-egg-casserole
Hawaiian Pork Chops,https://www.pim.in.th/one-dish-food/1348-hawaiian-pork-chops
เมี่ยงหมูสามชั้น กับน้ำจิ้มเต้าเจี้ยว,https://www.pim.in.th/one-dish-food/1295-pork-and-rice-vermicelli-with-vegetable-wrap
สุกี้หมูกระทะกับน้ำจิ้มสูตรเด็ด,https://www.pim.in.th/one-dish-food/1343-pan-bbq
กุ้งทอดครีมสลัด,https://www.pim.in.th/one-dish-food/1281-fried-shrimp-salad
มะกะโรนีอบชีสในหม้อหุงข้าว,https://www.pim.in.th/one-dish-food/1324-macaroni-and-cheese
มาม่าหม้อไฟ,https://www.pim.in.th/one-dish-food/1280-mama-hotpot
ข้าวเหนียวหมูห่อใบตอง,https://www.pim.in.th/one-dish-food/1322-pork-sticky-rice
ข้าวอบสามชั้นเห็ดหอม,https://www.pim.in.th/one-dish-food/1279-mixed-rice-in-rice-cooker
ซุปข้าวไรซ์เบอรี่,https://www.pim.in.th/one-dish-food/1321-riceberry-soup
หมึกยัดไส้ข้าวผัดเขียวหวาน,https://www.pim.in.th/one-dish-food/1274-stuffed-squid-with-green-curry-rice
แกงกะหรี่ญี่ปุ่น ไส้กรอกชีส,https://www.pim.in.th/one-dish-food/1317-japanese-curry-rice-with-cheese-sausage
หม้อไฟปลาจาละเม็ดต้มเผือก,https://www.pim.in.th/one-dish-food/1267-fish-soup-with-taro-and-vermicell
ซูชิไส้กรอกชีส,https://www.pim.in.th/one-dish-food/1312-cheese-sausage-sushi
ข้าวหน้าเนื้อย่างกระเทียม,https://www.pim.in.th/one-dish-food/1259-garlic-beef-with-rice
สปาเกตตี้ผัดพริกกระเทียม,https://www.pim.in.th/one-dish-food/1308-garlic-and-dried-chilli-spaghetti-with-cheese-sausage
ข้าวเขียวหวานทอดไส้กรอกชีส,https://www.pim.in.th/one-dish-food/1297-fried-rice-ball-with-sausage-and-cheese
ข้าวไก่อบขิง,https://www.pim.in.th/one-dish-food/1257-baked-rice-with-chicken-and-ginger
ไก่ผัดเม็ดมะม่วง,https://www.pim.in.th/side-dish-by-chicken/1507-stir-fried-chicken-with-cashew-nuts
ไก่ย่างเสียบไม้ (ไก่แดง),https://www.pim.in.th/side-dish-by-chicken/1446-grilled-chicken-skewers
ไข่นกกระทาดองซีอิ๊ว,https://www.pim.in.th/side-dish-by-chicken/1504-quail-eggs-in-shoyu
ยำไก่แซ่บ,https://www.pim.in.th/side-dish-by-chicken/1443-yum-kai-zab
อกไก่ตุ๋นซอสกระเทียม,https://www.pim.in.th/side-dish-by-chicken/1498-braised-garlic-chickeen
น่องติดสะโพกไก่ทอดน้ำปลา,https://www.pim.in.th/side-dish-by-chicken/1440-crispy-fried-chicken-with-fish-sauce
ตีนไก่ต้มถั่วลิสง,https://www.pim.in.th/side-dish-by-chicken/1491-peanuts-chicken-feet-soup
ปีกไก่ตุ๋นโค้ก,https://www.pim.in.th/side-dish-by-chicken/1434-cocacola-chicken-wings
ปีกไก่อบผงกะหรี่,https://www.pim.in.th/side-dish-by-chicken/1490-grilled-chicken-wings-with-curry-powder
แหนมปีกไก่ทอด,https://www.pim.in.th/side-dish-by-chicken/1430-deep-fried-fermenting-chicken-wings
ไก่ทอดซอสเลมอน,https://www.pim.in.th/side-dish-by-chicken/1488-lemon-chicken
ไก่นึ่งตะไคร้มะนาว,https://www.pim.in.th/side-dish-by-chicken/1419-steamed-chicken-with-lime-and-chillies
สะโพกไก่อบพริกไทยดำ,https://www.pim.in.th/side-dish-by-chicken/1485-black-pepper-roasted-chicken
ไก่โคราชต้มขมิ้น,https://www.pim.in.th/side-dish-by-chicken/1416-korat-chicken-turmeric-soup
เครื่องในไก่หมกหม้อ,https://www.pim.in.th/side-dish-by-chicken/1470-steamed-chicken-giblets-in-pot
ปีกไก่เหล้าแดง,https://www.pim.in.th/side-dish-by-chicken/231-stir-fried-chicken-wing-in-red-sauce
ไก่ย่างพริกแห้ง กับแจ่วมะเขือเทศ,https://www.pim.in.th/side-dish-by-chicken/1460-spicy-grilled-chicken
ไข่ตุ๋นทรงเครื่องทอดกรอบ,https://www.pim.in.th/side-dish-by-chicken/1406-deep-fried-steamed-egg
ไก่กรอบเกาหลี,https://www.pim.in.th/side-dish-by-chicken/1457-honey-chicken
สะโพกไก่ซอสแดง,https://www.pim.in.th/side-dish-by-chicken/629-chicken-in-red-sauce
ไก่ทอดหาดใหญ่,https://www.pim.in.th/side-dish-by-chicken/1393-hadyai-deepfried-chicken
ยากิโทริ ไก่ย่างสไตล์ญี่ปุ่น,https://www.pim.in.th/side-dish-by-chicken/1318-summer-yakitori
ปีกไก่ย่างน้ำผึ้ง,https://www.pim.in.th/side-dish-by-chicken/1385-grilled-honey-chicken-wings
ไก่อบขิง,https://www.pim.in.th/side-dish-by-chicken/1316-baked-chicken-with-ginger
ไข่ดองซีอิ๊วสไตล์เกาหลี,https://www.pim.in.th/side-dish-by-chicken/1374-salted-korean-egg
ไก่ทอดเกาหลี,https://www.pim.in.th/side-dish-by-chicken/1309-korean-fried-chicken
ไข่ตุ๋นหม้อไฟหมูสับ,https://www.pim.in.th/side-dish-by-chicken/1370-easy-steamed-egg
ยำไข่ปิ้ง,https://www.pim.in.th/side-dish-by-chicken/1306-spicy-roasted-egg-salad
ไข่พะโล้ผัดแห้ง,https://www.pim.in.th/side-dish-by-chicken/1367-pork-and-boiled-eggs-in-sweet-brown-sauce
ไก่อบสมุนไพรพริกไทยดำ,https://www.pim.in.th/side-dish-by-chicken/1290-roasted-chicken-with-thai-herb-and-black-pepper
ไก่โคราช อบเนยพริกไทยดำ,https://www.pim.in.th/side-dish-by-chicken/1345-roasted-chicken-with-butter-and-black-pepper
พล่าไก่ฉีก,https://www.pim.in.th/side-dish-by-chicken/1339-spicy-salad-with-chicken-and-thai-herb
สะโพกไก่นึ่งเต้าหู้ยี้,https://www.pim.in.th/side-dish-by-chicken/1286-steamed-chicken-with-yellow-sufu
ทอดมันไก่,https://www.pim.in.th/side-dish-by-chicken/1337-thai-fried-chicken-cake
ไก่ย่างขิงซอสพริกกระเทียม,https://www.pim.in.th/side-dish-by-chicken/1271-ginger-roasted-chicken
ไข่ตุ๋นสุกี้ทะเลหม้อไฟ,https://www.pim.in.th/side-dish-by-chicken/1333-seafood-steamed-eggs-in-hot-pot-with-suki-sauce
ไก่กรอบราดน้ำปลา,https://www.pim.in.th/side-dish-by-chicken/924-deep-fried-chicken-with-sweet-fish-sauce
ปีกไก่ตุ๋นซีอิ๊วญี่ปุ่น,https://www.pim.in.th/side-dish-by-chicken/1329-braised-chicken-wings-with-shoyu
ไข่ครกสมุนไพร,https://www.pim.in.th/side-dish-by-chicken/1247-fried-egg-with-herb
ไก่อบขมิ้น,https://www.pim.in.th/side-dish-by-chicken/1246-roasted-thai-herb-chicken
ไก่ตุ๋นเต้าหู้ปลาเค็ม,https://www.pim.in.th/side-dish-by-chicken/1183-braised-chicken-with-chilli-salted-fish-paste
ไข่ตุ๋นหมูสับ ในหม้อชาบู,https://www.pim.in.th/side-dish-by-chicken/1245-steamed-egg-with-shabu-pot
แกงไก่ขมิ้น,https://www.pim.in.th/side-dish-by-chicken/1181-chicken-curry-with-turmeric-and-tomato
ไก่ชุบแป้งทอด (สูตรร้านข้าวแกง),https://www.pim.in.th/side-dish-by-chicken/1230-fried-chicken-breast
ไก่กรอบ ซอสเผ็ด - ซอสส้ม,https://www.pim.in.th/side-dish-by-chicken/1177-deep-fried-chicken-with-jazzii-sauce
ไก่พันตะไคร้,https://www.pim.in.th/side-dish-by-chicken/1229-chicken-lemon-grass
ต้มแซ่บไก่บ้าน,https://www.pim.in.th/side-dish-by-chicken/1172-thai-esan-spicy-chicken-soup
ไก่ต้มน้ำปลา,https://www.pim.in.th/side-dish-by-chicken/1224-boiled-chicken-with-fish-sauce
ปีกไก่ทอดยำแซ่บ,https://www.pim.in.th/side-dish-by-chicken/1165-spicy-crispy-chicken-wing-salad
เกี๊ยวไข่,https://www.pim.in.th/side-dish-by-chicken/1219-egg-wonton-with-seasoned-pork
อกไก่อบซอสกระเทียม,https://www.pim.in.th/side-dish-by-chicken/1164-roasted-chicken-with-bean-paste-and-chilli-sauce
อกไก่ย่างตะไคร้,https://www.pim.in.th/side-dish-by-chicken/1216-grilled-chicken-with-lemon-grass
ต้มยำตีนไก่ (หม้อหุงข้าว),https://www.pim.in.th/side-dish-by-chicken/1157-chicken-feet-spicy-soup2
ไก่ทอดซอสกระเทียมสไปซี่,https://www.pim.in.th/side-dish-by-chicken/1213-sweet-and-spciy-crispy-chicken
แกงไก่ใส่ฟัก แบบอิสาน,https://www.pim.in.th/side-dish-by-chicken/1154-kang-om-kai
ไก่กรอบซอสสุกี้,https://www.pim.in.th/side-dish-by-chicken/1196-deep-fried-chicken-in-suki-sauce
ไข่ยัดไส้หมูสับซอสส้ม,https://www.pim.in.th/side-dish-by-chicken/1136-jazzii-pork-stuffed-omelette
อกเป็ดอบซอสส้ม,https://www.pim.in.th/side-dish-by-chicken/1185-duck-with-orange-sauce
ขาไก่ตุ๋นเห็ดหอม,https://www.pim.in.th/side-dish-by-chicken/1118-braised-chicken-legs-with-shiitake
ซี่โครงหมูเปรี้ยวหวานผักกาดดอง,https://www.pim.in.th/side-dish-by-pork/1528-sweet-and-sour-pork-ribs-with-pickled-mustard-greens
คอหมูย่าง+น้ำจิ้มแจ่ว,https://www.pim.in.th/side-dish-by-pork/1456-grilled-pork-jowl
พริกหยวกยัดไส้หมูสับย่าง,https://www.pim.in.th/side-dish-by-pork/1525-stuffed-banana-pepper-with-pork
ลูกชิ้นหมูกระเทียมพริกไทย,https://www.pim.in.th/side-dish-by-pork/1444-fried-garlic-pork-balls
ไส้กรอกผัดซอสมะเขือเทศ,https://www.pim.in.th/side-dish-by-pork/1520-stir-fried-sausage-with-red-sauce-02
หมูย่างปลาร้า-แจ่วมะเขือเทศ,https://www.pim.in.th/side-dish-by-pork/1442-moo-plara
ไส้หมูพะโล้,https://www.pim.in.th/side-dish-by-pork/1519-five-spice-braised-pork-intestin
เบคอนพันไส้กรอกซอสน้ำตก,https://www.pim.in.th/side-dish-by-pork/1441-spicy-bacon-and-smoked-sausage-salad
ห่อหมกหมูสับ,https://www.pim.in.th/side-dish-by-pork/1518-steamed-pork-with-curry-paste
แหนมหมูสามชั้น,https://www.pim.in.th/side-dish-by-pork/382-moosom
หมูทอดสามรส (เปรี้ยวหวาน),https://www.pim.in.th/side-dish-by-pork/1506-sweet-and-sour-deep-fried-pork
หมูสามชั้นคั่วพริกน้ำปลา,https://www.pim.in.th/side-dish-by-pork/1423-pork-belly-fried-with-chilli-and-fish-sauce
หมูสับปลาเค็มทอด สูตรหมูนุ่ม,https://www.pim.in.th/side-dish-by-pork/1494-fried-salted-fish-pork-ball
ซี่โครงหมูตุ๋นมะระเต้าเจี้ยว,https://www.pim.in.th/side-dish-by-pork/1396-stewed-pork-ribs-with-chinese-bitter-gourd
คะน้าหมูกรอบ,https://www.pim.in.th/side-dish-by-pork/788-stir-fried-kale-with-crispy-pork
หมูตุ๋นสามเกลอ,https://www.pim.in.th/side-dish-by-pork/1380-stewed-pork-with-three-buddies
อ่อมซี่โครงหมู,https://www.pim.in.th/side-dish-by-pork/1475-spicy-thick-soup-with-pork-ribs-and-vegetables
ซี่โครงหมูเปรี้่ยวหวาน สไตล์จีน,https://www.pim.in.th/side-dish-by-pork/1378-chinese-sweet-and-sour-pork-ribs
หมูตุ๋นโชยุ,https://www.pim.in.th/side-dish-by-pork/1471-shoyu-pork
หมูปั้นก้อนทอดกระเทียม,https://www.pim.in.th/side-dish-by-pork/1377-garlic-minced-pork-ball
หมูทอดสอดไส้ชีส,https://www.pim.in.th/side-dish-by-pork/1375-cheese-tonkatsu
คากิตุ๋น,https://www.pim.in.th/side-dish-by-pork/1265-stewed-pig-feet
ห่อหมกหมู,https://www.pim.in.th/side-dish-by-pork/1365-hormok-moo
หมูสับนึ่งทรงเครื่อง 3 แบบ,https://www.pim.in.th/side-dish-by-pork/1263-steamed-minced-pork-with-egg-and-tofu
สตูซี่โครงหมูกับไวน์แดง,https://www.pim.in.th/side-dish-by-pork/1341-pork-spare-ribs-stew
หมูสับทอดปลาเค็ม,https://www.pim.in.th/side-dish-by-pork/1254-deep-fried-minced-pork-with-salted-fish2
เคาหยก (สามชั้นตุ๋นผักกาดแห้ง),https://www.pim.in.th/side-dish-by-pork/1340-mui-choy-kau-yok
สามชั้นทอดหม่าล่า,https://www.pim.in.th/side-dish-by-pork/1252-shao-kao-pork
ซี่โครงหมูตุ๋นกิมจิ,https://www.pim.in.th/side-dish-by-pork/1334-stewed-pork-ribs-with-kimchi
สตูว์หมู ในหม้อหุงข้าว,https://www.pim.in.th/side-dish-by-pork/1249-pork-stew-in-rice-cooker
หมูสับผัดพริกเสฉวน,https://www.pim.in.th/side-dish-by-pork/1330-fried-minced-pork-with-sichuan-sauce
ไส้กรอกพันเบคอนซอสน้ำตก (เบทาโกร),https://www.pim.in.th/side-dish-by-pork/1242-deep-fried-smoked-sausage-and-bacon-spicy-salad-thai-style-03
บาร์บีคิวซี่โครงหมูอบชีส,https://www.pim.in.th/side-dish-by-pork/1326-bbq-pork-with-cheese-in-ricecooker
ซี่โครงหมูย่างสับปะรด,https://www.pim.in.th/side-dish-by-pork/1236-grilled-pork-ribs-with-pineapple-sauce
หมูแดดเดียว แบบอิสาน,https://www.pim.in.th/side-dish-by-pork/1310-sun-dried-esan-pork
หมูทอดขมิ้น,https://www.pim.in.th/side-dish-by-pork/1235-fried-tumeric-pork
พะแนงไส้กรอก,https://www.pim.in.th/side-dish-by-pork/1304-betagro-sausage-panang
หมูสวรรค์,https://www.pim.in.th/side-dish-by-pork/1228-sweet-pork-jerky
ห่อหมกไส้กรอกชีส,https://www.pim.in.th/side-dish-by-pork/1268-cheese-sausage-hormok
สามชั้นผัดกะปิ,https://www.pim.in.th/side-dish-by-pork/1225-fried-belly-pork-with-shirmp-paste
แคบหมูผัดเม็ดมะม่วงหิมพานต์,https://www.pim.in.th/side-dish-by-pork/1221-stir-fried-crispy-skin-pork-with-cashew-nut
ซี่โครงหมูตุ๋นซอสกระเทียม,https://www.pim.in.th/side-dish-by-pork/1134-pork-ribs-braised-in-garlic-sauce
หมูย่างผัดพริกกระเทียม,https://www.pim.in.th/side-dish-by-pork/1203-fried-pork-with-garlic-and-chilli
หมูฝอย,https://www.pim.in.th/side-dish-by-pork/1121-shredded-pork
ข้าวผัดกากหมู,https://www.pim.in.th/side-dish-by-pork/1189-stir-fried-rice-with-pork-crackling
ซี่โครงหมูอบพริกไทยดำ,https://www.pim.in.th/side-dish-by-pork/1110-pork-black-pepper
หมูตุ๋นปลาอินทรีเค็ม,https://www.pim.in.th/side-dish-by-pork/1179-braised-pork-with-salted-fish
ยำหมูสับทอดปลาเค็ม,https://www.pim.in.th/side-dish-by-pork/1107-deep-fried-minced-pork-with-salted-fish
หมูมะนาว,https://www.pim.in.th/side-dish-by-pork/1106-pork-with-lime-garlic-and-chili-sauce
พริกหยวกยัดไส้หมูสับทรงเครื่อง,https://www.pim.in.th/side-dish-by-pork/1168-stuffed-bell-pepper-with-minced-pork
หมูสามชั้นคั่วซีอิ๊ว,https://www.pim.in.th/side-dish-by-pork/1161-stir-fried-pork-with-soy-sauce
ตับผัดกระเทียมพริกไทย,https://www.pim.in.th/side-dish-by-pork/1084-fried-pork-liver-with-garlic
ซี่โครงหมูตุ๋นมะพร้าวอ่อนเห็ดหอม,https://www.pim.in.th/side-dish-by-pork/1160-pork-ribs-with-young-coconut-in-red-sauce
เมี่ยงหมูย่าง,https://www.pim.in.th/side-dish-by-pork/1080-miang-moo-yang
หมูกรอบ สูตรหนังฟูกรอบ,https://www.pim.in.th/side-dish-by-pork/1141-crispy-pork-with-sweet-black-soya-sauce
วุ้นเส้นผัดแหนมไข่เค็ม,https://www.pim.in.th/side-dish-by-pork/1054-fried-vermicell-noodle-with-fermented-pork
หมูทอดสามรส,https://www.pim.in.th/side-dish-by-pork/1138-sweet-and-sour-pork
ต้มจับฉ่าย สูตรใส่เต้าเจี้ยวเห็ดหอม,https://www.pim.in.th/side-dish-by-pork/1053-chinese-vegetable-stew
เนื้อย่างเสียบไม้ เตาถ่าน,https://www.pim.in.th/side-dish-by-beef/1421-charcoal-grilled-beef
ซุปเนื้อตุ๋น,https://www.pim.in.th/side-dish-by-beef/1411-beef-soup
มัสมั่นเนื้อ,https://www.pim.in.th/side-dish-by-beef/1414-beef-massaman
ลาบเนื้อทอด,https://www.pim.in.th/side-dish-by-beef/1361-fried-larb
เห็ดผัดเนยกระเทียม,https://www.pim.in.th/vegetarian-side-dish/1408-fried-mushroom-with-garlic-and-butter
เห็ดออรินจิผัดพริกแห้ง,https://www.pim.in.th/vegetarian-side-dish/1289-fried-mushroom-with-dried-chilli-and-peanut
แกงหน่อไม้ใส่เห็ด (อิสาน),https://www.pim.in.th/vegetarian-side-dish/1356-spicy-bamboo-shoot-soup
เต้าหู้ทอดราดซอสพริกเซี่ยงไฮ้,https://www.pim.in.th/vegetarian-side-dish/1284-fried-tofu-with-guilin-chilli-sauce
เห็ดหอมคั่วซีอิ๊ว,https://www.pim.in.th/vegetarian-side-dish/1323-roasted-shitake-mushroom
เห็ดอบสมุนไพร,https://www.pim.in.th/vegetarian-side-dish/1186-roasted-mushroom-with-thai-herb
วุ้นกะทิ (มะพร้าว) ใบเตย,https://www.pim.in.th/thai-dessert/1515-pandan-coconut-milk-jelly
เต้าหู้งาดำฟรุ๊ตสลัด,https://www.pim.in.th/thai-dessert/1420-black-sesame-soy-milk-jelly-with-mix-fruit
บัวลอยแก้วฟักทอง-มันม่วง,https://www.pim.in.th/thai-dessert/1501-sweet-potato-and-pumpkin-tapioca-ball-with-coconut-milk
ขนมบ้าบิ่นหน้ากรอบ,https://www.pim.in.th/thai-dessert/1404-kanom-babin
ถั่วกวน สูตรโบราณ,https://www.pim.in.th/thai-dessert/1500-thai-mung-bean-cake
ลูกตาลในน้ำเชื่อมคาราเมล,https://www.pim.in.th/thai-dessert/1395-toddy-palm-in-caramel-syrup
ทองม้วนสดใบเตย-อัญชัน,https://www.pim.in.th/thai-dessert/1493-thai-coconut-crepes
ขนมฟักทองฟู,https://www.pim.in.th/thai-dessert/1387-steamed-pumpkin-cupcake
วอฟเฟิลขนมกล้วย,https://www.pim.in.th/thai-dessert/1474-banana-cake-waffle
ข้าวแต๋นน้ำแตงโม (โรยน้ำตาล),https://www.pim.in.th/thai-dessert/1351-sweet-rice-crispy
ข้าวต้มน้ำวุ้น,https://www.pim.in.th/thai-dessert/1473-glutinous-rice-in-syrup
หม้อแกงไข่ไก่,https://www.pim.in.th/thai-dessert/1349-egg-thai-custard
ขนมขี้หนู (ขนมทราย),https://www.pim.in.th/thai-dessert/1464-kanom-kee-noo
กะลอจี๊,https://www.pim.in.th/thai-dessert/1296-kalorjee
ข้าวเหนียวมูนกลอย,https://www.pim.in.th/thai-dessert/1462-wild-yam-coconut-flavored-sticky-rice
สาคูบัวลอยกะทิสด,https://www.pim.in.th/thai-dessert/1283-sakoo-bualoy
ขนมจากมะพร้าวอ่อน,https://www.pim.in.th/thai-dessert/1461-kanom-jak
วุ้นสังขยาใบเตย,https://www.pim.in.th/thai-dessert/1272-pendan-and-custard-jelly
ข้าวต้มจิ้ม,https://www.pim.in.th/thai-dessert/1458-khao-tom-jim
วุ้นกะทิฟักทอง มันม่วง,https://www.pim.in.th/thai-dessert/1266-pumpkin-and-sweet-potato-jelly
ขนมกล้วยจี่,https://www.pim.in.th/thai-dessert/1455-thai-banana-cake
ขนมผกากรอง,https://www.pim.in.th/thai-dessert/1256-pa-ka-krong
ขนมต้มอัญชัน,https://www.pim.in.th/thai-dessert/1454-ka-nom-tom
กล้วยน้ำว้าเชื่อม (หม้อหุงข้าว),https://www.pim.in.th/thai-dessert/1251-syrup-cultivated-banana
ขนมดอกโสน,https://www.pim.in.th/thai-dessert/129-sesbania-flower-sweet
กล้วยไข่บวดชีมะพร้าวอ่อน,https://www.pim.in.th/thai-dessert/1250-lady-finger-banana-in-coconut-milk
ข้าวเหนียวมูนอัญชันมะม่วง,https://www.pim.in.th/thai-dessert/1451-mango-coconut-flavored-sticky-rice
กล้วยทับราดน้ำกะทิมะพร้าวอ่อน,https://www.pim.in.th/thai-dessert/1244-pressed-grilled-banana-with-thick-sweet-sauce
มันเชื่อม  (มันเทศ),https://www.pim.in.th/thai-dessert/1075-sweet-potato-in-syrup
สาคูบัวลอยกะทิสด,https://www.pim.in.th/thai-dessert/1283-sakoo-bualoy
ข้าวเหนียวมูนธัญพืช,https://www.pim.in.th/thai-dessert/1067-sticky-rice-with-grains
วุ้นสังขยาใบเตย,https://www.pim.in.th/thai-dessert/1272-pendan-and-custard-jelly
ข้าวเหนียวหน้านวล,https://www.pim.in.th/thai-dessert/1064-sweet-sticky-rice-cake-with-coconut-milk
วุ้นกะทิฟักทอง มันม่วง,https://www.pim.in.th/thai-dessert/1266-pumpkin-and-sweet-potato-jelly
มันทิพย์,https://www.pim.in.th/thai-dessert/1048-grilled-sweet-potato
ขนมผกากรอง,https://www.pim.in.th/thai-dessert/1256-pa-ka-krong
บัวลอยแก้วอัญชัน,https://www.pim.in.th/thai-dessert/1026-bualoy-kaew
กล้วยน้ำว้าเชื่อม (หม้อหุงข้าว),https://www.pim.in.th/thai-dessert/1251-syrup-cultivated-banana
มันสำปะหลังปิ้งราดน้ำกะทิ,https://www.pim.in.th/thai-dessert/1022-roasted-tapioca-with-coconut-syrup
กล้วยไข่บวดชีมะพร้าวอ่อน,https://www.pim.in.th/thai-dessert/1250-lady-finger-banana-in-coconut-milk
แกงบวดมันรวมมิตร,https://www.pim.in.th/thai-dessert/1017-sweet-potato-in-coconut-milk
วุ้นน้ำส้ม-นมสด,https://www.pim.in.th/thai-dessert/1206-orange-juice-jelly
ลอดช่องสิงคโปร์,https://www.pim.in.th/thai-dessert/942-lod-chong-singapore
ขนมหม้อแกงเผือก,https://www.pim.in.th/thai-dessert/1153-taro-thai-custard
ขนมมัน,https://www.pim.in.th/thai-dessert/940-steamed-topioca-cake
พุดดิ้งมะพร้าวอ่อน,https://www.pim.in.th/thai-dessert/1137-coconut-pudding
ครองแครงน้ำกะทิ (ครองแครงแก้ว),https://www.pim.in.th/thai-dessert/923-krong-kraeng-kati
ข้าวเหนียวแก้ว 3 สี,https://www.pim.in.th/thai-dessert/1119-glossy-sticky-rice
วุ้นกะทิซาหริ่ม,https://www.pim.in.th/thai-dessert/887-sarim-in-coconut-jelly
ขนมไข่นกกระทา,https://www.pim.in.th/thai-dessert/1085-deep-fried-potato-balls
กล้วยทับราดน้ำกะทิ,https://www.pim.in.th/thai-dessert/874-roasted-banana-with-coconut-syrup
กล้วยแขก  (กล้วยทอด),https://www.pim.in.th/thai-dessert/1076-fried-banana
สาคูเปียกมะพร้าวอ่อน,https://www.pim.in.th/thai-dessert/839-tapioca-pearl-pudding
ขนมต้มขาวใบเตย,https://www.pim.in.th/thai-dessert/650-kanom-tom
ลอดช่องสิงคโปร์,https://www.pim.in.th/thai-dessert/942-lod-chong-singapore
มันสำปะหลังเชื่อม,https://www.pim.in.th/thai-dessert/644-cassova
ขนมมัน,https://www.pim.in.th/thai-dessert/940-steamed-topioca-cake
ครองแครงน้ำกะทิ (ครองแครงแก้ว),https://www.pim.in.th/thai-dessert/923-krong-kraeng-kati
วุ้นกะทิซาหริ่ม,https://www.pim.in.th/thai-dessert/887-sarim-in-coconut-jelly
ขนมเผือกมะพร้าวอ่อน,https://www.pim.in.th/thai-dessert/622-kanom-peuak
กล้วยทับราดน้ำกะทิ,https://www.pim.in.th/thai-dessert/874-roasted-banana-with-coconut-syrup
ขนมไข่ปลา ฉบับสุพรรณ,https://www.pim.in.th/thai-dessert/578-2012-07-27-11-47-05
สาคูเปียกมะพร้าวอ่อน,https://www.pim.in.th/thai-dessert/839-tapioca-pearl-pudding
อโวคาโดน้ำกะทิ,https://www.pim.in.th/thai-dessert/837-avocado-in-sweet-coconut-milk
ขนมชักหน้า (ขนมน้ำดอกไม้),https://www.pim.in.th/thai-dessert/500-2011-08-10-16-44-28
เต้าส่วน,https://www.pim.in.th/thai-dessert/829-tao-suan
ขนมถั่วแปบสีรุ้ง,https://www.pim.in.th/thai-dessert/497-2011-08-05-01-44-46
สังขยาฟักทอง,https://www.pim.in.th/thai-dessert/473-2011-06-23-15-51-27
ต้มถั่วเขียวกับลำไยแห้ง,https://www.pim.in.th/thai-dessert/785-green-bean-and-dried-longan-in-syrup
วุ้นกะทิใบเตยมะพร้าวอ่อน,https://www.pim.in.th/thai-dessert/453-2011-05-07-09-10-42
วุ้นสลับสี,https://www.pim.in.th/thai-dessert/779-jelly-cake
ขนมกล้วย และขนมฟักทอง สูตรทำขาย,https://www.pim.in.th/thai-dessert/375-kanom-kluay
สาคูน้ำนมข้าวโพด,https://www.pim.in.th/thai-dessert/734-tapioca-balls-in-corn-milk
มินิโดนัทแฟนซี,https://www.pim.in.th/international-dessert-and-bakery/1522-mini-donut
คัพเค้กทูน่าหยองน้ำพริกเผา,https://www.pim.in.th/international-dessert-and-bakery/1481-tuna-floss-cupcake
เค้กกล้วยหอมจิ๋ว,https://www.pim.in.th/international-dessert-and-bakery/1477-mini-banana-cupcake
คุ๊กกี้ข้าวโอ๊ตกล้วยน้ำว้า,https://www.pim.in.th/international-dessert-and-bakery/1508-banana-oat-cookies
มินิครัวซองต์,https://www.pim.in.th/international-dessert-and-bakery/1505-mini-croissant
Mini Matcha Brownies,https://www.pim.in.th/international-dessert-and-bakery/1459-mini-matcha-brownies
เค้กกล้วยตากอัลมอนด์,https://www.pim.in.th/international-dessert-and-bakery/1484-dried-banana-and-almond-cake
เต้าฮวยเย็นน้ำขิง,https://www.pim.in.th/international-dessert-and-bakery/1450-soy-custard-with-ginger-syrup
เค้กง่ายๆ จากไมโครเวฟ,https://www.pim.in.th/international-dessert-and-bakery/1255-easy-microwave-cake
Almond Brownies,https://www.pim.in.th/international-dessert-and-bakery/1205-almond-brownies
ทาร์ตมันม่วง,https://www.pim.in.th/international-dessert-and-bakery/1222-purple-sweet-potato-tart
Summer Honey Toast,https://www.pim.in.th/international-dessert-and-bakery/1202-summer-honey-toast
Chocolate Chip Banana Bread,https://www.pim.in.th/international-dessert-and-bakery/1220-chocolate-chip-banana-bread
Chocolate Banana Muffin,https://www.pim.in.th/international-dessert-and-bakery/1201-chocolate-banana-muffin
ปังกรอบคาราเมล,https://www.pim.in.th/international-dessert-and-bakery/1218-crunchy-caramel-crouton
Chocolate Lava,https://www.pim.in.th/international-dessert-and-bakery/1199-chocolate-lava
ชีสเค้กเผือก (แบบไม่อบ),https://www.pim.in.th/international-dessert-and-bakery/1215-nobake-taro-cheesecake
แยมสตรอเบอรี่,https://www.pim.in.th/international-dessert-and-bakery/1194-strawberry-and-cranberry-jam
พุดดิ้งชาเขียวถั่วแดง,https://www.pim.in.th/international-dessert-and-bakery/988-matcha-pudding
Fruit Cake จากหม้อหุงข้าว,https://www.pim.in.th/international-dessert-and-bakery/909-fruit-cake-by-rice-cooker
คาราเมลคอนเฟลค,https://www.pim.in.th/international-dessert-and-bakery/984-cornflake-caramel
ขนมปังกรอบหน้าเนยน้ำตาล และเนยกระเทียม,https://www.pim.in.th/international-dessert-and-bakery/896-crispy-bread-butter-sugar
Strawberry Panna Cotta,https://www.pim.in.th/international-dessert-and-bakery/979-strawberry-panna-cotta
Double Chocolate Muffin,https://www.pim.in.th/international-dessert-and-bakery/872-double-chocolate-muffin
บราวนี่ชาเขียว,https://www.pim.in.th/international-dessert-and-bakery/975-matcha-brownies
พายวุ้นมะพร้าว,https://www.pim.in.th/international-dessert-and-bakery/871-coconut-jelly-pie
Chocolate Pudding,https://www.pim.in.th/international-dessert-and-bakery/938-chocolate-pudding
น้ำลำไย กระเจี๊ยบ เก๊กฮวย ฯ,https://www.pim.in.th/beverage/1492-herbal-drinks
นมชมพูปั่น อร่อยชื่นใจ,https://www.pim.in.th/beverage/1332-thai-style-iced-sweet-milk
น้ำกระชายน้ำผึ้งมะนาว,https://www.pim.in.th/beverage/1403-lemon-fingerroot-juice
สมูทตี้ผัก-ผลไม้ 7 สีเพื่อสุขภาพ,https://www.pim.in.th/beverage/1276-fruits-and-vegetable-smoothie