ชื่ออาหาร,ingredient_full_json,ระดับแคลอรี่,ระดับโปรตีน,ระดับไขมัน,ระดับคาร์บ,วัตถุดิบ_ไม่มีปริมาณ,query1 อยากกินอาหารครบ,query2,query3
แกงเลียงกุ้งสด,"""กุ้งสดปอกเปลือกผ่าหลัง: 250กรัม
ข้าวโพดอ่อนหั่น: 80กรัม
ฟักทองหั่นชิ้นพอดีคำ: 240กรัม
บวบหั่นเป็นชิ้นๆ: 230กรัม
เห็ดรวม (ตามชอบ): 250กรัม
ใบแมงลัก: 1ถ้วย
น้ำซุป: 4ถ้วย
น้ำปลา: 2ช้อนโต๊ะ
ซีอิ๊วขาว: 1ช้อนโต๊ะ
น้ำตาล: 1ช้อนชา
---พริกแกงเลียง--: 
หอมแดง: 6หัว
กุ้งแห้งป่น: 3ช้อนโต๊ะ
กุ้งสดลวก: 3ตัว
กระชาย: 3แง่ง
พริกไทยเม็ด: 1ช้อนโต๊ะ
กะปิ: 1 1/2ช้อนโต๊ะ
พริกขี้หนูสวน: 8เม็ด
รากผักชี: 1ราก""",แคลมาก,โปรตีนสูง,ไขมันกลาง,คาร์บสูง,"กุ้ง, ข้าวโพด, ฟักทอง, บวบ, เห็ด, ใบแมงลัก, น้ำซุป, น้ำปลา, ซีอิ๊วขาว, น้ำตาล, หอมแดง, กุ้งแห้ง, กระชาย, พริกไทย, กะปิ, พริกขี้หนู, รากผักชี",อยากกินอาหารที่มี กุ้ง ฟักทอง ข้าวโพด กะปิ พริกขี้หนู แคลมากๆจะได้อร่อยๆ กินอิ่ม ,อยากอีส อาหารนัวๆ เผ็ด มีกุ้ง บวบ เห็ด ข้าวโพด,อยากอีส แกงที่มี กุ้งนัวๆ แซ่บๆ มี บวบ ฟักทอง 
ปลานึ่งมะนาว,"""ปลา ตามชอบ ปลากะพง ปลาทับทิม ปลานิล ฯลฯ: 1ตัว
น้ำปลา: 2 ช้อนโต๊ะ
มะนาว (ชิมตามความเปรี้ยว): 3-4 ช้อนโต๊ะ
น้ำตาล: 1 ช้อนชา
พริกขี้หนูสับ: 2 ช้อนโต๊ะ
กระเทียมสับ: 2 ช้อนโต๊ะ
ผักชี: 1ต้น
ตะไคร้: ครึ่งต้น""",แคลกลาง,โปรตีนน้อย,ไขมันน้อย,คาร์บสูง,"ปลา,  น้ำปลา,  มะนาว,  น้ำตาล,  พริกขี้หนู,  กระเทียม,  ผักชี,  ตะไคร้",อยากกิน ปลา น้ำปลา มะนาว น้ำตาล พริก แคลกำลังดี ประมาณกลางๆ ไขมันน้อย,อยากกินปลา แซ่บๆ เปรี้ยวๆ อร่อยๆ กินแล้วชื่นใจ เผ็ด เปริ้ยวกำลังดี  ไขมันน้อย,อยากกินอะไรที่มัน จิ้ดจ๊าด มีพริก  มะนาว ทำมาจากปลา
มาม่าผัดขี้เมาทะเล,"""กุ้ง เนื้อปลา ปลาหมึก: ไม่ต้องเยอะมากอะ กะเอาเอง
มาม่าบิ๊กแพ๊ครสต้มยำ: 1 ซอง
ใบโหระพา: 
เม็ดพริกไทย: 
ไข่ไก่: 
พริกขี้หนูสด: 
กระเทียม: 
ซีอิ๊วดำ:""",แคลกลาง,โปรตีนสูง,ไขมันน้อย,คาร์บกลาง,"กุ้ง, ปลา, ปลาหมึก, มาม่า,  ใบโหระพา,  พริกไทย,  ไข่ไก่,  พริกขี้หนู,  กระเทียม,  ซีอิ๊วดำ",อยากกินมาม่าทะเล แซ่บๆ อร่อย มีกุ้ง เม็ดพริกไทย ไข่ไก่ โปรตีนสูง เครื่องเราเต็มไปด้วยโปรตีน,อยากกินมาม่า กุ้ง ปลาหมึก และพริก ทำอาหารอะไรดี ไขมันน้อย อร่อยนๆ,อาหารยามดึกต้องมาม่า แต่มีพวกอาหารทะเลอีกเอามาทำเมนูอะไรดี
แกงเขียวหวานหมู (มือใหม่หัดแกง),"""เนื้อหมู: 1 Kg
พริกแกงเขียวหวาน: 2 ขีด
หัวกะทิ: 500 ml
ใบโหระพา: 
มะเขือเปราะ: 
มะเขือพวง: 
พริกชี้ฟ้า: 
ใบมะกรูด: 
น้ำตาลมะพร้าว: 
น้ำปลา: 
น้ำมันพืช:""",แคลมาก,โปรตีนกลาง,ไขมันกลาง,คาร์บสูง,"หมู,  พริกแกง,  หัวกะทิ,  ใบโหระพา,  มะเขือ,  พริกชี้ฟ้า,  ใบมะกรูด,  น้ำตาลมะพร้าว,  น้ำปลา,  น้ำมัน",อยากกินเอาพริกแกงเขียวหวาน มาใช้จัง มีมะเขือเปราะ มะเขือพวง ใบมะกรูด น้ำตาล น้ำปลา หัวกะทิ,อยากกิน หมู เอามาทำกับหัวกะทิ ใบโหระพา มะเจือ พริกแกง,อยากกินแกงเขียวหวานหมู รสชาติดี มีมะเขือ มีพริก แคลมากๆ จะได้อร่อย อิ่ม ฟิน 
แกงป่า,"""เนื้อไก่: 200 g
พริกไทย: ตามชอบ
พริกแดง: ตามชอบ
ผงปรุงรส: 1 Tbs
พริกแกง: 20 g
ใบกะเพรา: 1กำมือ
มะเขือเปาะ: 7ผล
มะเขือพวง: 2พวง
กระชาย: ตามชอบ
ถั่งฝักยาว: 2ฝัก
น้ำตาล: เล็กน้อย""",แคลมาก,โปรตีนกลาง,ไขมันน้อย,คาร์บสูง,"ไก่,  พริกไทย, พริก, ผงปรุงรส,  พริกแกง,  ใบกะเพรา,  มะเขือเปาะ,  มะเขือพวง,  กระชาย, ถั่วฝักยาว,  น้ำตาล",อยากกิน ไก่ พริกแกง  มีใบกะเพรา มะเขือ กระชาย ถั่วฝักยาว ทำเมนูอะไรดี ขอไขมันน้อยๆ,อยากกิน แกง เค็มเผ็ดนำ เปรี้ยวตาม หอมกลิ่นกระชาย มีถั่วฝักยาว  เคี้ยวกรุ๊บๆ ,อยากกินอาหารที่มันมีรสชาติ เค็มนำ เปรี้ยวตาม ใส่วัตถุดิบได้หลากหลาย เช่น ไก่ มะเขือ กระชาย น้ำตาล
แกงส้มปลากระพงผักรวม (แกงส้มปักษ์ใต้),"""ปลากระพง(ประมาณ1กิโล): 1ตัว
พริกแกงเหลือง: 3-4ช้อนโต๊ะ
ผักตามชอบ(มะละกอ แครอท ถั่วฟักยาว: ตามชอบ
ส้มแขก: 4-5ชิ้น
น้ำปลา: 3-4ช้อนโต๊ะ
น้ำตาล: 2-3ช้อนโต๊ะ""",แคลกลาง,โปรตีนกลาง,ไขมันน้อย,คาร์บกลาง,"ปลากระพง, พริกแกง,  ผัก,  น้ำปลา,  น้ำตาล",อยากกิน ปลากระพง พริกแกง ผัก ส้มแขก น้ำปลา น้ำตาล  เป็นแกง ไขมันน้อย,อยากกินอาหารที่มีรสเปรี้ยวนำ ตามด้วยเผ็ด หวาน เค็ม อร่อยๆ มี ปลากระพง พริกแกงเหลือง,แกง ที่มีส้มแขก และพริกแกงเพิ่มความนัว มี ปลากระพงอร่อยๆ ไขมันน้อย เฮลตี้ๆ
ต้มยำกุ้งน้ำใส,"""กุ้งไซส์กลาง-ใหญ่ 6 ตัว: 
เห็ดฟาง 200 กรัม: 
ข่าหั่นเป็นชิ้นบางๆ 15 ชิ้น: 
ตะไคร้ 3 ต้น: 
ใบมะกรูด 5 ใบ: 
หอมแดง 5 หัว: 
พริกขี้หนูสวน 10 เม็ด: 
คนอร์ขวดซอสข้นปรุงรส 2 ช้อนโต๊ะ: 
มะนาว 6 ช้อนโต๊ะ: 
น้ำปลา 2 ช้อนโต๊ะ:""",แคลกลาง,โปรตีนกลาง,ไขมันน้อย,คาร์บกลาง,"กุ้ง, เห็ดฟาง, ข่า, ตะไคร้, ใบมะกรูด, หอมแดง, พริกขี้หนู, คนอร์, มะนาว, น้ำปลา",อยากกิน เห็ด กุ้งตัวโตๆ ข่า ตะไคร้ ใบมะกรูด อร่อยๆ ไขมันน้อย เหมาะกับคนเฮลตี้เหมือนเรา,อยากกิน ต้มยำอร่อยๆ เห็ด กุ้ง รสดี ขอแบบไขมันน้อยด้วย,มีกุ้งตัวใหญ่ๆ ตะไคร้ ใบมะกรูด อยากกินเมนูน้ำ ไขมันน้อย
แกงส้มใต้,"""มะละกอ: 1 ลูก
ปลาทับทิม: 1 ตัว
น้ำพริกแกงส้มใต้: 1 ซอง
น้ำมะขามเปียก: 5 ช้อนโต๊ะ
น้ำปลา: 3 ช้อนโต๊ะ
เกลือ: 1 ช้อนชา
น้ำตาลปีบ: 1 ช้อนโต๊ะ""",แคลกลาง,โปรตีนน้อย,ไขมันน้อย,คาร์บสูง,"มะละกอ,  ปลาทับทิม,  พริกแกง,  น้ำมะขามเปียก,  น้ำปลา,  เกลือ,  น้ำตาลปีบ",มีมะละกอ มีปลาทับทิมตัวใหญ่ๆ และพริกแกงส้มใต้ ไขมันน้อย ,แกงไขมันน้อย โปรตีนน้อย มีปลา ใช้มะละกอ และมีพริกแกง,อยากกินอาหารรสชาติดี มีมะละกอ ปลาทับทิม น้ำมะขามเปียดเพิ่มความอร่อย
ปลาเผาผักสด/เมี่ยงปลาเผา/ปลานิลเผาเกลือ แบบใช้เตาอบ,"""ปลา: 1 ตัว
เกลือป่น: 250 กรัม
แป้งสาลีเอนกประสงค์หรือแป้งมัน: 1 ช้อนโต๊ะ
ตะไคร้: 2ต้น
ใบเตย: 2 ใบ
ผักแกล้มผักต่างๆตามชอบ: 
ซีฟู้ดกุ้ง,ปลาหมึก ตามชอบ: 
เส้นหมี่ ตามชอบ:""",แคลกลาง,โปรตีนน้อย,ไขมันน้อย,คาร์บกลาง,"ปลา,  เกลือ,  แป้งสาลีเอนกประสงค์,  ตะไคร้,  ใบเตย,  ผัก,  กุ้ง, เส้นหมี่",มีปลากับเกลือ ตะไคร้ ใบเตย ทำเมนูอะไรดี ที่ไขมันน้อย รสชาติดี,อยากกินอาหารที่ดีต่อสุขภาพ ไขมันน้อย มีรสชาติเค็มเล็กน้อยๆจะได้อร่อยๆ ทำมาจากปลา,อยากกินเมี่ยง ปลาเผา รสชาติดี 
น้ำพริกกะปิสูตรคุณยาย,"""กะปิ: 1 ทัพพี
น้ำตาลปี๊บ: 1 ทัพพี
พริกสด: 1 กำมือ
กระเทียม: 1 กำมือ
มะเขือพวง: 1/2 ถ้วย
น้ำมะนาวคั้นสด: 1 ทัพพี
น้ำเปล่า: 1 ทัพพี""",แคลน้อย,โปรตีนน้อย,ไขมันน้อย,คาร์บกลาง,"กะปิ,  น้ำตาลปี๊บ,  พริกสด,  กระเทียม,  มะเขือ,  น้ำมะนาว,  น้ำเปล่า",อยากกิน น้ำพริก แซ่บๆ รสนัวๆ  มีมะเขือ  แคลน้อย ,อยากอีส น้ำพริกกะปิ มีกะปิเยอะๆ,มีพริก มีกะปิ กระเทียม รสดีๆ แคลน้อย โปรตีนน้อย  ไขมันน้อย 
แกงเขียวหวานไก่,"""น้ำพริกแกงเขียวหวาน(สำเร็จรูป): 
กะทิ (กล่องใหญ่1 กล่อง+กล่องเล็กสุด 1 กล่อง): 
ไก่สด+เครื่องใน: 
เลือดไก่(ก้อน): 
มะเขือเปราะ: 
มะเขือพวง: 
ใบโหระพา: 
พริกชีฟ้าสีแดง: 
พริกขี้หนูสด: 
น้ำตาล:""",แคลกลาง,โปรตีนกลาง,ไขมันน้อย,คาร์บสูง,"พริกแกง,  กะทิ, ไก่, เลือดไก่,  มะเขือเปราะ,  มะเขือพวง,  ใบโหระพา,  พริกชีฟ้า,  พริกขี้หนูสด,  น้ำตาล",พริกแกงเขียวหวาน กะทิ ไก่ ใบโหระพา รสชาติดี กินแล้วอร่อย ไขมันน้อย,อยากกิน แกงเขียวหวาน เพราะกับไก่ชิ้นเบิ้มๆ มีมะเขือพวงและมะเขือเปราะ,อยากอีสพริกแกงอร่อยๆ ใส่กะทิ ใส่ไก่ มะเขือ รสชาติอร่อย
แกงส้มมะละกอปลากระป๋อง,"""มะละกอออกสีแต้มๆ ลูกกลางๆ: 1ลูก
ปลากระป๋อง: 1กระป๋อง
น้ำตาลปี๊บ: 2ทัพพี
น้ำส้มมะขาม ตามความชอบ: 1ทัพพี
น้ำปลา แล้วแต่ชอบ: 
น้ำเปล่า: 2ถ้วยตวง
พริกแกงส้ม: 1ทัพพี
ผักชี:""",แคลน้อย,โปรตีนน้อย,ไขมันน้อย,คาร์บกลาง,"มะละกอ,  ปลากระป๋อง,  น้ำตาลปี๊บ,  น้ำมะขาม,  น้ำปลา,  น้ำเปล่า,  พริกแกง,  ผักชี",อยากกินแกงส้ม มะละกอ ปลากระป๋อง รสชาติดี โปรตีนน้อย ไขมันน้อย,อยากอีส แกงร้อนๆ เปรี้ยวๆ เผ็ดหน่อย มีมะละกอ ปลากระป๋อง หอมแดง,อยากอีส แกงไทยเปรี้ยวแซ่บๆ มีปลากระป๋องกับผักหวานๆ อย่างมะละกอ
พริกแกงเหลือง (แกงส้มใต้),"""พริกจินดาแห้ง(ใช้พริกขี้หนูสดได้): 30 เม็ด
กระเทียมไทย: 30 กลีบ
ขมิ้นยาว 2 นิ้ว: 1 ชิ้น
กะปิ: 1 ช้อนโต๊ะ
เกลือ: 1 ช้อนชา""",แคลน้อย,โปรตีนน้อย,ไขมันน้อย,คาร์บน้อย,"พริก,  กระเทียมไทย,  ขมิ้นยาว, กะปิ,  เกลือ",มี พริกจินดาแห้ง กระเทียม ขมิ้น เอามาทำอะไรดี ไขมันน้อย ,อยากอีส แกงใต้ๆ เผ็ดร้อนจัดจ้านแบบมีพริก ขมิ้น กะปิ หอมแรงๆ เค็มๆนัวๆ,อยากอีส แกงสีเหลืองแบบใต้ รสเผ็ดจี๊ด มีกลิ่นขมิ้นกับกะปิ หอมกระเทียมแรงๆ
น้ำพริกกะปิสูตรอร่อยเด็ด,"""กระเทียม: 1 ช้อนโต๊ะ
กะปิ: 1 ช้อนโต๊ะ
น้ำตาลปี๊บ: 1/2 ช้อนโต๊ะ
พริกขี้หนูสวน: 20 เม็ด
มะเขือพวง: 1 ช้อนโต๊ะ
น้ำมะนาวคั้นสด: 4 1/2 ช้อนโต๊ะ""",แคลน้อย,โปรตีนน้อย,ไขมันน้อย,คาร์บกลาง,"กระเทียม,  กะปิ,  น้ำตาลปี๊บ,  พริกขี้หนู,  มะเขือพวง,  น้ำมะนาว",กระเทียม กะปิ น้ำตาล พริกขี้หนู​ ทำอะไรได้บ้าง ที่ไขมันน้อย,,มีกะปิ กับพริกเหลือในตู้เย็นทำอะไรกินได้บ้าง
แกงส้มชะอมกุ้งพริกแกงใต้,"""กุ้ง: 5 ขีด
ชะอม: 1 กำ
พริกแกงส้มใต้: 2-3 ช้อน
ไข่ไก่: 4 ฟอง
น้ำตาลปีบ: 1-2 ช้อน
น้ำปลา: ตามรสชาติที่ชอบ
น้ำมัน: 1 ถ้วย
น้ำมะขามเปียก: ตามรสชาติที่ชอบ""",แคลมาก,โปรตีนกลาง,ไขมันกลาง,คาร์บสูง,"กุ้ง,  ชะอม,  พริกแกง,  ไข่ไก่,  น้ำตาลปีบ,  น้ำปลา, น้ำมัน,  น้ำมะขามเปียก",อยากกินอาหารรสชาติ รสเปรี้ยวนำ ตามด้วยเผ็ด มี กุ้ง  ไข่ ผักชะอม รสชาติดี แคลมาก ,อยากกินแกงส้มรสเปรี้ยวๆ ใส่ผักบุ้งกับกุ้งตัวโตๆ,อยากกินแกงส้มใต้รสแซ่บ มีชะอมไข่นุ่มๆ กุ้งเด้งๆ หอมพริกแกง น้ำมะขามนำๆ
ยำปลากระป๋องแบบบ้าน,"""ปลากระป๋อง: 3 กระป๋อง
หอมแดงซอย: 2 ช้อนโต๊ะ
พริกขี้หนู: 2 กรัม
มะนาว: 2 ลูก""",แคลน้อย,โปรตีนน้อย,ไขมันน้อย,คาร์บน้อย,"ปลากระป๋อง,  หอมแดงซอย,  พริกขี้หนู,  มะนาว",อยากกินอะไรเปร้ิยวๆ เผ็ดๆ เรามีปลากระป๋อง หอมแดง พริกขี้หนู มะนาว ทำเมนูอะไรได้บ้าง แคลน้อย กินดี,มีปลากระป๋องเหลือเยอะมากในตู้เย็น อยากกินยำแซ่บๆ อร่อยๆ ใส่พริก มะนาว ,ในตู้เย็นมีปลากระป๋อง พริก ข่า ตะไคร้ มะกรูด ทำอะไร กินได้บ้าง
น้ำพริกกะปิ ปลาทูทอด,"""น้ำพริกกะปิ: 
กระเทียม: 4 กลีบใหญ่
พริก: 6 เม็ด
น้ำตาลแว่น/น้ำตาลมะพร้าว: 1.5 แว่น
กะปิอย่างดี: 1 ช้อนพูนๆ
มะนาว: 1.5 ลูกเล็ก
ผักต้ม: 
ถั่วฝักยาว: 5 ต้น
ผักบุ้ง: 4 ต้น
น้ำเปล่า: สำหรับลวก
น้ำเย็นจัด: สำหรับแช่ผัก
ปลาทูทอด: 
ปลาทูขนาดกลาง: 2 ตัว
น้ำมันปาล์ม: 1 ถ้วย""",แคลมาก,โปรตีนกลาง,ไขมันกลาง,คาร์บสูง,"น้ำพริก,  กระเทียม,  พริก,  น้ำตาลมะพร้าว,  กะปิ,  มะนาว,  ผัก,  ถั่วฝักยาว,  ผักบุ้ง,  น้ำเปล่า, ปลาทูทอด,  น้ำมัน",อยากกินอาหารเคียงกับปลาทูตัวใหญ่ๆ ที่บ้านที พริก ประเทียม พริกไทย กะปิ มะนาว ผักต้ม ,อยากอีส อะไรแซ่บๆ เค็มมัน มีพริก กระเทียม กะปิ มะนาว ปลาทูทอด,
แกงเขียวหวานไก่ใส่ฟัก,"""สะโพกไก่: 2 ชิ้น
ฟักแก่: 3 ขีด
ตีนไก่: 2 ขีด
พริกแกงเขียวหวาน: 1.5 ขีด
กระทิสด: 1 โล
มะเขือ: 3-4 ลูก
ใบโหระพา: 1 กำเล็ก
พริกชี้ฟ้า: 4-5 เม็ด
น้ำปลา: 2 ช้อน
น้ำตาลปีบ: 1/2 ช้อน
มะเขือพวง: 1 ขีด""",แคลมาก,โปรตีนกลาง,ไขมันน้อย,คาร์บสูง,"สะโพกไก่,  ฟัก,  ตีนไก่,  พริกแกง,  กะทิ,  มะเขือ,  ใบโหระพา,  พริกชี้ฟ้า,  น้ำปลา,  น้ำตาลปีบ,  มะเขือพวง",อยากกินแกง รสเผ็ด เค็ม มัน หวานจากกะทิ มีไก่เยอะเยอะ ไขมันน้อยๆขมันน้อย,อยากอีส อาหารกะทิเข้มข้น หอมเครื่องแกง มีไก่ มะเขือ ใบโหระพา พริกแดง,
ไข่เจียวหมูสับหน้ากรอบ,"""เนื้อหมูสับ: 2-3ขีด
ไข่ไก่: 5 ฟอง
น้ำปลา: ตามชอบ
ซอสหอยนางรม: ตามชอบ
น้ำตาล: ตามชอบ""",แคลกลาง,โปรตีนน้อย,ไขมันน้อย,คาร์บสูง,"หมู,  ไข่ไก่,  น้ำปลา, ตามชอบ, ซอสหอยนางรม, น้ำตาล",อาหารง่ายๆ บ้านๆ ทำงจากไข่ หมูสับ ไขมันน้อย รสชาติดี,,มีไข่เหลือเยอะมากในตู้เย็นแบะก็ หมู  แครอท หอมหัวใหญ่ อยากกินอาหารง่ายๆ อร่อยๆ เด็กกินได้ 
เทคนิค กะเพราหมูสับ แบบแห้ง อร่อยกว่าร้าน,"""หมูสับ: 1 ถ้วย
พริกเขียว + กระเทียม สับ: 1 ถ้วย
ใบกะเพรา: 2-3 ต้น
ซีอิ๊วขาว: 2-3 ช้อนชา
น้ำปลา: 1 ช้อนชา
พริกไทย: 2-3 เหยาะ""",แคลกลาง,โปรตีนน้อย,ไขมันน้อย,คาร์บกลาง,"หมูสับ,  พริกเขียว, กระเทียม,  ใบกะเพรา,  ซีอิ๊วขาว,  น้ำปลา,  พริกไทย",อยากกินอาหารเผ็ด เค็ม มีหมูสับ และใช้ใบกะเพราให้หมด ไขมันนน้อย, มีหมูสับ พริกแดง พริกเขียว พริกหวาน น้ำปลา ซอสหอย กระเทียม กล้วย อยากทำอาหารคาว อร่อยๆ ,อยากกินกะเพราหมูสับ แซ่บๆ ใส่พริกเยอะๆ
แกงเขียวหวานไก่ผัดแห้ง,"""เนื้อไก่หั่นเป็นชิ้น: 140 กรัม
มะเขือเปราะหั่น: 200 กรัม
มะเขือพวง: 2 ช้อนโต๊ะ
พริกแดงหั่นแฉลบ: 4 เม็ด
ใบโหระพา: 1 ถ้วย
พริกแกงเขียวหวาน: 2 ช้อนโต๊ะ
น้ำตาลปี๊บ: 1 /2ช้อนโต๊ะ
ใบมะกรูดฉีก: 4-5ใบ
นมข้นจืด.: 6 ช้อนโต๊ะ
น้ำมันพืช.: เล็กน้อย
น้ำเปล่า: เล็กน้อย""",แคลมาก,โปรตีนน้อย,ไขมันกลาง,คาร์บสูง,"ไก่,  มะเขือเปราะ,  มะเขือพวง,  พริกแดง,  ใบโหระพา,  พริกแกง,  น้ำตาลปี๊บ,  ใบมะกรูด,  นมข้นจืด,  น้ำมัน, น้ำเปล่า",มีไก่ มะเขือ อยากกินอาหารที่ โปรตีนน้อย รสชาติดี ,"มี มะเขือพวง,  พริกแดง,  ใบโหระพา,  พริกแกง,  น้ำตาลปี๊บ,  ใบมะกรูด,  นมข้นจืด,  น้ำมัน, น้ำเปล่า ทำอะไรได้บ้าง",อยากกินอาหารอิ่มๆ ตอนนี้ในตู้เย็นมี หมู ไก่ ปลา มะเขือ  ทำอะไรกินได้บ้าง
ขนมจีนน้ำยาปลาทู,"""ปลาทูนึงแกะเอาแต่เนื้อ: 2 ตัว
น้ำพริกแกงเผ็ดใต้: 100 กรัม
กะทิ: 250 กรัม
ลูกชิ้นปลา: 6-7 ลูก
กระชาย ล้างให้สะอาด ตำให้ละเอียด: 100 กรัม
ขนมจีน: 
ผักเครื่องเคียงตามชอบ: 
น้ำตาลมะพร้าว: 2 ช้อนโต๊ะ
น้ำปลา: 2 ช้อนโต๊ะ""",แคลกลาง,โปรตีนกลาง,ไขมันน้อย,คาร์บสูง,"ปลาทู,  พริกแกง,  กะทิ,  ลูกชิ้นปลา,  กระชาย,  ขนมจีน,  ผัก,  น้ำตาลมะพร้าว,  น้ำปลา",มีเส้นขนมจีน กะทิ พริกแกง กระชาย ปลาทู ทำอาหารไขมันน้อยได้ไหม,อยากอีสอาหารใต้ๆ ใส่พริกแกงรสจัด มีปลาทูเป็นตัวหลัก,อยากกินอะไรกับเส้นขนมจีน ใส่ปลาทู กระชาย และลูกชิ้นปลา
แกงส้มปลาหน่อไม้ดอง,"""ปลาทับทิม: 1 ตัว
เครื่องแกงส้ม: 1 ขีด
หน่อไม้ดอง: 1/2 กก.
กะปิ: 1 ช้อนพูน
น้ำตาลมะพร้าว: 1 ช้อนโต๊ะ
เกลือ: 1 ช้อนชา
น้ำปลา: 1 ช้อนโต๊ะ
น้ำมะขามเปียก: 1 ถ้วย
มะนาว: 1.5 ลูก""",แคลกลาง,โปรตีนน้อย,ไขมันน้อย,คาร์บสูง,"ปลา,  พริกแกง,  หน่อไม้,  กะปิ,  น้ำตาลมะพร้าว,  เกลือ,  น้ำปลา,  น้ำมะขามเปียก,  มะนาว",อยากกินอาหารไขมันน้อย มีปลาตัวใหญ่ พร้อมเครื่องแกง มะนาว กะปิ หน่อไม้ดอง ไขมันน้อย,มีปลา พริกแกง กะปิ น้ำตาลมะพร้าว ทำอาหารรสแซ่บอะไรดี,อยากอีสเมนูปลารสจัดจ้านมีหน่อไม้และพริกแกงแบบใต้
พริกแกงมัสมั่น​,"""เม็ดผักชีคั่วป่น: 1+1/2 ช้อนชา
เม็ดยี่หร่าคั่วป่น: 1/2 ช้อนชา
เม็ดกระวานคั่วป่น​ (แกะเอาเฉพาะเม็ดที่อยู่ด้านใน)​: 4 เม็ด
กานพลูคั่วป่น: 4 ดอก
ลูกจันทน์​คั่วป่น: 1 ลูก
ดอกจันทน์​คั่วป่น: 1 ดอก
อบเชยท่อน​ 1 นิ้ว​ คั่วป่น: 1 ท่อน
พริกชี้ฟ้าแช่น้ำซับแห้ง: 10 เม็ด
เกลือสมุทร​: 1 ช้อนชา
ข่าแก่หั่นละเอียด: 1 ช้อนโต๊ะ​
ตะไคร้หั่นละเอียด: 2 ต้น
ผิวมะกรูด: 1 ช้อนชา
กระเทียม​ไทย: 20​ กลีบ
หอมแดง: 5 หัว
กะปิห่อใบตองย่างจนหอม: 1 ช้อนชา
พริกไทยขาวเม็ดคั่วป่น: 1/2 ช้อนชา""",แคลมาก,โปรตีนสูง,ไขมันกลาง,คาร์บสูง,"เม็ดผักชี,  เม็ดยี่หร่า,  เม็ดกระวาน,  กานพลู,  ลูกจันทน์​,  ดอกจันทน์​,  อบเชย, พริกชี้ฟ้า,  เกลือสมุทร​,  ข่าแก่,  ตะไคร้,  มะกรูด,  กระเทียม​,  หอมแดง,  กะปิ,  พริกไทยขาว",มีเครื่องเทศต่างๆ เข่น ดอกจันทร์ ผิวมะกรูด กระเทียม เม็ดผักชี ทำอะไรได้บ้าง ที่ไขมันน้อย, อยากอีสอาหารไทยที่มีกลิ่นเครื่องเทศอย่าง เม็ดผักชี ยี่หร่า ดอกจันทร์,มีเครื่องเทศหลากหลาย พริกแห้ง หอมแดง กะทิ จะทำแกงอะไรดี
ขนมครกสิงคโปร์,"""แป้งสาลี: 2ถ้วย
แป้งมัน: 1ถ้วย
นมสดรสจืด: 1ถ้วย
ใบเตย12ใบแก่ๆ คั้นน้ำกรองกาก: 1ถ้วย
ผงฟู: 2ช้อนกาแฟพูนๆ
เกลือ: 1ช้อนกาแฟพูนๆ
น้ำตาลทราย: 1ถ้วย
น้ำมันพืช: 1ช้อนกาแฟ
ไข่ไก่: 2ฟอง""",แคลมาก,โปรตีนน้อย,ไขมันกลาง,คาร์บสูง,"แป้งสาลี,  แป้งมัน,  นม,  ใบเตย, ผงฟู,  เกลือ,  น้ำตาลทราย,  น้ำมันพืช,  ไข่ไก่",อยากกินขนมอร่อยๆ นุ่มๆ มีแป้ง ใบเตย น้ำตาลพืช ,มีแป้ง นม ใบเตย เกลือ น้ำตาล ทำขนมอะไรได้บ้าง,อยากกินขนมใบเตยนุ่มๆ หอมกะทิ หวานน้อย อร่อย 
ไก่ผัดเม็ดมะม่วงหิมพานต์ (น้ำพริกเผา) Gai Pad Med Mamuang,"""เนื้อไก่หั่นชิ้นพอดีคำ: 400 กรัม
แป้งทอดกรอบ: 1/2 ถต.
เม็ดมะม่วงหิมพานต์ทอด: 100 กรัม
พริกทอดกรอบ หั่นท่อน: 10 เม็ด
หอมหัวใหญ่: 1 หัว
พริกหวานสามสี (3 สี แดง เหลือง เขียว ใช้สีละอย่างละ: 1/2 ลูก
พุทราเชื่อม/พุทราอบแห้ง (ใข้พุทราเชื่อมอร่อยกว่า) ส่วนนี้ไม่ใส่ก็ได้: 50 กรัม
ต้นหอมหั่นท่อน (มากน้อยตามชอบ): 5 ต้น
กระเทียมสับละเอียด: 1 ช้อนโต๊ะ
ซอสหอยนางรม: 2 ช้อนโต๊ะ
ซีอิ้วขาว/ซอสปรุงรส: 1 ช้อนโต๊ะ
น้ำตาลทราย(ความหวานปรับเพิ่มลดได้ตามความชอบ): 1 1/2 ช้อนโต๊ะ
น้ำพริกเผา (ถ้าทำให้เด็กทานด้วยสามารถลดในส่วนนี้ลงได้): 2 ช้อนโต๊ะ""",แคลมาก,โปรตีนกลาง,ไขมันน้อย,คาร์บสูง,"ไก่,  แป้งทอดกรอบ,  เม็ดมะม่วงหิมพานต์,  พริก,  หอม,  พริกหวาน, พุทรา,  ต้นหอม,  กระเทียม,  ซอสหอยนางรม,  ซีอิ้ว,  น้ำตาลทราย,  น้ำพริกเผา",อยากกินไก่กับเม็ดมะม่วงหิมพานต์  รสชาติหวาน กรอบ อร่อย ไขมันน้อย,เมนูไก่ทอดกรอบๆ ผัดกับเม็ดมะม่วงหอมซอสหอยนางรมไก่,  ไก่ผัดเม็ดมะม่วงแบบใส่น้ำพริกเผา หอมๆ มันๆ มีพุทราด้วย
แกงส้มผักบุ้งกุ้งลอยน้ำ,"""กุ้งสดตัวใหญ่: 3 ขีด
พริกแกงส้ม: 1 ช้อนโต๊ะ
ผักบุ้ง: 2 กำ
น้ำปลา: 1 ช้อนชา
หัวหอม: 2 หัว
กระชาย: 1 ต้น
กะปิ: ครึ่งช้อนชา
น้ำตาลทราย: 1 ช้อนชา
มะขามเปียก: 4 ฝัก
ใบมะกรูด: 4 - 5 ใบ""",แคลมาก,โปรตีนกลาง,ไขมันน้อย,คาร์บสูง,"กุ้ง,  พริกแกง,  ผักบุ้ง,  น้ำปลา,  หัวหอม,  กระชาย,  กะปิ, น้ำตาลทราย,  น้ำมะขามเปียก,  ใบมะกรูด",อยากกินแกง ไขมันน้อย มีกุ้งตัวใหญ่ๆ พริกแกงส้ม กระชาย ไขมันน้อย,แกงส้มผักบุ้งใส่กุ้งลอยน้ำ รสจัดถึงเครื่อง,ตอนนี้ในตู้เย็น มี กุ้ง พริกแกง ทำอะไรได้บ้าง
ข้าวผัดซีอิ๊วดำ,"""ข้าวสวย: 3 ถ้วย
เนื้อหมู: 50กรัม
ไข่ไก่: 2ฟอง
คะน้า: 30กรัม
มะเขือเทศ: 1ลูก
หอมหัวใหญ่: 1/2หัว
กระเทียมสับ: 4กลีบ
ซีอิ๊วดำ: 1ช้อนโต๊ะ
ซีอิ๊วขาว: 1/2ช้อนโต๊ะ
น้ำปลา: 1ชต
น้ำตาลทราย: 1ช้อนชา
น้ำมันพืช:""",แคลมาก,โปรตีนกลาง,ไขมันกลาง,คาร์บสูง,"ข้าวสวย,  เนื้อหมู,  ไข่ไก่,  คะน้า,  มะเขือเทศ,  หอมหัวใหญ่,  กระเทียมสับ,  ซีอิ๊วดำ,  ซีอิ๊วขาว,  น้ำปลา,  น้ำตาลทราย,  น้ำมันพืช",อยากกินข้าวผัด รสชาติที่กินแล้วนึกถึงบ้าน  มีซิอิ้วดำ คะน้า หอมหัวใหญ่ ,ตอนนี้ในตู้เย็นมี มะเขือเทศ หอมหัวใหญ่ ข้าว หมู ทำอะไรได้บ้าง,อยากกินข้าวผัดอร่อยๆ รสชาติสบายๆ กินแล้วนึกถึงบ้าน
ขนมจีนน้ำยากะทิไก่,"""กะทิ: 1 Kg
เนื้อไก่ส่วนหน้าอกต้ม: 500 กรัม
พริกแห้ง: 15-20 เม็ด
กระชายหั่น: 7 หัว
ตะไคร้ซอย: 3 ต้น
หัวหอมแดงหั่น: 7 หัว
ข่าหั่น: 1 หัว
กระเทียมซอย: 3 หัว
น้ำซุปที่เหลือจากต้มไก่: 2 ถ้วยตวง
เกลือป่น: 1 ช้อนโต๊ะ
น้ำปลา: 4 ช้อนโต๊ะ
น้ำตาลทราย: 2 ช้อนโต๊ะ
ใบมะกรูด: 10 ใบ
ลูกชิ้นปลา: 300 กรัม
ขนมจีน: 1 Kg""",แคลมาก,โปรตีนสูง,ไขมันน้อย,คาร์บสูง,"กะทิ,  อกไก่,  พริกแห้ง,  กระชาย,  ตะไคร้,  หอมแดง,  ข่าหั่น,  กระเทียมซอย,  น้ำซุป,  เกลือป่น,  น้ำปลา,  น้ำตาลทราย,  ใบมะกรูด,  ลูกชิ้น  ขนมจีน",มีกะทิและเนื้อไก่ กระชาย ตะไคร้ หอมหัวแดง  อยากทำอาหารที่โปรตีนสูง เป็นอาหารคาว  ไขมันน้อย,ขนมจีนน้ำยาใส่กะทิเข้มข้นกับไก่มีมั้ย, น้ำยากะทิไก่ใส่ลูกชิ้นและขนมจีน รสนัวๆ
น้ำพริกหนุ่ม,"""พริกหนุ่ม: 15 เม็ด
หอมแดง: 10 หัว
กระเทียม: 5 หัว
เกลือ: 1/2 ช้อนชา
มะนาว: 2 ลูก
น้ำตาล: 1/2 ช้อนชา
ผงคนอร์(รสหมู): 1 ช้อนโต๊ะ
ผงชูรส (ไม่ชอบไม่ต้องใส่): 1/2 ช้อนชา""",แคลกลาง,โปรตีนน้อย,ไขมันน้อย,คาร์บสูง,"พริก,  หอมแดง,  กระเทียม,  เกลือ,  มะนาว,  น้ำตาล,  ผงคนอร์,  ผงชูรส",อยากกินน้ำพริก เผ็ด นุ่มละมุนลิ้น  มีพริกหนุ่ม  ไขมันน้อย,น้ำพริกหนุ่มแบบเผ็ดๆ กินกับผักต้ม,อยากกินแบบน้ำพริกเอาไว้จิ้ม จากวัตถุดิบที่เหลือในตู้เย็น ตอนนี้มี พริก หอมแดง กระเทียม เกลือ มะนาว
หมูฮ้อง,"""หมูสามชั้น: 500 g
พริกไทยดำ-ขาว อย่างละ: 1 ช้อนโต๊ะ
กระเทียม: 2 ช้อนโต๊ะ
รากผักชี: 2 ช้อนโต๊ะ
อบเชย: 2 แท่ง
ดอกจันทร์: 3 ดอก
ซีอิ้วขาว: 3 ช้อนโต๊ะ
ซีอิ้วดำ: 1 ช้อนโต๊ะ
น้ำตาลทรายแดง: 2 ช้อนโต๊ะ
น้ำตาลปี๊บ: 1 ช้อนโต๊ะ
เกลือ: 1/2 ช้อนชา
ซุปรสหมูก้อนคนอร์: 1 ก้อน""",แคลมาก,โปรตีนกลาง,ไขมันน้อย,คาร์บสูง,"หมูสามชั้น,  พริกไทย,  กระเทียม,  รากผักชี,  อบเชย,  ดอกจันทร์,  ซีอิ้วขาว,  ซีอิ้วดำ,  น้ำตาลทราย,  น้ำตาลปี๊บ,  เกลือ, คนอร์","อยากกินอาหารทื่ทำมาจาก หมูสามชั้น,  พริกไทย,  กระเทียม, อบเชย อร่อยๆ ไขมันน้อย",อยากทำเมนูอาหารที่ใช้ หมูสามชั้นเคี่ยวเปื่อยๆ รสหวานเค็มหอมเครื่องเทศ,ในตู้เย็นมี หมูสามชั้น เครื่องเทศ พริกไทย อบเชย ซีอิ้ว อยากกินอาหารที่หวานลงตัว
ผัดกะเพราเนื้อสับ,"""เนื้อบด: 2 ขีด
ใบกะเพรา: 10 ใบ
กระเทียม: 5 กลีบ
พริกขี้หนูสวน: ตามใจชอบ
น้ำปลา: 1 ช้อนโต๊ะ
ซอสปรุงรส: 1 ช้อนโต๊ะ
ซอสหอยนางรม: 1 1/2 ช้อนโต๊ะ
น้ำตาล: 1 ช้อนชา
น้ำต้มสุก: 2-3 ช้อนโต๊ะ""",แคลกลาง,โปรตีนน้อย,ไขมันน้อย,คาร์บสูง,"เนื้อ,  ใบกะเพรา,  กระเทียม,  พริกขี้หนูสวน, น้ำปลา,  ซอสปรุงรส,  ซอสหอยนางรม,  น้ำตาล,  น้ำ","อยากกิน เนื้อ,  ใบกะเพรา,  กระเทียม,  พริกขี้หนูสวน,  น้ำ ไขมันน้อย  ",อยากกินกะเพราเนื้อแบบแห้งๆ เผ็ดถึงใจ ใส่ใบกะเพราเยอะๆ,อยากกินอาหารรสจัด เผ็ดๆ หอมกระเทียมพริก
แกงเขียวหวานตีนไก่,"""ตีนไก่: 1 กิโล
เนื้อไก่ส่วนสะโพก: 200 กรัม
กระทิคั้น(ซื้อที่ตลาด): 1 กิโล
พริกแกงเขียวหวาน: 300 กรัม
หน่อไม้ หรือ ยอดมะพร้าว: 200 กรัม
พริกชี้ฟ้าแดง: 5-6 เม็ด
ใบมะกรูด: 5 ใบ
ใบโหระพา: 2-3 กำมือ""",แคลกลาง,โปรตีนกลาง,ไขมันน้อย,คาร์บสูง,"ตีนไก่,  สะโพกไก่,  กระทิ, พริกแกงเขียวหวาน,  หน่อไม้,  พริกชี้ฟ้า,  ใบมะกรูด,  ใบโหระพา","มี ตีนไก่, กระทิ, พริกแกงเขียวหวาน, ทำเมนูอะไรได้บ้าง  ไขมันน้อย",อยากเอาตีนไก่มาทำให้นุ่มๆ หอมกลิ่นโหระพา เครื่องแกง,อยากกินแกงเขียวหวานใส่ตีนไก่กับหน่อไม้ ซดน้ำกะทิเข้มๆ
ต้มยำปลาทู,"""ปลาทูแม่กลอง (ตัวเล็ก): 10 ตัว
เครื่องต้มยำ / ข่า / ตะไคร้ /ใบมะกรูด: มีขายเป็นชุดๆ ใช้ 1 ชุด
มะนาว: 2 ลูก
มะเขือเทศ: 1 ลูก
พริกชี้ฟ้า: 3-4 เม็ด
เกลือ: 1 ช้อนชา
ผงปรุงรส: ตามใจชอบ
น้ำปลา: 2 ช้อนโต๊ะ""",แคลกลาง,โปรตีนน้อย,ไขมันน้อย,คาร์บสูง,"ปลาทู,  เครื่องต้มยำ, มะนาว,  มะเขือเทศ,  พริกชี้ฟ้า,  เกลือ,  ผงปรุงรส, น้ำปลา",อยากกินอาหารที่ไขมันน้อย มีปลาทู กับเครื่องต้มยำ  ไขมันน้อย,อยากกินเมนูน้ำๆ แกงๆเปรี้ยวเค็มซดคล่องคอ ใส่มะเขือเทศ,ตอนนี้มีเครื่องต้มยำเหลืออยู่ อยากเอามาทำเมนูอะไรก็ได้ ตามวัตถุดิบที่เหลืออยู๋ คือมี หมู ไก่ กุ้ง ปลาทู เห็ด โยเกิรต์ ชมพู่ แอปเปิ้ล มะนาว คนอร์ รสดี
ข้าวคลุกกะปิ,"""กะปิ: 
ข้าวสวย: 
หมูสามชั้น: 
น้ำตาล: 
กระเทียม: 
เนื้อสัปปะรด: 
กุนเชียง: 
ไข่ไก่: 
ไข่เค็ม: 
ปลาทู: 
ถั่วฝักยาว: 
หอมแดง: 
พริกขี้หนู: 
มะม่วง: 
กุ้งแห้ง: 
ผักชี: 
ซีอิ้วดำ:""",แคลมาก,โปรตีนสูง,ไขมันกลาง,คาร์บสูง,"กะปิ,  ข้าวสวย,  หมูสามชั้น,  น้ำตาล,  กระเทียม, สัปปะรด,  กุนเชียง,  ไข่ไก่,  ไข่เค็ม,  ปลาทู,  ถั่วฝักยาว,  หอมแดง,  พริกขี้หนู,  มะม่วง,  กุ้งแห้ง,  ผักชี,  ซีอิ้วดำ","มี กะปิ,  ข้าวสวย,  หมูสามชั้น,  น้ำตาล,  กระเทียม, สัปปะรด  ทำอะไรดีอยากกินอาหารที่มีโปรตีนสูง ช่วงนี้เล่นเวท",คือตอนนี้อยากกินฟีลข้าวพัด รสชาติอาจจะเค็มขึ้นมาอีกนิด เครื่องแน่นๆ หมูหวาน ไข่เจียว มะม่วงซอย,มีกะปิเหลือเยอะมากกกกกก ทำอะไรกินดี แบบอร่อย อิ่ม กินแล้วนึกถึงใต้
มาม่าผัดกะเพราหมูสับ,"""บะหมี่กึ่งสำเร็จรูป(มาม่า)ลวก: 70 กรัม
หมูสับ: 40 กรัม
ใบกะเพรา: 1 ถ้วย
คนอร์ซอสข้นปรุงรส รสหมู: 1 ช้อนโต๊ะ
น้ำตาลทราย: 1 ช้อนชา
ซีอิ๊วดำ: 1 ช้อนชา
กระเทียม.: 4 กลีบ
พริกแดงจินดา: 8 เม็ด
น้ำมันพืช.: เล็กน้อย
น้ำเปล่า: เล็กน้อย""",แคลมาก,โปรตีนน้อย,ไขมันกลาง,คาร์บสูง,"มาม่า,  หมูสับ,  ใบกะเพรา,  คนอร์,  น้ำตาลทราย,  ซีอิ๊วดำ,  กระเทียม,  พริกแดง,  น้ำมัน, น้ำเปล่า","อยากจะกินเส้นมาม่าที่เหลืออยู๋ และใส่หมูสับ,  ใบกะเพรา ด้วย",ตอนนี้มีเส้นมาม่าเหลืออยู่ อยากเอามาทำอาการให้เผ็ดแซ่บ ทำอะไรกินดี,"ตอนนี้มี  มาม่า,  ปลาทู,  พริกแกง,  กะทิ,  ใบมะกรูด,  หมูสับ,  ใบกะเพรา,  คนอร์,  ทำอะไรกินดี"
ฉู่ฉี่ปลาทูสด,"""ปลาทูสด: 2 ตัวใหญ่
พริกแกงฉูฉี่: 1+1/2 ช้อนโต๊ะ
กะทิ: 1 ถ้วย(กล่องเล็ก)
ใบมะกรูดซอย: 3 ใบ
พริกชี้ฟ้าหั่น: 2 เม็ด
น้ำปลา: 1/2-1 ช้อนโต๊ะ
น้ำตาลปี๊บ: 1/2-1 ช้อนโต๊ะ
ผงคนอร์อร่อยชัวร์: 1 ช้อนชา""",แคลกลาง,โปรตีนกลาง,ไขมันน้อย,คาร์บสูง,"ปลาทู,  พริกแกง,  กะทิ,  ใบมะกรูด,  พริกชี้ฟ้า,  น้ำปลา,  น้ำตาลปี๊บ,  คนอร์","อยากจะกินปลาทู ที่มีพริกแกง, กะทิ ทำอาหารอร่อยๆ รสชาติเผ็ด  ",ตอนนี้มีความรู้สึกที่อยากจะรับประทาน ปลาทูสดราดน้ำขลุกขลิก กะทิเข้มๆ หอมใบมะกรูด,มีเมนูอะไรบ้างที่ หอมมันเผ็ดหวานพอดี
มาม่าผัดต้มยำกุ้ง,"""เส้นบะหมี่กึ่งสำเร็จรูป: 50กรัม
เห็ดฟาง: 40กรัม
กุ้งสดปอกเปลือกผ่าหลัง: 3ตัว
พริกเผา: 1ช้อนโต๊ะ
ซอสหอยนางรม: 1ช้อนโต๊ะ
น้ำปลา: 1ช้อนโต๊ะ
น้ำตาลทราย: 1ช้อนชา
ตะไคร้ทุบหั่นท่อนเล็ก: 2ต้า
หอมแดง: 3หัว
ข่าสับ: 1ช้อนโต๊ะ
ใบมะกรูดฉีก: 6ใบ
พริกแดงจินดา: 8เม็ด
กระเทียม: 5กลีบ
คนอร์ อร่อยชัวร์ ผงรสไก่: 1ช้อนชา
มะนาว: 1/2ลูก
น้ำมันพืช:""",แคลมาก,โปรตีนกลาง,ไขมันกลาง,คาร์บสูง,"มาม่า,  เห็ดฟาง,  กุ้งสด,  พริกเผา,  ซอสหอยนางรม,  น้ำปลา,  น้ำตาลทราย,  ตะไคร้,  หอมแดง,  ข่าสับ,  ใบมะกรูด,  พริกแดง,  กระเทียม,  คนอร์,  มะนาว,  น้ำมันพืช","อยากจะใช้วัตถุดิบ มาม่า  เห็ดฟาง,  กุ้งสด,  พริกเผา, ตะไคร้,  หอมแดง, รสชาติจัดจ้าน กินแล้วตื่น กินแล้วชื่นใจ",อยากกินอะไรที่แบบ กินง่าย มีเห็ดฟาง ใส่กุ้งสด น้ำขลุกขลิก,มาม่าผัดต้มยำกุ้งแบบแห้งๆ เผ็ดเปรี้ยวหอมพริกเผา
โรลข้าวน้ำพริกกะปิ,"""น้ำพริกกะปิ: 1 ถ้วยตวง
ปลาทูย่างสุก: 2 ตัว
แตงกวา: 2 ลูก
แครอท: 1 ลูก
ชะอม (หั่นซอย): 1 ถ้วยตวง
ไข่ไก่: 1 ฟอง
ข้าวสวย: 1 ถ้วยตวง""",แคลน้อย,โปรตีนน้อย,ไขมันน้อย,คาร์บกลาง,"น้ำพริก,  ปลาทู,  แตงกวา,  แครอท,  ชะอม,  ไข่ไก่,  ข้าวสวย","อยากจะทำอาหารที่กินง่าย พกพาสะดวก มีน้ำพริก,  ปลาทู,  แตงกวา,  แครอท,  ข้าว ไขมันน้อย ",อยากกินอะไรที่มันสุขภาพ ทำมาจากของในตู้เย็น พวก น้ำพริก ปลาทู ผักกาด แครอท กระเทียม หอมเจียว แคบหมู แผ่นแป้ง ถั่ว อัลมอนด์ น้ำ นม,ตอนนี้มี มีไข่ แครอท ชะอม แตงกวา ทำอะไรได้บ้าง
แกงส้มผักรวมเจ,"""พริกแกงส้มเจ: 3 ช้อนโต๊ะ
ถั่วเน่า(ใช้แทนกะปิ): 1/2 แผ่น
ขาเห็ดนางฟ้าต้ม: 10 ขา
น้ำตาลปี๊บ: 1 ช้อนชา
น้ำมะขามเปียก: 3 ช้อนโต๊ะ
เกลือ: 1 ช้อนชา
ผงปรุงรสเห็ดหอมเจ: 1 ช้อนชา
ถั่วฟักยาว: 5 ฟัก
หัวไชเท้า: 1/2 หัว
เห็ดนางฟ้าส่วนดอก: 10 ดอก
กวางตุ้ง: 3 ต้น
ดอกแค: 1 ถ้วย
น้ำเปล่า: 6 ถ้วย""",แคลกลาง,โปรตีนกลาง,ไขมันน้อย,คาร์บสูง,"พริกแกงส้ม,  ถั่ว,  เห็ด,  น้ำตาลปี๊บ,  น้ำมะขามเปียก,  เกลือ,  ผงปรุงรส,  ถั่วฟักยาว,  หัวไชเท้า,  เห็ดนางฟ้า,  กวางตุ้ง,  ดอกแค,  น้ำเปล่า",มีพริกแกงส้มเหลือในตู้เย็นเยอะมาก ทำอะไรได้บ้าง อยากให้มรแต่ผัก ไม่เอาเนิ้อสัตว์ ,อยากกินเมนูต้มๆ รสเปรี้ยวกลมกล่อม ใส่ดอกแคกับเห็ด ไม่มีเนื้อสัตว์,มีผักเยอะมากกก ต้องรีบใช้ ทำเมนูอะไรดี
ผัดไทยกุ้งสด หัวกุ้งทอดกรอบ,"""เส้นหมี่: 1 ห่อ 200 กรัม
กุ้งสด: 8 ตัว
กุยช่าย: ตามชอบ
หอมแดง: 5 หัว
พริกแห้ง: 5
กระเทียม: 3 หัว
น้ำมะขาม: 3 ช้อนโต๊ะ
น้ำตาลทราย: 1 ช้อนโต๊ะ
เต้าหู้ขาว: ตามชอบ
ถั่วงอก: ตามชอบ
น้ำปลา:""",แคลมาก,โปรตีนกลาง,ไขมันน้อย,คาร์บสูง,"เส้นหมี่,  กุ้ง,  กุยช่าย, หอมแดง,  พริกแห้ง,  กระเทียม,  น้ำมะขาม,  น้ำตาลทราย,  เต้าหู้ขาว, ถั่วงอก, น้ำปลา",มีเส้นหมี่ กุ้ง กุยช่าย ถั่วงอก เต้าหู้  ,เมนูที่ใส่เต้าหู้ ถั่วงอก หัวกุ้ง พอดีมีเหลือในบ้าน,อยากกินเมนูเส้นๆ ที่เหนียวนุ่ม กุ้งตัวโต หอมกลิ่นน้ำมะขาม
ขนมจีนน้ำยาไก่,"""เนื้อไก่: ครึ่งโล
กระทิ: ครึ่งโล
ข่า ตะไคร้ ใบมะกรูด: 1 กำ
ตีนไก่: ครึ่งโล
ลูกชิ้นปลาอย่างดี: 1 ถุงเล็ก
พริกแกงเผ็ด: 2 ขีด
เกลือ: 1 ช้อน
กระชาย: 2 ขีด
เส้นขนมจีนสด: 1 ห่อ""",แคลกลาง,โปรตีนกลาง,ไขมันน้อย,คาร์บกลาง,"เนื้อไก่, กระทิ, ข่า, ตะไคร้, ใบมะกรูด,  ตีนไก่, ครึ่งโล, ลูกชิ้น,  พริกแกง,  เกลือ,  กระชาย,  เส้นขนมจีน","มีเส้นขนมจีน  ไก่, กระทิ, ข่า, ตะไคร้, ใบมะกรูด ทำอาหารอะไรได้บ้าง",ตอนนี้มีกะทิเข้มๆ ข่า ตะไคร้ ตีนไก่ ลูกชิ้นเยอะมาก ทำอะไรได้บ้าง,อยากจะทำเมนูอาหารที่  หอมสมุนไพรแกง
ต้มยำกุ้งน้ำข้น,"""กุ้ง: 10 ตัว
ตะไคร้: 2 ต้น
ใบมะกรูด: 1 กำ
ข่า: 1/2 หัว
เห็ดฟาง: 1 ขีด
คนอร์ต้มยำ: 1 ก้อน
นมจืด: 1/2 กล่อง
น้ำพริกเผา: 2 ช้อน
น้ำพริกเผาเผ็ด: 1 ช้อน
พริก: 1 กำ
เกลือ: 
น้ำปลา: 
น้ำตาล: 
มะนาว: 2 ลูก""",แคลมาก,โปรตีนกลาง,ไขมันกลาง,คาร์บสูง,"กุ้ง,  ตะไคร้,  ใบมะกรูด,  ข่า,  เห็ดฟาง,  คนอร์,  นมจืด,  น้ำพริก, พริก,  เกลือ,  น้ำปลา,  น้ำตาล,  มะนาว","มีกุ้งตัวใหญ่ๆ,  ตะไคร้,  ใบมะกรูด, อยากกินอะไรแซ่บๆ",มีเครื่องต้มยำเยอะมาก เลยคิดที่จะทำต้มยำที่ หอมมันจากนมจืด เปรี้ยวจัดจ้านถึงใจ,กุ้งสดเด้งๆ กับเห็ดในน้ำต้มยำข้นหอมสมุนไพร
ข้าวผัดแกงเขียวหวาน,"""เนื้อหมู: 100 กรัม
ข้าวสวย: 1 ถ้วย
น้ำพริกแกงเขียวหวาน: 1/2 ช้อนโต๊ะ
มะเขือเปราะหั่น 4 หรือ 6: 1 ลูก
มะเขือพวงเด็ด: 10 เม็ด
ใบโหระพา(เด็ดเป็นใบ): 10-15 ใบ
พริกชี้ฟ้าแดงหั่นเฉียง: 5 ชิ้น
กะทิ: 2 ช้อนโต๊ะ
น้ำตาลปี๊บ: 1 ช้อนชา
น้ำปลา: 2 ช้อนชา""",แคลกลาง,โปรตีนกลาง,ไขมันน้อย,คาร์บสูง,"เนื้อหมู,  ข้าวสวย,  น้ำพริกแกงเขียวหวาน,  มะเขือเปราะหั่น, มะเขือ,  ใบโหระพา,  พริกแดง,  กะทิ,  น้ำตาลปี๊บ,  น้ำปลา","อยากจะใช้ เนื้อหมู, น้ำพริกแกงเขียวหวาน, ใบโหระพา,  พริกแดง,  กะทิ ทำเมนูที่ไขมันน้อย ดีต่อสถุขภาพแต่รสชาติดีอร่อยถึงใจ ",อยากลองเมนูผัดข้าวกับน้ำพริกแกงเขียวหวาน หอมเครื่องแกง,ตอนนี้มีความรู้สึกอยากกินข้าวผัด เพราะมีข้าวเย็นเหลือแต่อยากกินข้าวผัดที่ รสจัด หอมใบโหระพา มะเขือเปราะกรุบๆ
ต้มยำปลากระป๋อง,"""ปลากระป๋อง: 3 กระป๋อง
ตะไคร้: 6 ท่อน
ข่า: 2 กิ่ง
ใบมะกรูด: 2 กิ่ง
เห็ดนางฟ้า: 200 กรัม
หอมแดง: 10 หัว
ผักชีฝรั่ง: 5 ต้น
ผงปรุงรส: 2 ก้อน
พริกป่น: 1 ช้อนโต๊ะ
พริกจินดา: 10 เม็ด
มะนาว: 4 ลูก""",แคลน้อย,โปรตีนน้อย,ไขมันน้อย,คาร์บกลาง,"ปลากระป๋อง,  ตะไคร้,  ข่า,  ใบมะกรูด,  เห็ดนางฟ้า,  หอมแดง,  ผักชีฝรั่ง,  ผงปรุงรส,  พริกป่น,  พริกจินดา,  มะนาว",อยากจะกินปลากระป๋อง และพอดีมีต้มยำ ตะไคร้ ใบมะกรูด ทำเมนูอะไรดี,อยากกินร้อนๆ ซดคล่องคอ หอมพริกข่าใบมะกรูด,"มี ปลากระป๋อง,  ตะไคร้,  ข่า,  ใบมะกรูด,  เห็ดนางฟ้า,  หอมแดง ในบ้านทำอะไรได้บ้าง"
ข้าวผัดน้ำพริกลงเรือสูตรโบราณแกล้มหมูกรอบทอดน้ำปลา,"""หมูสามชั้น: 1 ชิ้น
ปลาดุกฟู: 1 ถ้วยตวง
พริกขี้หนู: 15 เม็ด
กะปิย่าง: 2 ช้อนโต๊ะ
น้ำตาลปีบ: 2 ช้อนชา
กระเทียมกลีบเล็ก: 3 กลีบ
ถั่วฝักยาว: 1/3 ถ้วยตวง
ไข่เค็ม: 1 ฟอง
แครอทต้มสุก: 1/3 ถ้วยตวง
น้ำปลา: 3 ช้อนโต๊ะ
ซอสหอยนางรม: 1 ช้อนโต๊ะ
ซอสปรุงรส: 2 ช้อนโต๊ะ
น้ำตาลทราย: 2 ช้อนโต๊ะ""",แคลมาก,โปรตีนสูง,ไขมันน้อย,คาร์บสูง,"หมูสามชั้น,  ปลาดุก,  พริกขี้หนู,  กะปิ,  น้ำตาลปีบ,  กระเทียม,  ถั่วฝัก,  ไข่เค็ม,  แครอทต้มสุก,  น้ำปลา,  ซอสหอยนางรม,  ซอสปรุงรส,  น้ำตาลทราย",อยากจะกิน หมูสามชิ้นชื้นโตๆ มีปลาดุกฟู พริก กะปิ,น้ำพริกลงเรือรสเข้มข้นผัดกับข้าวร้อนๆ หมูกรอบเค็มมัน,ข้าวผัดน้ำพริกสูตรโบราณเครื่องแน่น ปลาดุก กะปิ ไข่เค็มครบ
แกงส้มผักรวม,"""ผักสด (ตามสะดวก): 
ปลา(ตามสะดวก): 
พริกแห้ง: 
หอมแดง: 
กะปิ: 
น้ำตาลปี๊บ: 
น้ำปลา: 
เกลือ: 
น้ำมะขามเปียก:""",แคลกลาง,โปรตีนกลาง,ไขมันน้อย,คาร์บสูง,"ผักสด,  ปลา,  พริกแห้ง,  หอมแดง,  กะปิ,  น้ำตาลปี๊บ,  น้ำปลา,  เกลือ,  น้ำมะขามเปียก",อยากจะกิน แกง ที่มีผักเยอะๆ ใส่ปลาเพื่อเพิ่มความอร่อย และพริกแกงเพิ่มรสชาติ,อยากกินผักเยอะๆ เอามาต้ม รสชาติไม่จืด,อยากกินอาหารที่รสชาติแบบบ้านๆ รสเข้ม หอมกะปิและพริกแห้ง
ข้าวมันไก่เด็กหอ,"""น่องไก่ติดสะโพก: 2น่อง
ข้าว: 4กรัม
กระเทียม: 1หัว
ขิง: 1แง่ง
พริกสด: 1ขีด
น้ำตาลทราย: 3ช้อน
มะนาว: 3ลูก
ซอสปรุงรสสูตร1: 2ช้อน
เต้าเจี้ยว: 4ช้อน
ซุปคนอร์: 2ก้อน""",แคลกลาง,โปรตีนกลาง,ไขมันน้อย,คาร์บสูง,"น่องไก่,  ข้าว,  กระเทียม,  ขิง,  พริกสด,  น้ำตาลทราย,  มะนาว,  ซอสปรุงรสสูตร, เต้าเจี้ยว,  คนอร์",อยากจะกินเมนูอาหารที่มีไก่ ไก่นิ่มๆ พร้อมกับข้าว รสชาติเบาๆ แต่ถ้าอยากเพิ่มรสก็มีน้ำจิ้ม,มีไก่ ข้าว อยากลองทำข้าวมันไก่น่องต้มเนื้อนุ่ม น้ำจิ้มเต้าเจี้ยวเผ็ดเปรี้ยวกำลังดี,ข้าวมันหอมกระเทียมไก่นุ่ม พร้อมน้ำจิ้มรสเด็ดแบบเด็กหอ
แกงส้มปลาทูสด,"""ปลาทูสด: 4ตัว
พริกแกงส้ม: 2ช้อนโต๊ะ
น้ำปลา: 1 1/2ช้อนโต๊ะ
น้ำตาล: 1ช้อนโต๊ะ
น้ำมะขามเปียก: 2ช้อนโต๊ะ
ผักบุ้ง: 1กำ""",แคลกลาง,โปรตีนน้อย,ไขมันน้อย,คาร์บสูง,"ปลาทู,  พริกแกง,  น้ำปลา,  น้ำตาล,  น้ำมะขามเปียก,  ผักบุ้ง",อยากจะกิน แลาทูตัวใหญ่ๆ กับพริกแกงส้ม ,ปลาทู ผักบุ้ง เนื้อปลาทูหวาน ซุปเปรี้ยวจัด,"มี ปลาทู,  พริกแกง,  น้ำปลา, ผักสด,  ปลา,  พริกแห้ง,  หอมแดง,  กะปิ, น้ำตาล,  น้ำมะขามเปียก,  ผักบุ้ง ทำอะไรได้บ้าง "
เครื่องในไก่ทอดกระเทียม,"""เครื่องในไก่: 
พริกไทยขาวป่น: 
ผงปรุงรส: 
แป้งชุบทอด: 
กระเทียม: 
น้ำมันพืช:""",แคลมาก,โปรตีนน้อย,ไขมันกลาง,คาร์บสูง,"ไก่,  พริกไทยขาว,  ผงปรุงรส,  แป้ง,  กระเทียม,  น้ำมันพืช",มีเครื่องในไก่เหลือเอาไปทำอะไรดี,เครื่องในไก่ทอดกระเทียมหอมๆ กรอบนอกนุ่มใน,เมนูทอดกระเทียมพริกไทยขาว เครื่องในไก่กรอบๆ เค็มกำลังดี
ข้าวกะเพราเนื้อไข่ดาว เมนูนี้ไม่มีเบื่อ,"""ไข่ไก่: 1 ฟอง
เนื้อสับ หรือหั่นเป็นชิ้น/หรือจะใช้เนื้อสัตว์อย่างอื่นก็ได้ค่ะ: 250 กรัม
ซอสหอยนางรม: 1 ช้อนชา
น้ำปลา หรือ ซอสปรุงรส: 1 ช้อนชา
น้ำตาล: 1/2 ช้อนชา
ใบกระเพรา: 2 กำมือ
กระเทียม: 3 กลีบ
พริก: 3-4 เม็ด""",แคลกลาง,โปรตีนน้อย,ไขมันน้อย,คาร์บสูง,"ไข่ไก่,  เนื้อ,  ซอสหอยนางรม,  น้ำปลา,  น้ำตาล,  ใบกะเพรา,  กระเทียม,  พริก",อยากกินอาหารเผ็ดๆ มีเนื้อ ไข่ ใบกะเพรา,อยากกินอาหารที่มีไข่ดาว อยากกินไข่ดาว ,"ตอนนี้มีของในบ้านเยอะมาก  ไข่ไก่,  เนื้อ,  ซอสหอยนางรม,  น้ำปลา,  น้ำตาล,  ใบกะเพรา เอามาทำอะไรดี"
"ผัดกะเพราโบราณ, ผัดกะเพราเนื้อสับ","""เนื้อสับ: 300 กรัม
พริกขี้หนูเน้นสีแดง: 35 เม็ด
กระเทียมจีน: 1 หัว
ใบกะเพรา: ตามชอบ
ซอสปรุงรส: 2 ช้อนโต๊ะ
น้ำปลา: 1/2 ช้อนโต๊ะ
น้ำตาลทราย: 1 ช้อนชา
ซอสหอยนางรม: 1 ช้อนโต๊ะ
น้ำดื่ม: 1 ทัพพี""",แคลกลาง,โปรตีนน้อย,ไขมันน้อย,คาร์บสูง,"เนื้อสับ,  พริกขี้หนู,  กระเทียมจีน,  ใบกะเพรา, ตามชอบ, ซอสปรุงรส,  น้ำปลา,  น้ำตาลทราย,  ซอสหอยนางรม,  น้ำดื่ม",มีเนื้อสับ พริก ใบกะเพรา,อยากกินกะเพรา ที่ ใส่พริกขี้หนูและใบกะเพราเยอะๆ,เมนูกะเพราโบราณหอมเครื่องถึงใจ เนื้อสับผัดรสกลมกล่อม
แกงเทโพหมูสามชั้น,"""หมู 3 ชั้น: 400 g.
พริกแกงใต้(แกงเผ็ด): 100 g.
น้ำตาลมะพร้าว: 20 กรัม
ใบมะกรูด: 3 ใบ
มะขามเปียก: 1/2 ช้อนโต๊ะ
น้ำปลาแท้: 2 ช้อนโต๊ะ
ผักบุ้งไทย: 8-10 ต้น
น้ำมันพืช: 1 ช้อนชา
กะทิ: 250 ml.""",แคลมาก,โปรตีนน้อย,ไขมันกลาง,คาร์บกลาง,"หมู, พริกแกงใต้,  น้ำตาลมะพร้าว,  ใบมะกรูด,  มะขามเปียก,  น้ำปลา,  ผักบุ้ง,  น้ำมันพืช,  กะทิ",มีหมูสามชั้นชิ้นใหญ่ และพริกแกงใต้ อยากกินอะไรที่เป็นแกงๆ ,อยากกินแกงที่ทำมาจากพริกแกงใต้  น้ำขลุกขลิก หมูละลายในปาก ใส่น้ำตาลมะพร้าวเพื่อความนัว,อยากกินหมู แกง ต้ม อร่อย 
แกงเลียงปลากรอบ,"""ปลากรอบเอาไปปิ้งหรือเอาไปอบให้หอม แกะเอาแต่เนื้อ: 1 ตัว
น้ำเต้าปอกเปลือก ล้างให้สะอาด หั่นเป็นชิ้นพอดีคำ: 1 ลูกเล็ก
บวบ ฝานคมออกให้หมด ล้างน้ำให้สะอาด หั่นชิ้นพอดีคำ: 1/2 ลูก
ข้าวโพดอ่อน หั่นชิ้นพอดีคำ: 2-3 ฝัก
ใบแมงลักเด็ด ล้างน้ำให้สะอาด สะเด็ดน้ำ: 1/2 ถ้วย
พริกไทยเม็ด: 1/2 ช้อนโต๊ะ
หอมแดง: 4-5 หัว
กุ้งแห้งแช่น้ำให้นิ่ม สะเด็ดน้ำ: 25 กรัม
พริกขี้หนูสด: 10 เม็ด
กะปิ: 1/2 ช้อนโต๊ะ""",แคลกลาง,โปรตีนสูง,ไขมันน้อย,คาร์บกลาง,"ปลากรอบ,  น้ำเต้า,  บวบ,  ข้าวโพดอ่อน,  ใบแมงลัก,  พริกไทยเม็ด,  หอมแดง,  กุ้งแห้ง,  พริกขี้หนู,  กะปิ",อยากกินแกง รสชาติเค็มพอดี มีรสเผ็ด ใช้พริกไทย และปลากรอบ,อาหารใส่ผักพื้นบ้าน ปลากรอบเคี้ยวเพลิน รสเผ็ดสมุนไพร,ซดแกงเลียงปลากรอบร้อนๆ หอมพริกไทยและแมงลัก
ปลากะพงทอดน้ำปลา,"""ปลากระพง: 1 ตัว
น้ำมันสำหรับทอด: 
น้ำปลา: 2 ช้อนโต๊ะ
น้ำตาลปี๊บ: 2 ช้อนโต๊ะ
น้ำเปล่า: 1/4 ถ้วย
เม็ดมะม่วงหิมพานต์ ถั่วลิสง: สำหรับโรย
ใบผักชี: สำหรับโรย""",แคลกลาง,โปรตีนน้อย,ไขมันน้อย,คาร์บกลาง,"ปลากระพง,  น้ำมัน,  น้ำปลา,  น้ำตาลปี๊บ,  น้ำเปล่า,  ถั่วลิสง, ใบผักชี",อยากกินอะไรเค็มๆ รสชาติเด็กๆ มีปลา กับน้ำปลา ไขม้นน้อย,อาหารทอดๆกรอบนอกนุ่มใน หอม หวาน เค็ม ,อยากเอาปลามาทำอาหารที่ใช้กับน้ำปลา
แกงบวดฟักทอง,"""ฟักทอง: 100 g
น้ำตาลทราย: 3 ช้อนโต๊ะ
กะทิ: 100 มล.
เกลือ: เล็กน้อย""",แคลกลาง,โปรตีนน้อย,ไขมันน้อย,คาร์บกลาง,"ฟักทอง,  น้ำตาลทราย,  กะทิ,  เกลือ, เล็กน้อย",มีฟักทอง กะทิ อยากกินขนมหวานอร่อยๆ ,เมนูหวานไทยๆ แกงบวดฟักทองนุ่มๆ ในน้ำกะทิเค็มหวาน,ฟักทองแกงบวด หวานมันกะทิ หอมละมุนละไม
แกงส้มผักกระเฉด,"""ผักกระเฉด: 300กรัม
กุ้งผ่าหลัง: 5-6ตัว
ปลากระป๋อง: 2กระป๋อง
พริกสด: 50กรัม
พริกแห้งป่น: 2ช้อนชา
หอมแดง: 7-8หัว
กระชาย: 2ช้อนโต๊ะ
กระปิ: 2ช้อนโต๊ะ
เกลือป่น: 1/2ช้อนชา
น้ำตาล: 1ช้อนโต๊ะ
น้ำปลา: 3ช้อนโต๊ะ
น้ำมะขามเปียก: 4ช้อนโต๊ะ
มะนาว: 3ลูก""",แคลมาก,โปรตีนสูง,ไขมันน้อย,คาร์บสูง,"ผักกระเฉด,  กุ้งผ่า,  ปลากระป๋อง,  พริกสด,  หอมแดง,  กระชาย,  กระปิ,  เกลือป่น,  น้ำตาล,  น้ำปลา,  น้ำมะขามเปียก,  มะนาว",มีผักกระเฉด  กับพริกแกง ปลากระบอก รสชาติอร่อยๆ รสชาติดี โปรตีนสูง,อยากซดซุปเผ็ดเปรี้ยวถึงเครื่อง,"ทำอะไรได้บ้างจากผักกระเฉด,  กุ้งผ่า,  ปลากระป๋อง,  พริกสด"
ก๋วยเตี๋ยวคั่วไก่,"""เส้นใหญ่: 
อกไก่: 
เห็ดหูหนูขาว (ใช้แทนหมึกกรอบ): 
ากผักชี, กระเทียม, พริกไทย (สำหรับหมักไก่): 
ไข่ไก่: 
ซีอิ๊วขาว, ซีอิ๊วดำ, น้ำปลา, ซอสพริก: 
ผักกาดหอม: 
พริกเหลือง, น้ำส้มสายชู (สำหรับทำพริกดอง): 
ไก่เชียง, หนังไก่ (เครื่องโรยหน้า):""",แคลกลาง,โปรตีนกลาง,ไขมันน้อย,คาร์บสูง,"เส้นใหญ่,  อกไก่,  เห็ดหูหนูขาว,  รากผักชี, กระเทียม, พริกไทย,  ไข่ไก่,  ซีอิ๊วขาว, ซีอิ๊วดำ, น้ำปลา, ซอสพริก,  ผักกาดหอม,  พริกเหลือง, น้ำส้มสายชู,  ไก่เชียง, หนังไก่",อยากกินของคาว เส้นๆ มีไก่ ไข่  ยิ่งมีหนังไก่กรอบๆนิ่งอร่อย,อยากกินเส้นใหญ่หอมกระทะ ใส่ไก่เนื้อแน่น ไข่ผัดมา อร่อย เพราะตอนนี้มอกไก่ ไข่ ,"เส้นใหญ่,  อกไก่,  เห็ดหูหนูขาว,  รากผักชี, กระเทียม, พริกไทย,  ไข่ไก่,  ซีอิ๊วขาว, ซีอิ๊วดำ, น้ำปลา ทำอะไรได้บ้าง"
แกงเขียวหวานสำเร็จรูป,"""หมูสันใน: 200 กรัม
ผงปรุงรสแกงเขียวหวาน: 1 ซอง
น้ำกะทิ: 100 มล.
ใบมะกรูด: 
โหระพา: 
พริกชี้ฟ้าแดง: 
มะแว้งเขียว: 150 กรัม
น้ำเปล่า: 50 มล.""",แคลกลาง,โปรตีนน้อย,ไขมันน้อย,คาร์บกลาง,"หมูสันใน,  ผงปรุงรส,  น้ำกะทิ,  ใบมะกรูด,  โหระพา,  พริกชี้ฟ้าแดง,  มะแว้งเขียว,  น้ำเปล่า",มีหมูสั้นใน กับผงปรุงรสแกงเขียวหวาน ทำอาหารอะไรดี,แกง กิน กับ ข้าว  หอมกะทิ เข้มข้น,อยากกินแกงเขียวหวานรสจัดๆ 
แกงมัสมั่นไก่,"""สะโพกไก่: 500 กรัม
พริกแกงมัสมั่น: 60 กรัม
กะทิเรียลไทย: 750 มล
ถั่วลิสงคั่ว: 50 กรัม
มันฝรั่ง (หั่นเต๋า): 4-5 ลูก
หอมใหญ่: 2 หัว
น้ำตาลมะพร้าว: 2-3 ชต
น้ำปลาดี: 1-2 ชต
น้ำมะขามเปียก น้ำส้มซ่า: 2-3 ชต
อบเชย โป๊ยกั๊ก: 
ลูกกระวาน ใบกระวาน: 
เกลือ: 1/2 ชช""",แคลมาก,โปรตีนกลาง,ไขมันน้อย,คาร์บสูง,"สะโพกไก่,  พริกแกง,  กะทิ,  ถั่วลิสงคั่ว,  มันฝรั่ง,  หอมใหญ่,  น้ำตาลมะพร้าว,  น้ำปลา,  น้ำมะขามเปียก,  อบเชย โป๊ยกั๊ก, ใบกระวาน,  เกลือ",สะโพกไก่ พริกแกงมัสมั่น  กะทิ ทำอะไรกินได้บ้าง,อยากทำแกงใส่ถั่วลิสง มันฝรั่ง หอมหัวใหญ่ รสเข้มข้น,ในตู้เย็นมี สะโพกไก่ มันฝรั่ง 
ข้าวกะเพราไก่ไข่ดาว,"""เนื้อไก่สับ: 70กรัม
ใบกะเพรา: 1ถ้วย
พริกแดงจินดา: 8เม็ด
กระเทียม: 5กลีบ
ซีอิ๊วดำ: 1/2 ชช
ซอสหอยนางรม: 1/2 ช้อนโต๊ะ
น้ำปลา: 1/2 ชต
น้ำตาลทราย: 1ช้อนชา
คนอร์ เนเชอรัล ผงรสหมูสูตรไม่ใส่ผงชูรส: 1ช้อนชา
ไข่ไก่: 1ฟอง
น้ำมันพืช: 
ข้าวสวย: 1ถ้วย""",แคลมาก,โปรตีนกลาง,ไขมันกลาง,คาร์บสูง,"เนื้อไก่สับ,  ใบกะเพรา,  พริกแดงจินดา,  กระเทียม,  ซีอิ๊วดำ,  ซอสหอยนางรม,  น้ำปลา,  น้ำตาลทราย,  คนอร์,  ไข่ไก่,  น้ำมันพืช,  ข้าวสวย",อยากกินอะไรง่ายๆ เนื้อไก่ ข้าว ใบกะเพรา ไข่ไก่,อยากกินกะเพราไก่ไข่ดาว ,พริก ไก่ ไข่ กระเทียม ใบกะเพรา นม น้ำมัน ซอสหอย น้ำปลา ทำอาหารอะไรได้บ้าง
แกงส้มกุ้งสับปะรด,"""กุ้งขาว: 4 ขีด
สับปะรดเปรี้ยวอมหวาน: 1/2 ลูกเล็ก
เครื่องแกงส้มใต้: 2 ช้อนโต๊ะ
กะปิ: 1.5ช้อนโต๊ะ
น้ำปลา: 1.5 ช้อนโต๊ะ
เกลือป่น: 1 หยิบมือ
น้ำตาล: 1.5 ช้อนโต๊ะ
น้ำมะขามเปียก: 1 ถ้วยน้ำซุป
มะนาว: 1.5 ลูก""",แคลกลาง,โปรตีนกลาง,ไขมันน้อย,คาร์บสูง,"กุ้ง,  สับปะรด,  เครื่องแกง,  กะปิ,  น้ำปลา,  เกลือ,  น้ำตาล,  น้ำมะขามเปียก,  มะนาว",อยากกินแกงที่มีสัปปะรดกับกุ้ง,กุ้งสดกับสับปะรดในแกงรสเข้ม หอมกะปิ," เครื่องแกง,  กะปิ,  น้ำปลา,  เกลือ,  น้ำตาล, กุ้ง ปลาทู ปลาร้า ทำอะไรอีสดี"
พะแนงเนื้อ,"""เนื้อวัว: ครึ่งกิโล
พริกแกงพะแนง: 1ขีด
กะทิชาวเกาะ: 1กล่อง
มะเขือพวง: 
ใบมะกรูด: 
พริกแดง: 
น้ำตาล: 
เกลือ:""",แคลกลาง,โปรตีนน้อย,ไขมันน้อย,คาร์บกลาง,"วัว, พริกแกงพะแนง,  กะทิ,  มะเขือพวง,  ใบมะกรูด,  พริกแดง,  น้ำตาล,  เกลือ",ช่วงนี้อยากกินอะไรเผ็ดๆ หวานเล็กน้อย เนื้อวัว กะทิ พริกแกง,อยากกินพะแนงเนื้อแบบหอมใบมะกรูด รสกลมกล่อม,แกงเนื้อรสเข้มข้น หอมพริกแกงพะแนง
แกงเขียวหวาน สันในหมู,"""เครื่องแกงเขียวหวาน: 100g
สันในหมู: 400g
มะเขือเปราะ: 100g
มะเขือพวง (ไม่ใส่เพราะไม่ชอบครับ): 0
พริกชี้ฟ้า: นิดหน่อย
โหระพา: นิดหน่อย
กะทิ: 500ml
ซอสหอยนางรม: 3 ชต
น้ำปลา: 4 ชต
น้ำตาล: 4-5 ชช""",แคลกลาง,โปรตีนกลาง,ไขมันน้อย,คาร์บสูง,"เครื่องแกง,  สันในหมู,  มะเขือเปราะ,  พริกชี้ฟ้า, โหระพา, นิดหน่อย, กะทิ,  ซอสหอยนางรม,  น้ำปลา,  น้ำตาล",อยากกินแกงเขียวหวานอร่อยๆ ไขมันน้อย ทำจากสันในหมู ,สันใน หมูนุ่ม มะเขือเปราะ เครื่องแกง ทำอะไรดี,อยากกินเขียวหวานหมู สันในเปื่อย ๆ กับกะทิหอม ๆ
ฉู่ฉี่ปลาทู,"""ปลาทูสด: 3ตัว
กะทิกล่องอร่อยดี: 250 ml.
พริกแกงเผ็ด: 3 ชต
น้ำปลา: 2 ช้อนโต๊ะ
น้ำตาลปี้บ: 1/2 ช้อนโต๊ะ
ใบมะกรูด: 
พริกแดง:""",แคลกลาง,โปรตีนน้อย,ไขมันน้อย,คาร์บสูง,"ปลาทูสด,  กะทิ,  พริกแกง,  น้ำปลา,  น้ำตาลปี้บ,  ใบมะกรูด,  พริกแดง",มีปลาทูดีๆ อยากมาทำอาหารอร่อยๆ มีกะทิ พริกแกงน่าจะดี,มี พริกแกง ปลาทู กะทิ อยากทำอาหารที่รสเผ็ดหวานหอมพริกแกง,ฉู่ฉี่ปลาทูราดกะทิเข้ม ๆ หอมใบมะกรูด
แกงเลียงกะทิสด,"""กุ้งขาวแกะเปลือกผ่าหลัง: 2 ขีด
หัวหอมแดง: 3 หัว
ข่า(ใส่ดับกลิ่นคาวนิดนึง): 1ช้อนชา
กระชาย: 2ช้อนชา
กะปิ: 1ช้อนชา
พริกไทยขาวเม็ด: 2-3 ช้อนชา
กุ้งแห้ง: 2 ช้อนชา
ฟักทอง: 
ข้าวโพดอ่อน: 
บวบ: 
เห็ดโคนญี่ปุ่น: 
ใบแมงลัก: 1ขีด
กะทิสด: 1/2 ถ้วย
น้ำปลา ตามชอบ เราใส่แค่: 1ช้อน""",แคลมาก,โปรตีนสูง,ไขมันน้อย,คาร์บสูง,"กุ้ง,  หัวหอมแดง,  ข่า,  กระชาย,  กะปิ,  พริกไทย,  กุ้งแห้ง,  ฟักทอง,  ข้าวโพดอ่อน,  บวบ,  เห็ด,  ใบแมงลัก,  กะทิสด,  น้ำปลา",กินแกง ใส่กุ้ง  กระชาย บวบ รสชาติดี อร่อยๆ,อยากกินแกงเลียงกะทิใส่ฟักทอง บวบ เห็ด,"แกงที่ หอมเครื่องสมุนไพรแบบจัดเต็ม ทำมาจาก
กุ้ง,  หัวหอมแดง,  ข่า,  กระชาย,  กะปิ,  พริกไทย,  กุ้งแห้ง,  ฟักทอง"
ปลาทอดขมิ้น,"""ปลาทะเล ขอดเกล็ด ควักไส้ บั้ง: 
กระเทียม: 
ขมิ้น:""",แคลน้อย,โปรตีนน้อย,ไขมันน้อย,คาร์บน้อย,"ปลา,  กระเทียม,  ขมิ้น",อยากกินปลาอร่อยๆ ใส่ขมิ้น หอมๆ,อยากกินปลาทอดขมิ้นรสเข้มข้น,ปลาทอดขมิ้นเหลืองสวย หอมกระเทียม
ฉู่ฉี่ปลานิล (สูตรคุณยาย),"""ปลานิล: 1 ตัว
พริกแกงเผ็ด: 3 ช้อนโต๊ะ
ใบมะกรูดหั่นฝอย ประมาณ: 1 ½ ช้อนโต๊ะ
น้ำปลา: 3 ช้อนโต๊ะ
น้ำตาล: 1 ½ ช้อนโต๊ะ
ผงชูรส: 1 ช้อนชา
น้ำมันพืช:""",แคลกลาง,โปรตีนน้อย,ไขมันกลาง,คาร์บสูง,"ปลานิล,  พริกแกง,  ใบมะกรูด, ประมาณ,  น้ำปลา,  น้ำตาล,  ผงชูรส,  น้ำมันพืช",มีปลานิลเหลือๆ มีพริกแกง ใบมะกรูด ทำอะไรดี,อยากกินอาหารบ้าน ๆ สูตรคุณยาย,มีพริกแกงอยู่ มีปลาด้วย ทำอะไรดี
ต้มโคล้งปลากรอบ,"""ปลาทับทิมทอดกรอบ: 1 ตัว
เห็ดฟาง: 5 ลูก
ใบกระเพรา: 1 ก้าน
ผักชีฝรั่ง: 2 ต้น
มะเขือเทศ: 3 ลูก
หอมแดง: 4 หัว
ข่า: 5 แว่น
ตะไคร้: 1 ต้น
พริกแดง: 5 ดอก
พริกแห้ง: 2ดอก
ใบมะกรูด: 2ใบ
มะนาว: 5 ช้อนโต๊ะ
น้ำเปล่า: 1 ถ้วยตวง
น้ำปลา: 5 ช้อนโต๊ะ
น้ำตาล: 2 ช้อนชา
เกลือ: 1/2 ช้อนชา""",แคลมาก,โปรตีนกลาง,ไขมันน้อย,คาร์บสูง,"ปลา,  เห็ด,  ใบกระเพรา,  ผักชีฝรั่ง,  มะเขือเทศ,  หอมแดง,  ข่า,  ตะไคร้,  พริกแดง,  พริกแห้ง,  ใบมะกรูด,  มะนาว,  น้ำเปล่า,  น้ำปลา,  น้ำตาล,  เกลือ",อยากกินต้มๆ ร้อนๆ มีปลาทิบทิม เห็ดฟางด้วย ,อยากกินต้มโคล้งปลาแบบเข้มข้น ใส่เห็ดเยอะ ๆ,ต้มๆใส่ใบกระเพรา ผักชีฝรั่ง หอมแดง
แกงส้มผักรวมปลากระพง,"""เนื้อปลากระพง: 250 g.
พริกแกงส้ม: 2-3 ช้อนโต๊ะ
มะละกอ: 100 g.
หัวไชเท้า,แครอท: 100 g.
ผักบุ้งไทย: 100 g.
ถั่วฝักยาว,ถั่วพู: 100 g.
น้ำมะขามเปียก: 4-5 ช้อนโต๊ะ
น้ำตาลมะพร้าว: 1-2 ช้อนโต๊ะ
น้ำปลาดี: 3 ช้อนโต๊ะ
เกลือ: 1/2 ช้อนชา
น้ำเปล่า: 3 ถต.""",แคลกลาง,โปรตีนกลาง,ไขมันน้อย,คาร์บสูง,"ปลา,  พริกแกง,  มะละกอ,  หัวไชเท้า, ผักบุ้ง,  ถั่วฝักยาว, น้ำมะขามเปียก,  น้ำตาลมะพร้าว,  น้ำปลา,  เกลือ,  น้ำเปล่า",มีแกงอร่อยๆ ใส่เนื้อปลา พริกแกงส้ม รสชาติจิ้ดๆ อร่อย ,เปรี้ยวเผ็ดจัดจ้าน ซดคล่องคอ ใส่ปลาชิ้นโต ๆ,ผักแน่น ๆ กับน้ำแกงส้มเข้มข้น สไตล์บ้านใต้
น้ำตกเนื้อ,"""เนื้อสันนอกติดมัน: 1 ชิ้น
น้ำปลาดี: 2 ชต
มะนาว: 1-2 ลูก
พริกป่น: 1 ชต
ข้าวคั่ว: 1 ชต
หอมแดง: 5 หัว
ต้นหอม: 2 ต้น
ผักชีฝรั่ง,สะระแหน่: 
ใบมะกรูดซอย: 4-5 ใบ
พริกขี้หนู,กระเทียม: 
ผงคนอร์อร่อยชัวร์: 1 ชช""",แคลกลาง,โปรตีนกลาง,ไขมันน้อย,คาร์บสูง,"เนื้อ,  น้ำปลา,  มะนาว,  พริกป่น,  ข้าวคั่ว,  หอมแดง,  ต้นหอม,  ผักชีฝรั่ง, ใบมะกรูดซอย,  พริกขี้หนู, ผงคนอร์",อยากกินอาหารที่เป็นเครื่องเคียงกินกับส้มตำ ใส่ข้าวคั่ว เนื้อสันนอก ผักชีฝรั่ง อร่อยๆ เผ็ดถึง เค็มถึง,เนื้อย่างหอม ๆ คลุกพริกข้าวคั่วแบบแซ่บสุด,อยากกินอะไรเผ็ด ๆ หอมสมุนไพรแบบอีสานแท้
ขนมจีนน้ำยากะทิไก่ข้น (หลัวรักหลัวหลง),"""เนื้ออกไก่: 
กะทิ: 
น้ำปลา: 
ปลาร้า (ตามชอบ): 
พริกแห้ง หอมแดง กระเทียม ตะไคร้ ใบมะกรูด กระชาย:""",แคลน้อย,โปรตีนน้อย,ไขมันน้อย,คาร์บน้อย,"อกไก่,  กะทิ,  น้ำปลา,  ปลาร้า,  พริกแห้ง, หอมแดง, กระเทียม, ตะไคร้, ใบมะกรูด, กระชาย",กินเนื้ออกไก่ กะทิ น้ำปลา ปลาร้า  กินกับเส้นขนมจีนน่าจะดี,อยากได้เมนูขนมจีนหอมมันกะทิ รสจัดถึงใจ,"มี อกไก่,  กะทิ,  น้ำปลา,  ปลาร้า,  พริกแห้ง, หอมแดง ทำอะไรได้บ้าง"
ขนมจีนแกงไตปลา,"""ไตปลา: 1 ถ้วย
ข่า: 6 แว่น
ตะไคร้: 3 ต้น
ใบมะกรูด: 10 ใบ
น้ำเปล่า: 4 ถ้วย
พริกแกงไตปลา: 1/4 ถ้วย
เนื้อปลาย่าง: 1 ถ้วย
หน่อไม้ต้ม: 1 ถ้วย
ฟักทอง: 1 ถ้วย
ถั่วฟักยาว: 1/2 ถ้วย
มะเขือเปราะ: 1/2 ถ้วย
มะเขือพวง: 1/4 ถ้วย
้น้ำมะขามเปียก: 1/4 ถ้วย
น้ำตาลปี๊บ: 1 ช้อนโต๊ะ
ขนมจีน: ตามชอบ""",แคลมาก,โปรตีนกลาง,ไขมันน้อย,คาร์บสูง,"ไต,  ข่า,  ตะไคร้,  ใบมะกรูด,  น้ำเปล่า,  พริกแกง,  เนื้อปลา,  หน่อไม้,  ฟักทอง,  ถั่วฟักยาว,  มะเขือเปราะ,  มะเขือพวง,  น้ำมะขามเปียก,  น้ำตาลปี๊บ,  ขนมจีน",ในตู้เย็นมี ไตปลา ข่า ตะไคร้ มีถั่วต่างๆด้วย  อยากกินกับเส้นๆ,ชอบรสเผ็ดจัดแบบใต้แท้ ๆ ต้องเมนูนี้เลย,"อยากกินไตปลา ผักเยอะๆ ตะไคร้,  ใบมะกรูด,  น้ำเปล่า,  พริกแกง,  เนื้อปลา"
ต้มจืดมะระยัดไส้,"""มะระ: 
หมูสับ: 
วุ้นเส้น: 
พริกไทย: 
ซอสหอยนางรม: 
ผงปรุงรส: 
ซุปก้อน: 
น้ำเปล่า: 
รากผักชี: 
ผักชี: 
เก๋ากี้: 
เห็ดหอม:""",แคลกลาง,โปรตีนกลาง,ไขมันน้อย,คาร์บสูง,"มะระ,  หมูสับ,  วุ้นเส้น,  พริกไทย,  ซอสหอยนางรม,  ผงปรุงรส,  ซุปก้อน,  น้ำเปล่า,  รากผักชี,  ผักชี,  เก๋ากี้,  เห็ดหอม",อยากกินมะระ หวานลึกขมตาม คล่องคอ ,ซุปใสอุ่น ๆ หมูสับนุ่มละลายในปาก,อยากกินอะไรเบา ๆ ไม่มัน มะระไม่ขมมาก
ผัดกะเพรากุ้ง,"""กุ้งแกะเปลือก: 15 ตัว
พริกชี้ฟ้าและกระเทียมโขลก: 1 ช้อนโต๊ะ
ใบกะเพรา: ตามชอบ
น้ำตาลทราย: 2 ช้อนชา
น้ำปลา: 1 ช้อนโต๊ะ
น้ำมันรำข้าวสำหรับผัด:""",แคลมาก,โปรตีนน้อย,ไขมันกลาง,คาร์บสูง,"กุ้ง,  พริกชี้ฟ้า,  ใบกะเพรา, น้ำตาลทราย,  น้ำปลา,  น้ำมัน",มีใบกะเพรา กับกุ้ง ทำอะไรได้บ้าง,กุ้งตัวโต ๆ ผัดเผ็ดหอมใบกะเพรา,อยากกินอะไรเร็ว ๆ เผ็ด ๆ หอมกระเทียมพริกสด
ข้าวกะเพราเนื้อสับ-ไข่ดาว,"""เนื้อวัวสับ: 70กรัม
พริกแดงจินดา: 4 เม็ด
กระเทียมสับ: 3 กลีบ
น้ำปลา: 1 ช้อนโต๊ะ
ซีอิ๊วขาว: 1/2 ช้อนโต๊ะ
น้ำตาลทราย: 1 ช้อนชา
ใบกะเพรา (ตามชอบ): 1กำ
น้ำมันรำข้าว 2 ช้อนโต๊ะ: 2 ช้อนโต๊ะ""",แคลมาก,โปรตีนน้อย,ไขมันกลาง,คาร์บสูง,"วัว,  พริกแดง,  กระเทียม,  น้ำปลา,  ซีอิ๊วขาว,  น้ำตาลทราย,  ใบกะเพรา,  น้ำมัน",อยากกินกะเพราอร่อยๆ ทำมาจากเนื้อ รสชาติเผ็ดถึงใจ,เนื้อสับผัดไฟแรง หอมกระทะ ไข่ดาวเยิ้ม ๆ,เผ็ดจัด ๆ เน้นใบกะเพรา กับเนื้อแน่น ๆ ไม่มัน
ข้าวขาหมู,"""ขาหมู: 1-2 kg
โป๊ยกั๊ก: 10 ดอก
แท่งอบเชย: 3 แท่ง
กระเทียมทุบ: 10 กลีบ
รากผักชี: 5 ราก
พริกไทยดำเม็ด: 1 ช้อนโต๊ะ
เห็ดหอม: 10-15 ชิ้น
ผงพะโล้: 5-10 กรัม
ซีอิ๋วดำหวาน: 3 ช้อนโต๊ะ
ซีอิ๋วขาว: 1/4 ถ้วย
ซอสปรุงรสฝาเขียว: 3 ช้อนโต๊ะ
น้ำตาบปี๊บ: 200 กรัม
น้ำสะอาด: 3 ลิตร""",แคลมาก,โปรตีนกลาง,ไขมันน้อย,คาร์บสูง,"ขาหมู,  โป๊ยกั๊ก,  อบเชย,  กระเทียม,  รากผักชี,  พริกไทยดำ,  เห็ดหอม,  ผงพะโล้,  ซีอิ๋วดำ,  ซีอิ๋วขาว,  ซอสปรุง,  น้ำตาบปี๊บ,  น้ำ",อยากกินขาหมู รสถึงเครื่อง,น้ำพะโล้หอม ๆ เนื้อนุ่มละลายหนังเด้ง,อยากทำขาหมูกิน หอมเครื่องเทศ ละลายในปาก
น้ำจิ้มปลาเผา (มะขาม),"""มะขาม: 1 ปั้น
น้ำตาลปิ้บ: 1 ช้อนโต๊ะ
น้ำเปล่า: 1 ถ้วย
พริกขี้หนู: 10 เม็ด
หอมแดง: 8 หัว""",แคลน้อย,โปรตีนน้อย,ไขมันน้อย,คาร์บสูง,"มะขาม,  น้ำตาลปิ้บ,  น้ำเปล่า,  พริกขี้หนู,  หอมแดง",มีมะขาม น้ำตาบปิ้ป น้ำปบา พริก หอมแดง ทำน้ำจิ้มอะไรได้บ้าง,น้ำจิ้มรสเปรี้ยวหวาน เค็ม เผ็ด ครบ,อยากได้น้ำจิ้มปลาเผาแบบมีมะขาม หอมพริกสด
แกงส้มผักรวมน้ำข้น,"""น้ำ: 1/2ลิตร
หัวไชเท้า: 1หัว
แครอท: 1หัว
ถั่วฝักยาว: 1กำ
เนื้อปลาดอลลี่แช่แข็ง(หรือจะใช้ปลาชนิดอื่นได้ แต่ควรเป็นปลาเนื้ออ่อน): 2ชิ้น
ผงทำแกงส้มคนอร์: 1ซอง
น้ำมะขามเปียก (ตอนอยู่ที่อเมริกาไม่มี เราแอบใช้น้ำส้มสายชูแทน แต่ถ้าหาได้น้ำมะขามจะหอมกว่าเยอะ): 1ถ้วยเล็ก
น้ำตาลทราย: 2ช้อนโต๊ะ
น้ำปลา: 1ช้อนโต๊ะ""",แคลมาก,โปรตีนกลาง,ไขมันกลาง,คาร์บสูง,"น้ำ,  หัวไชเท้า,  แครอท,  ถั่วฝักยาว,  ปลา,  คนอร์,  น้ำมะขามเปียก, น้ำตาลทราย,  น้ำปลา",มี พริิกแกงส้มเหบือ กับผักต่างๆ เช่น แครอท หัวไชเท้า ทำเมนูอะไรดี ,ซดน้ำแกงร้อน ๆ ผักเยอะ น้ำเข้มข้นจัดจ้าน,อยากได้เมนูเผ็ดเปรี้ยวแบบไม่เลี่ยน ใส่ผักหลายอย่าง
แกงส้มปลาทู (แกงส้มใต้),"""ปลาทู: 3 ตัว
มะละกอ: 300 กรัม
ผักบุ้งไทย: 100 กรัม
น้ำมะขามเปียก: 2 ช้อนโต๊ะ
น้ำตาลทราย: 1 ช้อนชา
น้ำสะอาด: 600 มล
เครื่องแกงส้มใต้: 1 1/2 ช้อนโต๊ะ
กะปิ: 1 ช้อนชา
มะนาว: 1 ลูก""",แคลกลาง,โปรตีนกลาง,ไขมันน้อย,คาร์บสูง,"ปลาทู,  มะละกอ,  ผักบุ้งไทย,  น้ำมะขามเปียก,  น้ำตาลทราย,  น้ำสะอาด,  พริกแกง,  กะปิ,  มะนาว",อยากกินแกง ที่มีปลาทูตัวใหญ่ๆ ใส่มะละกอกับผักบุ้ง,อยากซดร้อน ๆ กับปลาทูสด ๆ และผักนุ่ม ๆ,น้ำแกงเปรี้ยวแรง เผ็ดถึงใจแบบใต้แท้ ๆ
ขนมจีนน้ำยาปลาช่อน X ตีนไก่+ลูกชิ้นปลา,"""ขนมจีน: 2กก
ปลาช่อน: 1ตัว
กะทิหัวหาง: 1กก
พริกแกงเผ็ด: 2ขีด
กระชายซอย: 20บาท
ปลาอินทรีย์เค็ม: 1ชิ้น
กะปิ: 1ชต
น้ำปลา: 1-2ถ้วย
ผักสดต่างๆ: 
ผักกาดดอง: 
ใบแมงลัก: 
พริกแห้ง:""",แคลมาก,โปรตีนสูง,ไขมันน้อย,คาร์บสูง,"ขนมจีน,  ปลาช่อน,  กะทิ,  พริกแกง,  กระชายซอย,  ปลาเค็ม,  กะปิ,  น้ำปลา,  ผัก,  ผักกาดดอง,  ใบแมงลัก,  พริกแห้ง",อยากกินขนมจีนอร่อยๆ น้ำยาทำมาจากปลา ใส่กะทิ ผู้ใหญ่กินได้ เด็กกินดี,อยากกินขนมจีนรสแซ่บ ๆ ใส่เครื่องแน่น ๆ,"มี ขนมจีน,  ปลาช่อน,  กะทิ,  พริกแกง,  กระชายซอย,  ปลาเค็มในตู้เย็น ทำอะไรด้บ้าง"
เส้นใหญ่ผัดซีอิ๊วไก่,"""เส้นใหญ่: 350 กรัม
ไก่หั่นเป็นชิ้น: 200 กรัม
ไข่ไก่: 2 ฟอง
คะน้าหั่นท่อน: 3 ต้น
กระเทียมสับ: 1 ช้อนโต๊ะ
ซีอิ๊วดำ: 2 ช้อนโต๊ะ
น้ำปลา: 1 ช้อนโต๊ะ
ซอสปรุงรส: 2 ช้อนชา
ซีอิ๊วขาว: 1 ช้อนโต๊ะ
น้ำมันพืช: 
มะนาว. พริกไทย:""",แคลมาก,โปรตีนกลาง,ไขมันกลาง,คาร์บสูง,"เส้นใหญ่,  ไก่,  ไข่ไก่,  คะน้า,  กระเทียม,  ซีอิ๊วดำ,  น้ำปลา,  ซอสปรุงรส,  ซีอิ๊วขาว,  น้ำมันพืช,  มะนาว, พริกไทย",อยากกินอะไรง่ายๆ ทำมาจากเส้นใหญ่ที่เหลืออยู่ ใส่ไก่ ใส่ไข่,เส้นใหญ่หอมกระทะ ผัดซีอิ๊วดำกับไก่ไข่,อยากกินเมนูผัดกลิ่นไหม้นิด ๆ เค็มหวานลงตัว
ยำวุ้นเส้นเครื่องล้น,"""วุ้นเส้นสด: 1ห่อ
หมูสับ: 2กรัม
เห็ดเข็มทอง: 1ห่อ
หอมแขก: ครึ่งหัว
ขึ้นช่าย: 2ต้น
แครอท: เล็กน้อย
ผักกาดขาว: 3ใบ
น้ำปลา: 2ช้อนโต๊ะ
น้ำมะนาวสด: 2ช้อนโต๊ะ
น้ำตาล: 1ช้อนชา
พริกป่น: 1ช้อนโต๊ะ""",แคลกลาง,โปรตีนน้อย,ไขมันน้อย,คาร์บสูง,"วุ้นเส้น,  หมูสับ,  เห็ดเข็มทอง,  หอมแขก, ขึ้นช่าย,  แครอท, ผักกาดขาว,  น้ำปลา,  น้ำมะนาว,  น้ำตาล,  พริกป่น",อยากกินอะไรแซ่บๆ รสชาติเปรี้ยวถึง เผ็ดถึง ใส่วุ้นเส้น หมูสับ ผักกาด เห็ด,เมนูยำที่กินแล้วสะใจ ของแน่น น้ำยำถึงรส,"มี  หอมแขก, ขึ้นช่าย, หมูสับ, วุ้นเส้น,  เห็ดเข็มทอง,  แครอท อยากทำที่มันแบบแซ่บๆ นัวๆ "
ต้มยำปลาคัง,"""เนื้อปลาคัง+หัวปลาคัง: 500 กรัม
ตะไคร้: 3 ต้น
ใบมะกรูด: 10 ใบ
ข่าหั่นแว่น: 5 แว่น
ต้นหอม: 2ต้น
ผักชีฝรั่ง: 2ต้น
ผักชี: 2ต้น
น้ำปลา: 1ช้อนโต๊ะ
น้ำมะนาว: 3ช้อนโต๊ะ
พริกขี้หนูทุบ: 15 เม็ด
พริกขี้หนูแห้งคั่ว: 15เม็ด
หอมแดง: 5หัว
ซีอิ๋วขาว: 1ช้อนโต๊ะ
น้ำเปล่า: 500 มล.
มะเขือเทศ: 2ลูก
ผงปรุงรสคนอร์ แบบก้อน: 1ก้อน
กระเทียม: 4 กลีบ""",แคลกลาง,โปรตีนกลาง,ไขมันน้อย,คาร์บสูง,"ปลา,  ตะไคร้,  ใบมะกรูด,  ข่า,  ต้นหอม,  ผักชีฝรั่ง,  ผักชี,  น้ำปลา,  น้ำมะนาว,  พริกขี้หนู,  หอมแดง,  ซีอิ๋วขาว,  น้ำเปล่า,  มะเขือเทศ,  คนอร์,  กระเทียม",มีเนื้อปลาคัง พริก ตะไคร้ ใบมะกรูด เหลือในตู้เย็น ทำอะไรได้บ้าง,อยากกินน้ำซุปเผ็ดเปรี้ยว หอมสมุนไพร ปลาคังเนื้อเด้ง,อยากกินต้มยำแบบถึงเครื่อง รสชาติจัด ๆ
ไก่ผัดขิง,"""เนื่อไก่: 1/2 กิโล
ขิงอ่อน: 1/2 กิโล
เห็ดหูหนู: 3 ขีด
ต้นหอม: 2 ขีด
หัวหอมใหญ่: 2 หัว
กระเทียมจีน: 5 กลีบ
พริกชี้ฟ้า: 10 เม็ด""",แคลกลาง,โปรตีนน้อย,ไขมันน้อย,คาร์บสูง,"เนื่อไก่,  ขิง,  เห็ดหูหนู,  ต้นหอม,  หัวหอม,  กระเทียม,  พริกชี้ฟ้า",อยากเอา ขิง ไก่ เห็ด มาทำอาหารที่ไขมันน้อย,อยากทำอาหารขิงสด ๆ ผัดกับไก่นุ่ม ๆ หอมกลิ่นเต้าเจี้ยว,อยากทำอาหาร ใช้ ไก่ ให้หมด 
น้ำพริกกะปิกุ้งแห้ง,"""กะปิอย่างดี: 30 กรัม
กุ้งแห้ง: 1+1/2 ช้อนโต๊ะ
พริกขี้หนูสวน: 25 เม็ด
กระเทียมไทยกลีบเล็ก: 15 กลีบ
น้ำปลา: ตามชอบ
น้ำตาลปี๊บ: ตามชอบ
น้ำมะนาว: ตามชอบ
น้ำเปล่าต้มสุก: 1 ช้อนโต๊ะ
ใบตองหรือใบต้นกระชาย: 1 ใบ
มะเขือพวง: 10 เม็ด""",แคลกลาง,โปรตีนสูง,ไขมันน้อย,คาร์บสูง,"กะปิ,  กุ้งแห้ง,  พริกขี้หนูสวน,  กระเทียมไทย,  น้ำปลา, น้ำตาลปี๊บ, น้ำมะนาว, น้ำเปล่า,  ใบตอง,  มะเขือพวง",อยากกินน้ำพริกเผ็ดๆ รสชาติถึงใจ ใส่กระเทียมเยอะๆ,อยากกินน้ำพริกกับข้าวร้อน ๆ จิ้มเพลิน ๆ,น้ำพริกหอม ๆ เผ็ดเปรี้ยวหวาน กินกับผักลวก
น้ำพริกกะปิปลาทู,"""กะปิ 5 ช้อนโต๊ะ: 
น้ำตาลปี๊บ 1 ช้อนโต๊ะ: 
มะนาว 7 ช้อนโต๊ะ: 
กระเทียม 6 ช้อนโต๊ะ: 
พริกขี้หนู 20 เม็ด: 
ปลาทู 2 ตัว: 
น้ำต้มสุก 6 ช้อนโต๊ะ:""",แคลน้อย,โปรตีนกลาง,ไขมันน้อย,คาร์บกลาง,"กะปิ, น้ำตาลปี๊บ, มะนาว, กระเทียม, พริกขี้หนู, ปลาทู, น้ำต้มสุก",อยากกินน้ำพริก กะปิ ปลาทู,น้ำพริกหอมกะปิแท้ ๆ เคียงปลาทูทอด,"ในตู้เย็น กะปิ, น้ำตาลปี๊บ, มะนาว, กระเทียม, พริกขี้หนู, ปลาทู ทำอะไรอีสดี ขอแบบ แส่บๆๆ "
ยำไข่ดาว,"""ไข่ไก่: จำนวนตามด้องการ
พริกขี้หนูซอย: 1 ช้อนโต๊ะ
มะเขือเทศหั่นเสี้ยว: 1-2 ลูก
หอมใหญ่สไลด์: 1-2 ลูก
ต้นหอมกับขึ้นฉ่ายหั่นท่อน: 3-4 ต้น
น้ำมะนาว: 2 ช้อนโต๊ะ
น้ำกระเทียมดอง: 2 ช้อนโต๊ะ
น้ำปลา: 2 ช้อนโต๊ะ
น้ำตาลทราย: เล็กน้อย""",แคลกลาง,โปรตีนน้อย,ไขมันน้อย,คาร์บสูง,"ไข่ไก่, พริกขี้หนู,  มะเขือเทศ,  หอมใหญ่,  ต้นหอม,  น้ำมะนาว,  น้ำกระเทียมดอง,  น้ำปลา,  น้ำตาลทราย",มีไข่ แต่อยากกินอะไรแซ่บๆ ไขมันน้อย ใส่พริก มะเขือเทศ,อยากอีสไข่ดาวกรอบ ๆ คลุกน้ำยำแซ่บ ๆ ใส่พริกมะเขือเทศ,อยากกินอะไรเผ็ด ๆ เปรี้ยว ๆ ทำง่าย กินเพลิน
แกงส้มไหลบัวปลากระพงปักษ์ใต้,"""ไหลบัว: 8 เส้น
พริกป่นแบบใต้ที่ละเอียด: 2 ช้อนโต๊ะ
กะปิ: 1 ช้อนโต๊ะ
เกลือ: 1/2 ช้อนชา
ปลากระพงหั่นชิ้นขนาดพอคำ: 1 ตัว
มะนาว: 7 ช้อนโต๊ะ
พริกไทยเม็ดดำ: 10 เม็ด""",แคลกลาง,โปรตีนกลาง,ไขมันน้อย,คาร์บกลาง,"ไหลบัว,  พริกป่น,  กะปิ,  เกลือ,  ปลากระพง,  มะนาว,  พริกไทย",มีไหลบัวจากป้าข้างบ้าน และมีพริกแกง ปลาทูที่เหลือไว้ ทำอะไรกินได้บ้าง,น้ำแกงใต้เผ็ดจี๊ด ไหลบัวกรุบ ๆ ปลากระพงเน้น ๆ,อยากทำอาหารที่ใช้ ไหลบัว พอดีเพิ่งได้มา
ข้าวต้มหมูทรงเครื่อง,"""ข้าวสวย: 2 ถ้วย
หมูสับปั้นเป็นก้อนกลม: 150 กรัม
คนอร์ซุปก้อน: 1 ก้อน
น้ำเปล่า: 3-4 ถ้วย
ขิงแก่ซอย: 2 ช้อนโต๊ะ
กระเทียมสดแกะเปลือก: 1 ช้อนโต๊ะ
กุ้งแห้ง: 1 ช้อนโต๊ะ
ปลาหมึกแห้ง: 1 ช้อนโต๊ะ
คื่นช่ายหั่นซอย: 1 ช้อนโต๊ะ
พริกไทยป่น: 
เกลือ: 1/3 ช้อนชา
ซอลแม็กกี้: 1 1/2 ช้อนชา""",แคลกลาง,โปรตีนสูง,ไขมันน้อย,คาร์บกลาง,"ข้าวสวย,  หมู,  คนอร์,  น้ำเปล่า,  ขิง,  กระเทียม,  กุ้งแห้ง,  ปลาหมึก,  คื่นช่าย,  พริกไทย,  เกลือ",อยากกินอาหารคล่องๆคอ กินง่าย คนป่วยชอบ มี ข้าว ขิง น้ำ หมู ไขมันน้อยๆ,น้ำซุปร้อน ๆ หมูนุ่ม ๆ กับข้าวนิ่ม ๆ หอมกระเทียมเจียว,อยากกินอะไรอุ่นท้อง เครื่องแน่น ๆ ตอนเช้า
ต้มยำกุ้งแม่น้ำ (น้ำข้น),"""กุ้งแม่น้ำ: 5ขีด
เม็ดฟาง: 
ข่า: 
ตะไคร้: 
ใบมะกรูด: 
มะนาว: 
พริก: 
น้ำปลา: 
น้ำตาล: 
นมสดจืด:""",แคลกลาง,โปรตีนสูง,ไขมันน้อย,คาร์บสูง,"กุ้ง,  เม็ดฟาง,  ข่า,  ตะไคร้,  ใบมะกรูด,  มะนาว,  พริก,  น้ำปลา,  น้ำตาล,  นมสด",ได้กุ้งตัวใหญ่จากพม่า  มีขิง ข่า ตะไคร้ ใบมะกรูด ทำอะไรกินได้บ้าง ,น้ำต้มยำข้น ๆ หอมมันกะทิ กุ้งเด้ง ๆ ตัวโต,อยากซดอะไรร้อน ๆ เผ็ดเปรี้ยวจัดจ้านแบบเข้มข้น ทำมาจาก กุ้ง ข่า ตะไคร้ ใบมะกรูด
ผัดเผ็ดไก่มะเขือเปาะ,"""อกไก่: 1อก
ตับไก่: 20บาท
มะเขือเปาะ: 6-8ลูก
โหระพา: 5บาท
ใบมะกรูดฉีก: 5-6ใบ
พริกแกงเผ็ด: 10บาท
กะทิกล่องเล็ก: 1กล่อง
น้ำตาลปึก: 2/4:ก้อน
น้ำปลา: 3-5ชต""",แคลกลาง,โปรตีนกลาง,ไขมันน้อย,คาร์บสูง,"อกไก่,  ตับไก่,  มะเขือ,  โหระพา,  ใบมะกรูด,  พริกแกงเผ็ด,  กะทิ,  น้ำตาลปึก,  น้ำปลา",อยากกินผัดๆอะไรก็ได้ที่ใส่ ไก่ และมะเขือเปาะ พอดีคุณย่าแถวบ้านเอามาให้ ,ไก่กับมะเขือเปราะผัดพริกแกงร้อน ๆ หอมใบโหระพา,คือมีข้าวเหลือเยอะมาก อยากกินอะไรเผ็ดๆ หอมกะทิ จะได้กินกับข้าวสวยที่เหลืออยู่
แกงส้มฟักแม้วกุ้งสด,"""ฟักแม้ว: 2 หัว
ปลานิล: 1 ตัว
พริกแกงส้ม: 1 ขีด
น้ำมะขามเปียก: 5 ช้อน
น้ำปลา: 4 ช้อน
น้ำตาลปีบ: 1 ช้อน
กุ้ง: 6-7 ตัว
เกลือป่น: 1/2""",แคลกลาง,โปรตีนกลาง,ไขมันน้อย,คาร์บสูง,"ฟัก,  ปลา,  พริกแกง,  น้ำมะขามเปียก,  น้ำปลา,  น้ำตาลปีบ,  กุ้ง,  เกลือป่น",มีพริกแกงส้มที่เหลือ กับปลานิล กุ้ง ทำอะไรได้บ้าง,อยากกินแกงผักร้อน ๆ มีรสเปรี้ยวแซ่บ ๆ,มี พริกแกง ฟัก ปลา น้ำมะขามเปียก ทำอะไรอีสดี
แกงเขียวหวานหน่อไม้ไก่,"""เนื้อสะโพกไก่: 3 ชิ้น
พริกแกงเขียวหวานสำเร็จรูปตามตลาดสด: 10 บาท
กะทิ: 0.5 กิโล
ใบโหระพา: 5 บาท
หน่อไม้ดอง: 0.5 กิโล
น้ำปลา: ตามชอบ
น้ำตาล: ตามชอบ""",แคลกลาง,โปรตีนน้อย,ไขมันน้อย,คาร์บสูง,"สะโพกไก่,  พริกแกงเขียวหวาน,  กะทิ,  ใบโหระพา,  หน่อไม้ดอง,  น้ำปลา, น้ำตาล",อยากกินแกงเขียวหวาน ใส่ไก่เยอะมาก ,หน่อไม้ดองเปรี้ยวตัดกับความมันของกะทิและไก่นุ่ม ๆ,อยากกินแกงรสกลมกล่อม หอมเครื่องแกงเขียวหวาน
ขนมจีนน้ำยา สูตรเด็ด,"""ปลาทับทิม: 1 โล
กะทิ: 1 โล
หางกะทิ: 1 โล
ลูกชิ้นปลา: ตามใจชอบ
กระชาย: 2 ขีด
กะปิ: 1 ช้อนโต๊ะ
น้ำปลา: 1 ช้อนโต๊ะ
พริกแกงน้ำยา: 2 ขีด
คนอร์: 2 ก้อน
น้ำตาลปี๊บ: 1 ช้อนชา""",แคลกลาง,โปรตีนกลาง,ไขมันน้อย,คาร์บสูง,"ปลา,  กะทิ,  ลูกชิ้นปลา, กระชาย,  กะปิ,  น้ำปลา,  พริกแกง,  คนอร์,  น้ำตาลปี๊บ",อยากกินขนมจีนสูตรเด็ดๆ,น้ำยาเข้มข้น หอมกะทิ มีลูกชิ้นปลาเน้น ๆ,อยากกินขนมจีนรสแน่น สูตรบ้าน ๆ แต่โคตรดี
ข้าวผัดต้มยำกุ้ง,"""ข้าวสวย: 1ถ้วย
กุ้งสดปอกเปลือกผ่าหลัง: 40กรัม
ข่าซอย: 1ช้อนโต๊ะ
ตะไคร้ซอย: 2ต้น
ใบมะกรูดซอย: 1ช้อนโต๊ะ
หอมแดงซอย: 2หัว
มะเขือเทศหั่นเต๋าเล็ก: 1ช้อนโต๊ะ
น้ำมะนาว: 1ช้อนโต๊ะ
พริกแดงซอย: 1ช้อนโต๊ะ
เห็ดฟาง: ตามชอบ
กระเทียมสับ: 1ช้อนโต๊ะ
น้ำพริกเผา: 1 1/2 ช้อนโต๊ะ
น้ำปลา: 1/2ชต
น้ำตาลทราย: 1/2ช้อนชา
น้ำมันพืช: 
ต้นหอมซอย:""",แคลมาก,โปรตีนน้อย,ไขมันกลาง,คาร์บสูง,"ข้าวสวย,  กุ้ง,  ข่า,  ตะไคร้,  ใบมะกรูด,  หอมแดง  มะเขือเทศ,  น้ำมะนาว,  พริกแดงซอย,  เห็ดฟาง, ตามชอบ, กระเทียม,  น้ำพริกเผา,  น้ำปลา,  น้ำตาลทราย,  น้ำมันพืช,  ต้นหอมซอย",มีข้าวเย็น กุ้ง ตะไคร้ ใบมะกรูด พริกเผา เหลือไว้ทำอะไรได้บ้าง,ข้าวผัดร้อน ๆ หอมต้มยำเผ็ดเปรี้ยว มีกุ้งด้วย,อยากได้เมนูผัดที่แซ่บแบบไทย ๆ กลิ่นต้มยำมาเต็ม
แกงส้มชะอมไข่ใส่ปลาทู,"""ชะอมเด็ดเอาแต่ใบ: 1ถ้วย
ไข่ไก่: 1ฟอง
ผักกาดขาว: 1หัว
หัวไชเท้า: 1หัว
พริกแกงส้มตามสูตรเคยที่ให้ไว้นะคะ: 3 ช้อน
น้ำมะขามเปียก: 5 ช้อน
น้ำตาลปีบ: 2ช้อน
น้ำปลา: 3ช้อน
น้ำมันพืชสำหรับทำไข่ชะอม: 1 ช้อนชา
ปลาทูย่างแกะเอาแต่เนื้อ: 2 ตัว""",แคลมาก,โปรตีนกลาง,ไขมันกลาง,คาร์บสูง,"ชะอม,  ไข่ไก่,  ผักกาดขาว,  หัวไช,  พริกแกงส้ม,  น้ำมะขามเปียก,  น้ำตาลปีบ,  น้ำปลา,  น้ำมัน,  ปลาทู",อยากกิน ไข่ ปลาทู และมีพริกแกงด้วย ทำเมนูอะไรดี ,ชะอมไข่ทอดนุ่ม ๆ ซดกับน้ำแกงปลาทูเปรี้ยว ๆ,เมนูบ้าน ๆ แต่รสถึงใจ อยากกินกับข้าวร้อน
แกงส้มใต้มันขี้หนู,"""มันขี้หนู: 300 กรัม
ปลาทูสดหรือปลาอะไรก็ได้: 4-5 ตัว
น้ำพริกแกงเหลือง: 2 ช้อนโต๊ะ
น้ำเปล่า: 4 ถ้วย
น้ำปลา: 3 ช้อนโต๊ะ
น้ำตาลปี๊บ: 1 ช้อนโต๊ะ
น้ำมะขามเปียก: 3 ช้อนโต๊ะ
ส้มแขก: 3 ชิ้น
น้ำมะนาว: ตามชอบ
กะปิ: 2 ช้อนชา""",แคลมาก,โปรตีนกลาง,ไขมันน้อย,คาร์บสูง,"มัน,  ปลาทู,  น้ำพริก,  น้ำเปล่า,  น้ำปลา,  น้ำตาลปี๊บ,  น้ำมะขามเปียก,  ส้มแขก,  น้ำมะนาว, กะปิ",มีมันขี้หนู​ปลาทู และพริกแกง ทำเมนูอะไรดี,น้ำแกงใต้เผ็ดเปรี้ยวจัด ใส่มันขี้หนูแทนผัก,อยากกินแกงใต้ รสเข้มแบบดั้งเดิม
สูตร แกงเลียง ระดับเทพ อร่อยกว่าร้านดังแน่นอน,"""ผักหวาน: 1 กำ
กวางตุ้งแบบมีดอก: 1 กำ
ชะอม: 1 กำ
ใบแมงลัก: 1 กำ
บวบ: 5-6 อัน
ฟักทอง: ซีกนึง
เห็ดนางฟ้า: 1 กำ
เห็ดหูหนู: 1 กำ
เห็ดเข็มทอง: 1 กำ
เห็ดฟาง: 1 กำ
กุ้ง: ครึ่ง กก
กระดูกหมู: 1 กิโลกรัม
พริกกระเหรี่ยง: 1 กำ
กระชาย: 1 กำ
หอมแดง: 1 กำ
กระปิอย่างดี: 2 ช้อนโต๊ะ
พริกไทยขาว: 2 ช้อนโต๊ะ
ปลาทูนึ่ง: 12 ตัว
น้ำปลาตราปลาหมึก: ตามความชอบ""",แคลมาก,โปรตีนสูง,ไขมันน้อย,คาร์บสูง,"ผักหวาน,  กวางตุ้ง,  ชะอม,  ใบแมงลัก,  บวบ,  ฟักทอง, เห็ด,  กุ้ง, กระดูกหมู,  พริก,  กระชาย,  หอมแดง,  กระปิ,  พริกไทยขาว,  ปลาทู,  น้ำปลา",ได้ผักมาหลากหลายชนิดมาก ทั้ง กวางตั้ง ชะอม บวบ ฟักทอง เห็ด แถมมีกะปิ กับปลาทูอีก อยากกินอาการที่ไขมันน้อย ทำอะไรกินดี,มี บว แมงลัก เมล็ดฝักทอง ไก่ ปลา ผักหวาน ทำอะไรต้มๆกิน ,อยากทำน้ำแกง หอมพริกไทย มีทั้งกุ้งและปลาทู
ขนมจีนน้ำยากะทิไก่ไม่เผ็ดสำหรับเด็ก,"""เนื้อไก่บด (ไก่ต้มที่ได้จากทำน้ำสต็อก): 100 กรัม
กะทิ (แบ่ง 2ส่วน ส่วนละ150มล): 300 มล.
พริกแกงเด็ก(ตามสูตรที่ลงไว้): 80 กรัม
น้ำสต็อกไก่: 2 ถ้วย
เลือดไก่: 80 กรัม
น้ำปลา: 2 ช้อนโต๊ะ
น้ำตาลปี๊บ: 1/2 ช้อนโต๊ะ
ต้นหอมหั่น: 2 ต้น
ใบมะกรูดฉีก: 3 ใบ
น้ำมันพืช: 1 ช้อนโต๊ะ
เส้นขนมจีนอัญชัน: ตามชอบ
ผักเครื่องเคียง: ตามชอบ
ไข่ต้ม:""",แคลมาก,โปรตีนกลาง,ไขมันกลาง,คาร์บสูง,"เนื้อไก่,  กะทิ,  น้ำสต็อกไก่,  เลือดไก่,  น้ำปลา,  น้ำตาลปี๊บ,  ต้นหอมหั่น,  ใบมะกรูด,  น้ำมันพืช,  เส้นขนมจีน, ผัก, ไข่ต้ม",มีเส้นขนมจีน กับไก่เหลืออยู่ ทำอเมนูอะไรดี,อยากได้เมนูเส้นๆ ที่รสละมุน กินง่ายสำหรับเด็กๆ,มีอะไรแนะนำบ้างที่ใช้ไก่กับกะทิ แล้วไม่เผ็ดเลย เด็กกินได้
ยำปลากระป๋องทอดกร๊อบกรอบ,"""ปลากระป๋อง: 3 กระป๋อง
มะนาว: 3 ลูก
น้ำปลา: 1 ช้อนโต๊ะ
ต้นหอมหั่นท่อน: 4 ต้น
พริกขี้หนูซอย: 3 ช้อนโต๊ะ
แครอทซอยเป็นเส้นๆ: 1 ถ้วย
ขึ้นฉ่ายหั่นท่อน: 1 ต้น
น้ำตาลทราย: 1 ช้อนชา
ไข่ไก่: 1 ฟอง
เกล็ดขนมปัง: 1 จาน
แป้งเอนกประสงค์: 1 จาน
น้ำมัน:""",แคลมาก,โปรตีนกลาง,ไขมันกลาง,คาร์บสูง,"ปลากระป๋อง,  มะนาว,  น้ำปลา,  ต้นหอม,  พริกขี้หนู,  แครอท,  ขึ้นฉ่าย,  น้ำตาลทราย,  ไข่ไก่,  เกล็ดขนมปัง,  แป้งเอนกประสงค์,  น้ำมัน",อยากจะกินอาหารที่ใส่ปลากระป๋องเยอะๆ รสชาติเปรี้ยว ใส่พริกด้วยยิ่งดี ,อยากเอาปลากระป๋องมาทำอาหาร มีไอเดียทำปลากระป๋องให้อร่อยแบบไม่จำเจไหม,มี แครอท ปลากระป๋อง ขึ้นฉ่าย ต้นหอม  พริกขี้หนู อยากเอามาทำเมนู ที่มีความกรอบและเปรี้ยวนิดๆ
แกงส้มดอกแคเนื้อปลานินทอดกรอบ,"""พริกแกงส้ม: 2ขีด
น้ำเปล่า: 1ลิตร
น้ำมะขามเปียก: 1ถ้วยเล็ก
น้ำตาลปี้ป: 1/2ทัพพี
ดอกแค: 20ดอก
น้ำปลา: 2 ช้อนโต๊ะ
เนื้อปลานิน: 1ตัว""",แคลกลาง,โปรตีนน้อย,ไขมันน้อย,คาร์บสูง,"พริกแกง,  น้ำเปล่า,  น้ำมะขามเปียก,  น้ำตาลปี้ป,  ดอกแค,  น้ำปลา,  ปลา",มีพริกแกงส้มเหลืออยู่ กับดอกแค น้ำมะขามเปียก ทำอะไรกินดี ,เมนูแกงรสเปรี้ยวๆ ที่มีดอกแคกับปลานินทำอะไรดี,มีดอกแค ทำอะไรกินได้บ้าง
ผัดเผ็ดปลาดุกพริกสด,"""ปลาดุก: 
มะเขือเจ้าพระยา: 
ใบมะกรูด: 
กระชาย: 
พริกไทยอ่อน: 
ซอสปรุงรส: 
น้ำมันหอย: 
ผงปรุงรส: 
กระเทียม: 
พริกขี้หนู:""",แคลกลาง,โปรตีนน้อย,ไขมันน้อย,คาร์บกลาง,"ปลาดุก,  มะเขือ,  ใบมะกรูด,  กระชาย,  พริกไทย,  ซอสปรุงรส,  น้ำมันหอย,  ผงปรุงรส,  กระเทียม,  พริกขี้หนู",วันนี้ตกปลาดุกมาได้ อยากกินคู่กัยมะเขือ และผงปรุงรสให้มันอร่อยๆ,มีอะไรที่ทำกับปลาดุกให้ออกรสจัดๆ ได้บ้าง,อยากได้เมนูเผ็ดๆ ใส่พริกสดกับปลาดุก
แกงส้มไข่ปลาเรียวเซียว,"""ยอดมะพร้าว: 200กรัม
ไข่ปลาเรียวเซียว: 200กรัม
เนื้อปลาช่อน: 100กรัม
น้ำสต็อก: 2ถ้วย
พริกแกงส้ม: 1ชต
ข่า ตะไคร้ ใบมะกรูด: 1/2 ถ้วย
น้ำปลา: 1ชต
น้ำตาลปี๊บ: 1ชต
มะขามเปียก: 1/2ถ้วย""",แคลมาก,โปรตีนกลาง,ไขมันน้อย,คาร์บสูง,"ยอดมะพร้าว,  ไข่ปลา,  ปลา,  น้ำสต็อก,  พริกแกงส้ม,  ข่า, ตะไคร้, ใบมะกรูด,  น้ำปลา,  น้ำตาลปี๊บ,  มะขามเปียก",อยากกินเมนูที่ใส่ไข่ปลาเรียวเซียว อร่อยๆ เป็นเมนูแกงๆยิ่งดี,อยากทำอาหาร ต้มๆ ที่มีไข่ปลา ,อยากกินเมนูที่มาจาก ยอกมะพร้าว ไข่ปลา หริก กระเทียม พริกไทย มีแนะนำไหม 
หอยทอด(ทะเลทอด),"""แป้งทอดกรอบ: 1ถ้วย
กุ้ง: 12ตัว
หมึก: 3ตัว
หอยแมงภู่: 100กรัม
น้ำเย็ดจัด: 1ถ้วย
นมสด: 1/2ถ้วย
ไข่ไก่: 3ฟอง
ถั่วงอกดิบ: ตามชอบ
พริกไทยป่น: ตามชอบ
ซีอิ้วขาว: 2ช้อนโต๊ะ
น้ำปลา: 1ช้อนโต๊ะ
น้ำตาล: 1ช้อนโต๊ะ
ต้นหอมผักชี: 2-3ต้น""",แคลกลาง,โปรตีนกลาง,ไขมันน้อย,คาร์บสูง,"แป้งทอด,  กุ้ง,  หมึก,  หอย,  น้ำ,  นมสด,  ไข่ไก่,  ถั่วงอก, พริกไทย, ซีอิ้ว,  น้ำปลา,  น้ำตาล,  ต้นหอม",อยากกินหอยทอด กรอบๆ,อยากกินของทอดกรอบๆ ใส่หอยกับกุ้ง,มีเมนูแป้งกรอบๆ ใส่ทะเลอะไรแนะนำบ้าง
เส้นหมี่ผัดซีอิ๊วหมูนุ่ม,"""เส้นหมี่สำเร็จรูป: 180 กรัม
หมูนุ่ม: 200 กรัม
กระเทียมสับ: 1 ช้อนโต๊ะ
น้ำมันพืช: 2-3 ช้อนโต๊ะ
ซีอิ๊วดำสำหรับคลุกเส้น: 
ซีอิ๊วขาว: 3 ช้อนโต๊ะ
น้ำปลา: 1 ช้อนโต๊ะ
น้ำตาลทราย: 1 ช้อนชา
ผักคะน้า: 2 ต้น
ไข่ไก่เบอร์ 1: 3 ฟอง""",แคลมาก,โปรตีนกลาง,ไขมันกลาง,คาร์บสูง,"เส้นหมี่,  หมู,  กระเทียม,  น้ำมันพืช,  ซีอิ๊วดำ,  ซีอิ๊วขาว,  น้ำปลา,  น้ำตาลทราย,  ผักคะน้า,  ไข่ไก่",มีเส้นหมี่ กับหมูนุ่ม กระเทียม ซีอิ้ว ไข่ ทำเมนุอะไรได้บ้าง,หิวเมนูผัดเส้นใส่หมูนุ่มๆ ทำง่ายๆ,อยากได้ผัดซีอิ๊วที่ใช้เส้นหมี่แบบไม่มันมาก
แกงเผ็ดเป็ดย่าง,"""เนื้อเป็ดย่างพร้อมหนัง: 1ถ้วย
มะเขือเทศ: 5-6ลูก
สับปะรดหั่น: 20 ชิ้น
มะเขือพวง: 1/4ถ้วย
ใบโหระพาเด็ด: 2ต้น
พริกแกง: 2-4ช้อนโต๊ะ
กะทิ: 1กล่อง
น้ำตาลปิ้บ: 2ช้อนโต๊ะ
น้ำปลา: 1/4ถ้วย""",แคลกลาง,โปรตีนน้อย,ไขมันน้อย,คาร์บสูง,"เป็ด,  มะเขือเทศ,  สับปะรด,  มะเขือ,  ใบโหระพา,  พริกแกง,  กะทิ,  น้ำตาลปิ้บ,  น้ำปลา",อยากกินเป็ดใส่สัปปะรดเพื่อความนุ่มน่าจะดี มีมะเขือเทศเพื่อเพิ่มสีสัน ไขมันน้อย กินอร่อยๆ,มีเมนูที่ใช้เป็ดย่างกับพริกแกงรสเข้มข้นแนะนำไหม,"อยากกินแกงที่ใส่เป็ด  มะเขือเทศ,  สับปะรด,  มะเขือ จะได้กำจัดของในตู้เย็นไปสักที"
ต้มยำกุ้งมะพร้าวอ่อน,"""พริกขี้หนู: 7 เม็ด
ตะไคร้: เล็กน้อย
ใบมะกรูด: เล็กน้อย
ข่า: เล็กน้อย
ผักชีฝรั่ง: เล็กน้อย
เห็ดนางฟ้า: 70 กรัม
เห็ดหลินขาว: 40 กรัม
เห็ดฟาง: 100 กรัม
เนื้อมะพร้าวอ่อน: 80 กรัม
น้ำมะพร้าว: 700 ml.
กุ้งแกะเปลือก: 200 กรัม
น้ำตาลทราย: 2 ช้อนชา
น้ำปลา: 6 ช้อนโต๊ะ
น้ำมะนาว: 6 ช้อนโต๊ะ
กะทิ: 100 ml.
น้ำพริกเผา: 2 ช้อนโต๊ะ
มันกุ้ง: 1 ช้อนโต๊ะ""",แคลมาก,โปรตีนกลาง,ไขมันน้อย,คาร์บสูง,"พริก,  ตะไคร้, ใบมะกรูด, ข่า, ผักชีฝรั่ง, เห็ดนางฟ้า,  เห็ด,  เนื้อมะพร้าวอ่อน,  น้ำมะพร้าว,  กุ้ง,  น้ำตาลทราย,  น้ำปลา,  น้ำมะนาว,  กะทิ,  น้ำพริกเผา,  มันกุ้ง",มีมะพร่าวอ่อน กับเนื้อมะพร้าว ทำเมนูแซ่บๆ รสชาติจัดจ้านถึงเครื่อง ใส่เห็ดเยอะๆ,มีมะพร้าวอ่อน ทำเมนูอะไรได้บ้าง ขอเผ็ดๆ ,"พริก,  ตะไคร้, ใบมะกรูด, ข่า, ผักชีฝรั่ง, เห็ดนางฟ้า ทำอะไรกินได้บ้าง"
หมูทอดกระเทียม,"""หมูสันนอก หั่นชิ้น: 250 กรัม
รากผักชี กระเทียม พริกไทยโขลกละเอียด: 1/2 ช้อนโต๊ะ
ผงปรุงรส: 1 ช้อนโต๊ะ
แป้งข้าวโพด: 1 ช้อนโต๊ะ
น้ำมันพืช: สำหรับทอด
กระเทียมเจียว (โรยหน้า): ตามชอบ""",แคลกลาง,โปรตีนน้อย,ไขมันกลาง,คาร์บกลาง,"หมูสันนอก,  รากผักชี, กระเทียม, พริกไทย,  ผงปรุงรส,  แป้งข้าวโพด,  น้ำมัน, กระเทียม",อยากกินเมนูรสชาติทานง่าย ใชิ้ หมู กระเทียม,หิวเมนูหมูทอดหอมๆ กระเทียมเยอะๆ,มีอะไรทำกับหมูแบบทอดๆ ให้กลิ่นกระเทียมชัดๆ
หน่อไม้ผัดพริกแกงหมูสับ,"""หน่อไม้ต้ม ซอยบางๆ: 1 ถ้วย
น้ำพริกแกงเผ็ด: 2 ช้อนโต๊ะ
หมูสับ: 1/4 ถ้วย
ใบมะกรูดฉีก: 4-5 ใบ
พริกไทยอ่อนตัดสั้นๆ: 3-4 ฝัก
พริกชี้ฟ้าซอย: 1 เม็ด
น้ำตาลทราย: 1/2 ช้อนโต๊ะ
น้ำปลา: 1-2 ช้อนโต๊ะ""",แคลกลาง,โปรตีนกลาง,ไขมันน้อย,คาร์บสูง,"หน่อไม้ต้ม,  น้ำพริก,  หมู,  ใบมะกรูด,  พริกไทย,  พริกชี้ฟ้า,  น้ำตาลทราย,  น้ำปลา",อยากกิน หน่อไม้ ใส่พริกแกง ปรุงรสให้มันอร่อยๆ,มีเมนูเผ็ดๆ ที่ใช้หน่อไม้กับหมูสับแนะนำไหม,อยากทำกับข้าวแบบผัดรสเข้มที่มีหน่อไม้
ขนมจีนน้ำพริก,"""กะทิ: 750 มล
ไตปลา: 3 ชต
กุ้ง: ½ โล
พริกแกงแดง: 1 ขีด
หอมเจียว: 1 ถ้วย
กระเทียมเจียว: 1 ถ้วย
ถั่วป่น: 1 ถ้วย
ระกำ หรือมะขามเปียก: ตามชอบ
น้ำตาลปี๊บ: 2 ชต
ผักชี: ตามชอบ""",แคลมาก,โปรตีนกลาง,ไขมันกลาง,คาร์บสูง,"กะทิ,  ไตปลา,  กุ้ง, พริกแกง, หอม,  กระเทียม,  ถั่ว,  มะขามเปียก, น้ำตาลปี๊บ,  ผักชี",อยากกินอาหารที่ใช้ กะทิ แกงไตปลา พริกแกง หอมเจียว ทำเมนูอะไรได้บ้าง,เมนูขนมจีนแบบรสนวลๆ หอมกะทิ,"อยากกิน กะทิ,  ไตปลา,  กุ้ง, พริกแกง, หอมๆ  "
ฉู่ฉี่ปลาหมอ,"""ปลาหมอตัวใหญ่ๆ: 2 ตัว
เครื่องแกงผัดเผ็ดภาคกลาง: 200 กรัม
เครื่องแกงพะแนงกับกระชายสับละเอียด: 100 กรัม
กระชายซอย: 50 กรัม
ใบมะกรูดซอย: 20 กรัม
กะทิคั้น: 400 กรัม
คะไคร้หั่นท่อน: 2 ต้น
ข่า: 20 กรัม
ใบมะกรูดฉีก: 15 กรัม
พริกขี้หนูสวน: 10-15 เม็ด""",แคลกลาง,โปรตีนน้อย,ไขมันน้อย,คาร์บกลาง,"ปลาหมอ,  พริกแกง,  กระชาย,  ใบมะกรูด,  กะทิ,  คะไคร้,  ข่า,  ใบมะกรูด,  พริกขี้หนูสวน",ได้ปลาหมอตัวใหญ่มา แล้วมีพริกแกงเหลืออยู๋ กับข่า ทำอะไรกิน,"ทำอาหารจาก ปลาหมอ,  พริกแกง,  กระชาย,  ใบมะกรูด,  กะทิ",มีปลา ทำอะไรกินดี
แกงเทโพใส่หมูสามชั้น,"""หมูสามชั้น (หั่นชิ้นพอคำ ไม่ต้องหนามาก): 200 กรัม
ผักบุ้งไทย (หั่นท่อนพอคำ ล้างให้สะอาด): 400 กรัม
หัวกะทิ: 1 ถ้วย
หางกะทิ: 2 1/2 ถ้วย
น้ำมะขามเปียก: 3-4 ช้อนโต๊ะ
น้ำตาลปี๊บ: 1 ช้อนโต๊ะ
น้ำปลา: 3 ช้อนโต๊ะ
มะกรูด ผ่าครึ่ง เอาเมล็ดออก): 2 ลูก
เกลือ: 1 ช้อนชา
ใบมะกรูด: 4-5 ใบ
ผงปรุงรสคนอร์ อร่อยชัวร์: 2 ช้อนชา
น้ำพริกแกงเผ็ด: 100 กรัม""",แคลมาก,โปรตีนกลาง,ไขมันน้อย,คาร์บสูง,"หมูสามชั้น,  ผักบุ้งไทย,  หัวกะทิ,  หางกะทิ,  น้ำมะขามเปียก,  น้ำตาลปี๊บ,  น้ำปลา,  มะกรูด,  เกลือ,  ใบมะกรูด,  ผงปรุงรสคนอร์,  น้ำพริก",ได้หมูสามชั้นมา อยากกินกับกะทิและผักบุ้ง ใส่คนอร์เพิ่มความนัว,อยากได้เมนูแกงใส่ผักบุ้งกับหมูมันๆ,แกงแบบไทยๆ รสเปรี้ยวหวาน หอมใบมะกรูดมีไหม
ขนมจีนน้ำยาป่าปลาดุกย่าง,"""ปลาดุกย่าง: 2 ตัว
กระเทียม: 5 กลีบ
หอมแดง: 5 หัว
กระชาย: 8 ราก
ตะไคร้: 2 ต้น
ใบมะกรูด​: 10 ใบ
พริกแห้ง: 7 เม็ด
ขนมจีน: 1 กิโล​กรัม
น้ำเปล่า: 6 ถ้วย
เกลือ: ปรุงรส""",แคลกลาง,โปรตีนกลาง,ไขมันน้อย,คาร์บสูง,"ปลา,  กระเทียม,  หอมแดง,  กระชาย,  ตะไคร้,  ใบมะกรูด​,  พริกแห้ง,  ขนมจีน,  น้ำเปล่า,  เกลือ",มีปลาได้มา อยากกินกับขนมจีน กระชาย ไขมันน้อย,"มีเส้นขนมจีนเหลืออยู่ เลยอยากกินน้ำยาเผ็ดๆ ที่หอมสมุนไพรแบบเข้มข้น
",มีเมนูขนมจีนที่ใช้ปลาย่างแทนปลาต้มไหม
ผัดเปรี้ยวหวานไก่กรอบ,"""สันในไก่หั่นชิ้นพอดีคำ: 2-3 เส้น
แป้งอเนกประสงค์: 1 ถ้วย
หอมใหญ่ปอก หั่นเสี้ยว: 1 ลูก
มะเขือเทศสีดาผ่าครึ่ง: 2-3 ลูก
พริกหวานหั่นพอดีคำ: 1/2 ลูก
แตงร้าน ปอกเปลือก หั่นชิ้นพอดีคำ: 1/2 ลูก
เห็ดหอมสดผ่าสี่: 2 ดอก
ต้นหอมหั่นท่อน: 3-4 ต้น
กระเทียมสับ: 1 ช้อนโต๊ะ
น้ำตาลทราย: 1 ช้อนโต๊ะ
ซอสปรุงรส: 1 ช้อนโต๊ะ
ซอสมะเขือเทศ: 1/2 ถ้วย
น้ำส้มสายชู: 1 ช้อนโต๊ะ""",แคลมาก,โปรตีนกลาง,ไขมันน้อย,คาร์บสูง,"ไก่,  แป้งอเนกประสงค์,  หอมใหญ่,  มะเขือเทศ,  พริกหวาน,  แตง,  เห็ดหอม, ต้นหอม,  กระเทียม,  น้ำตาลทราย,  ซอสปรุงรส,  ซอสมะเขือเทศ,  น้ำส้มสายชู",ได้สันไนไก่มา อยากทำอาหารที่กินง่ายๆ รสชาติหวาน อร่อย ใช้แป้ง พริกหวาน,อยากทำอาหารที่ ทอดๆ เปรี้ยวๆ หวานๆ ทำจากไก่ พริกหยวกที่เหลือในตู้เย็น ,เมนูไก่ที่รสเปรี้ยวหวานแบบเด็กกินได้ทำไงดี
บะหมี่ผัดเย็นตาโฟแห้ง,"""บะหมี่: 1
ลูกชิ้นปลา: ตามชอบ
ลูกชิ้นกุ้ง: ตามชอบ
ฮื่อก๊วย: ตามชอบ
เกี๊ยวปลา: ตามชอบ
ปลาหมึกกรอบ: ตามชอบ
ผักบุ้งไทย: ตามชอบ
ซอสเย็นตาโฟ: 1
พริกแดงจินดา: 4-5 เม็ด
กระเทียม: 3-4 กลีบ
ซอสหอยนางรม: 1/2 ช้อนโต๊ะ
น้ำตาล: 1/2 ช้อนชา
ซีอิ๊วขาว: 1/2 ช้อนชา
น้ำส้มสายชู: 1 ช้อนชา
น้ำมัน: 1/2 ช้อนโต๊ะ""",แคลมาก,โปรตีนกลาง,ไขมันกลาง,คาร์บสูง,"บะหมี่,  ลูกชิ้นปลา, ลูกชิ้นกุ้ง, ฮื่อก๊วย, เกี๊ยวปลา, ปลาหมึกกรอบ, ผักบุ้งไทย, ซอสเย็นตาโฟ,  พริกแดง,  กระเทียม,  ซอสหอยนางรม,  น้ำตาล,  ซีอิ๊วขาว,  น้ำส้มสายชู,  น้ำมัน",อยากกินเมนูเส้นๆ มีลูกชิ้นต่างๆ รสชาติ เปรี้ยวๆ หวานๆ ทำอะไรกินดี,"หิวเมนูเส้นที่มีลูกชิ้นปลาและซอสเย็นตาโฟ
","อยากกินก๋วยเตี้ยวที่มีลูกชิ้นปลา, ลูกชิ้นกุ้ง, ฮื่อก๊วย, เกี๊ยวปลา, ปลาหมึกกรอบ, "
แกงเขียวหวานไก่ใส่หน่อไม้,"""ไก่สับ: 1/2 ตัว
เลือดไก่: 1 ก้อน
มะเขือเปราะ: 500 กรัม
หน่อไม้: 1 หน่อ
โหระพา: 4 กิ่ง
พริกแกงเขียวหวาน: 150 กรัม
กะทิ: 1000 มิลลิลิตร
น้ำตาลปี๊บ: 1 ช้อนโต๊ะ
ผงปรุงรส: 2 ก้อน
น้ำปลา: 2 ช้อนโต๊ะ
มะเขือพวง: 50 กรัม""",แคลกลาง,โปรตีนน้อย,ไขมันน้อย,คาร์บสูง,"ไก่,  เลือดไก่,  มะเขือเปราะ,  หน่อไม้,  โหระพา,  พริกแกงเขียวหวาน,  กะทิ,  น้ำตาลปี๊บ,  ผงปรุงรส,  น้ำปลา,  มะเขือพวง",อยากกินแกงเขียวหวานไก่สับ รสชาติดี,อยากทำแกงไก่ใส่หน่อไม้กับมะเขือพวง,อยากกินแกง ที่กลิ่นหอม ใช้ไก่ทุกส่วน ทั้งเนื้อ เลือด ยิ่งใส่มะเขือด้วยยิ่งดี 
"“ผัดใบมะกอก""","{'พริกแห้งแบบเผ็ดมาก': 6, 'พริกแห้งแบบเผ็ดน้อย': 15, 'หอทแดง': 15, 'กระเทียมกลีบ': 12, 'ข่า': 1, 'ใบมะกอก': 2, 'หมูสับ': '200 กรัม', 'น้ำปลา': '2-3 ช้อนโต๊ะ', 'น้ำตาลปี๊บ': '1-2 ช้อนโต๊ะ', 'น้ำมันพืช': '2 ช้อนโต๊ะ', 'น้ำสะอาด': '3 ช้อนโต๊ะ'}",แคลมาก,โปรตีนน้อย,ไขมันสูง,คาร์บกลาง,"พริกแห้ง,  หอมแดง,  กระเทียม,  ข่า,  ใบมะกอก,  หมูสับ,  น้ำปลา,  น้ำตาลปี๊บ,  น้ำมัน,  น้ำ",มี กระเทียม  ข่า ใบมะกอก หมูสับเยอะมาก ทำอะไรกินดี,อยากกินเมนูผัดรสจัดที่ใช้ใบมะกอก,"ทำอะไรดีจาก  กระเทียม,  ข่า,  ใบมะกอก,  หมูสับ"
ยำสามกรอบ ,"{'หมูแผ่นอบกรอบ': '', 'หนังไก่กรอบ': '', 'เมล็ดมะม่วงหิมพานต์': '', 'หัวหอมใหญ่': '', 'ขึ้นฉ่าย': '', 'พริกขี้หนู': '', 'น้ำปลา': '', 'มะนาว': '', 'น้ำเชื่อม': '', 'น้ำเปล่า': ''}",แคลมาก,โปรตีนน้อย,ไขมันสูง,คาร์บน้อย,"หมูแผ่น, หนังไก่กรอบ, เมล็ดมะม่วงหิมพานต์, หัวหอม, ขึ้นฉ่าย, พริกขี้หนู, น้ำปลา, มะนาว, น้ำเชื่อม, น้ำเปล่า",อยากกินอะไรกรอบๆ ที่บ้านมี หมูแผ่น  หนังไก่กรอบ เมล็ดมะม่วงหิมพานต์ หัวหอม ทำอะไรได้บ้าง,มีเมนูยำที่เน้นของกรอบๆ หลายชนิดไหม,อยากกินยำที่มีหมูแผ่น หนังไก่ แล้วก็ถั่ว
Black Orange coffee กาแฟส้ม,"{'กาแฟเข้มข้น': '1-2 ออนซ์', 'ไซรัปรสส้ม': '1 ออนซ์', 'น้ำเชื่อม': '1/2 ออนซ์', 'น้ำเปล่า': '2 ออนซ์', 'น้ำแข็ง': '1 แก้ว'}",แคลกลาง,โปรตีนน้อย,ไขมันกลาง,คาร์บน้อย,"กาแฟเข้มข้น, ไซรัปรสส้ม, น้ำเชื่อม, น้ำเปล่า, น้ำแข็ง",อยากกินกาแฟ รสชาติที่แตกต่างไปจากเดิม,อยากดื่มกาแฟเย็นที่มีรสส้มๆ สดชื่น,มี กาแฟ ส้ม น้ำตาล ชาเขียว สตอเบอรรี่ ทำอะไรได้บ้าง แต่อยากกินกาแฟเป็นหลัก
กระดูกหมูนึ่งเต้าเจี้ยว,"{'กระดูกหมู': '300 กรัม', 'เต้าเจี้ยว (ลีกุมกี่)': '1 1/2 ช้อนโต๊ะ', 'แป้งข้าวโพด': '1 ช้อนชา', 'ซีอิ้วขาว': '1 ช้อนโต๊ะ', 'น้ำตาลทราย': 'นิดหน่อย', 'เกลือ': 'นิดหน่อย', 'น้ำมันพืช': '1 ช้อนโต๊ะ'}",แคลกลาง,โปรตีนน้อย,ไขมันกลาง,คาร์บกลาง,"กระดูกหมู, เต้าเจี้ยว, แป้งข้าวโพด, ซีอิ้วขาว, น้ำตาลทราย, เกลือ, น้ำมัน",อยากใช้กระดูกหมุและเต้าเจี้ยวให้หมด ทำเมนูอะไรดี,อยากกินของนึ่งที่รสออกเค็มๆ หอมเต้าเจี้ยว,เมนูที่ใช้กระดูกหมูตุ๋นหรือนึ่งแบบจีนๆ มีไหม
กระเพาะปลา,"{'โครงไก่': '1 โครง', 'น้ำเปล่า': '6 ถ้วย', 'น้ำตาลกรวด': '2 ช้อนชา', 'เกลือสมุทร': '1 ช้อนชา', 'เก๋ากี้': '1 ช้อนโต๊ะ', 'กระเทียมสด': '5 กลีบ', 'รากผักชี': '3 ราก', 'พริกไทย': '30 เม็ด', 'กระเพาะปลาแห้ง': '70 กรัม', 'หน่อไม้สด': '50 กรัม', 'เห็ดหอม': '6 ดอก', 'เลือดไก่': '50 กรัม', 'ไก่ฉีก': '30 กรัม', 'น้ำมันหอย': '1 ช้อนโต๊ะ', 'ซีอิ๊วขาว': '1 ช้อนโต๊ะ', 'จิ๊กโฉ่ว': '2 ช้อนชา', 'แป้งมันฮ่องกง': '1 ช้อนโต๊ะ'}",แคลมาก,โปรตีนกลาง,ไขมันสูง,คาร์บกลาง,"โครงไก่, น้ำเปล่า, น้ำตาลกรวด, เกลือ, เก๋ากี้, กระเทียม, รากผักชี, พริกไทย, กระเพาะปลาแห้ง, หน่อไม้, เห็ดหอม, เลือดไก่, ไก่, น้ำมันหอย, ซีอิ๊วขาว, จิ๊กโฉ่ว, แป้งมัน",อยากกินอาหารเหมือนอยู่ในภัตตาคาร ใช้โครงไก่ทำน้ำซุป และพอดีมีกระเพาะปลาแป้ง หน่อไม้ เห็ด ไก่ ทำอะไรดี,อยากทำอาหาร ที่ใส่เครื่องแน่นๆ แบบร้านอาหารจีน,มีโครงไก่ เครื่องเทศ ต่างๆ ทำอะไรได้บ้าง
กล้วยน้ำว้าอบ หวานจากธรรมชาติ,{'กล้วย': '1 หวี'},แคลน้อย,โปรตีนน้อย,ไขมันน้อย,คาร์บน้อย,กล้วย,อยากเอากล้วยมาทำขนม,ทำของหวานจากกล้วยที่ไม่ใส่น้ำตาล,มีกล้วยเยอะมาก เลยอยากกินขนมอบที่ใช้กล้วยล้วนๆ ไม่มีน้ำมัน
กล้วยน้ำว้าอบงาขาว,{'กล้วยน้ำว้า': 1},แคลน้อย,โปรตีนน้อย,ไขมันน้อย,คาร์บน้อย,"กล้วย, งาขาว",อยากใช้ งาขาว กับ กล้วยมาทำขนใรสชาติดี เป็นของหวาน,อยากได้ขนมว่างที่ทำจากกล้วยกับงา,มีกล้วยกับงาเยอะมาก ทำอะไรขนมหวานอะไรกินดี
กล้วยบวชชี,"{'กล้วยน้ำว้า': '8 ลูก', 'หัวกะทิ': '225 มิลลิลิตร', 'หางกะทิ': '300 มิลลิลิตร', 'ใบเตย': '2 ใบ', 'น้ำตาลปี๊บ': '30 กรัม', 'น้ำตาลทรายขาว': '20 กรัม', 'เกลือ': '¼ ช้อนชา', 'แป้งมัน': '1 ช้อนชา'}",แคลกลาง,โปรตีนน้อย,ไขมันน้อย,คาร์บสูง,"กล้วยน้ำว้า, หัวกะทิ, หางกะทิ, ใบเตย, น้ำตาลปี๊บ, น้ำตาลทรายขาว, เกลือ, แป้งมัน",อยากกินขนมไทย ทำจากกล้วยและกะทิ ,อยากกินขนมไทยที่ใส่กะทิ หวานมัน,มีเมนูที่ใช้กล้วยกับหัวกะทิรสละมุนบ้างไหม
กล้วยอบเนยไมโครเวฟ,"{'กล้วยน้ำว้า': '4 ผล', 'น้ำเชื่อม': '50 มิลลิลิตร', 'เนยจืด': '75 กรัม', 'งาขาว': '20 กรัม'}",แคลกลาง,โปรตีนน้อย,ไขมันกลาง,คาร์บน้อย,"กล้วยน้ำว้า, น้ำเชื่อม, เนยจืด, งาขาว",ขนมทำเองง่ายๆ มช้ไมโครเวฟ ทำมาจาก กลัวย เนย,หาขนมง่ายๆ ที่ใช้กล้วยกับเนยทำในไมโครเวฟ,อยากกินของหวานกล้วยๆ ที่ทำไม่เกิน 10 นาที
ก๋วยเตี๋ยวคั่วไก่ แบบง่าย แต่อร่อย,"{'เส้นใหญ่': '300 กรัม', 'ไข่ไก่': '2 ฟอง', 'ซีอิ๊วขาว': '2 ช้อนโต๊ะ', 'น้ำตาล': '2 ช้อนชา', 'เกลือ': '1/2 ช้อนชา', 'ต้นหอม': 'ผักชีซอย1 ช้อนโต๊ะ', 'น้ำมันพืชหรือน้ำมันหมู': 'เล็กน้อย', 'อกไก่หั่นชิ้น': '200 กรัม', 'น้ำตาลทราย': '1 ช้อนชา', 'แป้งมัน': '1 ช้อนโต๊ะ', 'พริกไทย': '1/2 ช้อนชา'}",แคลกลาง,โปรตีนกลาง,ไขมันน้อย,คาร์บกลาง,"เส้นใหญ่, ไข่ไก่, ซีอิ๊วขาว, น้ำตาล, เกลือ, ต้นหอม ผักชี, น้ำมัน, อกไก่, น้ำตาลทราย, แป้งมัน, พริกไทย",อยากกินเมนุเส้นๆ ทำมาจากเส้นใหญ่ๆ ใส่ ไก่ ใส่ไข่เยิะๆ,อยากทำก๋วยเตี๋ยวผัดแบบกรอบนอกนุ่มใน,อยากทำอาหารจากมนูเส้นที่ใส่ไก่กับไข่ แบบคั่วแห้งๆ
ก๋วยเตี๋ยวคั่วไก่ สูตรคลีน,"{'เนื้อไก่': '100 กรัม', 'น้ำตาลทรายไม่ขัดสี': '½ ช้อนชา', 'พริกไทยป่น': '1 ช้อนชา', 'ซีอิ๊ว Low Sodium': '1 ช้อนชา', 'เส้นแครอท': '1 ถ้วยตวง', 'ไข่ไก่': '1 ฟอง', 'ซีอิ๊วขาว Low Sodium': '1 ช้อนชา', 'ซอสหอยนางรม Low Sodium': '1 ช้อนชา', 'น้ำมันพืช': '1 ช้อนชา', 'ต้นหอมซอย': '1 ต้น'}",แคลกลาง,โปรตีนน้อย,ไขมันกลาง,คาร์บกลาง,"เนื้อไก่, น้ำตาลทราย, พริกไทย, ซีอิ๊ว, แครอท, ไข่ไก่, ซีอิ๊วขาว , ซอสหอยนางรม, น้ำมันพืช, ต้นหอม, พริกไทย",อยากทำอาหารที่ดีต่อสุขภาพเหมาะกับคนคลีนๆ ใช้ไก่เยอะๆ และน้ำตาลทรายไม่ขัดสี มีเส้นใหญ่,"อยากกินอะไรคลีนๆ ตอนนี้มีไก่ เส้น น้ำมันเล็กน้อย น้ำตาล ผักกาด 
",อยากได้เมนูสุขภาพที่ใส่ซีอิ๊วแต่ไม่เค็มเกินไป
ก๋วยเตี๋ยวเนื้อสับ,"{'เนื้อบด': '', 'หัวหอมใหญ่': '', 'มะเขือเทศ': '', 'ผงกะหรี่': '', 'น้ำซุป': '', 'ซีอิ๊วขาว': '', 'น้ำมันหอย': '', 'น้ำตาล': '', 'เส้นใหญ่': '', 'กระเทียม': ''}",แคลกลาง,โปรตีนน้อย,ไขมันกลาง,คาร์บน้อย,"เนื้อบด,  หัวหอม,  มะเขือเทศ,  ผงกะหรี่,  น้ำซุป,  ซีอิ๊วขาว,  น้ำมันหอย,  น้ำตาล,  เส้นใหญ่,  กระเทียม",มีเนื้อ หอมหัวใหญ่ ผงกะหรี่ น้ำตาล กระเทียม ทำเมนูอะไรดี,"อยากกินก๋วยเตี๋ยวรสเข้มที่ใส่เนื้อบดกับซอส
",มีเนื้อสับ หัวหอมใหญ่ แครอท เนย น้ำมัน เกลือ พริกไทย  ผงกะหรี่ ทำอะไรกินดี
ก๋วยเตี๋ยวลุยสวน,"{'เนื้อไก่สับ หรือหมูสับ': '300 กรัม', 'แครอทหั่นลูกเต๋า': '4-5 ชิ้น', 'เห็ดหอมหั่นลูกเต๋า': '2 ดอก', 'ใบเมี่ยงญวณ': '4 ใบ', 'ซอสหอยนางรม': '2 ช้อนชา', 'ซีอิ๊วขาว เห็ดหอม': '2 ช้อนชา'}",แคลน้อย,โปรตีนน้อย,ไขมันน้อย,คาร์บน้อย,"เนื้อไก่,  แครอท,  เห็ดหอม  ใบเมี่ยงญวณ,  ซอสหอยนางรม,  ซีอิ๊วขาว,  ผัก",มีเนื้อไก่ แครอท เห็ด ที่สับไว้หมดแล้ว ทำเมนุอะไรกินดี ที่ดีต่อสุขภาพ ไขมันน้อย,อยากได้เมนูแป้งห่อผักไก่แน่นๆ แบบคลีนๆ,มีอาหารที่กินแล้วสดชื่น ใช้ผักเยอะๆ แนะนำไหม
ก๋วยเตี๋ยวหลอดทรงเครื่อง,"{'ก๋วยเตี๋ยวเส้นใหญ่': 'ตามชอบ', 'หมูสามชั้นหั่น': '200 กรัม', 'เต้าหู้ขาว': '1 ก้อน', 'เห็ดหอม': '1 ถ้วย', 'กุ้งแห้ง': '2 ช้อนโต๊ะ', 'รากผักชี': '3 ราก', 'ผงพะโล้': '1 ช้อนชา', 'พริกไทยป่น': '1 ช้อนชา', 'ซีอิ๊วดำหวาน': '1 ช้อนโต๊ะ', 'เกลือป่น': '1 ช้อนชา', 'น้ำตาลปี๊บ': '¼ ถ้วย', 'น้ำเปล่า': '1 ลิตร', 'กระเทียมเจียว': 'ตามชอบ', 'ต้นหอม': 'ตามชอบ', 'ถั่วงอก': 'ตามชอบ', 'พริกแดงสับ': '1 ช้อนโต๊ะ', 'น้ำส้มสายชู': '3 ช้อนโต๊ะ', 'ซีอิ๊วขาว': '3 ช้อนโต๊ะ', 'น้ำเชื่อม': '3 ช้อนโต๊ะ'}",แคลมาก,โปรตีนสูง,ไขมันกลาง,คาร์บกลาง,"เส้นใหญ่, หมูสามชั้น, เต้าหู้ขาว, เห็ดหอม, กุ้งแห้ง, รากผักชี, ผงพะโล้, พริกไทยป่น, ซีอิ๊วดำหวาน, เกลือ, น้ำตาลปี๊บ, น้ำเปล่า, กระเทียมเจียว, ต้นหอม, ถั่วงอก, พริกแดง, น้ำส้มสายชู, ซีอิ๊วขาว, น้ำเชื่อม",มีวัตถุดิบเยอะมาก มี หมูสามชั้น เต้าหู้ขาว เห็ดหอม กุ้งแกง รากผักชีต่างๆ อยากกินเป็นเมนูเส้นๆ,อยากกินก๋วยเตี๋ยวที่ใส่เต้าหู้ หมู และเครื่องครบๆ,"มี เส้นใหญ่, หมูสามชั้น, เต้าหู้ขาว, เห็ดหอม, กุ้งแห้ง ทำอะไรได้บ้าง "
กะเพราไก่เด็กน้อย👨‍🍳,"{'ไก่บด': '2 ขีด', 'กะเพรา': '1 กำมือ', 'กระเทียมตำ': '4 กลีบ', 'พริกขี้หนู': '4 ดอก', 'น้ำมันหอย': '2 ช้อนโต๊ะ', 'แมกกี้': 'สำหรับเหยาะ', 'น้ำปลา': '1 ช้อน', 'น้ำตาล': '1 ช้อน', 'น้ำมัน': 'นิดหน่อย', 'ซีอิ๊วดำ': 'นิดหน่อย'}",แคลมาก,โปรตีนกลาง,ไขมันสูง,คาร์บน้อย,"ไก่บด, กะเพรา, กระเทียมตำ, พริกขี้หนู, น้ำมันหอย, แมกกี้, น้ำปลา, น้ำตาล, น้ำมัน, ซีอิ๊วดำ",เมนูที่ใครๆก็กินได้ มี กะเพราะ ไก่ พริกเล็กน้อย,มี กะเพรา ไก่ ไข่ พริก แต่อยากเอามาทำเมนูที่ไม่เผ็ดสำหรับเด็ก,อยากทำกะเพราไก่ให้น่ากินโดยไม่ใส่พริกเยอะไหม
กะเพราเต้าหู้ ,"{'เต้าหู้ขาว': 'ครึ่งก้อน', 'พริกขี้หนู': '6 เม็ด', 'น้ำมันถั่วเหลือง': '1 ช้อนโต๊ะ', 'อร่อยชัวร์': 'ตามชอบ', 'น้ำตาลทราย': 'ตามชอบ', 'ซีอิ๊วดำ': 'เล็กน้อย', 'น้ำเปล่า': '1 ทัพพี', 'กะเพรา': '2 ต้น'}",แคลมาก,โปรตีนน้อย,ไขมันสูง,คาร์บกลาง,"เต้าหู้, พริกขี้หนู, น้ำมัน, น้ำตาลทราย, ซีอิ๊วดำ, น้ำเปล่า",กะเพราที่คนเป็นเจก็กินได้ ทำมาจากเต้าหุ้ รสชาติเป็ด เค็ม ถึงใจ,อยากได้อาหารเจที่มีรสจัดแบบไทยๆ,อยากเอาเต้าหู้ พริก เครื่องปรุงต่างๆมนตู้เย็นมาทำอาหารอร่อยๆ แซ่บๆ
กาแฟชาเขียวเย็น,"{'ชาเขียว': '1 ช้อนโต๊ะ', 'น้ำตาล': '3 ช้อนโต๊ะ', 'น้ำร้อน': '2 ช้อนโต๊ะ', 'นมสด': '1 ขวด', 'กาแฟเย็น': '1 กระป๋อง', 'น้ำแข็ง': '1 แก้ว'}",แคลกลาง,โปรตีนกลาง,ไขมันกลาง,คาร์บน้อย,"ชาเขียว, น้ำตาล, น้ำร้อน, นมสด, กาแฟ, น้ำแข็ง",อยากกินเครื่องดื่มอร่อยๆ มีความแปลก มีการใช้ชาเขียว และกาแฟ เข้าด้วยกัน,อยากลองผสมกาแฟกับชาเขียวแบบเย็นๆ,มีเมนูเครื่องดื่มที่รวมกาแฟกับชาไหม
กาแฟดำน้ำผึ้งมะนาว (Honey Lime Black Coffee),"{'กาแฟดำ': '150ml.', 'น้ำผึ้ง': '50ml.', 'น้ำมะนาว': '2-3 ลูก', 'น้ำแข็ง': '1 แก้ว', 'น้ำร้อน': '50ml.'}",แคลมาก,โปรตีนกลาง,ไขมันสูง,คาร์บน้อย,"กาแฟ, น้ำผึ้ง, น้ำมะนาว, น้ำแข็ง, น้ำร้อน",อยากกินกาแฟที่ช่วยทำให้ชุ่มคอ มี น้ำผึ้ง มะนาว,มีน้ำผึ้งใกล้หมดอายุ เอามาทำอะไรได้บ้าง ,อยากกินกาแฟ แต่อยากสดชื่นๆ 
กุ้งกระเบื้องสาหร่าย,"{'แผ่นเปาะเปี๊ยะ': '10 แผ่น', 'สาหร่ายรสดั้งเดิม': '1 ห่อ', 'เนื้อกุ้ง': '400 กรัม', 'รากผักชี': '2 ราก', 'กระเทียม': '20 กรัม', 'พริกไทย': '1 ช้อนชา', 'แป้งมัน': '2 ช้อนโต๊ะ', 'ไข่ขาว': '1 ฟอง', 'ซอสหอยนางรม': '1 ช้อนโต๊ะ', 'น้ำตาลทราย': '1 ช้อนโต๊ะ', 'ต้นหอม': '2 ช้อนโต๊ะ'}",แคลกลาง,โปรตีนน้อย,ไขมันน้อย,คาร์บกลาง,"แผ่นเปาะเปี๊ยะ, สาหร่าย, กุ้ง, รากผักชี, กระเทียม, พริกไทย, แป้งมัน, ไข่ขาว, ซอสหอยนางรม, น้ำตาลทราย, ต้นหอม",มีแผ่นเป๊าะเปี้ยเหลือไว้ กับ กุ้ง สาหร่าย ไข่ สามารถทำอะไรกินได้บ้าง,ของทอดแบบกรอบที่ใช้สาหร่ายห่อไส้กุ้งไหม,อยากกินเมนูทานเล่นที่หน้าตาสวยและกรอบ
กุ้งทอดกระเทียม (สูตรมันกุ้ง),"{'กุ้ง': '', 'กระเทียม': '', 'น้ำมันพืช': '', 'แป้งทอดกรอบ': '', 'ซอสถั่วเหลือง': '', 'น้ำมันหอย': '', 'น้ำปลา': '', 'พริกไทย': '', 'เกลือ': ''}",แคลมาก,โปรตีนน้อย,ไขมันสูง,คาร์บน้อย,"กุ้ง,  กระเทียม,  น้ำมันพืช,  แป้งทอดกรอบ,  ซอสถั่วเหลือง,  น้ำมันหอย,  น้ำปลา,  พริกไทย,  เกลือ",มีกุ้ง อยากกินให้มันกรอบๆ อร่อยๆ ใช้แป้งทอดกรอบ ทำเมนูอะไรดี ,อยากได้เมนูกุ้งที่หอมกระเทียมและมันกุ้งเข้มข้น,อยากทำอาหารที่ที่ใช้กุ้งกับเครื่องเยอะๆ ไหม
กุ้งผัดผงกะหรี่,"{'กุ้งสด': '12-15 ตัว', 'ผงกะหรี่': '', 'น้ำพริกเผา': '', 'ไข่ไก่': '', 'นดสด': '', 'ซีอิ้วขาว': '', 'น้ำปลา': '', 'น้ำตาล': '', 'น้ำมันหอยนางรม': '', 'พริกไทยป่น': '', 'กระเทียม': '', 'หัวหอม': '', 'คึ่นช่าย': '', 'ต้นหอม': '', 'พริกชี้ฟ้าแดง': ''}",แคลมาก,โปรตีนกลาง,ไขมันกลาง,คาร์บน้อย,"กุ้ง, ผงกะหรี่, น้ำพริกเผา, ไข่ไก่, นด, ซีอิ้วขาว, น้ำปลา, น้ำตาล, ซอสหอยนางรม, พริกไทย, กระเทียม, หัวหอม, คึ่นช่าย, ต้นหอม, พริก",อยากกินกุ้งผัดผงกะหรี่อร่อยๆ กุ้งตัวใหญ่ๆ,มีกุ้งเยอะมาก ทำอะไรได้บ้าง,อยากทำอาหารใส่ไข่กับผงกะหรี่แบบขลุกขลิก
กุ้งผัดพริกเกลือ,"{'กุ้งขาว': '300 กรัม', 'พริกขี้หนู': '6 เม็ด', 'กระเทียม': '1 ช้อนโต๊ะ', 'รากผักชี': '1 ช้อนโต๊ะ', 'พริกไทย': '1/4 ช้อนชา', 'ต้นหอม': '1/4 ช้อนชา', 'ซอสหอยนางรม': '1 ช้อนโต๊ะ', 'ซีอิ๊วขาว': '1 ช้อนชา', 'เกลือป่น': '1/4 ช้อนชา', 'น้ำตาลทราย': '1 ช้อนชา', 'น้ำมันพืช': '2 ช้อนโต๊ะ'}",แคลมาก,โปรตีนน้อย,ไขมันสูง,คาร์บกลาง,"กุ้ง, พริกขี้หนู, กระเทียม, รากผักชี, พริกไทย, ต้นหอม, ซอสหอยนางรม, ซีอิ๊วขาว, เกลือ, น้ำตาลทราย, น้ำมัน",มีกุ้งตัวใหญ่ๆ อยากกินกับเกลือ กระเทียม รสชาติ เผ็ด เค็ม กลมกล่อม,อยากกินอาหารทะเลรสจัดเค็มนิดเผ็ดหน่อย,มนูกุ้งที่ใส่กระเทียมเยอะๆ กับพริกทำไงดี
กุ้งฝอยทอด,"{'กุ้งฝอย': '300 กรัม', 'แป้งข้าวเจ้า': '60 กรัม', 'แป้งสาลีอเนกประสงค์': '60 กรัม', 'เกลือ': '1/4 ช้อนชา', 'ไข่แดง': '1 ฟอง', 'น้ำพริกแกงเผ็ด': '2 ช้อนชา', 'น้ำตาลทราย': '1/2 ช้อนชา', 'น้ำปูนใส': '140 มิลลิลิตร', 'ใบมะกรูด (ซอย)': '8 ใบ', 'น้ำมันรำข้าวสำหรับทอด': '', 'น้ำตาลทราย (สำหรับอาจาด)': '110 กรัม', 'น้ำส้มสายชูข้าว (สำหรับอาจาด)': '125 มิลลิลิตร', 'เกลือ (สำหรับอาจาด)': '1/2 ช้อนชา', 'พริกชี้ฟ้าแดง (สำหรับอาจาด)': '2 เม็ด', 'หอมแดง': '3 หัว', 'ขิง (ซอย)': '2 ช้อนโต๊ะ', 'ผักชีสำหรับตกแต่ง': ''}",แคลมาก,โปรตีนกลาง,ไขมันสูง,คาร์บสูง,"กุ้ง, แป้งข้าวเจ้า, แป้งสาลีอเนกประสงค์, เกลือ, ไข่แดง, น้ำพริก, น้ำตาลทราย, น้ำปูนใส, ใบมะกรูด, น้ำมันน้ำตาลทราย, น้ำส้มสายชู, เกลือ, พริกชี้ฟ้าแดง, หอมแดง, ขิง, ผักชี",อยากกินกุ้งฟอย,มีอาหารไทยที่ทอดแล้วหอมใบมะกรูดบ้างไหม,"มีกุ้ง, แป้งข้าวเจ้า, แป้งสาลีอเนกประสงค์, เกลือ ทำอะไรกินได้บ้าง"
กุ้งอบวุ้นเส้น,"{'กุ้งก้ามกราม': '6 ตัว', 'วุ้นเส้น': '80 กรัม', 'น้ำตาลทราย': '2 ช้อนโต๊ะ', 'ซีอิ๊วดำ': '2 ช้อนชา', 'ซอสหอยนางรม': '2 ช้อนโต๊ะ', 'ซีอิ๊วขาว': '2 ช้อนโต๊ะ', 'น้ำซุป': '1 ถ้วย', 'เบคอน': '', 'ขิงแก่': '', 'กระเทียม': '', 'พริกไทยขาว': '', 'พริกไทยดำ': '', 'คื่นช่าย': '', 'ต้นหอม': '(ใส่ตามชอบ)'}",แคลกลาง,โปรตีนกลาง,ไขมันน้อย,คาร์บสูง,"กุ้ง, วุ้นเส้น, น้ำตาลทราย, ซีอิ๊วดำ, ซอสหอยนางรม, ซีอิ๊วขาว, น้ำซุป, เบคอน",มี วุ้นเส้น กุ้ง น้ำตาล วอสหอย ซิอิ๊ว น้ำซุป เบคอน ขิง กระเทียม ทำอะรไได้บ้าง,อยากได้อาหารจานเดียวที่ไม่เลี่ยน,อยากทำอาหารใช้วุ้นเส้นกับกุ้ง กลิ่นหอมเครื่องเทศ
เกี๊ยวกุ้งทอดยักษ์,"{'รากผักชี': '2 ราก', 'กระเทียม': '1 กลีบ', 'เม็ดพริกไทยขาว': '½ ช้อนชา', 'เกลือ': '¼ ช้อนชา', 'ซีอิ๊วขาว': '2 ช้อนชา', 'น้ำมันงา': '½ ช้อนชา', 'เนื้อกุ้ง': '300 กรัม', 'แป้งข้าวโพด': '2 ช้อนชา', 'ปลาหมึก': '150 กรัม', 'แป้งเปาะเปี๊ยะสำหรับห่อ': '', 'น้ำจิ้มบ๊วยเจีย': '¼ ถ้วย', 'ซอสมะเขือเทศ': '2 ช้อนโต๊ะ', 'แป้งสาลีอเนกประสงค์สำหรับเป็นแป้งเปียก': '', 'น้ำมันรำข้าวสำหรับทอด': ''}",แคลมาก,โปรตีนน้อย,ไขมันสูง,คาร์บน้อย,"รากผักชี, กระเทียม, เม็ดพริกไทยขาว, เกลือ¼ ช้อนชา, ซีอิ๊วขาว, น้ำมันงา, เนื้อกุ้ง, แป้งข้าวโพด, ปลาหมึก, แป้งเปาะเปี๊ยะ, น้ำจิ้มบ๊วย, ซอสมะเขือเทศ, แป้งสาลีอเนกประสงค์, น้ำมันรำข้าว",อยากกินอาหารอร่อยๆ โดยใช้ แป้งเป๊าะเปี้ย กุ้ง เม็ดพริกไทย กระเทียม ,อยากทำเกี๊ยวไส้แน่นๆ ที่กรอบนอกนุ่มใน,อยากทำเมนูทานเล่นที่มีกุ้งเต็มๆ ห่อแป้งกรอบ จะได้ใช้วัตถุดิบในตู้เย็นให้หมดสักที
เกี๊ยวน้ำสูตร มัดใจสามี,"{'แผ่นเกี๊ยว': '1 ห่อ', 'หมูบด': '300 กรัม', 'รากผักชี': '3 ต้น', 'กระเทียม': '5 กลีบ', 'พริกไทยเม็ด': '1 ช้อนชา', 'ซอสหอยนางรม': '2 ช้อนโต๊ะ', 'ซีอิ๊วขาว': '1 ช้อนโต๊ะ', 'ซอสปรุงรสฝาเขียว': '1 ช้อนโต๊ะ', 'น้ำมันงา': '1 ช้อนชา', 'น้ำเปล่าสำหรับต้มเกี๊ยว': '2 ถ้วยตวง', 'น้ำมันงาสำหรับคลุกเกี๊ยว': '1 ช้อนชา', 'น้ำเปล่า': '1 ถ้วยตวง', 'รสดีซุปก้อน': '1 ก้อน', 'รากผักชี (น้ำซุป)': '2 ราก', 'กระเทียมบุบ': '2 กลีบ', 'พริกไทยเม็ดบุบ': '1 ช้อนโต๊ะ', 'ซอสปรุงรสฝาเขียว (สำหรับน้ำซุป)': '2 ช้อนโต๊ะ', 'น้ำตาลทราย': '1 ช้อนโต๊ะ', 'พริกไทยป่น': '', 'คื่นฉ่ายซอย': ''}",แคลมาก,โปรตีนกลาง,ไขมันสูง,คาร์บสูง,"แผ่นเกี๊ยว, หมูบด, รากผักชี, กระเทียม, พริกไทยเม็ด, ซอสหอยนางรม, ซีอิ๊วขาว, ซอสปรุงรสฝาเขียว, น้ำมันงา, น้ำเปล่าสำหรับต้มเกี๊ยว, น้ำมันงา, น้ำเปล่า, รสดีซุปก้อน, รากผักชี, กระเทียม, พริกไทย, ซอสปรุงรสฝาเขียว, น้ำตาลทราย, พริกไทย, คื่นฉ่าย",อยากทำเมนูพิชิจใจสามี มีแผ่นเกี้ยว หมูบด ซุปก้อน และเครื่องแรุงต่างๆ ทำเมนูอะไรดี,มีซุปแบบอ่อนๆ ที่ใส่เกี๊ยวหมูทำง่ายไหม,อยากทำเกี๊ยวที่มีน้ำซุปหอมรากผักชี
แกงกะทิสายบัวปลาทูนึ่ง,"{'สายบัว': '300 กรัม', 'ปลาทูนึ่ง': '4 ตัว', 'น้ำตาลทรายหรือน้ำตาลมะพร้าว': '½ ช้อนโต๊ะ', 'หัวกระทิ': '1 ถ้วย', 'หางกะทิ': '1 ½ ถ้วย', 'หอมแดง': '5-6 หัว', 'พริกไทยเม็ด': '1 ช้อนโต๊ะ', 'กะปิ': '½ ช้อนโต๊ะ', 'เกลือ': '½ ช้อนโต๊ะ', 'น้ำมะขามเปียกคั้นข้นๆ': '2-3 ช้อนโต๊ะ'}",แคลมาก,โปรตีนน้อย,ไขมันสูง,คาร์บน้อย,"สายบัว, ปลาทู, น้ำตาล, หัวกระทิ, หางกะทิ, หอมแดง, พริกไทย, กะปิ, เกลือ, น้ำมะขามเปียก",อยากใช้กะทิให้หมดๆ และพอดีได้สายบัวมา จะสามารถนำพวกนี้ไปประกอบอาหารอะไรบ้าง,อยากกินแกงกะทิที่ใช้ปลาทูแล้วใส่ผักพื้นบ้าน,มีเมนูแกงรสเบาๆ หอมกะทิแบบไทยๆ แนะนำไหม
แกงกะหรี่ญี่ปุ่น,"{'มันฝรั่ง': '4 ลูก', 'แครอท': '1 ลูก', 'หอมหัวใหญ่': '2 หัว', 'ก้อนแกงกะหรี่ สูตรญี่ปุ่น': '4 ก้อนเล็ก', 'น้ำตาลทราย': '3 ช้อนโต๊ะ', 'โชยุ': '2 ช้อนโต๊ะ', 'ซุปก้อน': '1 ก้อน', 'กระเทียมจีนขูด': '1 กลีบ', 'เนยจืด': '1 ช้อนชา', 'เกลือ': '1/4 ช้อนชา', 'พริกไทย': 'นิดหน่อย', 'นมจืด': '125 มล.', 'เนื้อหมูสไลด์': '3 ขีด'}",แคลมาก,โปรตีนกลาง,ไขมันกลาง,คาร์บสูง,"มันฝรั่ง, แครอท, หอมหัวใหญ่, แกงกะหรี่, น้ำตาลทราย, โชยุ, ซุปก้อน, กระเทียม, เนยจืด, เกลือ, พริกไทย, นมจืด, เนื้อหมู",อยากกินแกงหะหรี่อร่อยๆ ใส่ มันฝรั่ง แครอท หอมหัวใหญ่เพิ่มความหวาน,อยากกินอะไรญี่ปุ่นๆ ใส่มันฝรั่ง หมู แครอท ,"อยากกินแกงกับข้าว รสไม่จัดมาก กินง่าย ให้ฟีลสบายท้อง ทำมาจาก มันฝรั่ง, แครอท, หอมหัวใหญ่, แกงกะหรี่"
แกงไก่ยอดมะพร้าวอ่อน,"{'เครื่องในและส่วนต่างๆของไก่': '', 'กะทิ': '', 'พริกแกง': '', 'น้ำตาลปี๊บ': '', 'คนอร์': '', 'พริกชี้ฟ้า': '', 'ใบโหระพา': '', 'น้ำเปล่า': '', 'ยอดมะพร้าวอ่อน': '', 'ซอสฝาเขียว': ''}",แคลมาก,โปรตีนน้อย,ไขมันกลาง,คาร์บกลาง,"ไก่,  กะทิ,  พริกแกง,  น้ำตาลปี๊บ,  คนอร์,  พริกชี้ฟ้า,  ใบโหระพา,  น้ำเปล่า,  ยอดมะพร้าวอ่อน",อยากใช้ไก่ทุกส่วย โดยมีพริกแกงและเครื่อปรุงวัตถุดิบทั่วไปอยู่อล้ว,อยากได้แกงไก่รสหวานมันที่ใส่ผักพื้นบ้าน,เมนูแกงกะทิที่ใส่ยอดมะพร้าวนุ่มๆ ทำยังไง
แกงไก่เส้นร้อน(วุ้นเส้น) ,"{'ไก่': '1/2 ตัว', 'วุ้นเส้น': '100 กรัม', 'หัวหอม': '3 ช้อนโต๊ะ', 'ตะไคร้': '2 ช้อนโต๊ะ', 'พริกขี้หนูแห้ง': '6-8 เม็ด', 'พริกขี้หนูสีแดง': '4 เม็ด', 'เกลือ': '1 ช้อนโต๊ะ', 'น้ำปลา': '3 ช้อนโต๊ะ', 'ใบมะกรูด': '10 ใบ', 'ใบแมงลัก': 'ตามชอบ', 'ต้นหอม': '3 ต้น', 'น้ำเปล่า': '4 ถ้วย'}",แคลมาก,โปรตีนกลาง,ไขมันสูง,คาร์บน้อย,"ไก่, วุ้นเส้น, หัวหอม, ตะไคร้, พริกขี้หนู, เกลือ, น้ำปลา, ใบมะกรูด, ใบแมงลัก, ต้นหอม, น้ำเปล่า, ตะไคร้",แกงไก่อร่อยๆ ใส่วุ้นเส้น หั่นหอมละเอียด ตามใจชอบ สามารถทำเมนุอะไรได้บ้างคะ,มีเมนูต้มแบบไทยที่มีกลิ่นสมุนไพรไหม,"อยากกินอาหารที่ร้อนๆท้อง ทำมาจากของเหลือในบ้าน ตามนี้เลย ไก่, วุ้นเส้น, หัวหอม, ตะไคร้, พริกขี้หนู, เกลือ, น้ำปลา"
แกงขี้เหล็กปลาย่าง,"{'หางกะทิ': '2 ลิตร', 'หัวกะทิ': '500 มล.', 'เนื้อปลาย่าง': '300 กรัม', 'กะปิ': '1 ช้อนโต๊ะ', 'ตะไคร้': '2 ต้น', 'หัวหอมแดง': '4 หัว', 'กระเทียม': '1 หัว', 'พริกไทย': '1/2 ช้อนชา', 'ขมิ้น': '1 หัว', 'เกลือเม็ด': '1 ช้อนชา', 'ผงปรุงรสหมู': '1 ช้อนโต๊ะ', 'ใบขี้เหล็กอ่อน': '500 กรัม', 'พริกสด': '5 เม็ด'}",แคลกลาง,โปรตีนกลาง,ไขมันน้อย,คาร์บกลาง,"หางกะทิ,  หัวกะทิ,  ปลา,  กะปิ,  ตะไคร้,  หัวหอมแดง,  กระเทียม,  พริกไทย,  ขมิ้น,  เกลือเม็ด,  ผงปรุงรส,  ใบขี้เหล็ก,  พริกสด",มีทั้งหางและหัวกะทิ เนื้อปลา และใบขี้เหล็ก และกะทิ ทำอะไรกินได้บ้าง,อยากทำแกงเมนูแกงที่ใช้ใบขี้เหล็กกับปลาย่าง,อยากได้อาหารขมๆ แบบไทยโบราณ
แกงเขียวหวานเนื้อพริกขี้หนู,"{'เนื้อวัว': 'ล้ำ', 'พริกแกงเขียวหวาน': '100 กรัม', 'กะทิ': '1/2 กก.', 'น้ำปลา': '4 ช้อนโต๊ะ', 'น้ำตาลตะโหนด': '1 ช้อนโต๊ะ', 'มะเขือเปราะ': '6 ลูก', 'มะเขือพวง': '', 'ใบโหระพา': '', 'พริกขี้หนู': '', 'ใบมะกรูดฉีก': ''}",แคลกลาง,โปรตีนกลาง,ไขมันกลาง,คาร์บกลาง,"เนื้อวัว,  พริกแกง,  กะทิ,  น้ำปลา,  น้ำตาล,  มะเขือเปราะ,  มะเขือพวง,  ใบโหระพา,  พริกขี้หนู,  ใบมะกรูด", อยากกินแกงเขียวหวานอร่อยๆ ใช้เนื้อ น้ำตาลตะโหนด,อยากทำแกงที่เผ็ดมากๆ แบบใส่พริกขี้หนู,เมนูแกงเขียวหวานที่ใช้เนื้อวัว
แกงเขียวหวานลูกชิ้นปลากราย,"{'ลูกชิ้นปลากรายเม็ดจิ๋ว': '1/2 กก.', 'พริกแกงเขียวหวาน': '1 ขีด', 'กะทิ': '2 กล่อง', 'มะเขือเปาะ': '10-15 ลูก', 'กระชายฝอย': '1/2 ขีด', 'โหรภา': '1 กำ', 'พริกชี้ฟ้าแดง': '3 เม็ด', 'ใบมะกรูดฉีก': '5-6 ใบ', 'น้ำตาลปึก': '3 ก้อน', 'น้ำปลา': '1 ถ้วย', 'น้ำตาลทราย': '3-5 ชช'}",แคลมาก,โปรตีนน้อย,ไขมันกลาง,คาร์บสูง,"ลูกชิ้นปลากราย,  พริกแกงเขียวหวาน,  กะทิ,  มะเขือเปาะ,  กระชาย,  โหระพา,  พริกชี้ฟ้า,  ใบมะกรูด,  น้ำตาล,  น้ำปลา,  น้ำตาลทราย",ได้ลูกชิ้นปลากรายชื่อกังอยากเามาทำแกงเขียวหวานทำเมนูอะไรดี,แกงเขียวหวานลูกชิ้นปลากรายใส่มะเขือกับกะทิทำยังไงให้อร่อย,วิธีทำแกงเขียวหวานลูกชิ้นปลากรายใส่ใบมะกรูดหอม ๆ
แกงคั่วเห็ดเผาะใส่หน่อไม้ดอง,"{'เห็ดเผาะสด': '1 ลิตรเล็ก (ประมาณ 300 กรัม)', 'หน่อไม้ดอง': '100 กรัม', 'ชะอมและชะพลู': 'ตามชอบ', 'หัวกะทิ': '500 มิลลิกรัม', 'พริกแกงเผ็ด': 'แล้วแต่ชอบ', 'เครื่องปรุงรส (น้ำปลา, น้ำตาล)': 'ตามชอบ'}",แคลน้อย,โปรตีนน้อย,ไขมันน้อย,คาร์บน้อย,"เห็ด,  หน่อไม้,  ชะอม, หัวกะทิ,  พริกแกง",ได้เห็ดเผาะสด หน่อไม้ดอง ชะอมและชะพลู ทำอะไรกินได้ดี อยากได้ที่ไขมันน้อย,แกงคั่วเห็ดเผาะกับหน่อไม้ดองต้องใส่อะไรบ้าง,อยากทำแกงคั่วเห็ดเผาะรสจัดใส่หน่อไม้ดองกับชะอม
แกงจืดไข่น้ำหมูสับ,"{'หมูสับ': '150 กรัม', 'พริกไทยป่น': '¼ ช้อนชา', 'ซอสเห็ดหอม': '1 ช้อนชา', 'ซีอิ๊วขาว': '2 ช้อนชา', 'น้ำปลา': '2 ช้อนชา', 'ไข่ไก่': '3 ฟอง', 'น้ำมันพืชสำหรับทอด': '', 'รากผักชีทุบ': '1 ราก', 'ผักกาดขาวหั่นชิ้น': '50 กรัม', 'กระเทียมทุบ': '3 กลีบ', 'พริกไทยเม็ด': '½ ช้อนชา', 'เกลือป่นหยาบ': '⅛ ช้อนชา', 'น้ำเปล่า': '3 ถ้วยตวง', 'ต้นหอมหั่นท่อน': '2 ช้อนโต๊ะ', 'ผักชีหั่นท่อน': '2 ช้อนโต๊ะ', 'กระเทียมเจียวสำหรับโรยหน้า': ''}",แคลกลาง,โปรตีนกลาง,ไขมันสูง,คาร์บกลาง,"หมูสับ, พริกไทยป่น, ซอสเห็ดหอม, ซีอิ๊วขาว, น้ำปลา, ไข่ไก่, น้ำปลา, น้ำมัน, รากผักชี, ผักกาดขาว, กระเทียม, พริกไทย, ซีอิ๊วขาว, น้ำปลา, เกลือป่นหยาบ, น้ำเปล่า, ต้นหอม, ผักชี, กระเทียมเจียว",อาหารง่ายๆ เด็กกินได้ ผู้ใหญ่กินดี ใช้หมูสับ ไข่ ผักกาด ผักชี และเครื่องปรุงต่างๆ,แกงจืดไข่น้ำหมูสับใส่ผักอะไรให้อร่อย,เมนูไข่น้ำหมูสับทำง่าย ๆ กับผักกาดขาวมีสูตรไหม
แกงจืดไข่ม้วนไส้ผักกาดขาวหมูสับ,"{'ไข่ไก่': 4, 'หมูสับ': 200, 'ต้นหอมซอย': 1, 'ต้นหอมเด็ดให้เป็นเส้น': 6, 'แครอท': 1, 'ผักกาดขาว': 5, 'ผักกาดหอม': 4, 'ผักชีตกแต่ง': 1, 'ซุปก้อนรสหมู': 1, 'ซีอิ๊วขาว': 3, 'น้ำเปล่า': 1}",แคลกลาง,โปรตีนกลาง,ไขมันกลาง,คาร์บน้อย,"ไข่ไก่,  หมูสับ,  ต้นหอมซอย,  ต้นหอม,  แครอท,  ผักกาดขาว,  ผักกาดหอม,  ผักชี, คนอร์,  ซีอิ๊วขาว,  น้ำเปล่า",อาหารง่ายๆ คนป่วยดินได้ เด็กกินดี อยากจะทำเป็นแกงจืดใส่ไข่ หมูสับ แครอท ผักกาด คาร์บน้อย,วิธีทำแกงจืดไข่ม้วนไส้หมูสับใส่ผักกาดขาว	,อยากทำเมนูแกงจืดไข่ม้วนกับผักและหมูสับให้เด็กกิน
แกงจืดผักกาดขาวเต้าหู้หมูสับ,"{'หมูสับปรุงรสสำเร็จ': '4 ขีด', 'เต้าหู้ไข่': '2 หลอด', 'ผักกาดขาว': '2 หัว (ครึ่งกิโล)', 'คนอร์ซุปรสหมูก้อน': '2 ก้อน'}",แคลน้อย,โปรตีนน้อย,ไขมันน้อย,คาร์บน้อย,"หมูสับ,  เต้าหู้ไข่ ,  ผักกาดขาว,  คนอร์",อยากทำอาหารง่ายๆ ใส่เต้าหู้ ใส่ผักกาด หมูสับเพื่อให้รสชาติมันถั่วถึง ,แกงจืดเต้าหู้หมูสับใส่ผักกาดขาวทำยังไง,เมนูแกงจืดหมูสับใส่เต้าหู้ไข่กับผักกาดขาว
แกงจืดหัวไชโป๊วหวาน,"{'หัวไชโป๊วหวานแบบหัว': '200 กรัม', 'กระดูกหมู': '200 กรัม', 'น้ำเปล่าหรือน้ำซุป': '1.5 ลิตร', 'กระเทียม': '7 กลีบ', 'รากผักชีบุบ': '2 ราก', 'พริกไทยเม็ด': '10 เม็ด', 'พริกไทยป่น': '1/2 ช้อนชา', 'เกลือป่น': '1/2 ช้อนโต๊ะ', 'คนอร์ซุปหมูก้อน': '1 ก้อน'}",แคลน้อย,โปรตีนกลาง,ไขมันน้อย,คาร์บน้อย,"หัวไชโป๊ว,  กระดูกหมู,  น้ำเปล่า,  กระเทียม,  รากผักชี,  พริกไทย,  พริกไทย,  เกลือ,  คนอร์",อยากกินอาหารที่ทำมาจาากหัวไชโป๊ว กินง่าย คล่องคอ ใช้กระดูกหมู ,แกงจืดหัวไชโป๊วใส่กระดูกหมูรสหวานหอม,ทำแกงจืดหัวไชโป๊วใส่รากผักชีกับพริกไทยแบบไทยโบราณ
แกงซี่โครงหมูใส่วุ้นเส้น,"{'ซี่โครงหมู': '320 กรัม', 'วุ้นเส้น': '40 กรัม', 'ใบมะกรูดฉีก': '3-4 ใบ', 'หอมแดงทุบ': '3 หัว', 'ตะไคร้หั่นท่อน': '1 ต้น', 'น้ำปลา': '3ช้อนโต๊ะ', 'น้ำตาลปี๊บ': '1/2 ช้อนโต๊ะ', 'ใบแมงลัก': '1 ถ้วย', 'ต้นหอมหั่นท่อน': '2 ต้น', 'น้ำเปล่า': '3ถ้วย', 'น้ำมันพืช': 'เล็กน้อย', 'เกลือป่น': 'เล็กน้อย'}",แคลมาก,โปรตีนน้อย,ไขมันสูง,คาร์บกลาง,"ซี่โครงหมู,  วุ้นเส้น,  ใบมะกรูด,  หอมแดง,  ตะไคร้,  น้ำปลา,  น้ำตาลปี๊บ,  ใบแมงลัก,  ต้นหอม,  น้ำเปล่า,  น้ำมันพืช, เกลือ,  พริกแห้ง,  พริกแดง,  เกลือ,  ข่า,  ตะไคร้,  หอมแดง",ใมีซี่โครงหมู วุ้นเส้น หอมแดง พริก น้ำปลา น้ำตาลปิ๊ป เหลืออยู่ในตู้เย็น จะทำอะไรกินได้บ้าง,แกงซี่โครงหมูใส่วุ้นเส้นกับใบมะกรูดทำยังไง,วิธีทำแกงเผ็ดซี่โครงหมูใส่วุ้นเส้นใส่แมงลักหอม ๆ
แกงบอน ใส่กะทิ,"{'กระชายซอยละเอียด': '1/2ถ้วยเล็ก', 'ตะใคร์ (หั่นซอยละเอียด)': '2ต้น', 'หอมแดงซอย': '10หัว', 'ผิวมะกรูดหั่นฝอย': '1ช้อนชา', 'กระเทียมแกะเปลือก': '4หัว', 'พริกขี้หนูแห้ง (เอาเม็ดออกแช่น้ำให้พริกนิ่ม)': '10เม็ด', 'กะปิ': '1ช้อนชา', 'ข่า (หั่นเป็นแว่น)': '4แว่น', 'เกลือ': '1ช้อนชา', 'หมูสามชั้น': '1/2กก.', 'ก้านบอน (เอาที่อ่อนๆ หั่นเป็นท่อน)': '15ก้าน', 'น้ำปลาร้าต้มสุก': '2ช้อนโต๊ะ', 'กะทิ': '1/2กก.', 'ใบมะกรูดฉีก': '5ใบ', 'มะกรูดผ่าครึ่งเอาเม็ดออก': '1ลูก', 'น้ำมะกรูด': '1ข้อนโต๊ะ', 'น้ำปลา': '3ช้อนโต๊ะ', 'น้ำตาลปี๊บ': '3ช้อนโต๊ะ', 'น้ำเปล่า': '2ถ้วย'}",แคลมาก,โปรตีนกลาง,ไขมันสูง,คาร์บกลาง,"กระชาย,  พริกแกง,  ตะใคร์,  หอมแดง,  ผิวมะกรูด,  กระเทียม,  พริกขี้หนู,  กะปิ,  ข่าหั่นเป็นแว่น,  เกลือ,  หมูสามชั้น,  น้ำปลาร้า,  กะทิ,  ใบมะกรูด,  มะกรูด  น้ำมะกรูด,  น้ำปลา,  น้ำตาลปี๊บ,  น้ำเปล่า",มีก้านบอน กระชาย มะกรูด ข่า หมูสามชั้น น้ำปลาร้า อยากกินอะไรที่ไม่ค่อยอ้วยมาก กลางๆ ทำอะไรกินดี,แกงบอนใส่กะทิแบบโบราณต้องใช้พริกแกงอะไร	,เมนูแกงบอนกับหมูสามชั้นรสเข้มใส่ปลาร้าทำยังไง
แกงปลาดุกใส่ใบยอ,"{'ปลาดุก': '400 กรัม', 'พริกแกงเผ็ด': '100 กรัม', 'ใบยอ': '20 ใบ', 'กะทิ': '250 มล.', 'น้ำปลา': '', 'น้ำตาล': '', 'เกลือ': '', 'น้ำเปล่า': ''}",แคลมาก,โปรตีนน้อย,ไขมันสูง,คาร์บน้อย,"ปลาดุก,  พริกแกง,  ใบยอ,  กะทิ,  น้ำปลา,  น้ำตาล,  เกลือ,  น้ำเปล่า",อยากกินปลาดุก แซ่บๆ ใส่พริกแกงเพิ่มความเผ็ด น่าจะอร่อย,วิธีทำแกงปลาดุกใส่ใบยอให้หอมมันกะทิ	,แกงปลาดุกพริกแกงใส่ใบยอแบบใต้รสจัด
แกงป่าไก่,"{'น้ำพริกแกงป่า': '1 ขีด', 'สะโพกและน่องไก่สับเป็นชิ้นพอดีคำ': '100 กรัม', 'ยอดมะพร้าวหั่น': '1/4 ถ้วย', 'หน่อไม้ต้มหั่น': '1/4 ถ้วย', 'มะเขือเปราะผ่าสี่': '3-4 ลูก', 'กระชายซอย': '1/4 ถ้วย', 'พริกไทยอ่อนหั่นสั้นๆ': '3-4 ฝัก', 'พริกชี้ฟ้าหั่นแฉลบ': '2 เม็ด', 'น้ำปลา': '1-2 ช้อนโต๊ะ', 'น้ำตาลทราย': '1/2 ช้อนชา'}",แคลมาก,โปรตีนน้อย,ไขมันกลาง,คาร์บกลาง,"พริกแกง,  สะโพก,  ยอดมะพร้าว,  หน่อไม้ต้ม,  มะเขือเปราะ,  กระชาย,  พริกไทย,  พริกชี้ฟ้า,  น้ำปลา,  น้ำตาลทราย",อยากกินแกงป่า เผ็ดๆ แซ่บๆ ใส่ไก่เยอะๆ ใส่ยอดมะพร้าว หน่อไม้ กระชาย รสชาติจะได้อร่อย ครบรัส กลมกล่อม,แกงป่าไก่ใส่หน่อไม้กับมะเขือทำยังไงให้อร่อย,สูตรแกงป่าไก่ใส่กระชายกับพริกชี้ฟ้า
แกงป่าหมู,"{'เนื้อหมู': '200 กรัม', 'พริกแกงเผ็ด': '2 ช้อนโต๊ะ', 'มะเขือเปราะหั่นและผ่าแล้ว': '1/2 ถ้วย', 'มะเขือพวง': '1/3 ถ้วย', 'ฟักทอง': '1/2 ถ้วย', 'ข้าวโพดอ่อน': '1/2 ถ้วย', 'พริกไทยอ่อน': '4 ช่อ', 'กระชายซอยเป็นเส้น': '1/2 ถ้วย', 'ใบกะเพราเด็ด': '1/2 ถ้วย', 'ใบมะกรูดฉีก': '5 ใบ', 'พริกชี้ฟ้าแดงหั่นเฉียง': '2 เม็ด', 'น้ำเปล่าหรือน้ำซุป': '2+1/2 ถ้วย', 'คนอร์ขวดซอสข้นปรุงรส รสหมู': '1 ช้อนโต๊ะ', 'น้ำมันสำหรับผัดพริกแกง': '2 ช้อนโต๊ะ'}",แคลกลาง,โปรตีนกลาง,ไขมันน้อย,คาร์บกลาง,"เนื้อหมู,  พริกแกงเผ็ด,  มะเขือเปราะ,  มะเขือพวง,  ฟักทอง,  ข้าวโพด,  พริกไทย,  กระชาย,  ใบกะเพรา,  ใบมะกรูด,  พริกชี้ฟ้า,  น้ำเปล่า,  คนอร์,  น้ำมัน",อยากกินแกงป่าหมู,ในตู้มีหมูกับมะเขือพวง ใบกะเพรา กระชาย ทำอะไรกินได้บ้างอะ,มีหมูกับฟักทอง พริกแกงเผ็ด จะทำแกงอะไรดีที่เผ็ด ๆ หอมสมุนไพรหน่อย
แกงผักกาดใส่ไก่,"{'น่องไก่': '1/2 กก', 'พริกแห้ง': '11 เม็ด', 'หอมขาว': '10 กลีบ', 'หอมแดง': '3 หัว', 'เกลือ': '1/4 ช้อนโต๊ะ', 'กะปิ': '3/4 ช้อนโต๊ะ', 'ปลาร้า': '1 ช้อนโต๊ะ', 'มะแคว่น': '1 หยิบมือ', 'ผักกาดกวางตุ้ง': '1 กก', 'น้ำมันพืช': '2 ช้อนโต๊ะ', 'ผักชีลาว': '100 กรัม', 'ตะไคร้': '1 หัว'}",แคลมาก,โปรตีนน้อย,ไขมันกลาง,คาร์บกลาง,"น่องไก่,  พริกแห้ง,  หอมขาว,  หอมแดง,  เกลือ,  กะปิ,  ปลาร้า,  มะแคว่น,  ผักกาดกวางตุ้ง,  น้ำมัน,  ผักชี,  ตะไคร้",วันนี้มีแครอทมาฝาก ผักที่คุอบกิน ผักมีวิตามิน มาคู่ด้วยผักกาด พริกต่างๆ และน่องไก่ชิ้นใหญ่ กะปิ ปลาร้า ทำอะไรกินดี,พอมีน่องไก่ ผักกาดกวางตุ้ง กะปิกับปลาร้า เหลืออยู่ ทำอะไรได้บ้าง,ในตู้เย็นมีแค่ไก่ หอมแดง พริกแห้ง กับตะไคร้ ทำเมนูต้ม 
แกงเผ็ดเนื้อตุ๋นมะเขืออ่อน,"{'เนื้อน่อง': '2-3ขีด', 'มะเขือเปาะ': '6ผล', 'กระชายฝอย': '5บาท', 'พริกไทอ่อน': '2-3ฝัก', 'พริกชี้ฟ้า': '2เม็ด', 'โหระพา': '1กำ', 'พริกแกงเผ็ด': '10บาท', 'ใบมะกรูดฉีก': '3-4ใบ', 'กะทิ': '1กล่อง', 'น้ำมัน': '2ชต'}",แคลกลาง,โปรตีนกลาง,ไขมันกลาง,คาร์บน้อย,"เนื้อน่อง,  มะเขือเปาะ,  กระชายฝอย,  พริกไทย,  พริกชี้ฟ้า,  โหระพา,  พริกแกงเผ็ด,  ใบมะกรูด,  กะทิ,  น้ำมัน",ได้เนื้อน่องมาจากริปปิง มะเขือเปาะ กระชาย พริกไทย อยากกินอะไรอร่อยๆ เคี้ยวง่าย ไม่เหนียว,เนื้อตุ๋นไว้แล้ว เหลือมะเขือ กระชาย พริกแกงเผ็ด กะทิ ทำอะไรกินดี,มีใบมะกรูด มะเขือเปาะ เนื้อต้มไว้ จะทำเมนูแบบเผ็ด ๆ
แกงเผ็ดมะเขือยาวหมูสับ,"{'เนื้อหมูสับ': '75 กรัม', 'มะเขือยาวขั้วเล็ก': '1 ลูก', 'พริกแกงเผ็ด': '1 ช้อนโต๊ะ', 'หัวกะทิ': '150 กรัม', 'ซีอิ๊วขาว': '1 ช้อนชา', 'เกลือ': '1/8 ช้อนชา', 'น้ำตาลปี๊ป': '1 ก้อนปลายนิ้ว', 'พริกชี้ฟ้า': '2 ฝัก', 'ใบมะกรูด': '4 ใบ', 'ใบโหระพา': '1 กิ่ง'}",แคลกลาง,โปรตีนกลาง,ไขมันน้อย,คาร์บกลาง,"เนื้อหมู,  มะเขือยาว,  พริกแกงเผ็ด,  หัวกะทิ,  ซีอิ๊วขาว,  เกลือ,  น้ำตาลปี๊ป,  พริกชี้ฟ้า,  ใบมะกรูด,  ใบโหระพา",มีเนื้อหมูสับ มะเขือยาว  พริกแกง หัวกะทิ  ทำอะไรกินดี  ขอเมนูที่ไขมันน้อย,"มี เนื้อหมู,  มะเขือยาว,  พริกแกงเผ็ด,  หัวกะทิ,  ซีอิ๊วขาว, ",อยากเอามะเขือยาวมาทำอาหาร
แกงมัสมั่นเนื้อ,"{'เนื้อวัว(น่องลาย)': '300 g', 'พริกแกงมัสมั่น': '100 g', 'กะทิเรียลไทย': '500 ml', 'อบเชย': '3 แท่ง', 'ดอกจันทร์': '3 ดอก', 'ลูกกระวาน': '6 ลูก', 'ถั่วลิสงคั่ว': '50 g', 'น้ำตาลมะพร้าว': '3 ช้อนโต๊ะ', 'น้ำมะขามเปียก': '2 ช้อนโต๊ะ', 'น้ำปลาดี': '2 ช้อนโต๊ะ', 'เกลือ': 'หยิบมือ', 'น้ำส้มซ่า': '1 ช้อนโต๊ะ', 'มันฝรั่ง': '2 หัว', 'หอมหัวใหญ่': '1 หัว', 'ซุบเนื้อก้อนคนอร์': '1 ก้อน'}",แคลมาก,โปรตีนสูง,ไขมันกลาง,คาร์บสูง,"เนื้อวัว,  พริกแกง,  กะทิ,  อบเชย,  ดอกจันทร์,  ลูกกระวาน,  ถั่วลิสง,  น้ำตาลมะพร้าว,  น้ำมะขามเปียก,  น้ำปลา,  เกลือ, หยิบมือ, น้ำส้มซ่า,  มันฝรั่ง,  หอมหัวใหญ่,  คนอร์",มีเนื้อวัว พริกแกง กะทิ อบเชย น้ำตาล กินอาหารที่โปรตีนสูง,ในครัวมีเนื้อวัว ถั่วลิสง น้ำมะขามเปียก กะทิ น้ำตาลมะพร้าว อยากทำเมนูที่หวานเค็ม ,อยากใช้เนื้อวัวกับมันฝรั่ง ใส่พวกอบเชย ดอกจันทร์ มีเมนูไหนที่เข้ากันไหม
แกงมัสมั่นหมู,"{'เนื้อหมู': '500 กรัม', 'พริกแกงมัสมั่น': '100 กรัม', 'หอมใหญ่': '2 ลูก', 'มันฝรั่ง': '3 หัว', 'ถั่วลิสงคั่ว': '150 กรัม', 'น้ำตาลปีบ': '3 ช้อน', 'น้ำมะขามเปียก': '2 ช้อน', 'เกลือ': '1 ช้อนครึ่ง', 'ใบกระวาน': '2 ใบ', 'กะทิ UHT': '1 กล่อง'}",แคลกลาง,โปรตีนกลาง,ไขมันน้อย,คาร์บสูง,"หมู,  พริกแกง,  หอมใหญ่,  มันฝรั่ง,  ถั่วลิสง,  น้ำตาลปีบ,  น้ำมะขามเปียก,  เกลือ,  ใบกระวาน,  กะทิ",มีเนื้อหมู พริกแกงต่างๆ หอมใหญ่ มันฝรั่ง ทพอาหารที่อร่อยๆ รสชาติดี ,มีเนื้อหมู พริกแกงต่างๆ หอมใหญ่ มันฝรั่ง ทำอาหารที่อร่อยๆ รสชาติดี,อยากทำอาหารที่มีกะทิเข้มข้น ใส่หมู มันฝรั่ง ถั่วลิสง รสหวานนิดๆ
แกงเลียงใบตำลึง,"{'ใบตำลึง': '2 กำ', 'ไข่ไก่': '2 ฟอง', 'กะปิ': '1 ช้อนโต๊ะ', 'ปลาฉิ้งฉ้าง': '1/2 ถ้วย'}",แคลน้อย,โปรตีนน้อย,ไขมันน้อย,คาร์บน้อย,"ใบตำลึง,  ไข่ไก่,  กะปิ,  ปลา",อยากกินแกงที่ใส่ใบตำลึงเยอะๆๆๆๆ เพราะมีเยอะมาก,อยากกินอาหารที่ใส่ใบตำลึงเยอะๆๆๆๆ เพราะมีเยอะมาก,มีไข่ไก่ กะปิ ปลา ใบตำลึงเยอะมาก ทำอะไรกินได้บ้าง
แกงเลียงเห็ด 3 อย่าง,"{'เห็ดฟาง': '1 ขีด', 'เห็ดเข็มทอง': '1 ขีด', 'เห็ดออรินจิ': '2-3 ดอก', 'ฝักทอง': '100กรัม', 'บวบ': '1 หัว', 'ตำลึง': '200 กรัม', 'ใบแมงลัก': '1 กำ', 'พริกไทยขาว': '2 ชช', 'หอมแดง': '5-8หัว', 'กะปิน้ำพริก': '1 ชต', 'ข้าวโพดอ่อน': '100กรัม', 'แครอท': '50กรัม', 'น้ำสะอาด': '1 1/2 ถ้วย', 'เกลือ': '1/3 ชช', 'กุ้งแห้ง': '3 ชต', 'พริกแดง': '2 เม็ด'}",แคลมาก,โปรตีนสูง,ไขมันกลาง,คาร์บน้อย,"เห็ดฟาง,  เห็ดเข็มทอง,  เห็ดออรินจิ,  ฝักทอง,  บวบ,  ตำลึง,  ใบแมงลัก,  พริกไทยขาว,  หอมแดง,  กะปิ,  ข้าวโพด,  แครอท,  น้ำสะอาด,  เกลือ,  กุ้งแห้ง,  พริกแดง",มีเห็ดฟาง เห็ดเข็มทอง เห็ดออรินจิ ทำอะรไกินได้บ้าง อยากกินอาหารที่มันใส่เห็ดหมดเลย เป็นแกงยิ่งดี ,มีเห็ดฟาง เห็ดเข็มทอง เห็ดออรินจิ ทำอะไรกินได้บ้าง อยากกินอาหารที่มันใส่เห็ดหมดเลย เป็นแกงยิ่งดี,อยากทำอาหารใส่ผักเยอะๆ มีข้าวโพด แครอท บวบ กะปิ กุ้งแห้ง
แกงส้มชะอมทอด,"{'กุ้ง': '3 ขีด', 'ปลาทูทอดแกะก้าง': '1 ตัว', 'พริกแกงส้มใต้': '1 1/2 ช้อนโต๊ะ', 'พริกแกงส้มกลาง': '1 1/2 ช้อนโต๊ะ', 'น้ำตาลปี้บ': '2 ช้อนโต๊ะ', 'น้ำปลา': '1/2 ทัพพี', 'เกลือป่น': '1 หยิบมือ', 'น้ำมะขามเปียก': '1/2 ถ้วยตวง', 'น้ำสะอาด': '750 มล.', 'ผักกาดขาว': '1 หัว', 'แครอท': '1 หัว', 'หัวไชท้าว': '1 หัว', 'ชะอมทอด': '1 แพ'}",แคลกลาง,โปรตีนน้อย,ไขมันกลาง,คาร์บน้อย,"กุ้ง,  ปลาทู,  พริกแกง,  น้ำตาล,  น้ำปลา,  เกลือ,  น้ำมะขามเปียก,  น้ำสะอาด,  ผักกาดขาว,  แครอท,  หัวไช,  ชะอม",อยากกินกุ้ง ปลาทู พริกแกง อยากกินรสชาติเผ็ดๆ ทำอะไรได้บ้าง ใส่ผักกาดกับแครอท เห็ดด้วย,อยากกินกุ้ง ปลาทู พริกแกง อยากกินรสชาติเผ็ดๆ ทำอะไรได้บ้าง ใส่ผักกาดกับแครอท เห็ดด้วย,มีกุ้งสด ปลาทู ชะอม ผักกาดขาว อยากทำอาหารรสเปรี้ยว เผ็ดๆ
แกงส้มปลาช่อนทอด,"{'ปลาช่อน': '1 ตัว', 'แป้งทอดกรอบ': '5 ช้อนโต๊ะ', 'น้ำมัน': '1/2 ถ้วย', 'พริกแกงส้มสำเร็จ': '300 กรัม', 'ปลาทูน่า': '3 กระป๋องใหญ่', 'หัวไชเท้า': '1 หัว', 'ถั่วฝักยาว': '500 กรัม', 'ผักกาดขาว': '1 หัว', 'มะขามเปียก': '1 ปั้น', 'น้ำตาลปี๊บ': '2 ช้อนโต๊ะ', 'น้ำปลา': '3 ช้อนโต๊ะ'}",แคลมาก,โปรตีนกลาง,ไขมันสูง,คาร์บกลาง,"ปลา,  แป้ง,  น้ำมัน,  พริกแกง,  ปลาทูน่า,  หัวไชเท้า,  ถั่วฝักยาว,  ผักกาดขาว,  มะขามเปียก,  น้ำตาลปี๊บ,  น้ำปลา",มีปลาช่อยได้มา อยากมาทำปลาช่อนทอดพรอ และมีพริกแกง ทำเมนูอะไรดี,มีปลาช่อนได้มา อยากมาทำปลาช่อนทอดพร้อม และมีพริกแกง ทำเมนูอะไรดี,อยากทำอาหารที่มีปลาทอด พริกแกง ผักกาดขาว ถั่วฝักยาว รสเปรี้ยวๆ
แกงส้มผักบุ้งปลาน้ำดอกไม้,"{'ผักบุ้งไทย': '2 กำ', 'ปลาน้ำดอกไม้': '2 ตัว', 'พริกแกงส้ม': '2 ขีด', 'มะขามเปียก': '5 ฝัก', 'น้ำปลา': '5 ช้อนโต้ะ', 'น้ำตาลปี๊บ': '3 ช้อนโต้ะ', 'เกลือ': '2 ช้อนโต้ะ', 'น้ำเปล่า': '4 ลิตร'}",แคลมาก,โปรตีนน้อย,ไขมันสูง,คาร์บกลาง,"ผักบุ้ง ปลา,  พริกแกงส้ม,  มะขามเปียก,  น้ำปลา,  น้ำตาลปี๊บ,  เกลือ,  น้ำเปล่า",อยากกินผักบุ้งเยอะๆ แต่ไม่เอาผัดน้ำมันหอยแล้ว อยากกินเป็นแกงๆ ทำอะไรกินดี,อยากกินผักบุ้งเยอะๆ แต่ไม่เอาผัดน้ำมันหอยแล้ว อยากกินเป็นแบบใส่น้ำ ทำอะไรกินดี,มีผักบุ้ง ปลา พริกแกงส้ม น้ำมะขาม ทำอาหารอะไรได้บ้าง
แกงส้มผักรวมกุ้งสด,"{'พริกแกงส้ม': '1 ช้อนโต๊ะ', 'น้ำเปล่า': '3-4 ถ้วยตวง', 'กุ้งสด': '5 ตัว', 'น้ำมะขามเปียกข้น ๆ ': '1 ช้อนโต๊ะ', 'น้ำตาลปี๊บ': '1 ช้อนโต๊ะ', 'น้ำปลา': '1 ช้อนโต๊ะ', 'ผักรวม (แครอท, ข้าวโพดอ่อน, กะหล่ำปลี, ถั่วฝักยาว)': 'อย่างละ ¼ ถ้วยตวง'}",แคลมาก,โปรตีนน้อย,ไขมันสูง,คาร์บน้อย,"พริกแกง, น้ำเปล่า, กุ้ง, น้ำมะขามเปียก, น้ำตาลปี๊บ, น้ำปลา, ผักรวม",อยากกินแกงส้ม ใส่ผักต่างๆ เช่น แครอท ข้าวโพดอ่อน กะหล่ำปลี กุ้ง,อยากกินอาหารรสเปรี้ยว ใส่ผักต่างๆ เช่น แครอท ข้าวโพดอ่อน กะหล่ำปลี กุ้ง,มีกุ้งสด ผักหลายอย่าง พริกแกง น้ำมะขาม ทำอะไรอร่อยๆ ได้บ้าง
แกงสะแล,"{'สะแล': '300 กรัม', 'หมูสามชั้น': '300 กรัม', 'กระดูกหมู': '200 กรัม', 'มะเขือเทศ (สีดา)': '10-15 ลูก', 'ต้นหอม-ผักชี': '1 กำ', 'พริกแห้ง': '15-20 เม็ด', 'กระเทียม': '1-2 หัว', 'หอมแดง': '4 หัว', 'กะปิ': '1 ช้อนโต๊ะ', 'ปลาร้าสับ': '1 ช้อนโต๊ะ', 'น้ำปลา': '2-3 ช้อนโต๊ะ', 'ตะไคร้': '1-2 ต้น'}",แคลมาก,โปรตีนกลาง,ไขมันกลาง,คาร์บกลาง,"สะแล,  หมูสามชั้น,  กระดูกหมู,  มะเขือเทศ,  ต้นหอม,  พริกแห้ง,  กระเทียม,  หอมแดง,  กะปิ,  ปลาร้า,  น้ำปลา,  ตะไคร้",อยากกินแกง เค็มนำ อมเปรี้ยว ใส่ มะเขือเทศ กะปิ ปลาร้าสับ มีหมูสามชั้นด้วย,อยากทำอาหารเค็มนำ อมเปรี้ยว ใส่ มะเขือเทศ กะปิ ปลาร้าสับ มีหมูสามชั้นด้วย,มีหมูสามชั้น มะเขือเทศ กะปิ ปลาร้า ตะไคร้ ทำอะไรกินดี
แกงสับปะรดใส่หอยแมลงภู่,"{'หอยแมลงภู่ต้มสุก': '1/2 โล', 'พริกแกงแดง': '2.5 ขีด', 'สับปะรด': '2 ลูก (โลครึ่ง)', 'หัวกะทิ': '7 ขีด', 'หางกะทิ': '1 cup', 'ใบมะกรูด': '10 ใบ', 'น้ำตาลปี๊บ': '1 ชต', 'น้ำปลา': '2 ชต', 'รสดี (หมู)': '1 ชต'}",แคลกลาง,โปรตีนน้อย,ไขมันกลาง,คาร์บกลาง,"หอยแมลงภู่, พริกแกง, สับปะรด, หัวกะทิ, หางกะทิ, ใบมะกรูด, น้ำตาลปี๊บ, น้ำปลา, คนอร์",อยากกินหอยแมงภู กับมีสัปปะรด ทำอะไรกินได้บ้าง,อยากกินหอยแมลงภู่ กับมีสับปะรด ทำอะไรกินได้บ้าง,มีสับปะรดสด หอยแมลงภู่ กะทิ พริกแกง ทำอาหารอะไรดี
แกงหน่อไม้(ลาว),"{'น้ำใบย่านาง': '1 ลิตร', 'หน่อไม้ต้มแล้ว': '400 กรัม', 'ใบแมงลัก': '100 กรัม', 'พริกขี้หนู': '19 เม็ด', 'น้ำปลาร้าต้ม': '1 1/2 ทัพพี', 'ตะไคร้': '1 ต้น', 'ข่า': '20 กรัม', 'ชะอม': '100 กรัม', 'เห็ดฟาง': '150 กรัม', 'หอมแดง': '20-30 กรัม', 'เกลือ': '1 ช้อนชา', 'น้ำปลา': '1-2 ช้อนชา', 'น้ำตาล': '1/2 ช้อนโต๊ะ', 'ข้าวเบือ(ข้าวเหนียวแช่น้ำ)': '2 ช้อนโต๊ะ'}",แคลมาก,โปรตีนกลาง,ไขมันสูง,คาร์บกลาง,"น้ำใบย่านาง, หน่อไม้, ใบแมงลัก, พริกขี้หนู, น้ำปลาร้า, ตะไคร้, ข่า, ชะอม, เห็ดฟาง, หอมแดง, เกลือ, น้ำปลา, น้ำตาล, ข้าวเบือ",มีน้ำใบย่านาง หน่อไม้ พริกขี้หนู ชะอมเยอะมาก ข่า เห็ดฟาง หอมแดง ทำอะไรกินดี ,มีน้ำใบย่านาง หน่อไม้ พริกขี้หนู ชะอมเยอะมาก ข่า เห็ดฟาง หอมแดง ทำอะไรกินดี,อยากทำอาหารแบบลาว มีหน่อไม้ ใบแมงลัก ตะไคร้ ข่า น้ำปลาร้า
แกงหมูตะพาบน้ำ สูตรโบราณ แบบครบเครื่อง,"{'ขาหมูเลาะกระดูก': '1 กิโลกรัม', 'ใบโหระพา': 'ใส่ตามชอบ', 'มะเขือเทศ': '3 ลูก', 'ใบมะกรูด': '5-6 ใบ', 'พริกขี้ฟ้าแดง': '2 เม็ด', 'พริกแกงคั่วแบบหยาบ': '100 กรัม', 'กะทิ': '250 มิลลิลิตร', 'ระกำ': 'ใส่ตามชอบ', 'มะอึก': '3-4 ลูก', 'กะปิ': '1/2 ช้อนโต๊ะ', 'กุ้งแห้งตำ': '2 ช้อนโต๊ะ', 'น้ำมะขามเปียก': 'ชิมรส', 'ผงปรุงรส': '1/2 ช้อนโต๊ะ', 'เกลือ': '1/2 ช้อนโต๊ะ'}",แคลกลาง,โปรตีนกลาง,ไขมันน้อย,คาร์บกลาง,"ขาหมู,  ใบโหระพา, มะเขือเทศ,  ใบมะกรูด,  พริกขี้ฟ้า, พริกแกง,  กะทิ,  ระกำ, มะอึก,  กะปิ,  กุ้งแห้ง,  น้ำมะขามเปียก, ชิมรส, ผงปรุงรส,  เกลือ",มีขาหมู มะเขือเทศ พริกแกง กะทิ ระกำ กะปิ ทำอะไรกินได้บ้าง ,มีขาหมู มะเขือเทศ พริกแกง กะทิ ระกำ กะปิ อยากกินอะไรแกงๆ ต้มๆ ,อยากทำอาหารโบราณ มีหมู กะทิ ใบโหระพา มะเขือเทศ กุ้งแห้ง
แกงเห็ดผักหวานใส่กะปิ,"{'เห็ดรวม': '300 กรัม', 'ฟาง': '300 กรัม', 'ออรินจิ': '300 กรัม', 'เห็ดโคน': '300 กรัม', 'กะปิ': '1 ช้อน', 'น้ำปลา': '2 ช้อน', 'ตะไคร้': '3 ต้น', 'หอมแดง': '3 หัว', 'พริกขี้หนูแห้ง': '5 เม็ด', 'พริกแดงจินดา': '2 เม็ด', 'ผักหวาน': '100 กรัม', 'ชะอม': '100 กรัม', 'ใบแมงลัก': '100 กรัม', 'ใบย่านาง': '3 ใบ', 'น้ำเปล่า': '2 ถ้วย', 'หน่อไม้หวานหน่อเล็ก': '2 หน่อ'}",แคลมาก,โปรตีนกลาง,ไขมันสูง,คาร์บน้อย,"เห็ด,  กะปิ,  น้ำปลา,  ตะไคร้,  หอมแดง,  พริกขี้หนู,  พริกแดง,  ผักหวาน,  ชะอม,  ใบแมงลัก,  ใบย่านาง,  น้ำเปล่า,  หน่อไม้",มีเห็ดฟาง เห็ดรวม ออรินจิ  พริก ทำอะไรกินดี ใส่พริกจะได้อร่อยๆขึ้น,มีเห็ดฟาง เห็ดรวม ออรินจิ พริก ทำอะไรกินดี ใส่พริกจะได้อร่อยๆขึ้น,อยากทำอาหารใส่ผักหวาน เห็ดหลายชนิด กะปิ ตะไคร้ ชะอม
แกงเห็ดเผาะ,"{'น้ำแกงใบย่านางปลาย่าง': '1 ถ้วย', 'เห็ดเผาะสด': '1 ขีด', 'ผักหวาน': '1 ถ้วย', 'ใบแมงลัก': '2-3ต้น', 'หอมแดงโขลก': '2หัว', 'พริกโขลก': '2-3 เม็ด', 'ตะไคร้': '1 ต้น'}",แคลกลาง,โปรตีนน้อย,ไขมันกลาง,คาร์บน้อย,"น้ำแกงใบย่านาง, เห็ดเผาะ,  ผักหวาน,  ใบแมงลัก,  หอมแดง,  พริก,  ตะไคร้",มีน้ำแกงใบย่านาง เห็ดเผาะ ผักหวาน ใบแมงลัก พริก,มีน้ำแกงใบย่านาง เห็ดเผาะ ผักหวาน ใบแมงลัก พริก,อยากทำอาหารใส่เห็ดเผาะ ผักหวาน ใบแมงลัก ตะไคร้
แกงเห็ดใส่ใบแมงลัก,"{'พริกจินดา': '10 เม็ด', 'หอมแดง': '2-3 หัว', 'กระเทียม': '2 กลีบ', 'ตะไคร้': '1 ต้น', 'น้ำปลาร้า': '4 ช้อนโต๊ะ', 'ผงปรุงรส': '1 ช้อนโต๊ะ', 'เกลือ': 'ตามชอบ', 'น้ำตาล': 'ตามชอบ', 'เห็ดฟาง': '1 แพค', 'เห็ดโคนญี่ปุ่น': '1 แพค'}",แคลน้อย,โปรตีนน้อย,ไขมันน้อย,คาร์บน้อย,"พริกจินดา, หอมแดง, กระเทียม, ตะไคร้, น้ำปลาร้า, ผงปรุงรส, เกลือ, น้ำตาล, เห็ดฟาง, เห็ดโคนญี่ปุ่น",อยากกกินแกงเห็ด แต่แตกต่างออกจากเดิม แนะนำให้ทำเมนูอะไรดี,"อยากทำอาหารเห็ด แต่แตกต่างออกจากเดิม แนะนำให้ทำเมนูอะไรดี
",ในตู้เย็นมีเห็ดฟาง เห็ดโคนญี่ปุ่น พริกจินดา ตะไคร้ น้ำปลาร้า ทำอะไรได้บ้าง
แกงองุ่นเป็ดย่างโหรภา,"{'เป็ดย่างเลาะกระดูก': '300กรัม', 'องุ่นไร้เม็ด': '1ขีด', 'มะเขือเทศสีดาผ่า4': '6ผล', 'ใบมะกรูด': '6ใบ', 'โหระพา': '1กำ', 'มะเขือพวง': '1/2ขีด', 'พริกหนุ่มซอยไม่เอาเมล็ด': '1เม็ด', 'พริกแกงเผ็ดแบบหยาบ': '10บาท', 'กะทิ': '1ขวด', 'น้ำตาลทราย': '2-3ชช', 'น้ำปลาอย่างดี': '2-3ชต'}",แคลน้อย,โปรตีนน้อย,ไขมันน้อย,คาร์บกลาง,"เป็ดย่าง,  องุ่นไร้เม็ด,  มะเขือเทศสีดา, ใบมะกรูด,  โหระพา,  มะเขือพวง,  พริกหนุ่ม,  พริกแกง,  กะทิ,  น้ำตาลทราย,  น้ำปลา",มีเป็ดตัวใหญ่มาก องุ่นเยอะมากก ช้อกโกแลต พริกแกง โหระพา มะเจือ ทำเมนูอะไรดี ,มีเป็ดตัวใหญ่มาก องุ่นเยอะมากก ช้อกโกแลต พริกแกง โหระพา มะเขือ ทำเมนูอะไรดี,ที่บ้านมีเป็ดตัวใหญ่มาก องุ่นเยอะมากก ช้อกโกแลต พริกแกง โหระพา มะเขือ ทำเมนูอะไรดี
แกงโฮะ,"{'เนื้อหมู': '200 กรัม', 'ใบกระเพรา': '50 กรัม', 'ใบมะกรูด': '5 ใบ', 'มะเขือ': '5 ลูก', 'มะเขือพวง': '100 กรัม', 'ตะไคร้': '2 หัว', 'กระเทียม': '5 กลีบ', 'หน่อไม้ดองสำเร็จรูป': '200 กรัม', 'ผงกะหรี่': '15 กรัม', 'วุ้นเส้น': '200 กรัม', 'แกงเขียวหวาน': '300 กรัม', 'แกงเผ็ด': '200 กรัม', 'แกงฮังเล': '500 กรัม', 'น้ำปลา': '2 ช้อนชา', 'ซีอิ๊วขาว': '2 ช้อนชา', 'ผงชูรส': '1/2 ช้อนชา', 'ถั่วฝักยาว': '150 กรัม', 'น้ำมันพืช': '2 ช้อนโต๊ะ'}",แคลมาก,โปรตีนกลาง,ไขมันสูง,คาร์บกลาง,"เนื้อหมู, กะเพรา, มะกรูด, มะเขือ, มะเขือพวง, ตะไคร้, กระเทียม, หน่อไม้, ผงกะหรี่, วุ้นเส้น, พริกแกงเขียวหวาน, แกงเผ็ด, แกงฮังเล, น้ำปลา, ซีอิ๊วขาว, ผงชูรส, ถั่วฝักยาว, น้ำมันพืช",คือมีของเยอะมาก มี หมู ใบกะเพราะ ใบมะกรูด มีพริกแกงเขียวหวาน แกงเผ็ด แกงฮังเล ผงกะหรี่อีก ทำอะไรกินดี ,มีของเยอะมาก มี หมู ใบกะเพรา ใบมะกรูด มีพริกแกงเขียวหวาน แกงเผ็ด แกงฮังเล ผงกะหรี่อีก ทำอะไรกินดี,อยากทำอาหารพิเศษจากของที่ มีในบ้าน หมู มะเขือหลายชนิด วุ้นเส้น ถั่วฝักยาว
โกโก้มัทฉะ,"{'ผงมัทฉะ': '20 กรัม', 'นมสำหรับชงชาเขียว': '2 ถ้วยตวง', 'น้ำตาลสำหรับชงชาเขียว': '¼ ถ้วยตวง', 'ผงโกโก้': '30 กรัม', 'นมสำหรับชงโกโก้': '1 ถ้วยตวง', 'น้ำตาลสำหรับชงโกโก้': '3 ช้อนโต๊ะ', 'น้ำแข็ง': 'ตามชอบ'}",แคลกลาง,โปรตีนน้อย,ไขมันน้อย,คาร์บกลาง,"ผงมัทฉะ, นม, น้ำตาล, ผงโกโก้, น้ำตาล, น้ำแข็ง, ชาเขียว",อยากกินโกโก้มัทฉะ,อยากกินโกโก้มัทฉะ,มีผงมัทฉะ ผงโกโก้ นม ชาเขียว ทำเครื่องดื่มอะไรดี
โกโก้ร้อน,"{'ผงโกโก้': '3 ช้อนชา', 'ครีมเทียม': '2 ช้อนชา', 'นมข้นหวาน': '3 ช้อนชา'}",แคลน้อย,โปรตีนน้อย,ไขมันน้อย,คาร์บน้อย,"ผงโกโก้, ครีมเทียม, นมข้นหวาน",รู้สึกช่วงนี้เจ็บคอ ทำอะไรกินดี มี ผงโกโก้เหลืออยู่,รู้สึกช่วงนี้เจ็บคอ ทำอะไรกินดี มี ผงโกโก้เหลืออยู่,"อยากดื่มของร้อนๆ มีผงโกโก้ นมข้นหวาน ครีมเทียม
"
โกโก้หนึบ,"{'นมข้นหวาน': '200g', 'ผงโกโก้ (หรือผงโอวัลติน)': '100g'}",แคลน้อย,โปรตีนน้อย,ไขมันน้อย,คาร์บน้อย,"นมข้นหวาน, ผงโกโก้",อยากทำขนมอร่อยๆให้น้องสาวทาน มีผงโกโก้ กับนมข้นหวาน มีแค่สองอย่าง ทำอะไรกินดี,อยากทำขนมอร่อยๆให้น้องสาวทาน มีผงโกโก้ กับนมข้นหวาน มีแค่สองอย่าง ทำอะไรกินดี,มีผงโกโก้ นมข้นหวาน เท่านั้น ทำอะไรหวานๆ ได้บ้าง
ไก่กระเทียมพริกไทย,"{'เนื้ออกไก่': '150 กรัม', 'กระเทียม': '7 กลีบ', 'พริกไทยดำ': '10 เม็ด', 'ซีอิ๊วขาว': '2 ช้อนชา', 'น้ำมันหอย': '1/2 ช้อนโต๊ะ', 'น้ำตาล': '1 ช้อนชา', 'รสดี': '1/2 ช้อนชา', 'น้ำเปล่า': '3 ช้อนโต๊ะ'}",แคลมาก,โปรตีนน้อย,ไขมันสูง,คาร์บน้อย,"อกไก่, กระเทียม, พริกไทยดำ, ซีอิ๊วขาว, น้ำมันหอย, น้ำตาล, รสดี, น้ำเปล่า",อยากทำอาหารง่ายๆ เด็กกินได้ ผู้ใหญ่กินดี มีเนื้ออกไก่ กระเทียม และเครื่องปรุงปกติ ทำอะไรกินดี ,อยากทำอาหารง่ายๆ เด็กกินได้ ผู้ใหญ่กินดี มีเนื้ออกไก่ กระเทียม และเครื่องปรุงปกติ ทำอะไรกินดี,มีอกไก่ กระเทียม พริกไทย เครื่องปรุงพื้นฐาน ทำอะไรอร่อยๆ
ไก่กระวานผัดเผ็ด,"{'สะโพกไก่': '1 กิโลกรัม', 'หน่อกระวาน': '3 หน่อ', 'น้ำสต๊อกไก่': '1/4 ถ้วยตวง', 'พริกชี้ฟ้าเขียว': '2 เม็ด', 'พริกชี้ฟ้าแดง': '1 เม็ด', 'ใบมะกรูด': '5 ใบ', 'น้ำปลา': '1/2 ช้อนโต๊ะ', 'น้ำมัน': '2 ช้อนโต๊ะ'}",แคลมาก,โปรตีนน้อย,ไขมันสูง,คาร์บสูง,"สะโพกไก่, หน่อกระวาน, น้ำสต๊อกไก่, พริกชี้ฟ้า, ใบมะกรูด, น้ำปลา, น้ำมัน, ข่า, ตะไคร้, ผิวมะกรูด, กระเทียมไทย, เกลือ, พริกขี้หนูสวน, กะปิ",ได้หน่อกระวานมา สะโพกไก่ชิ้นใหญ่ๆ ทำอาหารอะไรดี ,ได้หน่อกระวานมา สะโพกไก่ชิ้นใหญ่ๆ ทำอาหารอะไรดี,อยากทำอาหารเผ็ดๆ มีไก่ หน่อกระวาน ใบมะกรูด ข่า ตะไคร้
ไก่ต้มน้ำปลา,"{'น่องไก่หรือน่องไก่ติดสะโพก': '3 ชิ้น', 'กระเทียม': '3 กลีบ', 'รากผักชี': '1 ราก', 'น้ำปลา': '2 ช้อนโต๊ะ', 'น้ำมันหอย': '1 ช้อนโต๊ะ', 'น้ำตาลทราย': '1 ช้อนโต๊ะ', 'น้ำตาลปี๊บ': '1 ช้อนโต๊ะ', 'ซีอิ๊วดำ': '1/2 ช้อนชา'}",แคลมาก,โปรตีนน้อย,ไขมันสูง,คาร์บกลาง,"น่องไก่,  กระเทียม,  รากผักชี,  น้ำปลา,  ซอสหอยนางรม,  น้ำตาลทราย,  น้ำตาลปี๊บ,  ซีอิ๊วดำ",อยากกินอาหารที่คุณแม่ชอบกิน กินง่ายๆ ไม่เจ็บฟัน มีไก่ น้ำตาลปิ้ป น้ำปลา ไข่ กระเทียม ทำอะไรกินดี,อยากทำอาหารที่คุณแม่ชอบกิน กินง่ายๆ ไม่เจ็บฟัน มีไก่ น้ำตาลปิ้ป น้ำปลา ไข่ กระเทียม ทำอะไรดี,อยากทำอาหารง่ายๆ สำหรับผู้สูงอายุ มีไก่ น้ำปลา กระเทียม
ไก่ตุ๋นมะนาวดอง,"{'น่องไก่และสะโพกไก่': '500 กรัม', 'น้ำมัน': '2 ช้อนโต๊ะ', 'ฟัก': '1 ลูก', 'เห็ดหอมแห้ง': '2 ถ้วยตวง', 'กระเทียม': '4 ช้อนโต๊ะ', 'รากผักชี': '3 ช้อนโต๊ะ', 'พริกไทยขาว': '1 ช้อนโต๊ะ', 'มะนาวดอง': '4 ลูก', 'น้ำเปล่า': '4 ถ้วยตวง', 'ซีอิ๊วขาว': '2 ช้อนโต๊ะ', 'เกลือ': '2 ช้อนชา', 'ผักชี': 'สำหรับตกแต่ง'}",แคลมาก,โปรตีนกลาง,ไขมันสูง,คาร์บกลาง,"น่องไก่, สะโพกไก่, น้ำมัน, ฟัก, เห็ดหอม, กระเทียม, รากผักชี, พริกไทยขาว, มะนาวดอง, น้ำเปล่า, ซีอิ๊วขาว, เกลือ, ผักชี",อยากกินๆไก่ตุ๋นตัวหญ่ๆอร่อยกินง่าย,อยากกินไก่ตุ๋นตัวใหญ่ๆอร่อยกินง่าย,มีไก่ มะนาวดอง เห็ดหอม ฟัก  ในตู้เย็น ทำอะไรกินดี 
ไก่ผัดพริกแกง,"{'เนื้อไก่': '50 กรัม', 'ถั่วฝักยาว': '70 กรัม', 'มะเขือ': '60 กรัม', 'ใบมะกรูด': '2 ใบ', 'พริก': '3-4 เม็ด', 'พริกแกงแดง': '2 ช้อนโต๊ะ', 'น้ำตาล': '1/2 ช้อนโต๊ะ', 'ผงซุปไก่ก้อน': '1 ก้อน', 'น้ำมัน': '2 ช้อนโต๊ะ'}",แคลกลาง,โปรตีนกลาง,ไขมันกลาง,คาร์บน้อย,"เนื้อไก่,  ถั่วฝักยาว,  มะเขือ,  ใบมะกรูด,  พริก,  พริกแกง,  น้ำตาล,  คนอร์,  น้ำมัน",มีพริกแกงเหลือจากทำแกงส้มเยอะมากกกกก อยากเอาพริกแกงมาทำต่อ และมีไก่เหลืออยู่พอดี,มีพริกแกงเหลือจากทำแกงส้มเยอะมากกกกก อยากเอาพริกแกงมาทำต่อ และมีไก่เหลืออยู่พอดี,อยากใช้พริกแกงที่เหลือ มีไก่ ถั่วฝักยาว มะเขือ ทำอะไรได้บ้าง
ไก่ย่าง กะทิ สูตรโบราณ หอม นุ่ม เด้งฉ่ำ,"{'สะโพกไก่ (หรือน่องไก่ 3-4 น่อง)': '2 ชิ้น', 'สามเกลอ(กระเทียม พริกไทย รากผักชีตำรวมกัน)': '1-2 ข้อนโต๊ะ', 'ซีอิ๊วขาว': '2 ช้อนโต๊ะ', 'น้ำตาลปี๊บ': '1ช้อนโต๊ะ', 'เกลือ': '1 ช้อนชา', 'ซีอิ๊วดำ': '1 ช้อนชา', 'กะทิสด': '3 ช้อนโต๊ะ'}",แคลน้อย,โปรตีนน้อย,ไขมันน้อย,คาร์บกลาง,"สะโพกไก่, กระเทียม, พริกไทย, รากผักชี,  ซีอิ๊วขาว,  น้ำตาลปี๊บ,  เกลือ,  ซีอิ๊วดำ,  กะทิสด",อยากทำไก่ย่างอร่อยๆ กินคู่กับส้มตำ,อยากทำไก่ย่างอร่อยๆ กินคู่กับส้มตำ,"มีไก่ กะทิสด กระเทียม รากผักชี ทำอาหารย่างอะไรดี
"
ไก่ย่างจิ้มแจ่ว,"{'เนื้อสะโพกไก่': '2 ชิ้นใหญ่', 'น้ำมันมะกอก': '2 ช้อนโต๊ะ', 'ผงปรุงรส': '2 ช้อนชา', 'น้ำมันหอย': '2 ช้อนโต๊ะ', 'ซีอิ๊วขาว': '2-3 ช้อนโต๊ะ', 'สามเกลอ': '1 ข้อนโต๊ะ', 'น้ำปลา': '2 ช้อนโต๊ะ', 'น้ำมะนาว': '1 ช้อนโต๊ะ', 'พริกป่น': '1 ช้อนโต๊ะ', 'น้ำตาลปี๊บ': '1 ช้อนโต๊ะ', 'ข้าวคั่ว': '2 ช้อนโต๊ะ', 'หอมแดงซอย': 'ตามชอบ', 'ผักชีฝรั่งซอย': 'ตามชอบ'}",แคลมาก,โปรตีนน้อย,ไขมันสูง,คาร์บกลาง,"สะโพกไก่, น้ำมันมะกอก, ผงปรุงรส, น้ำมันหอย, ซีอิ๊วขาว, สามเกลอ, น้ำปลา, น้ำมะนาว, พริกป่น, น้ำตาลปี๊บ, ข้าวคั่ว, หอมแดง, ผักชีฝรั่งซอย",อยากกินไก่ย่าง แต่เพิ่มความเผ็ดด้วยน้ำจิ้มน่าจะดีมาก,อยากกินไก่ย่าง แต่เพิ่มความเผ็ดด้วยน้ำจิ้มน่าจะดีมาก,มีไก่ พริกป่น ข้าวคั่ว หอมแดง ทำอาหารเผ็ดๆ ได้อะไรบ้าง
ไก่อบซอสบาบีคิวน้ำผึ้ง,"{'ไก่': '1 kg.', 'ซอสบาบีคิว': '1/4 ถ้วยตวง', 'ซอสปรุงรส': '1/4 ถ้วยตวง', 'น้ำผึ้ง': '1/4 ถ้วยตวง', 'ฮอทซอสหรือซอสพริกศรีราชา': '2 ช้อนโต๊ะ', 'พริกไทยดำป่น': '1 ช้อนชา', 'กระเทียมสับละเอียด': '1 ช้อนชา', 'ขิงสับละเอียดหรือขิงขูด': '1/2 ช้อนชา'}",แคลน้อย,โปรตีนกลาง,ไขมันน้อย,คาร์บน้อย,"ไก่,  ซอสบาบีคิว,  ซอสปรุงรส,  น้ำผึ้ง,ซอสพริก,  พริกไทยดำป่น,  กระเทียม,  ขิง",อยากกินเมนูที่ปาร์ตี้กับเพื่อนๆได้ เลยเสนอบาบีคิว จะทำกินดีไหม,อยากกินเมนูที่ปาร์ตี้กับเพื่อนๆได้ เลยเสนอบาบีคิว จะทำกินดีไหม,มีไก่ ซอสบาบีคิว น้ำผึ้ง กระเทียม ขิง ทำอาหารปาร์ตี้
ขนมกล้วย/ขนมฟักทอง,"{'กล้วยน้ำว้าสุก': '7-8 ลูก', 'ฟักทองนึ่ง': '250 กรัม', 'แป้งข้าวจ้าว': '300 กรัม', 'แป้งมัน': '40 กรัม', 'น้ำตาลทราย': '360 กรัม', 'หัวกะทิ': '14 ออน', 'เกลือป่น': '1/2 ช้อนชา', 'เนื้อมะพร้าวขูด': '1 ถ้วย'}",แคลกลาง,โปรตีนน้อย,ไขมันน้อย,คาร์บกลาง,"กล้วยน้ำว้า, ฟักทอง, แป้งข้าวจ้าว, แป้งมัน, น้ำตาลทราย, หัวกะทิ, เกลือ, เนื้อมะพร้าวขูด, กล้วย",อยากกินขนมไทยๆ มีกล้วย กับฟักทอง มะพร้าว ทำอะไรดี,อยากกินขนมไทยๆ มีกล้วย กับฟักทอง มะพร้าว ทำอะไรดี,มีกล้วยสุก ฟักทอง แป้งข้าวจ้าว กะทิ มะพร้าว ทำขนมอะไรได้บ้าง
ขนมจีนน้ำเงี้ยว,"{'หมูบด': '1/2 กก', 'ซี่โครงอ่อน': '1/2 กก', 'ตรีนไก่': '1/2 กก', 'เลือดไก่': '3 ก้อน', 'มะเขือเทศสีดา': '1 กก', 'ดอกงิ้ว': 'ตามชอบ', 'เครื่องแกล้ม': '', 'ผักชี': '3 กำ', 'ต้นหอม': '3 กำ', 'ผักกาดดองซอย': '1/2 กก', 'ถั่วงอก': '15 บาท', 'กะหล่ำปลีซอย': '1 หัว', 'พริกแห้งทอด': '20 เม็ด', 'พริกน้ำเงี้ยว (แม่น้อย)': '500 กรัม', 'กะปิ': '2 ชต', 'น้ำปลา': 'ตามชอบ', 'น้ำตาล': 'ตามชอบ', 'กระเทียมไทยสำหรับเจียว': '1-2 ขีด'}",แคลมาก,โปรตีนสูง,ไขมันกลาง,คาร์บน้อย,"หมูบด, ซี่โครงหมู, ตีนไก่, เลือดไก่, มะเขือเทศ, ดอกงิ้ว, ผักชี, ผักกาด, ถั่วงอก, กะหล่ำปลี, พริกแห้ง, พริกน้ำ, กะปิ, น้ำปลา, น้ำตาล, กระเทียมไทย",คิดถึงอาหารภาคเหนือ เลยอยากทำอาหารเส้นๆที่มีการต้มซี่โครงหมู มะเขือเทศ พริก และปรุงตามใจชอบ ยิ่งกินกับถั่วงอกได้ยิ่งดี เพราะมีเต็มตู้เย็น,คิดถึงอาหารภาคเหนือ เลยอยากทำอาหารเส้นๆที่มีการต้มซี่โครงหมู มะเขือเทศ พริก และปรุงตามใจชอบ ยิ่งกินกับถั่วงอกได้ยิ่งดี เพราะมีเต็มตู้เย็น,อยากทำอาหารเส้น มีหมูบด ซี่โครงหมู มะเขือเทศ ถั่วงอก ผักต่างๆ
ขนมจีนน้ำยากะทิตีนไก่,"{'เนื้อไก่บดละเอียด': '3 ขีด', 'น้ำกะทิคั้น': 'ครึ่งโล', 'พริกแกงเผ็ด': '2 ขีด', 'กระชาย': '1 หัว', 'ใบมะกรูด': '4-5 ใบ', 'ตีนไก่': '1 โล', 'เลือดไก่': '1 ก้อน', 'ลูกชิ้นปลา': 'ครึ่งโล', 'น้ำตาลทรายแดง': '3 ช้อนโต๊ะ', 'เกลือ': '1 ช้อนโต๊ะ', 'รสดี': '1 ช้อนโต๊ะ', 'ขนมจีน': '1 โล', 'ผักเคียง': 'ตามชอบ'}",แคลกลาง,โปรตีนกลาง,ไขมันน้อย,คาร์บกลาง,"ไก่บด, น้ำกะทิ, พริกแกงเผ็ด, กระชาย, ใบมะกรูด, ตีนไก่, เลือดไก่, ลูกชิ้นปลา, น้ำตาลทรายแดง, เกลือ, รสดี, ขนมจีน, ผัก",มีเนื้อไก่ กะทิ ทำอะไรกินดี ,มีเนื้อไก่ กะทิ ทำอะไรกินดี,อยากทำอาหารเส้น มีไก่บด กะทิ ตีนไก่ พริกแกงเผ็ด
ขนมจีบกุ้ง,"{'แผ่นเกี๊ยวสีเหลือง': '20 แผ่น', 'กุ้งสับ': '200 กรัม', 'มันหมูแข็ง': '50 กรัม', 'กระเทียมสับละเอียด': '1 ช้อนโต๊ะ', 'รากผักชีสับละเอียด': '1 ช้อนโต๊ะ', 'ซอสปรุงอาหาร': '1 ช้อนโต๊ะ', 'พริกไทยป่น': '1 ช้อนชา', 'น้ำตาลทราย': '1 ช้อนชา', 'น้ำมันงา': '2 ช้อนโต๊ะ', 'จิ๊กโฉ่ว': 'สำหรับจิ้ม'}",แคลมาก,โปรตีนกลาง,ไขมันสูง,คาร์บกลาง,"แผ่นเกี๊ยว, กุ้งสับ, มันหมู, กระเทียม, รากผักชี, ซอสปรุง, พริกไทย, น้ำตาลทราย, น้ำมันงา, จิ๊กโฉ่ว ",อยากกินขนมจีบ ที่ทำมาจากแผ่นเกี๊ยวสีเหลือง ใส่ กุ้ง มันหมู กินกับจิ๊กโฉ่ว,อยากกินขนมจีบ ที่ทำมาจากแผ่นเกี๊ยวสีเหลือง ใส่ กุ้ง มันหมู กินกับจิ๊กโฉ่ว,"มีแผ่นเกี๊ยว กุ้งสับ มันหมู จิ๊กโฉ่ว ทำอะไรกินได้บ้าง
"
ขนมจีบต้ม ,"{'หมูสับ': '', 'พริกไทยขาว': '', 'ซีอิ๊วขาวเห็ดหอม': '', 'กระเทียม': '', 'รากผักชี': '', 'น้ำตาลทราย': '', 'น้ำมันงา': '', 'แผ่นเกี๊ยว': '', 'น้ำเปล่า': '', 'น้ำมันกระเทียมเจียว': '', 'น้ำจิ้มขนมจีบ': '', 'แป้งมัน': ''}",แคลมาก,โปรตีนน้อย,ไขมันสูง,คาร์บสูง,"หมูสับ, พริกไทยขาว, ซีอิ๊วขาว, กระเทียม, รากผักชี, น้ำตาลทราย, น้ำมันงา, แผ่นเกี๊ยว, น้ำ, น้ำมันกระเทียมเจียว, น้ำจิ้ม, แป้งมัน",อยากกินขนมจีบต้ม แบบคนจีนชอบกินกัน, หมูสับ พริกไทยขาว แผ่นเกี๊ยว น้ำตาลทราย น้ำมันงา อยากทำของว่างนึ่ง รสชาติดี กินคู่กับน้ำจิ้ม เนื้อหมูสับนุ่ม ห่อด้วยแผ่นบาง หอมน้ำมันงา,แผ่นเกี๊ยว หมูสับ กระเทียม รากผักชี ซีอิ๊วขาว อยากทำอาหารจีน นึ่งร้อนๆ เนื้อสับหอมเครื่องเทศ ห่อเป็นถุงเล็กๆ กินตอนเช้า
ขนมจีบลาบไมโครเวฟ,"{'กุ้งผ่าครึ่งตามขวาง': 15, 'หมูบดละเอียด': 200, 'รสดีเมนู ลาบ-น้ำตก': 1, 'ต้นหอมซอยละเอียด': 1, 'ผักชีใบเลื่อยซอย': 1, 'หอมแดงซอย': 2, 'แผ่นเกี๊ยว': 15}",แคลกลาง,โปรตีนกลาง,ไขมันน้อย,คาร์บกลาง,"กุ้ง, หมู, คนอร์, ต้นหอม, ผักชี, หอมแดง, แผ่นเกี๊ยว, รสดีเมนู, น้ำอุ่น, ต้นหอม, ผักชี, หอมแดง",อยากทำอาหาร ที่ทำง่ายๆ ใช้ ไมโครเวฟ มีกุ้ง หมูบด ทำอะไรกินดี, กุ้ง หมู แผ่นเกี๊ยว ต้นหอม ผักชี หอมแดง อยากทำอาหารไมโครเวฟ เนื้อสัตว์สองชนิด ห่อด้วยแผ่นบาง หอมผักสมุนไพร รสชาติแซ่บ, คนอร์ กุ้ง หมู แผ่นเกี๊ยว รสดีเมนู อยากทำของว่างง่ายๆ ใช้ไมโครเวฟ มีกุ้งมีหมู ห่อเป็นถุงเล็ก รสจัดจ้าน
ขนมจีบอกไก่,"{'อกไก่': '500 กรัม', 'แครอท': '100 กรัม', 'หัวไชเท้า': '100 กรัม', 'พริกไทยป่น': '1 ช้อนชา', 'พริกไทยดำ': '1 ช้อนชา', 'รากผักชี': '5 ต้น', 'ซีอิ๊วขาวสูตรโลว์โซเดียม': '2 ช้อนโต๊ะ', 'กระเทียม': '10 กลีบ', 'แผ่นเกี๊ยว': '20-30 แผ่น'}",แคลกลาง,โปรตีนน้อย,ไขมันน้อย,คาร์บกลาง,"อกไก่,  แครอท,  หัวไชเท้า,  พริกไทย,  พริกไทยดำ,  รากผักชี,  ซีอิ๊วขาว,  กระเทียม,  แผ่นเกี๊ยว",อยากเอาอกไก่มาทำอาหารอร่อยๆ ที่ไม่เหมือนเดิม ใช้แผ่นเกี๊ยว ,อกไก่ แครอท หัวไชเท้า พริกไทย รากผักชี แผ่นเกี๊ยว อยากทำของว่างไก่ ห่อแผ่นบาง ใส่ผักหวาน เนื้อไก่นุ่ม รสชาติอ่อนๆ,ไก่ แครอท หัวไชเท้า พริกไทยดำ ซีอิ๊วขาว กระเทียม อยากทำอาหารนึ่ง ใส่ผักราก เนื้อขาว หอมเครื่องเทศ กินคู่น้ำจิ้ม
ขนมต้มขาว,"{'มะพร้าวทึนทึกขูดเส้น': '300 กรัม', 'น้ำตาลปี๊บ': '280 กรัม', 'เทียนอบขนมสำหรับอบควันเทียน': '', 'แป้งข้าวเหนียว': '225 กรัม', 'กะทิ': '135 กรัม', 'น้ำสะอาด': '65 มิลลิลิตร', 'มะพร้าวทึนทึกขูดเส้น (สำหรับเสิร์ฟ)': ''}",แคลกลาง,โปรตีนน้อย,ไขมันน้อย,คาร์บกลาง,"มะพร้าว, น้ำตาลปี๊บ, เทียน, แป้งข้าวเหนียว, กะทิ, น้ำสะอาด, มะพร้าว",มีมะพร่าว แป้งข้าวเหนียว ขนมอบควันเทียน กะทิ ทำอะไรกินดี ,มะพร้าว แป้งข้าวเหนียว กะทิ น้ำตาลปี๊บ อยากทำขนมไทย หวานมัน กะทิหอม เนื้อมะพร้าวหั่นฝอย ขาวใสเหนียวนุ่ม, แป้งข้าวเหนียว กะทิ มะพร้าว น้ำตาลปี๊บ อยากทำของหวานไทย เนื้อเหนียวหนึบ หอมกะทิ ไส้มะพร้าวหวาน รสชาติดั้งเดิม
ขนมเบื้องง่าย สูตร 1 และ สูตร 2,"{'แป้งข้าวจ้าว': '150 กรัม', 'แป้งถั่วเขียว': '50 กรัม', 'น้ำปูนใส': '100 กรัม', 'ไข่ไก่': '1 ฟอง', 'น้ำตาลปี๊บ': '100 กรัม'}",แคลน้อย,โปรตีนน้อย,ไขมันน้อย,คาร์บน้อย,"แป้งข้าวจ้าว, แป้งถั่วเขียว, น้ำปูนใส, ไข่ไก่, น้ำตาลปี๊บ, แป้งข้าวจ้าว, แป้งข้าวโพด, แป้งสาลีเอนกประสงค์, น้ำ, ไข่, น้ำตาลปี๊บ, แป้งสูตรที่,  ไข่ขาว, น้ำมะนาว, น้ำตาลไอซิ่ง, ฝอยทอง, ลูกเกด",อยากทำขนมที่อีกฝ่ายเห็นแล้วประทับใจ ที่บ้านมีแป้งข้าวเหนียว แป้งข้าวเจ้า แป้งอเนกประสงค์  และก็มี น้ำตาลไอซิ่ง ไข่ ทำอะไรกินดี , แป้งข้าวจ้าว แป้งถั่วเขียว ไข่ไก่ น้ำตาลปี๊บ น้ำปูนใส อยากทำขนมกรอบ เนื้อแป้งเหนียวนุ่ม หวานหอม กินเล่นได้ เป็นขนมโบราณ,แป้งข้าวโพด แป้งสาลี ไข่ น้ำตาลปี๊บ ลูกเกด ฝอยทอง อยากทำขนมทอด กรอบนอก นุ่มใน หวานหอม ประดับฝอยทองและลูกเกด
ขนมปังเนยกรอบไมโครเวฟ,"{'ขนมปัง': '6 ชิ้น', 'เนยเค็มแท้': '20 กรัม'}",แคลกลาง,โปรตีนน้อย,ไขมันกลาง,คาร์บน้อย,"ขนมปัง, เนยเค็ม, น้ำตาลทราย",มี ขนมปังที่เหลือไว้อยู่ กับเนยเค็ม น้ำตาลทราย ทำอะไรกินดี ที่อร่อยๆ เป็นของหวาน,ขนมปัง เนยเค็ม น้ำตาลทราย อยากทำขนมปังกรอบ ใช้ไมโครเวฟ หวานเค็ม เนยหอม กรอบน่ากิน,ขนมปัง เนยเค็ม น้ำตาลทราย อยากทำของว่างง่าย ไมโครเวฟเร็ว เนยละลาย หวานหอม กรอบนอก
ขนมเปียกปูนใบเตย,"{'แป้งข้าวเจ้า': '150 กรัม', 'แป้งเท้ายายม่อม': '80 กรัม', 'น้ำปูนใส': '1,380 กรัม', 'น้ำตาลทราย': '160 กรัม', 'น้ำตาลปี๊บ': '200 กรัม', 'น้ำใบเตยคั้นข้น': '4 ช้อนโต๊ะ', 'มะพร้าวทึนทึกขูดสำหรับเสิร์ฟ': ''}",แคลมาก,โปรตีนน้อย,ไขมันกลาง,คาร์บสูง,"แป้งข้าวเจ้า, แป้งเท้ายายม่อม, น้ำปูนใส, น้ำตาลทราย, น้ำตาลปี๊บ, น้ำใบเตย, มะพร้าว",มี แป้งข้าวเจ้า แป้งเท้ายายม่อม น้ำปูนใส น้ำตาลทราย น้ำตาลปี๊บ น้ำใบเตย มะพร้าว ข้าวโพด แครอท ไข่ ทำอะไรกินดี ,แป้งข้าวเจ้า แป้งเท้ายายม่อม น้ำปูนใส น้ำใบเตย มะพร้าว อยากทำขนมเขียว หอมใบเตย เนื้อเหนียวนุ่ม ไส้มะพร้าว,น้ำตาลทราย น้ำตาลปี๊บ น้ำใบเตย มะพร้าว แป้งข้าวเจ้า อยากทำขนมโบราณ สีเขียวธรรมชาติ หวานหอม เนื้อเหนียว
ขนมผิง,"{'แป้งมัน': '2 ถ้วยตวง', 'น้ำตาลทราย': '150 กรัม', 'กะทิ(อบควันเทียน)': '1/2 ถ้วยตวง', 'ไข่แดง': '1 ฟอง', 'น้ำเปล่า': '2 ช้อนโต๊ะ'}",แคลกลาง,โปรตีนน้อย,ไขมันกลาง,คาร์บน้อย,"แป้งมัน, น้ำตาลทราย, กะทิ, ไข่แดง, น้ำ",อยากกินขนมไทยๆทำมาจากแป้ง ไข่  มีที่อบควันเทียนด้วย,แป้งมัน น้ำตาลทราย กะทิ ไข่แดง อยากทำขนมหวาน เนื้อเหนียว หอมกะทิ สีเหลือง หวานมัน,แป้งมัน กะทิ ไข่แดง น้ำตาลทราย อยากทำของหวานไทย เนื้อนุ่ม หอมไข่ กะทิเข้มข้น รสชาติดั้งเดิม
ขนมลืมกลืน,"{'แป้งถั่วเขียว': '40 กรัม', 'น้ำลอยดอกมะลิ': '400 กรัม', 'น้ำตาลทราย': '120 กรัม', 'น้ำอัญชันเข้มข้น': '1 ช้อนโต๊ะ', 'ถั่วเขียวเลาะเปลือกทอดสำหรับเสิร์ฟ': '', 'กะทิ': '250 กรัม', 'แป้งข้าวเจ้า': '25 กรัม', 'แป้งถั่วเขียวสำหรับทำหน้ากะทิ': '4 กรัม', 'เกลือ': '4 กรัม', 'น้ำตาลทรายสำหรับทำหน้ากะทิ': '12 กรัม'}",แคลมาก,โปรตีนน้อย,ไขมันกลาง,คาร์บสูง,"แป้งถั่วเขียว, น้ำลอยดอกมะลิ, น้ำตาลทราย, น้ำอัญชัน, ถั่วเขียว, กะทิ, แป้งข้าวเจ้า, แป้งถั่วเขียว, เกลือ, น้ำตาล",มีแป้งถั่วเขียว ดอกมะลิ น้ำตาล แป้ง ทำอะไรกินดี ไม่เอาอ้วยมาก กลางๆ , แป้งถั่วเขียว น้ำลอยดอกมะลิ น้ำอัญชัน ถั่วเขียว กะทิ อยากทำขนมสีสวย หอมดอกไม้ เนื้อนุ่ม หวานอ่อน,แป้งข้าวเจ้า แป้งถั่วเขียว กะทิ เกลือ น้ำตาล อยากทำขนมไทย เนื้อเหนียว หอมกะทิ รสชาติกลมกล่อม
ขนมอินทนิล,"{'แป้งมันสำปะหลัง': '100 กรัม', 'น้ำใบเตยเข้มข้น': '500 มล.', 'กะทิเรียลไทย': '250 มล.', 'น้ำลอยดอกมะลิ หรือหางกะทิ': '100 มล.', 'น้ำตาลทราย': '90 กรัม', 'เกลือ': '1/2 ช้อนชา', 'ใบเตย': '', 'เทียนอบขนม': ''}",แคลน้อย,โปรตีนน้อย,ไขมันน้อย,คาร์บสูง,"แป้งมันสำปะหลัง, น้ำใบเตยเข้มข้น, กะทิเรียลไทย, น้ำลอยดอกมะลิ, น้ำตาลทราย, เกลือ, ใบเตย, เทียนอบขนม",อยากกินขนมอร่อยๆ ทำมาจากน้ำใบเตย ใส่กะทิ ทำแล้วแม่ผัวประทับใจ,แป้งมันสำปะหลัง น้ำใบเตยเข้มข้น กะทิเรียลไทย น้ำลอยดอกมะลิ อยากทำขนมเขียว หอมใบเตย กะทิเข้มข้น เนื้อเหนียวนุ่ม, น้ำตาลทราย เกลือ ใบเตย เทียนอบขนม แป้งมันสำปะหลัง อยากทำขนมอบ สีเขียวธรรมชาติ หอมหวาน เนื้อเด้งเหนียว
ข้าวเกรียบปากหม้อ,"{'แป้งข้าวเจ้า': '300 กรัม', 'แป้งมันสำปะหลัง': '100 กรัม', 'แป้งท้าวยายม่อม': '50 กรัม', 'เกลือป่น': '3 กรัม', 'น้ำเปล่า': '1 1/2 ถ้วยตวง', 'ไส้ร่วมกับม้าฮ่อ': '30 ก้อน', 'ผักชี': '', 'ผักกาดหอม': '', 'พริกขี้หนูสวน': '', 'กระเทียมเจียว': '', 'พริกชี้ฟ้าแดงซอย': '', 'สีผสมอาหาร': 'ตามชอบ', 'น้ำเดือด': '3 ถ้วยตวง'}",แคลกลาง,โปรตีนกลาง,ไขมันกลาง,คาร์บน้อย,"แป้งข้าวเจ้า, แป้งมันสำปะหลัง, แป้งท้าวยายม่อม, เกลือ, น้ำเปล่า, ผักชี, ผักกาดหอม, พริกขี้หนู, กระเทียมเจียว, พริกชี้ฟ้า, สีผสมอาหาร, น้ำ",อยากกินข้าวเกรียบปากหม้อ ,แป้งข้าวเจ้า แป้งมันสำปะหลัง เกลือ ผักชี ผักกาดหอม พริกขี้หนู อยากทำขนมเก่าๆ บางกรอบ กินกับผักสด พริกป่นกระเทียม รสชาติโบราณ, แป้งท้าวยายม่อม ผักชี กระเทียมเจียว พริกชี้ฟ้า สีผสมอาหาร อยากทำขนมบาง กรอบหอม กินคู่ผัก เคี้ยวเพลิน ทำจากแป้งหลายชนิด
ข้าวไข่ข้นกิมจิเบคอนกรอบ,"{'เบคอน': '200 กรัม', 'ไข่': '4 ฟอง', 'ต้นหอม': 'ตามชอบ', 'กิมจิ': '50 กรัม', 'ข้าว': '1 ถ้วย', 'โคชูจัง': '1 ช้อนโต๊ะ', 'น้ำมันหอย': '1/2 ช้อนโต๊ะ', 'น้ำปลา': '1/2 ช้อนโต๊ะ'}",แคลกลาง,โปรตีนน้อย,ไขมันสูง,คาร์บน้อย,"เบคอน, ไข่, ต้นหอม, กิมจิ, ข้าว, โคชูจัง, น้ำมันหอย, น้ำปลา",มีกิมจิ ไข่หลายฟอง ข้าวเย็น ทำอะไรกินดี ,เบคอน ไข่ กิมจิ ข้าว โคชูจัง ต้นหอม อยากทำอาหารเกาหลี ข้าวผัดเผ็ด เค็มจัด เบคอนหอมกรอบ รสชาติจี๊ดจ๊าด,กิมจิ เบคอน ไข่ข้น ข้าว น้ำมันหอย โคชูจัง อยากทำข้าวผัดเกาหลี เปรี้ยวเผ็ด กิมจิหอมแสบ เบคอนกรอบ ไข่นุ่มเหลว
ข้าวไข่ข้นกุ้ง เนื้อนุ่มละมุนลิ้น,"{'ไข่ไก่': '1 ฟอง', 'ซีอิ๊วขาว': '1/2 ช้อนชา', 'นมสด (พร่องมันเนย)': '1 ช้อนโต๊ะ', 'น้ำมัน': '1/2 ช้อนชา', 'กุ้งลวก': '5 ตัว'}",แคลกลาง,โปรตีนกลาง,ไขมันกลาง,คาร์บน้อย,"ไข่ไก่, ซีอิ๊วขาว, นมสด, น้ำมัน, กุ้ง",อยากกินอาหารง่ายๆ เด็กๆชอบ มี ไข่ กุ้ง ข้าว ,ไข่ไก่ ซีอิ๊วขาว นมสด กุ้ง อยากทำไข่นุ่ม ใส่กุ้งหวาน เนื้อเหลว ละมุน หอมนม รสชาติอ่อน, กุ้ง ไข่ไก่ นมสด น้ำมัน ซีอิ๊วขาว อยากทำเมนูเช้า ไข่ครีม กุ้งสด เนื้อนุ่มลื่น รสชาติกลมกล่อม
ข้าวคลุกพริกเกลือ,"{'ข้าว': '200 กรัม', 'น้ำสะอาด': '300 มิลลิลิตร', 'กระเทียม': '½ ถ้วย', 'พริกขี้หนู': '½ ถ้วย', 'เกลือสมุทร': '2 ช้อนโต๊ะ', 'น้ำปลา': '1 ช้อนโต๊ะ', 'น้ำมะนาว': '1 ถ้วย', 'น้ำต้มสุก': '1 ถ้วย', 'น้ำตาลปี๊บ': '3 ช้อนโต๊ะ', 'กุ้งขาว': '100 กรัม', 'ปลาหมึก': '100 กรัม', 'ปลากะพง': '100 กรัม', 'กระเทียมเจียว': '2 ช้อนโต๊ะ', 'ผักชี': 'สำหรับตกแต่ง'}",แคลมาก,โปรตีนน้อย,ไขมันสูง,คาร์บกลาง,"ข้าว, น้ำสะอาด, กระเทียม, พริกขี้หนู, เกลือ, น้ำปลา, น้ำมะนาว, น้ำต้ม, น้ำตาล, กุ้ง, ปลาหมึก, ปลา, กระเทียมเจียว, ผักชี",มี กุ้งแม่น้ำ ปลากะพง ข้าว เกลือ น้ำตาล กระเทียม ทำอะไรกินดี,ข้าว กระเทียม พริกขี้หนู เกลือ น้ำปลา น้ำมะนาว อยากทำข้าวเผ็ด กรอบหอม เค็มเปรี้ยว พริกป่น รสชาติจัดจ้าน,กุ้ง ปลาหมึก ปลา กระเทียมเจียว ผักชี น้ำตาล อยากทำข้าวผสม ใส่ทะเล กรอบหอม เผ็ดเค็ม รสชาติแซ่บ
ข้าวต้มทรงเครื่อง,"{'กระดูกหมู': '800 กรัม', 'รากผักชี': '4 ราก', 'น้ำเปล่า': '3 ลิตร', 'ข้าวหอมมะลิ': '2 ถ้วย', 'กุ้งแห้ง': '50 กรัม', 'ปลาหมึกแห้ง': '50 กรัม', 'ตั้งฉ่าย': '2 ช้อนโต๊ะ', 'หมูสับ': '200 กรัม', 'กระเทียมสับ': '1 ถ้วย', 'ซีอิ๊วขาว': '2 ช้อนโต๊ะ', 'พริกไทย': 'ตามชอบ', 'ต้นหอมซอย': 'ตามชอบ', 'ขึ้นฉ่าย': 'ตามชอบ'}",แคลกลาง,โปรตีนกลาง,ไขมันกลาง,คาร์บน้อย,"กระดูกหมู, รากผักชี, น้ำเปล่า, ข้าวหอมมะลิ, กุ้ง, ปลาหมึก, ตั้งฉ่าย, หมู, กระเทียม, ซีอิ๊วขาว, พริกไทย, ต้นหอม, ขึ้นฉ่าย",อยากกินข้าวที่กินง่ายๆ คล่องคอ อร่อย เครื่องเยอะๆ ใส่ หมู กุ้ง ปลาหมึก ,กระดูกหมู ข้าวหอมมะลิ กุ้ง ปลาหมึก หมู ตั้งฉ่าย อยากทำข้าวต้ม น้ำใส หอมหวาน ใส่ซีฟู้ด ใส่เนื้อสด รสชาติเข้มข้น,ข้าวหอมมะลิ กุ้ง ปลาหมึก รากผักชี ซีอิ๊วขาว ขึ้นฉ่าย อยากทำข้าวต้มน้ำใส ใส่ทะเล ใส่เนื้อสัตว์ หอมรากผักชี รสชาติกลมกล่อม
ข้าวต้มปลา,"{'ข้าวสวย': '2 ทัพพี', 'ปลากะพงแดงหั่นชิ้น': '500 กรัม', 'เห็ดหอม': '4 ดอก', 'ข่าหั่นแว่น': '1 แง่ง', 'รากผักชี': '2 ราก', 'ซีอิ๊วขาว': '2 ช้อนโต๊ะ', 'พริกไทย': '1 ช้อนโต๊ะ', 'ซุปกระดูกหมู': '1 ลิตร', 'ขึ้นฉ่ายหั่นท่อน': 'สำหรับโรยหน้า', 'ต้นหอมซอย': 'สำหรับโรยหน้า', 'กระเทียมเจียว': 'สำหรับโรยหน้า'}",แคลน้อย,โปรตีนกลาง,ไขมันน้อย,คาร์บน้อย,"ข้าวสวย, ปลากะพง, เห็ดหอม, ข่า, รากผักชี, ซีอิ๊วขาว, พริกไทย, ซุปกระดูกหมู, ขึ้นฉ่าย, ต้นหอมซอย, กระเทียมเจียว",อยากกินข้าวต้มปลาอร่อยๆ จะทำใฟ้แฟนกิน, ข้าวสวย ปลากะพง เห็ดหอม ข่า รากผักชี อยากทำข้าวต้มปลา น้ำใส หอมข่า ปลาสดหวาน เนื้อนุ่ม,ปลากะพง ซีอิ๊วขาว พริกไทย ซุปกระดูกหมู ขึ้นฉ่าย อยากทำข้าวต้มน้ำใส ปลาสด หอมหวาน รสชาติอ่อน กินง่าย
ข้าวต้มมัดสูตรคุณยาย,"{'กล้วยน้ำว้าสุก': '2 หวี', 'ข้าวเหนียว': '1 กิโลกรัม', 'ถั่วดำ': '1 ถ้วย', 'หัวกะทิ': '700 ml', 'น้ำตาลทราย': '400 กรัม', 'เกลือป่น': '5 ช้อนชา'}",แคลน้อย,โปรตีนน้อย,ไขมันน้อย,คาร์บกลาง,"กล้วยน้ำว้า, ข้าวเหนียว, ถั่วดำ, หัวกะทิ, น้ำตาลทราย, เกลือป่น, ใบตอง",ทำขนมหวานที่กินได้ทั้งตำบล ใช้ กล้วย กะทิ ข้าวเหนียว ทำอะไรกินดี , กล้วยน้ำว้า ข้าวเหนียว ถั่วดำ หัวกะทิ น้ำตาลทราย อยากทำขนมไทย ห่อใบตอง หวานหอม เหนียวนุ่ม ใส่กล้วย,ข้าวเหนียว ถั่วดำ เกลือป่น ใบตอง กล้วยน้ำว้า อยากทำของหวานโบราณ ห่อใบไผ่ หอมกะทิ เหนียวหนึบ รสชาติดั้งเดิม
ข้าวต้มมัด,"{'ข้าวเหนียวเก่า': '2 กระป๋อง', 'กะทิ': 'ครึ่งกิโลกรัม', 'ถั่วดำ': '1 ถ้วย', 'เกลือ': '2 ช้อนโต๊ะ', 'น้ำตาล': '8 ช้อนโต๊ะ', 'ใบตอง': '8 ใบใหญ่', 'ตอก': '', 'กล้วยน้ำว้าสุก': '1 หวี'}",แคลน้อย,โปรตีนน้อย,ไขมันน้อย,คาร์บน้อย,"ข้าวเหนียว,  กะทิ, ถั่วดำ,  เกลือ,  น้ำตาล,  ใบตอง, กล้วยน้ำว้า",มีข้าวเหนียวเก่าๆ กับกล้วยเยอะมาก ทำอะไรดี,ข้าวเหนียว กะทิ ถั่วดำ เกลือ น้ำตาล อยากทำขนมห่อ ใบตอง หวานมัน เหนียวนุ่ม หอมกะทิ,ใบตอง กล้วยน้ำว้า ข้าวเหนียว ถั่วดำ กะทิ อยากทำขนมไทย ห่อใบไผ่ ใส่กล้วย หวานหอม เนื้อเหนียว
ข้าวต้มหมูสับ,"{'ข้าวสวย (ข้าวเย็น)': '2 ถ้วย', 'น้ำเปล่า (สำหรับต้มข้าว)': 'ให้ท่วมข้าวที่ต้ม', 'ส่วนผสมน้ำซุป': '', 'น้ำเปล่า': '1 ลิตร', 'คนอร์ซุปก้อนหมู': '2 ก้อน', 'หมูสับ': '200 กรัม', 'รากผักชี + กระเทียม + พริกไทย': '2 ช้อนชา', 'น้ำปลา': '1 ช้อนโต๊ะ', 'กระเทียมเจียว': 'ตามชอบ', 'ต้นหอมซอย + ผักชีซอย': 'อย่างละ 1 ต้น', 'พริกไทยป่น': 'ตามชอบ', 'พริกน้ำส้ม': 'ตามชอบ'}",แคลมาก,โปรตีนน้อย,ไขมันสูง,คาร์บน้อย,"ข้าวสวย, น้ำเปล่า, ส่วนผสม, น้ำเปล่า, คนอร์ซุปก้อนหมู, หมูสับ, รากผักชี, ไทย, น้ำปลา, กระเทียม, ต้นหอม, พริกไทยป่น",มีข้าวสวยเก่าที่หุงไว้สองวันที่แล้ว กับหมูสับ พริกไทย ผักชี ทำอะไรกินดี ,ข้าวสวย หมูสับ รากผักชี คนอร์ซุปก้อนหมู อยากทำข้าวต้มหมู น้ำใส หอมหวาน เนื้อสับนุ่ม รสชาติเข้มข้น,หมูสับ น้ำปลา กระเทียม ต้นหอม พริกไทยป่น อยากทำข้าวต้มเนื้อ หอมเครื่องเทศ เนื้อสับหวาน รสชาติกลมกล่อม
ข้าวแต๋น,"{'ข้าวแต๋นดิบ': '500 กรัม', 'เกลือ': '3 กรัม', 'น้ำตาลปี๊บ': '400 กรัม', 'น้ำตาลทรายแดง': '150 กรัม'}",แคลน้อย,โปรตีนน้อย,ไขมันน้อย,คาร์บสูง,"ข้าวแต๋น, เกลือ, น้ำตาลปี๊บ, น้ำตาลทรายแดง",อยากเอาข้าวแต๋นมาใช้ ,ข้าวแต๋น เกลือ น้ำตาลปี๊บ น้ำตาลทรายแดง อยากทำขนมเก่า หวานเค็ม เนื้อนุ่ม รสชาติโบราณ กินเล่น,น้ำตาลทรายแดง ข้าวแต๋น เกลือ น้ำตาลปี๊บ อยากทำของหวานไทย เนื้อเหนียว หวานหอม รสชาติดั้งเดิม
ข้าวผัดกระเทียมเบคอนกรอบ,"{'ข้าวสวย': '3 ถ้วยตวง', 'กระเทียม': '1 ถ้วยตวง', 'เบคอนหั่นชิ้น': '1 ถ้วยตวง', 'เนยจืด': '1½ ช้อนโต๊ะ', 'โชยุ': '1 ช้อนโต๊ะ', 'น้ำตาล': '1 ช้อนชา', 'เกลือ': '1 ช้อนชา', 'พริกไทย': '1 ช้อนชา', 'ต้นหอมซอย': '3 ช้อนโต๊ะ'}",แคลกลาง,โปรตีนน้อย,ไขมันกลาง,คาร์บกลาง,"ข้าวสวย, กระเทียม, เบคอน, เนยจืด, โชยุ, น้ำตาล, เกลือ, พริกไทย, ต้นหอม",อยากกินข้าวผัดกระเทียม แบบแนวญี่ปุ่น ใส่เบคอน เนย โชยุ ต้นหอม ทำอะไรกินดี, ข้าวสวย กระเทียม เบคอน เนยจืด โชยุ น้ำตาล อยากทำข้าวผัดเบคอน หอมกระเทียม เบคอนกรอบ รสชาติเข้มข้น, เบคอน กระเทียม เนยจืด เกลือ พริกไทย ต้นหอม อยากทำข้าวผัดง่าย หอมเนย เบคอนหอมกรอบ รสชาติเค็มหวาน
ข้าวผัดกุ้ง,"{'ข้าวสวย': '2 ถ้วย', 'กุ้งสดแกะเปลือกผ่าหลัง': '110 กรัม', 'ไข่ไก่': '2 ฟอง', 'แครอทซอย': '2 ช้อนโต๊ะ', 'ซอสปรุงรส': '2 ช้อนโต๊ะ', 'ผงปรุงรส': '1 ช้อนชา', 'น้ำตาลทราย': '1 ช้อนชา', 'เกลือป่น': 'เล็กน้อย', 'เนย': '8 กรัม', 'พริกไทยป่น': '1 ช้อนชา', 'น้ำมันพืช': '2 ช้อนโต๊ะ', 'ต้นหอมซอย': '2 ต้น'}",แคลมาก,โปรตีนน้อย,ไขมันสูง,คาร์บกลาง,"ข้าวสวย,  กุ้งสด,  ไข่ไก่,  แครอท,  ซอสปรุงรส,  น้ำตาลทราย,  เกลือ, เนย,  พริกไทย,  น้ำมัน,  ต้นหอม",อยากกินข้าวผัดกุ้งฉ่ำๆ อร่อยๆ ,ข้าวสวย กุ้งสด ไข่ไก่ แครอท ซอสปรุงรส น้ำตาลทราย อยากทำข้าวผัดทะเล กุ้งหวาน ผักสวย ใส่ไข่ รสชาติหวาน,กุ้งสด ไข่ไก่ เกลือ เนย พริกไทย ต้นหอม อยากทำข้าวผัดง่าย กุ้งสด ไข่ฟู หอมเนย รสชาติอ่อน
ข้าวผัดไข่,"{'ข้าวสวย': '3 ถ้วย', 'ไข่ไก่': '3 ฟอง', 'แครอทสับ': '1 ช้อนโต๊ะ', 'ซอสปรุงรส': '2 ช้อนโต๊ะ', 'เกลือ': '1/2 ช้อนชา', 'เนย': '10 กรัม', 'ต้นหอมซอย': '1 ช้อนโต๊ะ', 'น้ำมันพืช': 'เล็กน้อย'}",แคลมาก,โปรตีนน้อย,ไขมันสูง,คาร์บน้อย,"ข้าวสวย, ไข่ไก่, แครอท, ซอสปรุงรส, เกลือ, เนย, ต้นหอมซอย, น้ำมันพืช",ดูคลิป Uncle Roger มา เลยอยากทำเมนูนี้ ทำง่ายๆ มีไข่ ข้าส แครอท หัวหอม เพิ่มความหวาน,ข้าวสวย ไข่ไก่ แครอท ซอสปรุงรส เกลือ เนย อยากทำข้าวผัดง่าย ไข่ฟู ผักสวย หอมเนย รสชาติอ่อน,ไข่ไก่ ต้นหอมซอย น้ำมันพืช ข้าวสวย แครอท อยากทำเมนูง่าย ไข่นุ่ม ผักหวาน รสชาติกลมกล่อม
ข้าวผัดโชยุไข่เยิ้ม,"{'โชยุ': '3 ช้อนโต๊ะ', 'ข้าวญี่ปุ่นหุงสุก': '1 ถ้วยตวง', 'หอมใหญ่สับ': '2 ช้อนโต๊ะ', 'กระเทียมสับ': '1 ช้อนโต๊ะ', 'ไข่ไก่': '2 ฟอง', 'นมสด': '¼ ถ้วยตวง', 'น้ำมัน': '2 ช้อนโต๊ะ', 'เนยจืด': '2 ช้อนโต๊ะ', 'พาร์สลีย์': 'สำหรับตกแต่ง'}",แคลมาก,โปรตีนน้อย,ไขมันสูง,คาร์บน้อย,"โชยุ, ข้าวญี่ปุ่น, หอมใหญ่, กระเทียม ไข่ไก่, นมสด, น้ำมัน, เนยจืด, พาร์สลีย์, กระเทียม, หอมใหญ่, เนยจืด, เห็ดแชมปิญอง, ไวน์แดง, น้ำซุปเกรวี, ผงซุปเห็ด, น้ำ, เกลือ, พริกไทย, ซอสมะเขือเทศ",อยากทำอาหารที่ ใส่ โชยุ ข้าว เนย กระเทียม เห็ด ไข่ ทำอะไรกินดี ,โชยุ ข้าวญี่ปุ่น หอมใหญ่ กระเทียม ไข่ไก่ นมสด อยากทำข้าวผัดญี่ปุ่น ไข่เยิ้ม หอมโชยุ รสชาติเค็มหวาน,ไข่ไก่ เนยจืด พาร์สลีย์ เห็ดแชมปิญอง ไวน์แดง น้ำซุปเกรวี อยากทำข้าวผัดฝรั่ง ไข่นุ่ม หอมเนย รสชาติเข้มข้น
ข้าวผัดแซลมอน,"{'ข้าวญี่ปุ่น': '200 กรัม', 'น้ำสะอาด': '240 มิลลิลิตร', 'แซลมอนสเต๊ก': '200 กรัม 2 ชิ้น', 'ต้นหอมซอย': '40 กรัม', 'กระเทียม': '20 กรัม', 'แคร์รอตหั่นเต๋าเล็ก': '60 กรัม', 'โชยุ': '2 ช้อนโต๊ะ', 'เกลือ': 'เล็กน้อย', 'พริกไทยดำ': 'เล็กน้อย', 'ไข่ไก่': '2 ฟอง', 'น้ำมัน': '3 ช้อนโต๊ะ'}",แคลมาก,โปรตีนกลาง,ไขมันสูง,คาร์บกลาง,"ข้าวญี่ปุ่น, น้ำสะอาด, แซลมอน, ต้นหอม, กระเทียม, แคร์รอต, โชยุ, เกลือ, พริกไทยดำ, ไข่ไก่, น้ำมัน",มีข้าวญี่ปุ่น แซลมอนชิ้นใหญ่ โชยุ ไข่ไก่ มิริน ทำอาหารอะไรดี ,ข้าวญี่ปุ่น แซลมอน ต้นหอม กระเทียม แคร์รอต โชยุ อยากทำข้าวผัดปลา แซลมอนหอม ผักสวย รสชาติเค็มหวาน,แซลมอน เกลือ พริกไทยดำ ไข่ไก่ น้ำมัน ข้าวญี่ปุ่น อยากทำข้าวผัดญี่ปุ่น ปลาสด ไข่นุ่ม รสชาติหอมหวาน
ข้าวผัดปลาหมึกไข่เค็ม,"{'ข้าว': '1 ถ้วยตวง (125 ก.)', 'น้ำสะอาด': '1.2 ถ้วยตวง', 'ไข่แดงเค็มหั่นชิ้น': '2 ฟอง', 'ไข่แดงเค็มบด': '3 ฟอง', 'ซอสหอยนางรม': '2 ช้อนโต๊ะ', 'ซีอิ๊วขาว': '2 ช้อนโต๊ะ', 'น้ำตาลทรายขาว': '1 ช้อนโต๊ะ', 'น้ำพริกเผา': '2 ช้อนโต๊ะ', 'กระเทียมสับ': '1 ช้อนโต๊ะ', 'หอมใหญ่สับ': '2 ช้อนโต๊ะ', 'หมึกกล้วยหั่นชิ้น': '1 ตัว', 'ต้นหอมซอย': '1 ช้อนโต๊ะ'}",แคลกลาง,โปรตีนกลาง,ไขมันน้อย,คาร์บกลาง,"ข้าว, น้ำสะอาด, ไข่แดง, ซอสหอยนางรม, ซีอิ๊วขาว, น้ำตาลทรายขาว, น้ำพริกเผา, กระเทียม, หอมใหญ่, หมึก, ต้นหอม, ผักเคียง",มี ข้าว น้ำ น้ำพริกเผา ไข่แดง หมึก หอมหัวใหญ่ ,ข้าว ไข่แดง ซอสหอยนางรม ซีอิ๊วขาว น้ำตาลทรายขาว หมึก อยากทำข้าวผัดทะเล ไข่เค็มหอม หมึกนุ่ม รสชาติเค็มหวาน,น้ำพริกเผา กระเทียม หอมใหญ่ หมึก ต้นหอม ผักเคียง อยากทำข้าวผัดเผ็ด หมึกสด พริกเผาหอม รสชาติจัดจ้าน
ข้าวผัดสับปะรด,"{'เกลือ': '⅓ ช้อนชา', 'ซีอิ๊วขาว': '2 ช้อนชา', 'ซอสปรุงรส': '2 ช้อนชา', 'พริกไทยป่น': '1 ช้อนชา', 'ผงกะหรี่': '1 ช้อนโต๊ะ', 'เนยสดจืด': '2 ช้อนโต๊ะ', 'กระเทียมสับ': '2 ช้อนโต๊ะ', 'หอมหัวใหญ่สับ': '2 ช้อนโต๊ะ', 'ผักสามสี': '½ ถ้วย', 'ต้นหอมซอย': '½ ถ้วย', 'ไข่ไก่': '2 ฟอง', 'กุ้ง': '1 ถ้วย', 'กุนเชียง': '½ ถ้วย', 'แฮม': '½ ถ้วย', 'ลูกเกด': '½ ถ้วย', 'หมูหยอง': '½ ถ้วย', 'เม็ดมะม่วงหิมพานต์อบ': '½ ถ้วย'}",แคลมาก,โปรตีนสูง,ไขมันสูง,คาร์บน้อย,"เกลือ, ซีอิ๊วขาว, ซอสปรุงรส, พริกไทย, ผงกะหรี่, เนยสดจืด, กระเทียมสับ, หอมหัวใหญ่สับ, ผักสามสี, ต้นหอมซอย, ไข่ไก่, กุ้ง, กุนเชียง, แฮม, ลูกเกด, หมูหยอง, เม็ดมะม่วงหิมพานต์",มีเกลือ ซีอิ้ว กระเทียม หอม เนย ผงกะหรี่  สัปปะรด ลูกเกด กุนเชียง ทำอะไรกิน ที่ทำแล้วประทับใจ,เกลือ ซีอิ๊วขาว ผงกะหรี่ กุ้ง กุนเชียง แฮม ลูกเกด หมูหยอง อยากทำข้าวผัดหวาน ใส่ผลไม้ ใส่เนื้อหลายชนิด รสชาติหวานเค็ม หอมกะหรี่,ผงกะหรี่ เนยสดจืด กุ้ง กุนเชียง แฮม เม็ดมะม่วงหิมพานต์ ลูกเกด อยากทำข้าวผัดผลไม้ หอมเครื่องเทศ หวานมัน ใส่ถั่วกรอบ
ข้าวผัดแหนม,"{'ข้าวเย็น': '3 ทัพพี', 'แหนม': '80 กรัม', 'มะนาว': '1/2 ลูก', 'พริกขี้หนู': '5 เม็ด', 'ต้นหอมซอย': '1/4 ถ้วย', 'ขิงอ่อนหั่นเต๋า': '1/4 ถ้วย', 'กระเทียมซอย': '3 กลีบ', 'ซอสหอยนางรม': '1 ช้อนโต๊ะ', 'น้ำมันสำหรับผัด': '', 'หอมแดงซอย': 'สำหรับแต่งจาน', 'ถั่วคั่ว': 'สำหรับแต่งจาน', 'ผักอื่น ๆ': 'ตามต้องการ'}",แคลน้อย,โปรตีนกลาง,ไขมันน้อย,คาร์บน้อย,"ข้าวเย็น, แหนม, มะนาว, พริกขี้หนู, ต้นหอม, ขิงอ่อน, กระเทียม, ซอสหอยนางรม, น้ำมัน, หอมแดง, ถั่ว",อยากทำอาหารที่ใช้ ข้าวเย็น แหนม มะนาว พริกขี้หนู อร่อย แซ่บๆ ,ข้าวเย็น แหนม มะนาว พริกขี้หนู ต้นหอม ขิงอ่อน อยากทำข้าวผัดเปรี้ยว แหนมหอม เผ็ดเปรี้ยว รสชาติแซ่บ,กระเทียม ซอสหอยนางรม น้ำมัน หอมแดง ถั่ว แหนม อยากทำข้าวผัดไทย แหนมเปรี้ยว หอมกระเทียม รสชาติจัดจ้าน
ข้าวผัดอเมริกันไข่ข้น,"{'น่องไก่': '2 น่อง', 'เกลือ': 'เล็กน้อย', 'พริกไทย': 'เล็กน้อย', 'แป้งทอดกรอบ': '1/2 ถ้วยตวง', 'ไส้กรอก': 'ตามชอบ', 'หอมหัวใหญ่สับ': '2 ช้อนโต๊ะ', 'กระเทียมสับ': '1 ช้อนโต๊ะ', 'ลูกเกดดำ': '2 ช้อนโต๊ะ', 'ผักสามสี': '3 ช้อนโต๊ะ', 'ข้าวหอมมะลิแช่เย็น': '2 ถ้วย', 'เนยจืด': '2 ช้อนโต๊ะ', 'ซอสมะเขือเทศ': '3 ช้อนโต๊ะ', 'น้ำตาลทราย': '1 ช้อนโต๊ะ', 'ซีอิ๊วขาว': '1 ช้อนโต๊ะ', 'ไข่ไก่': '2 ฟอง', 'นมสด': '2 ช้อนโต๊ะ'}",แคลมาก,โปรตีนกลาง,ไขมันกลาง,คาร์บกลาง,"น่องไก่, เกลือ, พริกไทย, แป้งทอดกรอบ, ไส้กรอก, หอมหัวใหญ่, กระเทียม, ลูกเกด, ข้าวหอมมะลิ, เกลือ, พริกไทยป่น, เนยจืด, ซอสมะเขือเทศ, น้ำตาลทราย, ซีอิ๊วขาว, ไข่ไก่, นมสด",ทำน่องไก่ เกลือ แป้งทอดกรอบ ไส้กรอก หอม กระเทียม ข้าว ซอสมะเขือเทศ​ ทำอะไรกินดี ,น่องไก่ เกลือ พริกไทย แป้งทอดกรอบ ไส้กรอก หอมหัวใหญ่ อยากทำข้าวผัดฝรั่ง ไก่ทอด ไส้กรอก รสชาติเข้มข้น,กระเทียม ลูกเกด ข้าวหอมมะลิ เนยจืด ซอสมะเขือเทศ ไข่ไก่ นมสด อยากทำข้าวผัดแฮม ไข่ครีม หวานเค็ม รสชาติเข้มข้น
ข้าวมันกุ้ง,"{'ข้าว': '600 กรัม', 'กุ้งสด (ปอกเปลือกผ่าหลังดึงเส้นดำออก)': '200 กรัม', 'หัวกุ้งและเปลือกกุ้ง': '50 ตัว', 'กระเทียม': '5 กลีบ', 'ขิงหั่น': '3 แว่น', 'รากผักชี': '4 ราก', 'ซีอิ๊วขาว': '2 ช้อนโต๊ะ', 'พริกไทยป่น': '1/4 ช้อนชา', 'เกลือป่น': '1/2 ช้อนชา', 'น้ำซุปไก่': '960 มิลลิลิตร', 'น้ำมันพืช': '2 ช้อนโต๊ะ', 'น้ำจิ้มซีฟู้ด': 'สำหรับเสิร์ฟเคียง', 'ผักชี': 'สำหรับตกแต่ง'}",แคลกลาง,โปรตีนน้อย,ไขมันกลาง,คาร์บน้อย,"ข้าว, กุ้งสด, หัวกุ้ง, กระเทียม, ขิง, รากผักชี, ซีอิ๊วขาว, พริกไทยป่น, เกลือป่น, น้ำซุปไก่, น้ำมันพืช, น้ำจิ้มซีฟู้ด, ผักชี",ข้าว กุ้ง เกลือ ,ข้าว กุ้งสด หัวกุ้ง กระเทียม ขิง รากผักชี อยากทำข้าวมันทะเล กุ้งหอม หัวกุ้งหวาน ข้าวหอม น้ำซุปเข้มข้น,ซีอิ๊วขาว พริกไทยป่น เกลือป่น น้ำซุปไก่ น้ำจิ้มซีฟู้ด ผักชี อยากทำข้าวมันอร่อย กุ้งสด น้ำจิ้มแซ่บ ข้าวหอมมัน
ข้าวมันไก่สามสหาย,"{'ข้าวหอมมะลิ': '300 กรัม', 'น้ำซุปกระดูกไก่': '390 มิลลิลิตร', 'กระเทียม': '5-7 กลีบ', 'รากผักชี': '3-5 ราก', 'ขิงแก่': '6 แผ่น', 'น้ำมันพืช': '40 มิลลิลิตร', 'สะโพกไก่': '600 กรัม', 'สามเกลอ': '2 ช้อนโต๊ะ', 'ซอสหอยนางรม': '3 ช้อนโต๊ะ', 'ซอสปรุงรส': '3 ช้อนโต๊ะ', 'น้ำตาล': '2 ช้อนโต๊ะ', 'แป้งทอดกรอบ': '200 กรัม', 'น้ำสะอาด': '150 มิลลิลิตร', 'เกลือ': '1 ช้อนชา'}",แคลกลาง,โปรตีนน้อย,ไขมันกลาง,คาร์บน้อย,"ข้าวหอม, น้ำซุปกระดูกไก่, กระเทียม, รากผักชี, ขิงแก่ฝานแผ่นบาง, น้ำมันพืช, สามเกลอ, ซอสหอยนางรม, ซอสปรุงรส, น้ำตาล, แป้งทอดกรอบ, น้ำ, เกลือ, รากผักชี, กระเทียม",อยากกินอาหารที่ทำจีบสาวแล้วเขาชอบประทับใจ ตอนนี้มี ไก่ ข้าว ขิง สามเกลอ น้ำมันพืช ,ข้าวหอม น้ำซุปกระดูกไก่ กระเทียม รากผักชี ขิงแก่ สามเกลอ อยากทำข้าวมันไก่ ไก่หอม ข้าวมัน น้ำซุปเข้มข้น, ซอสหอยนางรม ซอสปรุงรส น้ำตาล แป้งทอดกรอบ เกลือ รากผักชี อยากทำข้าวมันอร่อย ไก่นุ่ม ซอสเข้มข้น รสชาติกลมกล่อม
ข้าวหน้าไก่ราชวงศ์,"{'ข้าวหอม': '200 กรัม', 'ไก่': '1 กิโลกรัม', 'ซีอิ๊วขาว (สำหรับน้ำราด)': '2 ช้อนโต๊ะ', 'ซีอิ๊วขาว (สำหรับหมัก)': '1 ช้อนโต๊ะ', 'ซีอิ๊วดำหวาน': '3 ช้อนโต๊ะ', 'พริกไทยป่น': '1 ช้อนชา', 'แป้งข้าวโพด (สำหรับหมัก)': '2 ช้อนโต๊ะ', 'แป้งข้าวโพด': '7 ช้อนโต๊ะ', 'น้ำมันงา': '2 ช้อนโต๊ะ', 'น้ำมันพืช': '50 มิลลิลิตร', 'น้ำสต๊อก': '1,600 มิลลิลิตร', 'ซอสปรุงรส': '1 ช้อนโต๊ะ', 'น้ำตาลทราย': '3 ช้อนโต๊ะ', 'พริกชี้ฟ้าเขียว': 'สำหรับเสิร์ฟเคียง', 'ผักชี': 'สำหรับเสิร์ฟเคียง'}",แคลมาก,โปรตีนกลาง,ไขมันสูง,คาร์บกลาง,"ข้าวหอม, ไก่, ซีอิ๊วขาว, ซีอิ๊วดำหวาน, พริกไทย, แป้งข้าวโพด, แป้งข้าวโพด, น้ำมันงา, น้ำมันพืช, น้ำสต๊อก, ซอสปรุงรส, น้ำตาลทราย, พริกชี้ฟ้าเขียว, ผักชี",อยากใช้ใก่ทำอาหาร ซีอิ้ว แป้ง น้ำมัน ผักชี ทำอะไรดี ,ข้าวหอม ไก่ ซีอิ๊วขาว ซีอิ๊วดำหวาน น้ำมันงา พริกชี้ฟ้าเขียว อยากทำข้าวหน้าเนื้อ ราดซอสเข้มข้น ไก่นุ่มจืด หอมน้ำมันงา, ไก่ ข้าวหอม แป้งข้าวโพด น้ำสต๊อก ซอสปรุงรส ผักชี อยากทำข้าวราดแกง ใส่เนื้อนุ่ม ซอสข้นหนืด รสชาติเข้มข้น
ข้าวหมูกรอบ,"{'หมูสามชั้น': '1 กิโลกรัม', 'น้ำส้มสายชู': '4 ช้อนโต๊ะ', 'เกลือ': '2 ช้อนชา', 'น้ำมันงา': '1 ช้อนโต๊ะ', 'กระเทียม': '3 กลีบ', 'หอมแดง': '3 หัว', 'รากผักชี': '2 ราก', 'เต้าเจี้ยว': '2 ช้อนโต๊ะ', 'ซอสหอยนางรม': '1 ข้อนโต๊ะ', 'น้ำตาล': '1 ช้อนโต๊ะ', 'ซีอิ๊วดำ': '1 ช้อนโต๊ะ', 'น้ำซุป': '1 ถ้วยตวง', 'นมสด': '½ ถ้วยตวง', 'แป้งมัน': '2 ช้อนโต๊ะ', 'งาขาว': 'ตามชอบ'}",แคลมาก,โปรตีนกลาง,ไขมันกลาง,คาร์บน้อย,"หมูสามชั้น, น้ำส้มสายชู, เกลือ, น้ำมันงา, กระเทียม, หอมแดง, รากผักชี, เต้าเจี้ยว, ซอสหอยนางรม, น้ำตาล, ซีอิ๊วดำ, น้ำซุป, นมสด, แป้งมัน, งาขาว",อยากใช้หมูสามชั้นเยอะๆ เต้าเจี้ยว ซอสหอย แป้งมัน น้ำส้มสายชู มีข้าวด้วยทำอะไรดี, หมูสามชั้น น้ำส้มสายชู เกลือ น้ำมันงา กระเทียม หอมแดง อยากทำหมูกรอบ หมูหอม กรอบนอก นุ่มใน เค็มหวาน, รากผักชี เต้าเจี้ยว ซอสหอยนางรม น้ำตาล ซีอิ๊วดำ น้ำซุป อยากทำหมูราดข้าว ซอสเข้มข้น หมูนุ่ม รสชาติจัดจ้าน
ข้าวเหนียวน้ำกะทิทุเรียน,"{'ข้าวเหนียวเขี้ยวงู': '1 ถ้วยตวง', 'น้ำสะอาด': '1.25 ถ้วยตวง', 'กะทิคั้นสด': '500 กรัม', 'น้ำตาลทราย': '2 ช้อนโต๊ะ', 'เกลือป่น': '1 ช้อนชา', 'ใบเตย': '3 ใบ', 'ทุเรียนหมอนทองสุกๆ': '110 กรัม (รวมเม็ด)', 'น้ำตาลโตนด': '2 ช้อนโต๊ะ'}",แคลกลาง,โปรตีนน้อย,ไขมันน้อย,คาร์บสูง,"ข้าวเหนียว, น้ำสะอาด, กะทิคั้น, น้ำตาลทราย, เกลือ, ใบเตย, ทุเรียน, น้ำตาลโตนด, เกลือ, ใบเตย",อยากทำไว้กินกับทุเรียน ใช้ ข้าวเหนียว กะทิ ทำอะไรกินดี, ข้าวเหนียว กะทิคั้น น้ำตาลทราย เกลือ ใบเตย ทุเรียน อยากทำขนมหวาน ข้าวเหนียวนุ่ม กะทิหอม ทุเรียนหวาน,ทุเรียน น้ำตาลโตนด เกลือ ใบเตย ข้าวเหนียว อยากทำขนมไทย ทุเรียนหอม เหนียวนุ่ม หวานมัน รสชาติเข้มข้น
ข้าวอบกุนเชียง,"{'ข้าวหอม': '200 กรัม', 'น้ำเปล่า': '300 มิลลิลิตร', 'กุนเชียงหั่นแว่น': '1 ถ้วย', 'เห็ดหอม': '5 ดอก', 'แปะก๊วย': '50 กรัม', 'แคร์รอตหั่นเต๋าเล็ก': '50 กรัม', 'คะน้าหั่นชิ้นเล็ก': '70 กรัม', 'ซอสปรุงรส': '1 ช้อนโต๊ะ', 'ซอสหอยนางรม': '1 ช้อนโต๊ะ', 'พริกไทยป่น': '½ ช้อนชา', 'น้ำตาล': '½ ช้อนชา', 'น้ำมันพืช': '½ ช้อนโต๊ะ', 'น้ำมันงา': '1 ช้อนโต๊ะ'}",แคลมาก,โปรตีนกลาง,ไขมันสูง,คาร์บน้อย,"ข้าวหอม, น้ำเปล่า, กุนเชียง, เห็ดหอม, แปะก๊วย, แคร์รอต, คะน้า, ซอสปรุงรส, ซอสหอยนางรม, พริกไทยป่น, น้ำตาล, น้ำมันพืช, น้ำมันงา",มีกุนเชียงเยอะมาก อยากจะทำข้าวอร่อยๆ,ข้าวหอม กุนเชียง เห็ดหอม แปะก๊วย แคร์รอต คะน้า อยากทำข้าวอบ กุนเชียงหอม ผักสวย น้ำซุปเข้มข้น,ซอสปรุงรส ซอสหอยนางรม พริกไทยป่น น้ำตาล น้ำมันงา อยากทำข้าวอบอร่อย กุนเชียงหวาน หอมเครื่องเทศ รสชาติเข้มข้น
ข้าวอบเบคอน,"{'ข้าว': '300 กรัม', 'เบคอน': '200 กรัม', 'กระเทียมสับ': '2 ช้อนโต๊ะ', 'ซอสปรุงรส': '2 ช้อนโต๊ะ', 'ซอสหอยนางรม': '2 ช้อนโต๊ะ', 'พริกไทย': '1 ช้อนชา', 'น้ำเปล่า': '320 มิลลิลิตร', 'ผักสามสีต้ม': '½ ถ้วยตวง', 'ต้นหอมซอย': 'สำหรับโรยหน้า'}",แคลกลาง,โปรตีนน้อย,ไขมันกลาง,คาร์บน้อย,"ข้าว, เบคอน, กระเทียมสับ, ซอสปรุงรส, ซอสหอยนางรม, พริกไทย, น้ำเปล่า, ผัก, ต้นหอมซอย",มีเบคอน ผัก อยากกินให้เฮลตี้มากขึ้น คาร์บน้อย แต่อร่อยทำอะไรกินดี,ข้าว เบคอน กระเทียมสับ ซอสปรุงรส ซอสหอยนางรม พริกไทย อยากทำข้าวอบง่าย เบคอนกรอบ หอมกระเทียม รสชาติเค็มหวาน,เบคอน ผัก ต้นหอมซอย ข้าว น้ำเปล่า อยากทำข้าวอบเบคอน เบคอนหอม ผักสด กินง่าย รสชาติอ่อน
ไข่คน Scrambled egg,"{'ไข่ไก่': '2 ฟอง', 'เนย': 'ไม่ระบุ'}",แคลกลาง,โปรตีนน้อย,ไขมันกลาง,คาร์บน้อย,"ไข่ไก่, เนย",มี ไข่ เนย นม อยากทพเมนูไข่ที่ดีที่สุด,ไข่ไก่ เนย อยากทำไข่นุ่ม ไข่ครีม เนยหอม เนื้อลื่น รสชาติอ่อน กินเช้า,อยากกินอาหารเบาๆ ตอนเช้า ทำมาจากไข่ ที่เหลือในตู้เย็น 
ไข่เค็มผัดกระเพรา,"{'ไข่เค็ม': '2 ฟอง', 'หมูสับ': 'ครึ่งกิโลกรัม', 'กระเพรา': 'ตามชอบ', 'ถั่วฝักยาว': '3-4 ฝัก', 'น้ำปลา': 'ตามชอบ', 'น้ำตาล': 'ตามชอบ', 'น้ำมันหอย': 'ตามชอบ', 'น้ำพริกเผา': '1 ช้อนโต๊ะ', 'พริกจินดา': '6 เม็ด'}",แคลมาก,โปรตีนกลาง,ไขมันสูง,คาร์บน้อย,"ไข่เค็ม,  หมู, ใบกะเพรา, ถั่วฝักยาว,  น้ำปลา, น้ำตาล, น้ำมันหอย, น้ำพริกเผา, พริกจินดา",มีไข่เค็ม ใบกะเพรา ถั่ว น้ำพริก ทำอะไรกินได้บ้าง,,
ไข่เจียวกากหมู,"{'ไข่เป็ด': '2 ฟอง', 'กากหมูทอด': 'ตามชอบ', 'น้ำปลา': '1 ช้อนโต๊ะ', 'พริกไทย': 'ตามชอบ'}",แคลกลาง,โปรตีนน้อย,ไขมันกลาง,คาร์บน้อย,"ไข่เป็ด,  กากหมู, น้ำปลา,  พริกไทย",อยากกินไข่เจียวอ้วนๆ มี กากหมู ข้าว ทำอะไรกินดี ที่อร่อยๆ เด็กอ้วนถุกใจ,ไข่เป็ด กากหมู น้ำปลา พริกไทย ทอดกรอบหอม อร่อยเข้มข้น อยากทำจากไข่เป็ดกับกากหมูหอมๆ รสชาติดี,"กากหมู ไข่เป็ด ผัดทอด น้ำปลา รสเค็ม หอมมัน อยากได้เมนูจากไข่เป็ดกับหมูแห้งหอมๆ ง่ายๆ
"
ไข่เจียวกุ้ง,"{'ไข่ไก่': '3 ฟอง', 'กุ้งสับหยาบ': '1/4 ถ้วย', 'กุ้งเป็นตัว': '5 ตัว', 'ซีอิ้วขาว': '1 ช้อนชา', 'น้ำมันสำหรับทอด': '1 ช้อนชา', 'พริกไทยป่น(ไม่ใส่ก็ได้)': '1/2 ช้อนชา'}",แคลน้อย,โปรตีนกลาง,ไขมันน้อย,คาร์บน้อย,"ไข่ไก่,  กุ้ง,  ซีอิ้วขาว,  น้ำมัน, พริกไทย",อยากกินไข่เจียวกุ้ง,ไข่ไก่ กุ้ง ซีอิ้วขาว น้ำมัน พริกไทย ทอดกรอบ รสหวาน อยากทำจากไข่กับกุ้งสดๆ หอมมัน,กุ้งสด ไข่ไก่ ซีอิ้ว ผัดทอด น้ำมัน รสชาติดี อยากได้เมนูง่ายๆ จากไข่กับกุ้งหวานๆ
ไข่เจียวทรงเครื่องซอสมันกุ้ง,"{'ไข่ไก่': '5 ฟอง', 'น้ำปลา': '1 ช้อนโต๊ะ', 'ซอสปรุงรส': '1 ช้อนโต๊ะ', 'เนื้อกุ้งหั่นชิ้น': '300 กรัม', 'ผงฟู': '1/2 ช้อนชา', 'มันหัวกุ้ง': '3 ช้อนโต๊ะ', 'น้ำสต๊อกไก่': '200 มิลลิลิตร', 'ซีอิ๊วขาว': '2 ช้อนโต๊ะ', 'น้ำตาลทราย': '1/2 ช้อนโต๊ะ', 'กุ้งลายเสือ': '150 กรัม', 'ผักสามสี': '50 กรัม', 'แป้งข้าวโพดผสมน้ำ': '2 ช้อนโต๊ะ', 'ต้นหอมซอย': 'สำหรับตกแต่ง'}",แคลมาก,โปรตีนกลาง,ไขมันสูง,คาร์บกลาง,"ไข่ไก่, น้ำปลา, ซอสปรุงรส, เนื้อกุ้ง, ผงฟู, มันกุ้ง, น้ำสต๊อกไก่, ซีอิ๊วขาว, น้ำตาลทราย, กุ้ง, ผัก, แป้งข้าวโพด, ต้นหอมซอย",ไข่เจียวลัคชู ใส่เครื่องได้ตามใจชอบ กุ้ง ผัก และเครื่องปรุงรสตามใจชอบ,ไข่ไก่ น้ำปลา กุ้ง มันกุ้ง ผงฟู ซีอิ๊วขาว น้ำตาลทราย ผัก แป้งข้าวโพด ต้นหอม อยากทำอาหารหรูหราจากไข่กับกุ้งมันๆ,กุ้ง มันกุ้ง ไข่ไก่ ซอสปรุงรส น้ำสต๊อก ผัก รสชาติเข้มข้น อยากได้เมนูพิเศษจากไข่กับกุ้งและน้ำซุป
ไข่เจียวทูน่าพริกสับ,"{'ปลาทูน่า': '1 กระป๋อง', 'พริกขี้หนู': '6 เม็ด', 'ไข่ไก่': '2 ฟอง', 'น้ำปลา': 'เล็กน้อย', 'น้ำมันพืช': 'พอประมาณ'}",แคลมาก,โปรตีนน้อย,ไขมันสูง,คาร์บน้อย,"ปลาทูน่า,  พริกขี้หนู,  ไข่ไก่,  น้ำปลา, เล็กน้อย, น้ำมันพืช",อยากกินทูน่า พริก ไข่ คาร์บน้อย ผักกาด เหมาะกับคนสวยแบบเรา,ปลาทูน่า พริกขี้หนู ไข่ไก่ น้ำปลา น้ำมันพืช ทอดเผ็ด รสจัด อยากทำจากทูน่ากับไข่เผ็ดๆ,ทูน่า ไข่ไก่ พริกเผ็ด น้ำปลา ผัดทอด รสเผ็ดเค็ม อยากได้เมนูเผ็ดจากปลากระป๋องกับไข่
ไข่เจียวสามเกลอ,"{'ไข่ไก่': 3, 'ไข่แดงเค็ม': 5, 'ไข่เยี่ยวม้า': 2, 'หมูสับ': 80, 'กุ้งสับ': 50, 'น้ำปลา': 1, 'ผงปรุงรส': 1}",แคลกลาง,โปรตีนกลาง,ไขมันกลาง,คาร์บน้อย,"ไข่ไก่, ไข่แดง, ไข่เยี่ยว, หมู, กุ้ง, น้ำปลา, ผงปรุงรส",มี ไข่แดง ไข่เยี่ยวม้า หมู กุ้ง ไข่ ทำเมนูอะไรดี อร่อยๆ,ไข่ไก่ ไข่แดง ไข่เยี่ยว หมู กุ้ง น้ำปลา ผงปรุงรส ทอดหลากหลาย อยากทำจากไข่หลายชนิดกับเนื้อสัตว์,หมู กุ้ง ไข่หลายแบบ น้ำปลา ผงปรุงรส ผัดทอด รสชาติครบ อยากได้เมนูจากไข่ผสมกับโปรตีนหลายชนิด
ไข่เจียวหมูสับผัดกะเพรา,"{'ไข่ไก่': '4 ฟอง', 'หมูสับ': '100 กรัม', 'ใบกะเพรา': '50 กรัม', 'พริกสับ': '2 ช้อนโต๊ะ', 'กระเทียมสับ': '2 ช้อนโต๊ะ', 'ซอสหอยนางรม': '1 ช้อนโต๊ะ', 'น้ำปลา': '1 ช้อนโต๊ะ', 'น้ำตาล': '1 ช้อนชา'}",แคลกลาง,โปรตีนน้อย,ไขมันกลาง,คาร์บน้อย,"ไข่ไก่, หมู, ใบกะเพรา, พริก, กระเทียม, ซอสหอยนางรม, น้ำปลา, น้ำตาล",อยากินไข่ไก่ ใส่หมู พริก ใบกะเพรา รสชาติเด็ดๆ,ไข่ไก่ หมู ใบกะเพรา พริก กระเทียม ซอสหอยนางรม น้ำปลา น้ำตาล ผัดเผ็ด หอมใบกะเพรา อยากทำจากไข่กับหมูและใบหอมๆ,หมูสับ กะเพรา ไข่ไก่ พริก กระเทียม ซอสหอยนางรม รสเผ็ด หอมกะเพรา อยากได้เมนูเผ็ดจากหมูกับใบหอมๆ
ไข่ดองน้ำปลา,"{'ไข่ไก่': '15 ฟอง', 'น้ำปลาดี': '50 กรัม', 'น้ำสะอาด': '500 มิลลิลิตร', 'น้ำตาลมะพร้าว': '25 กรัม', 'พริกขี้หนูเขียว': '20 กรัม', 'พริกจินดาแดง': '20 กรัม', 'กระเทียมจีน': '50 กรัม'}",แคลกลาง,โปรตีนน้อย,ไขมันกลาง,คาร์บน้อย,"ไข่ไก่, น้ำปลาดี, น้ำสะอาด, น้ำตาลมะพร้าว, พริกขี้, พริกจินดา, กระเทียม",ไข่ดองน้ำปลาอร่อยๆ,ไข่ไก่ น้ำปลาดี น้ำตาลมะพร้าว พริกขี้ พริกจินดา กระเทียม ดองหวานเค็ม รสเข้มข้น อยากทำจากไข่ดองรสจัด,ไข่ไก่ น้ำปลา น้ำตาลมะพร้าว พริก กระเทียม ดองเค็มหวาน หอมเผ็ด อยากได้เมนูดองจากไข่รสเข้มข้น
ไข่แดงดองน้ำปลากวน,"{'ไข่ไก่': '10 ฟอง', 'น้ำปลาเมกาเชฟ': '1 ถ้วยตวง', 'น้ำตาลมะพร้าว': '50 กรัม', 'น้ำตาลทราย': '50 กรัม', 'น้ำเปล่า': '1 ถ้วยตวง'}",แคลกลาง,โปรตีนน้อย,ไขมันกลาง,คาร์บน้อย,"ไข่ไก่, น้ำปลา, น้ำตาลมะพร้าว, น้ำตาลทราย, น้ำเปล่า",ไข่แดงดองน้ำปลา ใส่น้ำปลาอร่อยๆ กินแล้วเยิ้มๆ,ไข่ไก่ น้ำปลา น้ำตาลมะพร้าว น้ำตาลทราย น้ำเปล่า ดองหวานเค็ม เข้มข้น อยากทำจากไข่แดงดองรสหวาน,ไข่แดง น้ำปลา น้ำตาลมะพร้าว ดองเค็มหวาน กวนข้น อยากได้เมนูดองจากไข่แดงรสเข้มข้น
ไข่ตุ๋นแกงเขียวหวาน,"{'ไข่ไก่สด': 'เบอร์ 2 5', 'พริกแกงเขียวหวาน': '', 'น้ำเชื่อม': '1 ช้อนโต๊ะ', 'น้ำปลา': '1 ช้อนโต๊ะ', 'นมสดจืด': '¼ ถ้วยตวง', 'ปูอัด': '50 กรัม', 'ไส้กรอกไก่': '50 กรัม', 'พริกชี้ฟ้าแดง': 'สำหรับตกแต่ง', 'โหระพา': 'สำหรับตกแต่ง'}",แคลมาก,โปรตีนกลาง,ไขมันสูง,คาร์บน้อย,"ไข่ไก่, พริกแกงเขียวหวาน, น้ำเชื่อม, น้ำปลา, นมสดจืด, ปูอัด, ไส้กรอกไก่, พริกชี้ฟ้า, โหระพา",มี ไข่ พริกแกง ปูอัด นมสด ทำอะไรกินดี ,ไข่ไก่ พริกแกงเขียวหวาน น้ำเชื่อม น้ำปลา นมสดจืด ปูอัด ไส้กรอกไก่ พริกชี้ฟ้า โหระพา ตุ๋นเผ็ดหวาน หอมกะทิ อยากทำจากไข่ตุ๋นรสแกงเขียว,แกงเขียวหวาน ไข่ไก่ นมสด ปูอัด ไส้กรอก โหระพา ตุ๋นหอมหวาน เผ็ดนิด อยากได้เมนูตุ๋นรสแกงเขียวหวาน
ไข่ตุ๋นทรงเครื่อง,"{'ไข่ไก่': '4 ฟอง', 'ต้นหอมซอย': '1 ช้อนโต๊ะ', 'ซีอิ๊วขาว': '2 ช้อนโต๊ะ', 'น้ำมันหอย': '1 ช้อนโต๊ะ', 'น้ำตาลทราย': '1 ช้อนชา', 'พริกไทย': '⅛ ช้อนชา', 'น้ำมันพืช': '1 ช้อนโต๊ะ', 'แครอทหั่นเต๋า': '1 ช้อนโต๊ะ', 'กุ้งสับ': '3 ตัว', 'น้ำเปล่า': '150 มิลลิลิตร', 'เห็ดหอมสด': '2 หัว', 'กุ้งขาว': '4 ตัว'}",แคลมาก,โปรตีนน้อย,ไขมันสูง,คาร์บกลาง,"ไข่ไก่, ต้นหอม, ซีอิ๊วขาว, น้ำมันหอย, น้ำตาลทราย, พริกไทย, น้ำมันพืช, แครอท, กุ้ง, น้ำเปล่า, เห็ดหอม, กุ้ง, แครอท",อยากกินไข่ตุ๋นที่เต็มไแด้วยเครื่องมากมาย แครอท เห็ด กุ้ง กินแล้วเด็กชอบ,ไข่ไก่ ต้นหอม ซีอิ๊วขาว น้ำมันหอย น้ำตาลทราย พริกไทย น้ำมันพืช แครอท กุ้ง เห็ดหอม ตุ๋นครบเครื่อง หอมหวาน อยากทำจากไข่กับผักและกุ้ง,กุ้ง เห็ดหอม แครอท ไข่ไก่ ต้นหอม ซีอิ๊วขาว น้ำมันหอย ตุ๋นหวานมัน รสชาติครบ อยากได้เมนูตุ๋นจากไข่กับผักสีสวย
ไข่ตุ๋นวุ้นเส้น,"{'วุ้นเส้น': '1 ซอง', 'ไข่ไก่': '7 ฟอง', 'นมสด': '1 ถ้วย', 'กุ้งสับ': '1 ถ้วย', 'แครอท': '¼ ถ้วย', 'ซอสหอยนางรม': '1 ช้อนโต๊ะ', 'น้ำตาลทราย': '1 ช้อนชา', 'พริกไทยป่น': '1 ช้อนชา', 'น้ำมันพืช': '1 ช้อนโต๊ะ', 'ต้นหอม': '¼ ถ้วย'}",แคลมาก,โปรตีนกลาง,ไขมันกลาง,คาร์บกลาง,"วุ้นเส้น, ไข่ไก่, นมสด, กุ้งสับ, แครอท, ซอสหอยนางรม, น้ำตาลทราย, พริกไทย, น้ำมันพืช, ต้นหอม, กุ้ง",มี ไข่ วุ้น แครอท กุ้ง ทำอะไรดี,วุ้นเส้น ไข่ไก่ นมสด กุ้งสับ แครอท ซอสหอยนางรม น้ำตาลทราย พริกไทย น้ำมันพืช ต้นหอม กุ้ง ตุ๋นนุ่ม หอมหวาน อยากทำจากไข่กับวุ้นเส้นใส,กุ้ง วุ้นเส้น ไข่ไก่ นมสด แครอท ซอสหอยนางรม ตุ๋นครีมมี่ รสหวานมัน อยากได้เมนูตุ๋นจากไข่กับเส้นใสและกุ้ง
ไข่เบคอนซ่อนชีส,"{'ไข่ไก่': '4 ฟอง', 'เกลือ': '1/2 ช้อนชา', 'พริกไทย': '1/2 ช้อนชา', 'ชีสมอสซาเรลลา': 'ตามชอบ', 'ชีสเชดดาร์': 'ตามชอบ', 'เบคอน': '5-6 ชิ้น'}",แคลกลาง,โปรตีนกลาง,ไขมันน้อย,คาร์บน้อย,"ไข่ไก่, เกลือ, พริกไทย, ชีส, เบคอน",มีเบคอน ไข่เบอร์ 0  เกลือ ชีส หมู ทำอะไรกินดี  ไขมันน้อย ,ไข่ไก่ เกลือ พริกไทย ชีส เบคอน ทอดกรอบ รสเค็มมัน หอมเบคอน อยากทำจากไข่กับเบคอนและชีสละลาย,เบคอน ชีส ไข่ไก่ เกลือ พริกไทย ผัดทอด เค็มหวาน มันชีส อยากได้เมนูจากไข่กับเนื้อรมควันและชีส
ไข่พะโล้,"{'ไข่ไก่หรือไข่เป็ด': '6-8 ฟอง', 'ไข่นกกระทา': '15 ฟอง', 'เครื่องพะโล้สำเร็จรูป': '1 ซอง', 'ซีอิ้วดำหวาน': '2 ช้อนโต๊ะ', 'ผักชี': '2 ต้น', 'น้ำมัน': '2 ช้อนโต๊ะ', 'น้ำเปล่า': '1 ลิตร'}",แคลมาก,โปรตีนน้อย,ไขมันสูง,คาร์บน้อย,"ไข่ไก่, ไข่นกกระทา, เครื่องพะโล้, ซีอิ้วดำหวาน, ผักชี, น้ำมัน, น้ำ",อยากทำไข่พะโล้พิชิตใจ ,ไข่ไก่ ไข่นกกระทา เครื่องพะโล้ ซีอิ้วดำหวาน ผักชี น้ำมัน น้ำ ต้มหวานเค็ม สีน้ำตาลเข้ม อยากทำจากไข่ต้มรสเข้มข้น,ไข่นกกระทา เครื่องพะโล้ ซีอิ้วดำ ต้มหวานเค็ม สีเข้ม หอมเครื่องเทศ อยากได้เมนูต้มจากไข่รสหวานเค็ม
ไข่ลูกเขย,"{'ไข่เป็ด': '4 ฟอง', 'พริกชี้ฟ้าแห้ง (ทอด)': '10 เม็ด', 'หอมเจียว': '1 ช้อนโต๊ะ', 'ผักชีสำหรับโรยหน้า': '', 'น้ำปลา': '1 ช้อนโต๊ะ', 'น้ำตาลปี๊ป': '3 ช้อนโต๊ะ', 'น้ำมะขามเปียกเข้มข้น': '3 ช้อนโต๊ะ', 'น้ำมันสำหรับทอด': ''}",แคลกลาง,โปรตีนน้อย,ไขมันกลาง,คาร์บกลาง,"ไข่เป็ด, พริกชี้ฟ้าแห้ง, หอมเจียว, ผักชี, น้ำปลา, น้ำตาลปี๊ป, น้ำมะขาม, น้ำมัน",เมนูที่เด็กชอบๆ หวานๆ เค็ม ๆ ใช้ไข่ ผัก หอมเจียว,ไข่เป็ด พริกชี้ฟ้าแห้ง หอมเจียว ผักชี น้ำปลา น้ำตาลปี๊ป น้ำมะขาม น้ำมัน ทอดหวานเปรี้ยว รสจัด อยากทำจากไข่เป็ดกับซอสหวานเปรี้ยว,ไข่เป็ด น้ำตาลปี๊ป น้ำมะขาม น้ำปลา พริกแห้ง หอมเจียว ทอดหวานเปรี้ยว เผ็นนิด อยากได้เมนูจากไข่เป็ดราดซอสหวาน
ไข่หวานต้นหอมญี่ปุ่น,"{'ต้นหอมญี่ปุ่นอินทรีย์': 200, 'ไข่ไก่': 6, 'โชยุ': 1, 'มิริน': 1, 'น้ำตาล': 1, 'น้ำสะอาด': 50}",แคลน้อย,โปรตีนน้อย,ไขมันน้อย,คาร์บน้อย,"ต้นหอมญี่ปุ่น, ไข่ไก่, โชยุ, มิริน, น้ำตาล, น้ำสะอาด",เมนูกินง่าย หวานๆ ทำจากไข่ มีมิริน โชยุ,ต้นหอมญี่ปุ่น ไข่ไก่ โซยุ มิริน น้ำตาล น้ำสะอาด ต้มหวานมัน รสญี่ปุ่น อยากทำจากไข่กับต้นหอมหวานๆ,ไข่ไก่ ต้นหอมญี่ปุ่น โซยุ มิริน น้ำตาล ต้มหวาน รสชาติญี่ปุ่น นุ่มหวาน อยากได้เมนูญี่ปุ่นจากไข่กับต้นหอม
ไข่หวานสอดไส้ชีส,"{'ไข่ไก่สด เบอร์2': '5 ฟอง', 'น้ำเปล่า': '3 ช้อนโต๊ะ', 'น้ำเชื่อม': '1 ช้อนโต๊ะ', 'เกลือ': '1/4 ช้อนชา', 'พริกไทยดำ': '1/4 ช้อนชา', 'ชีสมอสซาเรลลา': '100 กรัม', 'น้ำมันถั่วเหลือง': '3 ช้อนโต๊ะ', 'ต้นหอม': 'สำหรับตกแต่ง', 'ซอสมะเขือเทศ': 'สำหรับกินคู่ตามชอบ'}",แคลมาก,โปรตีนกลาง,ไขมันสูง,คาร์บน้อย,"ไข่ไก่, น้ำเปล่า, น้ำเชื่อม, เกลือ, พริกไทยดำ, ชีส, น้ำมันถั่วเหลือง, ต้นหอม, ซอสมะเขือเทศ",อยากทำไข่้หวานที่เท่กว่าปกติ แนะนำหน่อยว่าจะทพอะไรดี ในตู้เย็นตอนนี้มี ชีส ไข่ เกลือ ต้นหอม มะเขือเทศ,ไข่ไก่ น้ำเปล่า น้ำเชื่อม เกลือ พริกไทยดำ ชีส น้ำมันถั่วเหลือง ต้นหอม ซอสมะเขือเทศ ต้มหวาน ไส้ชีส อยากทำจากไข่หวานกับชีสข้างใน,ชีส ไข่ไก่ น้ำเชื่อม เกลือ ต้นหอม ซอสมะเขือเทศ ต้มหวานนุ่ม ไส้ชีสละลาย อยากได้เมนูหวานจากไข่ใส่ชีส
ไข่ออมเล็ต,"{'ไข่ไก่': '3 ฟอง', 'นม': '1/4 ถ้วย', 'ผงปรุงรส': '1 ช้อนชา', 'โบโลน่า': '2 แผ่น', 'หัวหอม': '1/4 หัว', 'มะเขือเทศ': '1 ลูก', 'เนย': '1 ช้อนชา'}",แคลกลาง,โปรตีนน้อย,ไขมันกลาง,คาร์บน้อย,"ไข่ไก่, นม, ผงปรุงรส, โบโลน่า, หัวหอม, มะเขือเทศ, เนย",อยากกินไข่อร่อยๆ ใส่แฮม หัวหอม มะเขือเทศ,ไข่ไก่ นม ผงปรุงรส โบโลน่า หัวหอม มะเขือเทศ เนย ทอดนุ่ม รสครีมมี่ อยากทำจากไข่กับโบโลน่าและผัก,โบโลน่า ไข่ไก่ นม หัวหอม มะเขือเทศ เนย ผัดทอด นุ่มครีม รสชาติดี อยากได้เมนูจากไข่กับไส้กรอกและผัก
คอนเฟลกคาราเมล,"{'คอนเฟลก': '300 กรัม', 'ถั่วต่างๆกับผลไม้อบแห้ง': 'ไม่เกิน 250 กรัม', 'น้ำตาล': '70 กรัม', 'เกลือป่น': '1/2 ช้อนชา', 'วิปปิ้งครีมหรือนมสด': '40 กรัม', 'น้ำผึ้ง': '35 กรัม', 'เนยจืด': '60 กรัม', 'กลิ่นวนิลา': '1/2 ช้อนชา'}",แคลกลาง,โปรตีนกลาง,ไขมันกลาง,คาร์บน้อย,"คอนเฟลก, ถั่ว, น้ำตาล, เกลือ, วิปปิ้งครีม, น้ำผึ้ง, เนยจืด, กลิ่นวนิลา",มีคอนเฟลกเหลือทำอะไรกินได้บ้าง,คอนเฟลก ถั่ว น้ำตาล เกลือ วิปปิ้งครีม น้ำผึ้ง เนยจืด กลิ่นวนิลา ของหวานกรอบ หวานหอม อยากทำจากซีเรียลกับคาราเมล,ซีเรียล น้ำตาล วิปครีม น้ำผึ้ง เนยจืด วนิลา คาราเมลหวาน กรอบหอม อยากได้เมนูหวานจากคอนเฟลกและครีม
คอร์นชีสยืด,"{'ข้าวโพด': '1 ถ้วย', 'นมข้นจืด': '1 ถ้วย', 'เนยจืด': '50 กรัม', 'เกลือ': 'เล็กน้อย', 'น้ำตาล': '2 ช้อนโต๊ะ', 'มอสเซลเลล่าชีส': '200-300 กรัม'}",แคลกลาง,โปรตีนน้อย,ไขมันกลาง,คาร์บน้อย,"ข้าวโพด, นมข้นจืด, เนยจืด, เกลือ, น้ำตาล, ชีส",มีข้าวโพก ชีส เนย ทำอาหารอร่อยๆ ,ข้าวโพด นมข้นจืด เนยจืด เกลือ น้ำตาล ชีส ต้มครีมมี่ ชีสยืด หวานมัน อยากทำจากข้าวโพดกับชีสละลาย,ชีส ข้าวโพด นมข้นจืด เนยจืด น้ำตาล ต้มหวานครีม ชีสเยิ้ม อยากได้เมนูหวานจากข้าวโพดกับชีสยืดยาว
คอหมูย่าง น้ำจิ้มแจ่ว,"{'สันคอหมู': '400 กรัม', 'ซีอิ้วขาว': '1 ช้อนชา', 'น้ำมันหอย': '1 ช้อนชา', 'น้ำมันงา': '2 ช้อนชา', 'ผงปรุงรส': '1 ช้อนชา', 'น้ำตาลทราย': '0.5 ช้อนชา', 'รากผักชี': '3 ราก', 'เม็ดพริกไทยดำ': '5 เม็ด', 'กระเทียม': '5 หัว', 'น้ำมะขามเปียก': '2 ช้อนโต๊ะ', 'หอมแดงซอย': '1 ช้อนโต๊ะ', 'น้ำตาลปี๊บ': '1 ช้อนชา', 'น้ำปลา': '1 ช้อนโต๊ะ', 'พริกป่น': '1-2 ช้อนโต๊ะ', 'ข้าวคั่ว': '0.5-1 ช้อนโต๊ะ', 'ผักชีใบเลื่อย': '1-2 ต้น', 'ต้นหอม': '1 ต้น'}",แคลมาก,โปรตีนกลาง,ไขมันสูง,คาร์บสูง,"สันคอหมู, ซีอิ้วขาว, น้ำมันงา, ผงปรุงรส, น้ำตาลทราย, รากผักชี, เม็ดพริกไทย, กระเทียม, น้ำมะขามเปียก,  หอมแดง, น้ำตาลปี๊บ, น้ำปลา, พริกป่น, ข้าวคั่ว, ผักชี, ต้นหอม",อยากกินสันคอหมู ปรุงรสอร่อย เค็ม กับน้ำจิ้มดีๆ,สันคอหมู ซีอิ้วขาว น้ำมันงา ผงปรุงรส น้ำตาลทราย รากผักชี เม็ดพริกไทย กระเทียม ย่างหอม เนื้อนุ่ม อยากทำจากคอหมูย่างกับเครื่องหอม,หมูคอ น้ำมะขามเปียก หอมแดง น้ำตาลปี๊บ น้ำปลา พริกป่น ข้าวคั่ว ผักชี ต้นหอม ย่างหอมหวาน แจ่วเปรี้ยว อยากได้เมนูย่างจากหมูกับน้ำจิ้มแซ่บ
คาราเมลมัคคิอาโต้,"{'นมสด': '100 ml.', 'นมข้นจืด': '30 ml.', 'คาราเมลไซรัป': '20 ml.', 'กาแฟสด': '70 ml.'}",แคลน้อย,โปรตีนน้อย,ไขมันน้อย,คาร์บน้อย,"นมสด, นมข้นจืด, คาราเมลไซรัป, กาแฟสด",อยากกินกาแฟ แต่หวานๆหน่อย ใส่คาราเมลน่าจะยิ่งดี,นมสด นมข้นจืด คาราเมลไซรัป กาแฟสด ผสมครีมมี่ หวานหอม กาแฟเข้มข้น อยากทำจากกาแฟกับคาราเมลหวาน,"กาแฟ คาราเมล นมสด นมข้นจืด ผสมหวานหอม กาแฟครีม รสชาติเข้มข้น อยากได้เครื่องดื่มจากกาแฟกับซอสคาราเมล
"
คุ้กกี้ตัวหนอนไส้สับปะรด,"{'แป้งสาลีอเนกประสงค์': '500 กรัม', 'ผงฟู': '1/2 ช้อนชา', 'เนยสด': '300 กรัม', 'เกลือป่น': '1/2 ช้อนชา', 'น้ำตาลไอซิ่ง': '150 กรัม', 'กลิ่นวนิลา': '1/2 ช้อนชา', 'ไข่ไก่': '1 ฟอง', 'สับปะรดกวน': '500 กรัม'}",แคลมาก,โปรตีนน้อย,ไขมันสูง,คาร์บกลาง,"แป้งสาลีอเนกประสงค์, ผงฟู, เนยสด, เกลือ, น้ำตาลไอซิ่ง, กลิ่นวนิลา, ไข่ไก่, สับปะรด",อยากทำคุกกี้ ใส่แป้ง เนย เกลือ น้ำตาลไอซิ่ง สัปปะรดเยอะๆ,แป้งสาลีอเนกประสงค์ ผงฟู เนยสด เกลือ น้ำตาลไอซิ่ง กลิ่นวนิลา ไข่ไก่ สับปะรด อบกรอบ หวานหอม อยากทำจากแป้งกับสับปะรดหวาน,สับปะรด แป้ง เนยสด น้ำตาล ไข่ไก่ วนิลา อบหวาน กรอบนุ่ม รสผลไม้ อยากได้ขนมอบจากแป้งกับสับปะรดสด
คุ๊กกี้ธัญพืชไร้แป้ง,"{'มะม่วงหิมพานอบแห้ง': '50 กรัม', 'อัลมอนด์สไลด์': '50 กรัม', 'วอลนัท': '50 กรัม', 'เมล็ดฟักทอง': '50 กรัม', 'ข้าวโอ๊ตอบแห้ง': '100 กรัม', 'แครนเบอรี่อบแห้ง': '50 กรัม', 'งาขาว': '25 กรัม', 'งาดำ': '25 กรัม', 'ไข่ขาว': '2 ฟอง', 'น้ำผึ้ง': '2 ช้อนโต๊ะ', 'ลูกเกด': '50 กรัม'}",แคลมาก,โปรตีนสูง,ไขมันกลาง,คาร์บกลาง,"มะม่วงหิมพานต์, อัลมอนด์, วอลนัท, เมล็ดฟักทอง, ข้าวโอ๊ต, แครนเบอรี่, งาขาว, งาดำ, ไข่ขาว, น้ำผึ้ง, ลูกเกด",ทำขนมเฮลตี้ๆ มี ข้าวโอ๊ต เมล็ดฟักทอง ไข่ งา ,มะม่วงหิมพานต์ อัลมอนด์ วอลนัท เมล็ดฟักทอง ข้าวโอ๊ต แครนเบอรี่ งาขาว งาดำ ไข่ขาว น้ำผึ้ง ลูกเกด อบกรอบ สุขภาพดี อยากทำจากถั่วและเมล็ดพืช,ถั่วผสม ข้าวโอ๊ต เมล็ดพืช ไข่ขาว น้ำผึ้ง ลูกเกด แครนเบอรี่ อบหอม สุขภาพดี ไร้แป้ง อยากได้ขนมอบจากธัญพืชและผลไม้แห้ง
คุ้กกี้เนยสด,"{'แป้งอเนกประสงค์': '450 กรัม', 'เบคกิ้งโซดา': '15 กรัม', 'เนยจืด': '300 กรัม', 'น้ำตาลทรายละเอียด': '230 กรัม', 'เกลือ': '1/2 ช้อนชา', 'ไข่ไก่เบอร์02': '1 ใบ', 'กลิ่นวนิลา': '2 ช้อนชา'}",แคลมาก,โปรตีนน้อย,ไขมันสูง,คาร์บกลาง,"แป้งอเนกประสงค์, เบคกิ้งโซดา, เนยจืด, น้ำตาลทรายละเอียด, เกลือ, ไข่ไก่, กลิ่นวนิลา",อยากกินคุกกี้เนยสด,แป้งอเนกประสงค์ เบคกิ้งโซดา เนยจืด น้ำตาลทรายละเอียด เกลือ ไข่ไก่ กลิ่นวนิลา อบกรอบ หอมเนย หวานมัน อยากทำจากแป้งกับเนยสดหอม,เนยสด แป้ง น้ำตาลทราย ไข่ไก่ วนิลา อบหอมเนย กรอบหวาน มันเนย อยากได้ขนมอบจากเนยสดกับแป้ง
คุกกี้บราวนี่ (Brownie Cookies),"{'เนย': '120 กรัม', 'ช็อกโกแลตไม่หวาน': '90 กรัม', 'ช็อกโกแลตชิพเม็ดใหญ่': '165 + 165 กรัม', 'ไข่ไก่': '3 ฟอง', 'น้ำตาลทรายแดง': '100 กรัม', 'น้ำตาลทราย': '110 กรัม', 'แป้งสาลีอเนกประสงค์': '105 กรัม', 'ผงฟู': '1⁄3 ช้อนชา', 'เกลือ': '¼ ช้อนชา'}",แคลมาก,โปรตีนน้อย,ไขมันสูง,คาร์บสูง,"เนย, ช็อกโกแลต, ไข่ไก่, น้ำตาลทรายแดง, น้ำตาลทราย, แป้งสาลีอเนกประสงค์, ผงฟู, เกลือ",อยากทำขนมจีบแฟน ใส่ช้อกโกแลต ไข่ น้ำตาล แป้ง อร่อยๆ ,เนย ช็อกโกแลต ไข่ไก่ น้ำตาลทรายแดง น้ำตาลทราย แป้งสาลีอเนกประสงค์ ผงฟู เกลือ อบเข้มข้น ช็อกหวาน อยากทำจากช็อกโกแลตกับแป้ง,ช็อกโกแลต เนย ไข่ไก่ น้ำตาลแดง แป้ง อบช็อกเข้ม หวานเข้มข้น นุ่มชื้น อยากได้ขนมอบจากช็อกโกแลตเข้มข้น
คุกกี้ไมโครเวฟ,"{'แป้งอเนกประสงค์': '150 กรัม', 'น้ำเชื่อม': '100 มิลลิตร', 'ไมโล 3 อิน 1': '60 กรัม', 'เนยจืด ตราออร์คิด': '75 กรัม', 'นมสดจืด ตราเมจิ': '25 กรัม', 'ผงฟู': '1 ช้อนชา'}",แคลกลาง,โปรตีนน้อย,ไขมันสูง,คาร์บน้อย,"แป้งอเนกประสงค์, น้ำเชื่อม, ไมโล, เนยจืด, นมสด, ผงฟู",อยากทำคุกกี้ง่ายๆ ใส่ไมโครเวฟ ทำมาจากไมโล เนย นม,แป้งอเนกประสงค์ น้ำเชื่อม ไมโล เนยจืด นมสด ผงฟู อบไมโครเวฟ หวานช็อก ง่ายเร็ว อยากทำจากแป้งกับไมโลในไมโครเวฟ,ไมโล แป้ง เนยจืด นมสด น้ำเชื่อม ไมโครเวฟ ช็อกหวาน ทำง่าย รสช็อก อยากได้ขนมง่ายจากไมโลกับแป้ง
เค้กกล้วยหอม,"{'แป้งเค้ก': '200 กรัม', 'ไข่ไก่': '3 ฟอง', 'ผงฟู': '1 1/2 ชต', 'เบคกิ้งโซดา': '1 ชช', 'เกลือ': '1/2 ชช', 'น้ำมันพืช': '1 ถ้วยตวง', 'น้าตาลทราย': '180 กรัม', 'กล้วยหอมสุกบด': '200 กรัม'}",แคลมาก,โปรตีนน้อย,ไขมันกลาง,คาร์บกลาง,"แป้ง, ไข่ไก่, ผงฟู, เบคกิ้งโซดา, เกลือ, น้ำมัน, น้ำตาลทราย, กล้วยหอมสุกบด",อยากกินเค้กอร่อยๆ ใส่ แป้ง ช้อกดกแลต ผงฟู กล้วย เกลือ ,แป้ง ไข่ไก่ ผงฟู เบคกิ้งโซดา เกลือ น้ำมัน น้ำตาลทราย กล้วยหอมสุกบด อบนุ่ม หวานหอม รสกล้วย อยากทำจากแป้งกับกล้วยหอมสุก,"กล้วยหอม แป้ง ไข่ไก่ น้ำตาลทราย น้ำมัน อบหอมหวาน นุ่มชื้น รสผลไม้ อยากได้ขนมอบจากกล้วยหอมสุกกับแป้ง
"
เค้กกล้วยหอมคลีน,"{'กล้วยหอมสุกงอม': '2 ลูก', 'ข้าวโอ๊ต': '1 ถ้วย', 'ไข่ไก่': '1 ฟอง', 'นมอัลมอนด์': '1/4 ถ้วยตวง', 'baking soda': '1/2 ช้อนชา', 'กลิ่นวนิลลา': '1/2 ช้อนชา', 'น้ำมันคาโนล่า': '1/2 ช้อนชา'}",แคลกลาง,โปรตีนน้อย,ไขมันกลาง,คาร์บน้อย,"กล้วยหอม, ข้าวโอ๊ต, ไข่ไก่, นมอัลมอนด์, เบคกิ้งโซดา, กลิ่นวนิลลา, น้ำมัน",อยากกินของหวานคลีนๆ ใช้ข้าวโอ๊ด กล้วย ไข่ไก่,กล้วยหอม ข้าวโอ๊ต ไข่ไก่ นมอัลมอนด์ เบคกิ้งโซดา กลิ่นวนิลลา น้ำมัน อบสุขภาพ หวานธรรมชาติ ไร้น้ำตาล อยากทำจากกล้วยกับข้าวโอ๊ต,ข้าวโอ๊ต กล้วยหอม ไข่ไก่ นมอัลมอนด์ วนิลลา อบคลีน สุขภาพดี หวานธรรมชาติ อยากได้ขนมอบสุขภาพจากกล้วยกับข้าวโอ๊ต
เค้กกล้วยหอมไมโครเวฟ,"{'กล้วยหอม': 3, 'ไข่ไก่': 3, 'น้ำตาล': 4, 'เนยละลาย': 6, 'นม': 3, 'กลิ่นวนิลลา': 1, 'แป้งอเนกประสงค์': 12, 'เกลือ': 0.5, 'ผงฟู': 0.5, 'ผงโกโก้': '', 'น้ำผึ้ง': '', 'อัลมอนด์สไลซ์': ''}",แคลมาก,โปรตีนน้อย,ไขมันสูง,คาร์บกลาง,"กล้วยหอม, ไข่ไก่, น้ำตาล, เนยละลาย, นม, กลิ่นวนิลลา, แป้งอเนกประสงค์, เกลือ, ผงฟู , ผงโกโก้, น้ำผึ้ง, อัลมอนด์",อยากกินขนมหวานทำง่ายๆ ใส่ไมโครเวฟก็ทำได้ มี ไข่ น้ำตาล กล้วย,กล้วยหอม ไข่ไก่ น้ำตาล เนยละลาย นม กลิ่นวนิลลา แป้งอเนกประสงค์ เกลือ ผงฟู ผงโกโก้ น้ำผึ้ง อัลมอนด์ ไมโครเวฟ นุ่มหวาน อยากทำจากกล้วยกับแป้งในไมโครเวฟ,แป้ง กล้วยหอม ไข่ไก่ น้ำตาล เนย นม วนิลลา ไมโครเวฟ หวานนุ่ม ง่ายเร็ว อยากได้ขนมง่ายจากกล้วยกับแป้งในไมโครเวฟ
เค้กแครอท,"{'แครอทขูดฝอยบีบน้ำออก': '150 กรัม', 'แป้งเค้ก': '120 กรัม', 'ผงฟู': '1 ช้อนชา', 'เบกกิ้งโซดา': '1 ช้อนชา', 'ผงชินนามอน': '1 ช้อนโต๊ะ', 'ไข่ไก่': '3 ฟอง', 'น้ำตาลทรายขาว': '40 กรัม', 'น้ำตาลทรายแดง': '50 กรัม', 'น้ำมันรำขาว': '120 กรัม', 'เม็ดมะม่วงหิมพานต์สับหยาบ': '30 กรัม', 'อัลมอนด์สับหยาบ': '30 กรัม', 'อินทผาลัม': '30 กรัม', 'กลิ่นวานิลลา': '1 ช้อนชา', 'ครีมชีส': '125 กรัม', 'เนยสด': '80 กรัม', 'น้ำมะนาว': '1 ช้อนโต๊ะ'}",แคลมาก,โปรตีนกลาง,ไขมันสูง,คาร์บสูง,"แครอท, แป้งเค้ก, ผงฟู, เบกกิ้งโซดา, ผงชินนามอน, ไข่ไก่, น้ำตาลทรายขาว, น้ำตาลทรายแดง, น้ำมัน, เม็ดมะม่วงหิมพานต์, อัลมอนด์, อินทผาลัม, กลิ่นวานิลลา, ครีมชีส, เนย, น้ำมะนาว",มีแครอท อัลมอนด์ แป้ง น้ำตาล ผงฟู ไข่ ครีมชีส เนย ทำอะไรกินดี,แครอท แป้งเค้ก ผงฟู เบกกิ้งโซดา ผงชินนามอน ไข่ไก่ น้ำตาลทรายขาว น้ำตาลทรายแดง น้ำมัน เม็ดมะม่วงหิมพานต์ อัลมอนด์ อินทผาลัม กลิ่นวานิลลา ครีมชีส เนย น้ำมะนาว อบหอมหวาน มีผัก อยากทำจากแครอทกับแป้งและเครื่องเทศ,แครอทขูด แป้ง ไข่ไก่ น้ำตาล น้ำมัน ผงชินนามอน ถั่ว ครีมชีส อบหวานหอม มีผัก สุขภาพดี อยากได้ขนมอบจากแครอทสดกับเครื่องเทศหอม
เค้กทูโทน เค้กสองสี,"{'Easy Bake Moist Chocolate Cake': '1 กล่อง', 'Easy Bake Classic Vanilla Cake': '1 กล่อง', 'สตรอว์เบอร์รีสด': '300 กรัม', 'วิปปิ้งครีม': '300 มิลลิลิตร', 'น้ำตาลทราย': '30 กรัม', 'ไข่ไก่': '2 ฟอง'}",แคลกลาง,โปรตีนน้อย,ไขมันน้อย,คาร์บกลาง,"Easy Bake Moist Chocolate Cake, Easy Bake Classic Vanilla Cake, สตรอว์เบอร์รี, วิปปิ้งครีม, น้ำตาลทราย, ไข่ไก่, ดอกไม้ ",อยากทำเค้ก วิปปิ้งครีม รสช้อกดกแลต กับรส วานิลลา,Easy Bake Moist Chocolate Cake Easy Bake Classic Vanilla Cake สตรอว์เบอร์รี วิปปิ้งครีม น้ำตาลทราย ไข่ไก่ ดอกไม้ อบสองสี ช็อกวนิลา สวยงาม อยากทำจากแป้งสองสีกับครีมและเบอร์รี่,แป้งช็อกโกแลต แป้งวนิลา สตรอว์เบอร์รี วิปครีม น้ำตาลทราย อบสวยงาม สองสี หวานหอม อยากได้ขนมอบสองสีจากแป้งช็อกและวนิลา
เค้กใบเตยสูตรนึ่งแบบไม่ใช้เตาอบ,"{'แป้งสาลีเอนกประสงค์ตราว่าว': '1 ถ้วยตวง', 'น้ำใบเตย': '1/2 ถ้วยตวง', 'กะทิกล่อง': '1/3 ถ้วยตวง', 'น้ำตาลทรายเนื้อละเอียด': '1 ถ้วยตวง', 'เกลือป่น': '1/4 ช้อนชา', 'ผงฟูดับเบิ้ลแอคชั่น': '1 ช้อนชา', 'เบคกิ้งโซดา': '1/2 ช้อนชา', 'น้ำมะนาว': '2 ช้อนชา'}",แคลมาก,โปรตีนน้อย,ไขมันสูง,คาร์บกลาง,"แป้งสาลีเอนกประสงค์, น้ำใบเตย, กะทิ, น้ำตาลทราย, เกลือ, ผงฟู, เบคกิ้งโซดา, น้ำมะนาว",มีใบเตย แป้ง กะทิ เกลือ น้ำตาล  ผงฟู ทำอะไรกินดี อยากได้เมนูที่มีรสชาติหวาน ,แป้งสาลีเอนกประสงค์ น้ำใบเตย กะทิ น้ำตาลทราย เกลือ ผงฟู เบคกิ้งโซดา น้ำมะนาว นึ่งเขียวหอม หวานหอม ไม่ใช้เตาอบ อยากทำจากใบเตยกับแป้งนึ่ง,ใบเตย กะทิ แป้ง น้ำตาลทราย นึ่งหอมเขียว ไม่ใช้เตา หวานหอม สีเขียวธรรมชาติ อยากได้ขนมนึ่งจากใบเตยหอมกับกะทิ
เค้กมะพร้าวอ่อนสูตรนึ่งทำง่ายไม่ใช้เตาอบ,"{'แป้งสาลีเอนกประสงค์': '1 ถ้วยตวง', 'เนื้อมะพร้าวอ่อน': '100 กรัม', 'น้ำมะพร้าว': '25 มิลลิลิตร', 'กะทิ': '1/8 ถ้วยตวง', 'เกลือป่น': '1/4 ช้อนชา', 'ผงฟู': '1 ช้อนชา', 'เบคกิ้งโซดา': '1/2 ช้อนชา', 'น้ำตาลทราย': '1 ถ้วยตวง', 'น้ำมะนาว': '1 ช้อนชา'}",แคลมาก,โปรตีนน้อย,ไขมันกลาง,คาร์บน้อย,"แป้งสาลีเอนกประสงค์, เนื้อมะพร้าวอ่อน, น้ำมะพร้าว, กะทิ, เกลือ., ผงฟู, เบคกิ้งโซดา, น้ำตาลทราย, น้ำมะนาว",มีมะพร้าว แป้ง กะทิ เกลือ น้ำตาล อยากทำเมนูของหวาน,แป้งสาลีเอนกประสงค์ เนื้อมะพร้าวอ่อน น้ำมะพร้าว กะทิ เกลือ ผงฟู เบคกิ้งโซดา น้ำตาลทราย น้ำมะนาว นึ่งหวานหอม มะพร้าวสด อยากทำจากมะพร้าวอ่อนกับแป้งนึ่ง,มะพร้าวอ่อน น้ำมะพร้าว กะทิ แป้ง น้ำตาลทราย นึ่งหอมหวาน ไม่ใช้เตา มะพร้าวสด อยากได้ขนมนึ่งจากมะพร้าวอ่อนสดกับกะทิ
เคบับไก่,"{'น่องติดสะโพก': '3 ชิ้น', 'ผงยี่หร่า': '1/2 ช้อนโต๊ะ', 'ผงลูกผักชี': '1/2 ช้อนโต๊ะ', 'ผงมาซาล่า': '1/2 ช้อนโต๊ะ', 'ผงกะหรี่': '1/2 ช้อนโต๊ะ', 'ผงปาปริก้า': '1/2 ช้อนโต๊ะ', 'พริกไทยดำตำ': '1/2 ช้อนโต๊ะ', 'กระเทียม': '1 หัว', 'หอมหัวใหญ่': '1 หัว'}",แคลมาก,โปรตีนกลาง,ไขมันน้อย,คาร์บสูง,"น่องไก่, ผงยี่หร่า, ผงลูกผักชี, ผงมาซาล่า, ผงกะหรี่, ผงปาปริก้า, พริกไทยดำตำ, กระเทียม, หอมหัวใหญ่, โยเกิร์ต, มายองเนส, กระเทียม, พริกไทย, เนยจืด, แป้งข้าวโพด, นมจืด, ชีส, มะเขือเทศ , ผักสลัด, แผ่นแป้ง",มีน่องไก่ติดสะโพก พริกไทย กระเทียม ผงต่างๆ ชีส นม เนื้อ แผ่นแป้งเคบับ ,น่องไก่ ผงยี่หร่า ผงลูกผักชี ผงมาซาล่า ผงกะหรี่ ย่างเครื่องเทศ หอมแรง อยากทำจากไก่กับเครื่องเทศแกงกะหรี่,ไก่ เครื่องเทศผสม โยเกิร์ต มายองเนส ชีส มะเขือเทศ ผักสลัด แป้งแผ่น ย่างหอมเผ็ด เครื่องเทศเข้มข
เครมบรูเล่,"{'วิปปิ้งครีม': '1 ½ ถ้วยตวง', 'ไข่แดง': '4 ฟอง', 'น้ำตาลทราย': '¼ ถ้วยตวง', 'กลิ่นวานิลลา': '1 ช้อนชา'}",แคลน้อย,โปรตีนน้อย,ไขมันน้อย,คาร์บน้อย,"วิปปิ้งครีม, ไข่แดง, น้ำตาลทราย, กลิ่นวานิลลา",มีไข่ วิปปิ้งครีม น้ำตาลทราย ทำอะไรกินดี เป็นของหวาน,อยากทำขนมจาก วิปปิ้งครีม ไข่แดง ขนมหวานฝรั่งเศส เนื้อเหนียวหวาน อบไฟ คาราเมล,ของหวานไข่แดง วิปครีม วานิลลา น้ำตาล หวานมัน เนื้อนุ่ม หอมเนย รสชาติดี อบร้อนๆ กรอบหน้า
จิ้นตุ๊บ,"{'เนื้อวัว': '500 กรัม', 'น้ำเปล่า': '½ ถ้วยตวง', 'เกลือ': '2 ช้อนชา', 'ซีอิ๊วขาว': '1 ช้อนโต๊ะ', 'น้ำตาลทราย': '2 ช้อนชา', 'ผงชูรส': '1 ช้อนชา', 'รากผักชี': '2 ราก', 'กระเทียม': '4 - 5 กลีบ', 'พริกไทยดำป่น': '1 ช้อนชา', 'ตะไคร้หั่นท่อน': '2 ต้น', 'ข่าแก่หั่นแว่น': '15 กรัม'}",แคลกลาง,โปรตีนน้อย,ไขมันกลาง,คาร์บกลาง,"เนื้อวัว, น้ำเปล่า, เกลือ, ซีอิ๊วขาว, น้ำตาลทราย, ผงชูรส, รากผักชี, กระเทียม, พริกไทยดำ, ตะไคร้, ข่า",อยากเอา วัว กระเทียม ตะไคร้ ข่า ซ๊อิ้ว มาทำอาหาร ที่ไม่เหมือนใคร,เนื้อวัว น้ำเปล่า เกลือ ซีอิ๊วขาว น้ำตาลทราย ผงชูรส รากผักชี กระเทียม พริกไทยดำ ตะไคร้ ข่า อาหารไทยโบราณ เนื้อหวาน ,เนื้อวัว น้ำเปล่า เกลือ ซีอิ๊วขาว น้ำตาลทราย ผงชูรส รากผักชี กระเทียม พริกไทยดำ ตะไคร้ ข่า อาหารไทยโบราณ เนื้อหวาน
เจี๋ยนปลาทับทิม สูตร 2 น้ำมะขามเปียก,"{'ปลาทับทิม': '1 ตัว', 'เกลือ': '1/2 ช้อนโต๊ะ', 'น้ำมัน': '1 ถ้วย', 'กระเทียม': '5 กลีบ', 'ขิงอ่อนซอย': '3 ช้อนโต๊ะ', 'เต้าเจี้ยว': '2 ช้อนโต๊ะ', 'ซอสหอยนางรม': '2 ช้อนโต๊ะ', 'น้ำตาลปี๊บ': '1 ช้อนโต๊ะ', 'น้ำมะขามเปียก': '4 ช้อนโต๊ะ', 'ต้นหอม': '4 ต้น', 'พริกจินดา': '6 เม็ด', 'น้ำเปล่า': '1/2 ถ้วย'}",แคลมาก,โปรตีนน้อย,ไขมันสูง,คาร์บกลาง,"ปลา,  เกลือ,  น้ำมัน,  กระเทียม,  ขิง,  เต้าเจี้ยว,  ซอสหอยนางรม,  น้ำตาลปี๊บ,  น้ำมะขามเปียก,  ต้นหอม,  พริกจินดา,  น้ำเปล่า",มีปลาทับทิมตัวใหญ่ เกบือ น้ำมัน กระเทียม จิง ซอสหอย แครอท เห็ด ทำเมนูอะไรได้บ้าง,ปลา เกลือ น้ำมัน กระเทียม ขิง เต้าเจี้ยว ปลาทอดซอสเปรี้ยว,ปลาทอดราดซอส เปรี้ยวหวานจากมะขามเปียก เผ็ดนิดหน่อย กินกับข้าวสวย ปลาร้อนๆ
แจ่วหมูโบราณ,"{'หมูสับ': '1 kg', 'พริกแห้ง': '200 g', 'ข่าหั่นแว่น': '200 g', 'ตะไคร้ซอย': '100 g', 'หอมแดง': '200 g', 'กระเทียม': '100 g', 'น้ำปลา': '4 ช้อนโต๊ะ', 'น้ำตาล': '1 ช้อนโต๊ะ', 'ผงปรุงรส': '1 ช้อนโต๊ะ', 'เกลือ': '1 ช้อนชา', 'กะปิ': '1 ช้อนชา'}",แคลมาก,โปรตีนกลาง,ไขมันกลาง,คาร์บน้อย,"หมูสับ,  พริกแห้ง,  ข่าหั่นแว่น,  ตะไคร้ซอย,  หอมแดง,  กระเทียม,  น้ำปลา,  น้ำตาล,  ผงปรุงรส,  เกลือ,  กะปิ",มีหมู พริก น้ำตาล ตะไคร้ หอมแดง เกลือ ทำเมนูอะไรได้บ้าง,หมูสับ ผงปรุงรส เกลือ กะปิ อาหารไทยโบราณ,หมูสับเผ็ด พริก ทำ อาหารสมัยโบราณ กินกับผักสด หอมแรง
โจ๊กข้าวโอ๊ต,"{'ข้าวโอ๊ต': '20 กรัม', 'น้ำเปล่า': '2 ถ้วย', 'ไข่ขาวพาสเจอร์ไรซ์': '100 มล', 'บร็อคโคลี': 'ตามชอบ', 'กุ้งสับ': 'ตามชอบ', 'เกลือป่น': 'เล็กน้อย', 'สาหร่ายแห้ง': 'ตามชอบ'}",แคลกลาง,โปรตีนกลาง,ไขมันกลาง,คาร์บน้อย,"ข้าวโอ๊ต, น้ำเปล่า, ไข่ขาว, บร็อคโคลี, กุ้ง, เกลือ, สาหร่าย",มีข้าวโอ๊ต ไข่ บร็อคโคลี กุ้ง ทำอะไรกินได้บ้าง คาร์บน้อย ดีต่อสุขภาพ,ข้าวโอ๊ต น้ำเปล่า  อาหารเช้าเพื่อสุขภาพ โปรตีนสูง, ข้าวต้มเพื่อสุขภาพ ข้าวโอ๊ต กุ้ง ไข่ขาว ผักเขียว เกลือนิดหน่อย อาหารเช้าแคลอรี่ต่ำ อิ่มนาน
โจ๊กต้มยำทะเล,"{'ข้าวสวยหุงสุก': '2 ถ้วยตวง', 'น้ำสะอาด (สำหรับปั่นข้าว)': '1 ถ้วยตวง', 'กุ้งขาวแกะเปลือกผ่าหลัง': '5 ตัว', 'หมึกกล้วย': '1 ตัว', 'พริกเผา': '2 ถ้วยตวง', 'ข่าหั่นแว่น': '15 กรัม', 'ตะไคร้หั่นท่อน': '20 กรัม', 'ใบมะกรูด': '5 ใบ', 'พริกจินดาแดงหั่น': '5 เม็ด', 'น้ำสะอาด': '2 ถ้วยตวง', 'น้ำปลา': '1 ถ้วยตวง', 'น้ำมะนาว': '5 ลูก', 'เปลือกกุ้ง': 'ตามจำนวนกุ้ง', 'ผักชี': 'สำหรับตกแต่ง'}",แคลมาก,โปรตีนกลาง,ไขมันสูง,คาร์บน้อย,"ข้าวสวย, น้ำสะอาด, กุ้งขาว, หมึกกล้วย, พริกเผา, ข่า, ตะไคร้, ใบมะกรูด, พริกจินดา, น้ำสะอาด, น้ำปลา, น้ำมะนาว, เปลือกกุ้ง, ผักชี",มีข้าวสวย หมึก ปู กุ้ง พริก ทำเมนูแซ่บๆ กินง่าย, ข้าวสวย น้ำสะอาด กุ้งขาว หมึกกล้วย ทำอาหารชิวๆ กินง่ายๆ,ข้าวต้มทะเล รสเผ็ดเปรี้ยว กุ้ง หมึก ข่า ตะไคร้ มะกรูด เปรี้ยวฉุน หอมเครื่องต้มยำ อาหารคลายเครียด
ชาเขียวนมทูโทน,"{'น้ำชาไทยสกัด': '2 ช้อนโต๊ะ', 'น้ำชาเขียวสกัด': '2 ช้อนโต๊ะ', 'โกโก้เหนียว': '3-5 ช้อนโต๊ะ', 'นมสด': '3-5 ช้อนโต้ะ', 'น้ำแข็งบด': '1 แก้ว', 'นมจืด': '50 มิลลิลิตร', 'นมข้นหวาน': '50 มิลลิลิตร'}",แคลน้อย,โปรตีนน้อย,ไขมันน้อย,คาร์บกลาง,"ชาไทย, ชาเขียว, โกโก้เหนียว, นมสด, น้ำแข็ง, นมจืด, นมข้นหวาน",มีชาเขียว ชาไทย นม ทำอะไรกินได้บ้าง,ชาไทย ชาเขียว เครื่องดื่มเย็น หวานมัน,ชาย็นฉ่ำ หวานนุ่ม ดื่มแก้กระหาย
ชาเขียวนมสด,"{'ผงชาเขียว': '2 ช้อนโต๊ะ', 'น้ำร้อนจัด': '200 มิลลิลิตร', 'นมข้นหวาน': '2 ช้อนโต๊ะ', 'น้ำตาลทราย': '1 ช้อนชา', 'นมสดรสจืด': '50 มิลลิลิตร', 'น้ำแข็ง': 'เต็มแก้ว'}",แคลมาก,โปรตีนน้อย,ไขมันกลาง,คาร์บน้อย,"ผงชาเขียว, น้ำร้อน, นมข้นหวาน, น้ำตาลทราย, นมสดรสจืด, น้ำแข็ง",มีผงชาเขียว นม น้ำร้อน อยากกินให้มันขมๆ ,ผงชาเขียว น้ำ ทำอะไรอร่อยๆ หวานนุ่ม,หอมชาเขียว นมข้นหวาน ดื่มแก้ร้อน รสชาตินุ่มลิ้น
ชาเขียวปั่น,"{'ชาเขียวญี่ปุ่นชนิดผง': '2 ช้อนโต๊ะ', 'นมสด': '1 ถ้วยตวง', 'น้ำตาลทรายแดงชนิดผง': '3 ช้อนโต๊ะ', 'กลิ่นวานิลลา': '1-2 หยด', 'น้ำแข็ง': '2 ถ้วยตวง'}",แคลกลาง,โปรตีนน้อย,ไขมันน้อย,คาร์บน้อย,"ชาเขียวญี่ปุ่น, นมสด, น้ำตาลทรายแดง, กลิ่นวานิลลา, น้ำแข็ง",อยากกินชาเขียวปั่น,ชาเขียวญี่ปุ่น นมสด เครื่องดื่มปั่น เย็นชื่นใจ,ชาเขียวเบลนด์ เย็นฉ่ำ ชาญี่ปุ่น รสชาติแท้
ชาเขียวมัทฉะลาเต้,"{'ผงชาเขียวมัทฉะญี่ปุ่น 100%': '1 ช้อนโต๊ะ', 'น้ำเปล่า': '15-20 มิลลิลิตร', 'นมสด (1)': '140 มิลลิลิตร', 'น้ำตาลทราย': '2 ช้อนชา', 'นมข้นหวาน': '15 มิลลิลิตร', 'น้ำแข็ง': '', 'นมสด (2)': '25 มิลลิลิตร'}",แคลมาก,โปรตีนน้อย,ไขมันกลาง,คาร์บน้อย,"ผงชาเขียว, น้ำเปล่า, นมสด, น้ำตาลทราย, นมข้นหวาน, น้ำแข็ง, นมสด",มีผงมัทชะ น้ำเปล่า นมสด และใจ จะทำเมนูอะไรดี,ผงชาเขียว นม น้ำตาล มัทฉะแท้ ลาเต้ร้อน,มัทฉะนมร้อน ชาเขียวผง เครื่องดื่มร้อนๆ รสชาติเข้มข้น
ชาเขียวมัทฉะลาเต้ลาวา,"{'ผงชาเขียวมัทฉะ': '1 ช้อนโต๊ะ', 'นมข้นหวาน': '2 ช้อนชา', 'น้ำร้อน': '1 ช้อนโต๊ะ', 'นมสด': '50 มิลลิลิตร', 'น้ำแข็ง': ''}",แคลกลาง,โปรตีนกลาง,ไขมันกลาง,คาร์บน้อย,"ผงชาเขียว, นมข้นหวาน, น้ำร้อน, นมสด, น้ำแข็ง",มีผงมัทชะ น้ำเปล่า นมสด และใจ อยากทำให้มันพิเศษกว่าปกติ จะทำเมนูอะไรดี,นมข้นหวาน น้ำร้อน นมสด น้ำแข็ง มัทฉะร้อน,อยากกินเครื่องดื่มร้อนๆ  ชาเขียว เข็มๆ หอมเข้มข้น
ชาเขียวเย็น Moka pot,"{'น้ำสะอาด': 'ไม่ระบุ', 'ใบชาเขียวเต็มถ้วย': 'ไม่ระบุ', 'นมข้นหวานตามชอบ': 'ตามชอบ', 'ครีมเทียมตามชอบ': 'ตามชอบ'}",แคลน้อย,โปรตีนน้อย,ไขมันน้อย,คาร์บน้อย,"น้ำ, ใบชาเขียว, นมข้นหวาน, ครีมเทียม",ทำชาเขียวเย็นจาก Moka pot , น้ำ ใบชา หอมใส เย็นฉ่ำ, ชาเขียวต้ม  เย็นสดชื่น หอมชาใส ดื่มเย็นๆ
ชีสเค้กสไตล์ญี่ปุ่น,"{'ครีมชีส': '250 กรัม', 'น้ำตาลทราย': '30+55 กรัม', 'ชอร์ตเทนนิ่งน้ำมันรำข้าว': '30 กรัม', 'ไข่ไก่': '3 ฟอง', 'ครีม': '150 กรัม', 'กลิ่นวานิลลา': '1/2 ช้อนชา', 'กลิ่นเลมอน': '1/2 ช้อนชา', 'แป้งสาลีอเนกประสงค์': '32 กรัม', 'น้ำตาลไอซิ่ง': 'สำหรับเสิร์ฟ'}",แคลมาก,โปรตีนกลาง,ไขมันสูง,คาร์บกลาง,"ครีมชีส, น้ำตาลทราย, น้ำมันรำข้าว, ไข่ไก่, ครีม, กลิ่นวานิลลา, กลิ่นเลมอน, แป้งสาลีอเนกประสงค์, น้ำตาลไอซิ่ง","ทำอะไรดีจากวัตถุดิบที่มี ครีมชีส, น้ำตาลทราย, น้ำมันรำข้าว, ไข่ไก่, ครีม, กลิ่นวานิลลา, น้ำ, ใบชาเขียว, นมข้นหวาน, ครีมเทียม",ครีมชีส น้ำตาลทราย กลิ่นเลมอน แป้งสาลีอเนกประสงค์ น้ำตาลไอซิ่ง, เค้กชีสญี่ปุ่น นุ่มละมุน ครีมชีส ไข่ไก่ วานิลลา เลมอน หวานนุ่ม เนื้อเบา ขนมหวานญี่ปุ่น
ชุดอาหารเช้า,"{'ซอสถั่วเหลืองจิ้มและเหยาะ': '', 'ไข่ไก่': '', 'เบคอน': '', 'ไส้กรอก': '', 'แฮม': '', 'ชาร้อน': '', 'น้ำสะอาด': 'สำหรับต้มไข่ลวก'}",แคลกลาง,โปรตีนกลาง,ไขมันน้อย,คาร์บน้อย,"ซอสถั่วเหลืองจิ้ม, ไข่ไก่, เบคอน, ไส้กรอก, แฮม, ชาร้อน, น้ำสะอาด",มี ไข่ เบคอน ขนมปัง ชา ทำอะไรกินดีสำหรับมื้อเช้า,อาหารเช้าครบครัน กินดี ทำง่าย ทำเร็ว,อาหารเช้าตะวันตก  อาหารเช้าโปรตีนสูง อิ่มท้อง มีพลังงาน
ไชโป๊วผัดไข่,"{'หัวไชโป๊ว (รสหวาน)': '200 กรัม', 'ไข่': '2 ฟอง', 'กระเทียมสับ': '1 ช้อนโต๊ะ', 'น้ำตาลทราย': 'เล็กน้อย', 'ซีอิ๊วขาว': '', 'น้ำมันสำหรับผัด': ''}",แคลน้อย,โปรตีนน้อย,ไขมันน้อย,คาร์บกลาง,"หัวไชโป๊ว, ไข่, กระเทียมสับ, น้ำตาลทราย, ซีอิ๊วขาว, น้ำมัน",มีไชโป๊ว กับ ไข่ กระเทียม กุ้ง มะละกอ ไก่ ทำเมนูอะไรดี กินง่าย อร่อย ,หัวไชโป๊ว  น้ำมัน ผัดง่ายๆ หวานนิดหน่อย เค็มอ่อน,หัวไชโป๊วผัด ไข่ใส กระเทียม หวานเค็ม ง่ายทำ กินกับข้าว ผัดไฟแรง อาหารบ้านๆ
ซี่โครงหมูอบ,"{'ซี่โครงหมู': '500 กรัม', 'รากผักชี': '2 หัว', 'กระเทียม': '5 กลีบ', 'พริกไทย': '1/2 ช้อนชา', 'หอมแดง': '2 หัว', 'ผงคนอร์รสหมู': '1 ช้อนชา', 'ซอสปรุงรสฝาเขียว': '1 ช้อนโต๊ะ', 'ซีอิ๊วขาว': '1 ช้อนโต๊ะ', 'น้ำมันหอย': '1 ช้อนโต๊ะ', 'น้ำตาลปี๊ป': '1 ช้อนโต๊ะ'}",แคลกลาง,โปรตีนน้อย,ไขมันกลาง,คาร์บกลาง,"ซี่โครงหมู,  รากผักชี,  กระเทียม,  พริกไทย,  หอมแดง,  คนอร์,  ซอสปรุงรสฝาเขียว,  ซีอิ๊วขาว,  น้ำมันหอย,  น้ำตาลปี๊ป",มีซี่โคร่งหมูได้มาจากไแตลาดมาเมื่อวาน ทำอะไรกินดี ,ซี่โครงหมู อร่อยๆ เพราะมีเหลือเยอะมาก ทำอะไรดี แบบ หวานๆ เค็มๆ,หมูอบเครื่องเทศ ซี่โครงหมู รากผักชี เครื่องปรุง หอมหวาน เนื้อนุ่ม อบไฟอ่อน หอมเครื่องเทศ
ซุปไก่อย่างง่าย,"{'น่องไก่บน': '6 ชิ้น', 'มันฝรั่ง': '2-3 ผล', 'แครอท': '1 หัว', 'หอมใหญ่': '1-2 หัว', 'มะขือเทศสีดา/ท้อ': '2-4 / 2 ผล', 'เกลือสมุทร': '1-2 ช้อนโต๊ะ', 'น้ำซุปหรือน้ำเปล่า': '1-1.5 ลิตร', 'ซอสปรุงรส/ซีอิ้วขาว': '1-2 ช้อนโต๊ะ'}",แคลกลาง,โปรตีนน้อย,ไขมันกลาง,คาร์บน้อย,"น่องไก่, มันฝรั่ง, แครอท, หอมใหญ่, มะขือเทศสีดา, เกลือสมุทร, น้ำซุป, ซอสปรุงรส",มี น่องไก่ มัน แครอท หอมหัวใหญ่ เกลือ มะเขือเทศ อยากจะทำเมนูให้คนป่วยกิน ทำอะไรกินดี,น่องไก่ มันฝรั่ง แครอท หอมใหญ่ อยากทำซุปอุ่นๆ,ซุปไก่ผัก น่องไก่ มันฝรั่ง แครอท หอมใหญ่ มะเขือเทศ อุ่นท้อง น้ำซุป อาหารคลายเครียด
ซุปเห็ด,"{'น้ำสต๊อก': 'มิลลิลิตร', 'เห็ดแชมปิยอง': 'ตามชอบ', 'หอมใหญ่สับละเอียด': '50 กรัม', 'น้ำตาลทราย': '¼ ช้อนชา', 'เกลือ': '½ ช้อนชา', 'พริกไทย': '¼ ช้อนชา', 'เนยจืด': '1 ½ ช้อนโต๊ะ', 'แป้งสาลี': '1 ½ ช้อนโต๊ะ', 'นมสดรสจืด': '170 มิลลิลิตร', 'ใบพาร์สลีย์สด': '2-3 ใบ'}",แคลมาก,โปรตีนกลาง,ไขมันกลาง,คาร์บกลาง,"น้ำสต๊อก, เห็ดแชมปิยอง, หอมใหญ่, น้ำตาลทราย, เกลือ, พริกไทย, เนยจืด, แป้งสาลี, นมสด, ใบพาร์สลีย์",มีเห็ด แป้ง นมสด หอมใหญ่ แป้ง ไก่ หมู ทำเมนูอะไรดี,น้ำสต๊อก เห็ดแชมปิยอง หอมใหญ่  นมสด ใบพาร์สลีย์ ทำซุปอร่อยๆ , ซุปเห็ดครีม เห็ดแชมปิยอง นมสด เนย หอมใหญ่ ซุปข้นนุ่ม หอมเห็ด อุ่นท้อง ซุปตะวันตก
แซนด์วิชเนื้อย่างอะโวคาโด,"{'ซูพรีมบีฟ': '1 แพ็ค', 'เนื้อวัวเสือร้องไห้สไลซ์': '1 แพ็ค', 'อะโวคาโด': '1 ผล', 'ขนมปังซาวร์โดว์': '2 แผ่น', 'เกลือ': 'เล็กน้อย', 'น้ำมันมะกอก': '', 'เลมอน': '½ ลูก', 'ซอสยากินิคุ': '', 'โชยุ': '40 มิลลิลิตร', 'มิริน': '20 มิลลิลิตร', 'สาเก': '20 มิลลิลิตร', 'น้ำตาลทรายแดง': '1 ช้อนโต๊ะ', 'น้ำผึ้ง': '½ ช้อนโต๊ะ', 'กระเทียมโขลกละเอียด': '½ ช้อนชา', 'ขิงโขลกละเอียด': '½ ช้อนชา', 'แอปเปิลโขลกละเอียด': '1 ช้อนโต๊ะ', 'หอมใหญ่โขลกละเอียด': '1 ช้อนโต๊ะ', 'น้ำส้มสายชู': '½ ช้อนชา', 'งาขาวคั่วบดหยาบ': '½ ช้อนโต๊ะ', 'น้ำมันงา': '½ ช้อนโต๊ะ', 'น้ำมันน้ำพริกเผา': '½ ช้อนชา', 'พริกไทย': '½ ช้อนชา'}",แคลมาก,โปรตีนสูง,ไขมันสูง,คาร์บสูง,"เนื้อวัว, อะโวคาโด, ขนมปัง, เกลือ, น้ำมันมะกอก, เลมอน, วัตถุดิบซอสยากินิคุ, โชยุ, มิริน, สาเก, น้ำตาลทรายแดง, น้ำผึ้ง, กระเทียม, ขิง, แอปเปิล, หอมใหญ่, น้ำส้มสายชู, งาขาว, น้ำมันงา, น้ำมัน, พริกไทย",อยากกินแซนด์วิช อร่อยๆ เนื้อเยอะๆ ขนมปัง เกลือ น้ำผึ้ง น้ำส้มสายชู ขิง แอปเปิ้ล,อยากทำอาหารที่มี เนื้อวัว อะโวคาโด ขนมปัง ซอสเกาหลี โชยุ มิริน น้ำผึ้ง กระเทียม ขิง หอมใหญ่ อร่อยๆ ,เนื้อ อะโวคาโด ขนมปัง ทำอะไรดี อยากกินแซนด์วิชเกาหลี
แซนด์วิชสลัดไข่ต้มยางมะตูม,"{'ไข่ไก่': '2 ฟอง', 'น้ำสลัดครีม': '2 ช้อนโต๊ะ', 'ขนมปัง': '4 แผ่น', 'เนย': '1 ช้อนโต๊ะ', 'ผักคอส': '1 ต้น', 'แคร์รอต': '1 หัว', 'อะโวคาโด': '2 ลูก', 'มะเขือเทศท้อ': '2 ลูก', 'เบคอน': '200 กรัม', 'เกลือ': '1 ช้อนชา', 'พริกไทย': '1 ช้อนชา', 'กระดาษไข': 'สำหรับห่อ'}",แคลมาก,โปรตีนกลาง,ไขมันสูง,คาร์บกลาง,"ไข่ไก่, น้ำสลัดครีม, ขนมปัง, เนย, ผักคอส, แคร์รอต, อะโวคาโด, มะเขือเทศ, เบคอน, เกลือ, พริกไทย",วันนี้รีบยามเช้า อยากกินอะไรไวๆ ในตู้เย็นตอนนี้มี ไข่ น้ำสลัด ผัก แครอท อะโวคาโด เบคอน เกลือ พริกไทย ทำอะไรกินได้บ้าง,ไข่ต้ม น้ำสลัด ขนมปัง ผักคอส แคร์รอต อะโวคาโด มะเขือเทศ เบคอน ทำอะไรอร่อยๆ,อยากกินแซนด์วิช มีไข่ต้ม ผักใบเขียว อร่อยๆ ดีต่อสุขภาพ
แซนวิช​โบราณ​หมูหยองน้ำสลัด,"{'น้ำตาลทราย': '110กรัม', 'นมข้นหวาน': '90กรัม', 'น้ำส้มสายชู': '2ช้อนโต๊ะ\u200b', 'มายองเนส': '115กรัม', 'ดอกเกลือ': '1/2ช้อนชา', 'ไข่แดงเบอร์\u200bใหญ่': '2ฟอง', 'พริกไทยดำ\u200bป่น': '1/2ช้อนชา', 'สีผสมอาหาร\u200bสีเหลืองมะนาว': 'นิดหน่อย', 'ขนมปังแซนวิช': '30แผ่น', 'โบโลน่า': '20แผ่น', 'หมูหยอง': '120กรัม', 'น้ำมันมะกอก': '170กรัม'}",แคลมาก,โปรตีนกลาง,ไขมันสูง,คาร์บกลาง,"น้ำตาลทราย, นมข้นหวาน, น้ำส้มสายชู​, มายองเนส, ดอกเกลือ, ไข่แดง​, พริกไทย​, สีผสมอาหาร, ขนมปัง, โบโลน่า, หมูหยอง, น้ำมัน",อยากกินอะไรที่นึกถึงอดีต นมข้น น้ำส้มสายชู ไข่ พริกไทย ผักคอส ขนมปัง หมูหยอง ,หมูหยอง โบโลน่า ขนมปัง ทำแซนด์วิชแบบโบราณ อร่อยๆ,"มีหมูหยอง ขนมปัง เนื้อ ไข่แดง น้ำส้มสายชู ทำอะไรดี สไตล์เก่าๆ หวานๆ
"
ดัลโกนามัทฉะลาเต้,"{'ผงชาเขียว': '1 ช้อนโต๊ะ', 'น้ำร้อน': '1 ½ ช้อนโต๊ะ', 'น้ำตาล': '2 ช้อนโต๊ะ', 'วิปครีม': 'ตามชอบ', 'นมสด': '250 มิลลิลิตร'}",แคลน้อย,โปรตีนกลาง,ไขมันน้อย,คาร์บน้อย,"ผงชาเขียว, น้ำร้อน, น้ำตาล, วิปครีม, นมสด",มีน้ำตาล ผงมัทชะ นม น้ำตาล อยากกินชาเขียว ไขมันน้อย,ผงชาเขียว น้ำตาล วิปครีม นมสด ทำเครื่องดื่มเกาหลี หวานๆ เขียวๆ,อยากดื่มชาเขียว มีผงมัทฉะ นม วิปครีม ทำยังไงให้หวานๆ ครีมมี่ เกาหลีสไตล์
โดนัทจิ๋ว,"{'แป้งอเนกประสงค์/แป้งเค้ก': '120 กรัม', 'น้ำตาลทราย': '120 กรัม', 'เนยละลาย': '90 กรัม', 'เบคกิ้งโซดา': '1/4 ช้อนชา', 'ผงฟู': '1/4 ช้อนชา', 'ผงโกโก้': '40 กรัม', 'ไข่ไก่': '2 ฟอง', 'นมสด': '100 ml.', 'กลิ่นวนิลา': '1 ช้อนชา'}",แคลมาก,โปรตีนกลาง,ไขมันสูง,คาร์บกลาง,"แป้งอเนกประสงค์, น้ำตาลทราย, เนยละลาย, เบคกิ้งโซดา, ผงฟู, ผงโกโก้, ไข่ไก่, นมสด, กลิ่นวนิลา, ท๊อปปิ้ง, ช๊อคโกแลต ,อัลมอนด์",มีแป้ง น้ำตาล ไข่ไก่ เนย อัลมอนด์ อยากทำขนมหวาน,แป้ง นมสด ไข่ ช๊อคโกแลต อัลมอนด์ ทำขนมหวาน โดนัทเล็กๆ ทอดๆ,อยากทำโดนัท มีแป้ง น้ำตาล เนย ผงโกโก้ ไข่ นม วนิลา ทำยังไงให้นุ่ม หวาน
ต้มข่ากระดูกหมูอ่อนใบพาย,"{'กระดูกหมูอ่อนส่วนใบพาย': '3ขีด', 'หอมหัวใหญ่': '1/2 หัว', 'เห็ดชิเมจิ': '150 กรัม', 'มะเขือเทศ': '2 ลูก', 'ข่า': '7-8 แว่น', 'ตะไคร้หั่นแฉลบ และใบมะกรูด': 'ตามชอบ', 'พริกขี้หนู': '10 เม็ด', 'พริกแห้งทอด': '4-5 เม็ด', 'ผักชีฝรั่ง': '3 ต้น', 'รากผักชี': '3 ราก', 'น้ำปลา': '5 ช้อนโต๊ะ', 'มะนาว': '3 ลูก'}",แคลมาก,โปรตีนน้อย,ไขมันสูง,คาร์บกลาง,"กระดูกหมูอ่อน,  หอมหัวใหญ่,  เห็ด,  มะเขือเทศ,  ข่า,  ตะไคร้, ใบมะกรูด, พริกขี้หนู,  พริกแห้ง,  ผักชีฝรั่ง,  รากผักชี,  น้ำปลา,  มะนาว",มีกระดูกอ่อน หอมหัวใหญ่ เห็ด พริก ตะไคร้ ข่า มะเจือเทศ แครรอท ไก่ ทำเมนูอะไรดี,ในตู้เย็นมีเมนูมี กระดูกหมู ใบมะกรูด พริกขี้หนู อยากกินต้มแกง,อยากอีสต้มข่า มีกระดูกหมู ข่า ตะไคร้ ใบมะกรูด เห็ด แบบใต้ๆ หอมๆ ใส่ใบพาย
ต้มข่าไก่,"{'สะโพกไก่': '400 กรัม', 'เห็ดฟาง': '200 กรัม', 'หัวกะทิ': '300 มิลลิลิตร', 'หางกะทิ': '500 มิลลิลิตร', 'ข่าอ่อนหั่นแว่นบาง ๆ': '5-6 แว่น', 'ตะไคร้หั่นแฉลบ': '3 ต้น', 'ใบมะกรูด': '5-6 ใบ', 'น้ำปลา': '1 ช้อนโต๊ะ', 'พริกแดง-เขียว': '10 กรัม', 'มะนาว': '1 ลูก'}",แคลมาก,โปรตีนกลาง,ไขมันกลาง,คาร์บน้อย,"สะโพกไก่, เห็ดฟาง, หัวกะทิ, หางกะทิ, ข่าอ่อนหั่น, ตะไคร้, ใบมะกรูด, น้ำปลา, พริกแดง, มะนาว",มีไก่ เห็ด หมู กะทิ น้ำปลา มะนาว ทำอะไรกินดี อยากกินอะไรเผ็ดๆ เป้นแกง,ไก่ เห็ดฟาง กะทิ ข่า ตะไคร้ ใบมะกรูด น้ำปลา ต้มข่า ครีมมี่ หอมๆ,
ต้มจับฉ่ายน่องไก่,"{'น่องไก่': '1 กิโลกรัม', 'ผักโขม': '300 กรัม', 'กะหล่ำปลี': '300 กรัม', 'ขึ้นฉ่าย': '200 กรัม', 'หัวไชเท้า': '200 กรัม', 'แครอท': '200 กรัม', 'กวางตุ้ง': '200 กรัม', 'เห็ดหอม': '100 กรัม', 'รากผักชี': '10 ราก', 'พริกไทย': '30 กรัม', 'กระเทียม': '30 กรัม', 'ซอสปรุงรส': '60 กรัม', 'ซีอิ๊วขาว': '150 กรัม', 'เกลือป่น': '1 ช้อนโต๊ะ', 'ซอสหอยนางรม': '3 ช้อนโต๊ะ', 'น้ำตาลปี๊บ': '2 ช้อนโต๊ะ', 'น้ำมันพืช': '1 ช้อนโต๊ะ', 'น้ำเปล่า': '1 ถ้วยตวง'}",แคลมาก,โปรตีนน้อย,ไขมันสูง,คาร์บกลาง,"น่องไก่, ผักโขม, กะหล่ำปลี, ขึ้นฉ่าย, หัวไชเท้า, แครอท, กวางตุ้ง, เห็ดหอม, รากผักชี, พริกไทย, กระเทียม, ซอสปรุงรส, ซีอิ๊วขาว, เกลือป่น, ซอสหอยนางรม, น้ำตาลปี๊บ, น้ำมัน, น้ำเปล่า",มีน่องไก่ ผัก กะหล่ำ แครอท เห็ด ขึ้นฉ่าย ทำเมนูแกงๆ ที่กินกันได้ทั้งครอบครัว,น่องไก่ ผักโขม กะหล่ำปลี ขึ้นฉ่าย หัวไชเท้า แครอท เห็ดหอม ต้มจืด ใส่ผัก,มีน่องไก่ ผักหลากหลาย ขึ้นฉ่าย ซอสหอยนางรม ต้มจืดใส่ผัก อร่อยๆ แซ่บ
ต้มจืดเต้าหู้อ่อน,"{'เต้าหู้ไข่': 2, 'หมูสับ': 200, 'คนอร์ก้อนต้มจืด รสหมู': 2, 'ผักกาดขาว': 1, 'ต้นหอม': 1, 'ขึ้นฉ่าย': 1, 'น้ำเปล่า': 3, 'ซีอิ๊วขาว': 3, 'พริกไทยเม็ด': 20}",แคลกลาง,โปรตีนกลาง,ไขมันกลาง,คาร์บน้อย,"เต้าหู้ไข่,  หมูสับ,  คนอร์,  ผักกาดขาว,  ต้นหอม, ขึ้นฉ่าย, น้ำเปล่า,  ซีอิ๊วขาว,  พริกไทยเม็ด",อยากทำอาหารที่เด้กๆกินได้ อร่อย มี หมูสับ เต้าหู้ แครรอท ผักกาด , ต้มจืด ใสๆ ธรรมดา ทำมาจากหมู เต้าหู้ ,อยากต้มจืด มีเต้าหู้ หมูสับ ผักกาดขาว ซีอิ๊วขาว ต้นหอม ขึ้นฉ่าย ง่ายๆ
ต้มจืดแรดิชหมูสับ,"{'หมูสับ': '150 กรัม', 'ลูกแรดิช': '140 กรัม', 'แครอท': '150 กรัม', 'ต้นหอมหั่นท่อน': '2 ต้น', 'ผักชีหั่น': '1 ต้น', 'รากผักชี': '1 ราก', '3เกลอ (รากผักชี พริกไทย กระเทียม โขลก)': '1 ช้อนโต๊ะ', 'ซีอิ๊วขาว': '2 ช้อนโต๊ะ', 'เกลือป่น': 'เล็กน้อย', 'น้ำเปล่า': '3 ถ้วย', 'กระเทียมเจียว (ไม่ใส่ก็ได้)': ''}",แคลกลาง,โปรตีนกลาง,ไขมันกลาง,คาร์บน้อย,"หมูสับ,  ลูกแรดิช,  แครอท,  ต้นหอม,  ผักชี,  รากผักชี,  ซีอิ๊วขาว,  เกลือ, เล็กน้อย, น้ำเปล่า,  กระเทียม",ได้แรดดิชมาเยอะมาก เลยอยากทำเมนูอาหารที่ใช้แรดดิชให้หมด,หมูสับ หัวไชเท้า แครอท ต้นหอม ผักชี ต้มจืด ใส หวานๆ,มีหมูสับ หัวไชเท้า ผักชี ต้นหอม ทำต้มจืด ใส ธรรมดา หวานๆ
ต้มแซ่บกระดูกหมู,"{'กระดูกหมู': '600 กรัม', 'น้ำสะอาด': '1.5 ลิตร', 'ตะไคร้': '4 ต้น', 'ใบมะกรูด': '5 ใบ', 'ข่า': '2 แง่ง', 'พริกจินดาแดง': '6-10 เม็ด', 'เกลือ': '1 ช้อนโต๊ะ', 'น้ำตาล': '1 ช้อนโต๊ะ', 'น้ำปลา': '1 ช้อนโต๊ะ', 'น้ำมะนาว': '2-3 ช้อนโต๊ะ', 'ผักชีฝรั่ง': '3 ต้น', 'เห็ดฟาง': 'ตามชอบ', 'หอมแดง': '5 หัว', 'พริกป่น': '1 ช้อนโต๊ะ', 'ข้าวคั่ว': '1 ช้อนโต๊ะ'}",แคลมาก,โปรตีนกลาง,ไขมันสูง,คาร์บน้อย,"ซี่โครงหมู,  เห็ดฟาง,  ตะไคร้,  หอมแดง,  ข่า,  น้ำมะขามเปียก,  พริกขี้หนู,  พริกป่น,  พริกแห้ง,  ข้าวคั่ว,  เกลือ,  น้ำปลา,  ใบมะกรูด,  มะเขือเทศ,  ผักชีฝรั่ง,  น้ำเปล่า",อยากกินอะไรแซ่บๆ มีเห็ด ตะไคร้ ซี่โคร่ง ข้าวคั่ว มะเขือเทศ กินแล้วนึกถึงอีสานบ้านเฮา,กระดูกหมู พริก ต้มแซ่บ เปรี้ยวๆ เผ็ด,อยากต้มแซ่บ มีกระดูกหมู ตะไคร้ ข่า น้ำมะขาม พริกขี้หนู เปรี้ยวแซ่บ ร้อนๆ
ต้มแซบไก่,"{'ไก่': '1/2 ตัว', 'ตะไคร้': '10 ต้น', 'ข่า': '2 แง่ง', 'ใบมะกรูด': '3 กิ่ง', 'ต้นหอม': '5 ต้น', 'ผักชี': '5 ต้น', 'ผักชีฝรั่ง': '5 ต้น', 'มะนาว': '4 ลูก', 'พริกขี้หนู': '15 เม็ด', 'ผงปรุงรส': '2 ก้อน', 'น้ำปลา': '2 ช้อนโต๊ะ', 'พริกป่น': '1 ช้อนโต๊ะ'}",แคลกลาง,โปรตีนกลาง,ไขมันกลาง,คาร์บน้อย,"ไก่,  ตะไคร้,  ข่า,  ใบมะกรูด,  ต้นหอม,  ผักชีฝรั่ง,  มะนาว,  พริกขี้หนู,  ผงปรุงรส,  น้ำปลา  ",อยากกินต้มแซ่บไก่ เหมาะกับคนแซ่บๆแบบเรา,ไก่ ตะไคร้ ข่า  ต้มแซบ อร่อยๆ ,อยากต้มแซบ มีไก่ ตะไคร้ ข่า ใบมะกรูด ผักชี มะนาว เผ็ดๆ แซ่บ
ต้มแซ่บเนื้อ,"{'เนื้อวัว': '180 กรัม', 'ตะไคร้': '3 ต้น', 'หอมแดง': '5 หัว', 'ข่า': '5 ชิ้น', 'รากผักชี': '2 ราก', 'เกลือป่น': '1/2 ช้อนชา', 'ต้นหอม': '1 ต้น', 'ผักชีฝรั่ง': '2 ต้น', 'น้ำมะขามเปียก': '3 ช้อนโต๊ะ', 'น้ำมะนาว': '1/2 ลูก', 'พริกขี้หนู': '7-8 เม็ด', 'น้ำตาลทราย': '1 ช้อนชา', 'น้ำปลา': '2 ช้อนโต๊ะ', 'น้ำเปล่า': ''}",แคลมาก,โปรตีนกลาง,ไขมันสูง,คาร์บกลาง,"เนื้อวัว, ตะไคร้, หอมแดง, ข่า, รากผักชี, เกลือ, ต้นหอม, ผักชีฝรั่ง, น้ำมะขามเปียก, น้ำมะนาว, พริกขี้หนู, น้ำตาลทราย, น้ำปลา, น้ำเปล่า",มีไก่่แล้วก้ต้องมีเนื้อ ตะไคร้ หอมแดง น้ำตาล มะน่าว มะกรูด มาทำอาหารอร่อยๆ ,เนื้อวัว ตะไคร้ ข่า ผักชี น้ำมะขาม ต้มแซ่บ เปรี้ยวหวาน,มีเนื้อ ตะไคร้ หอมแดง ข่า ผักชี น้ำมะขาม มะนาว พริกขี้หนู ทำต้มแซ่บ
ต้มแซบเอ็นข้อไก่,"{'เอ็นข้อไก่': '1 กก', 'ตะไคร้': '8 ต้น', 'ข่า': '2 แง่ง', 'ใบมะกรูด': '20 ใบ', 'ต้นหอม': '10 ต้น', 'ผักชี': '10 ต้น', 'ผักชีฝรั่ง': '10 ต้น', 'พริกจินดา': '20 เม็ด', 'ผงปรุงรส': '3 ก้อน', 'น้ำปลา': '4 ช้อนโต๊ะ', 'มะนาว': '7 ใบ'}",แคลกลาง,โปรตีนน้อย,ไขมันกลาง,คาร์บน้อย,"เอ็นข้อไก่,  ตะไคร้,  ข่า,  ใบมะกรูด,  ต้นหอม,  ผักชีฝรั่ง,  พริกจินดา,  ผงปรุงรส,  น้ำปลา,  มะนาว",อยากเอาเอ็นข้อไก่มาทำอาหาร อร่อยๆ แซ่บๆ ใส่พริก ใส่ต้นหอม,เอ็นข้อไก่ ตะไคร้ ข่า ใบมะกรูด ต้มแซบ อร่อยๆ,อยากต้มแซบ มีเอ็นข้อไก่ ตะไคร้ ข่า ใบมะกรูด ผักชี พริกจินดา เหนียว
ต้มเนื้อเปื่อย,"{'เนื้อน่องวัว': '1 กก.', 'ตะไคร้บุ': '3 ต้น', 'ใบมะกรูดฉีก': '5 ใบ', 'หอมแดงบุ': '4 หัว', 'เห็ดออรินจิ': '5 อัน', 'พริกขี้หนู': '6-7 เม็ด', 'ตั้งโอ๋': '2 ต้น', 'เกลือ': '1 ช้อนชา', 'ผงปรุงรส': '1/2 ช้อนชา', 'น้ำปลา': '2 ช้อนโต๊ะ', 'น้ำมะขามเปียก': '3 ช้อนโต๊ะ'}",แคลกลาง,โปรตีนกลาง,ไขมันกลาง,คาร์บน้อย,"เนื้อน่องวัว,  ตะไคร้,  ใบมะกรูดฉีก,  หอมแดง,  เห็ดออรินจิ,  พริกขี้หนู,  ตั้งโอ๋,  เกลือ,  ผงปรุงรส,  น้ำปลา,  น้ำมะขามเปียก",อยากกินต้มเนื้อเปื่อย เพราะมีเนื้อน่องลายอยู่,อยากกินต้มเนื้อ อร่อยๆ กินง่าย ไม่ต้องเคี้ยว,"มี เนื้อน่องวัว,  ตะไคร้,  ใบมะกรูดฉีก,  หอมแดง ทำอะไรได้บ้าง"
ต้มผักกาดดองใส่กระดูกหมู,"{'กระดูกหมู': '1-1.5 kg', 'ผัดกาดดองเค็ม': '2 กระป๋อง', 'กระเทียม': '5 กลีบ', 'เกลือ': '1 ช้อนชา', 'น้ำ': '1-2 ลิตร'}",แคลน้อย,โปรตีนน้อย,ไขมันน้อย,คาร์บน้อย,"กระดูกหมู,  ผัดกาดดอง,  กระเทียม,  เกลือ,  น้ำ",อยากกินต้มๆ ใส่ผักกาดดอง อร่อยๆ,กระดูกหมู ผักกาดดอง กระเทียม ต้มจืด เค็มๆ เปรี้ยวๆ,อยากต้มจืด มีกระดูกหมู ผักกาดดอง กระเทียม เค็มๆ เปรี้ยวนิดๆ
ต้มยำขาหมู,"{'ขาหมูเผา': '1.5 กิโลกรัม', 'ข่า': '10-15 แว่น', 'ตะไคร้': '2 ต้น', 'ใบมะกรูด': '5 ใบ', 'พริกขี้หนูแห้งทอด': '5-10 เม็ด', 'มะนาว': '4-5 ลูก', 'ผงปรุงรสคนอร์': '2 ช้อนโต๊ะ', 'น้ำปลา': '2 ช้อนโต๊ะ', 'เกลือ': '2 ช้อนโต๊ะ', 'น้ำสะอาด': '6 ถ้วย', 'ผักชี': '', 'ผักชีใบเลื่อย': ''}",แคลมาก,โปรตีนกลาง,ไขมันกลาง,คาร์บกลาง,"ขาหมูเผา, ข่า, ตะไคร้, ใบมะกรูด, พริกขี้หนู, มะนาว, คนอร์, น้ำปลา, เกลือ, น้ำสะอาด, ผักชี",มีขาหมู ข่า ตะไคร้ ใบมะกรูด มะนาว เกลือ ผักบุ้ง มะเขือเทศ  ทำเมนูที่แบบแซ่บๆ ,ขาหมูเผา ข่า ตะไคร้ คนอร์ ต้มยำ เผ็ด,มีขาหมูเผา ข่า ตะไคร้ ใบมะกรูด พริกขี้หนู มะนาว ทำต้มยำ เผ็ดๆ
ต้มยำซี่โครงหมู สูตรใส่คนอร์,"{'ซี่โครงหมู': '1/2 กิโลกรัม', 'หอมแดงแกะเปลือก': '1 ถ้วย', 'ข่า ตะไคร้ ใบมะกรูด': '1 ชุด', 'เกลือ': '1/2 ช้อนโต๊ะ', 'น้ำปลา': '1 ช้อนโต๊ะ', 'คนอร์ ซุปรสหมู': '1 ก้อน', 'เห็ดฟางผ่าครึ่ง': '1 ถ้วย', 'น้ำมะนาว': '1 ถ้วย', 'พริกขี้หนูสดทุบ': '1 ช้อนโต๊ะ', 'พริกป่น': '1/2 ช้อนโต๊ะ', 'ต้นหอม ผักชี (โรยหน้า)': '1 หยิบมือ', 'ผักชีฝรั่ง (โรยหน้า)': '1 หยิบมือ'}",แคลมาก,โปรตีนกลาง,ไขมันสูง,คาร์บกลาง,"ซี่โครงหมู,  หอมแดง,  ข่า, ตะไคร้, ใบมะกรูด,  เกลือ,  น้ำปลา,  คนอร์,  เห็ดฟาง,  น้ำมะนาว,  พริกขี้หนู,  พริกป่น,  ต้นหอม ผักชี,  ผักชีฝรั่ง",อยากินต้มๆ มีข่า ตะไคร้ ใบมะกรูด และใส่ซี่โครงหมูเยอะๆ,ซี่โครงหมู หอมแดง  เห็ดฟาง มะนาว พริกขี้หนู ต้มยำ,อยากต้มยำ มีซี่โครงหมู ข่า ตะไคร้ ใบมะกรูด เห็ดฟาง พริกขี้หนู มะนาว
ต้มยำทะเลน้ำใส,"{'กุ้งสด': '300 กรัม', 'ปลาหมึกสด': '200 กรัม', 'ตะไคร้': '2 ต้น', 'หอมแดง': '10 หัว', 'ข่าอ่อน': '4-5 แว่น', 'พริกขี้หนู': '5-7 เม็ด', 'น้ำมะขามเปียก': '2-3 ช้อนโต๊ะ', 'มะนาว': '1 ลูก', 'น้ำปลา': '3-4 ช้อนโต๊ะ', 'ผักชีฝรั่ง': '1 ต้น', 'ต้นหอมผักชีซอย': '1 ช้อนโต๊ะ', 'ใบมะกรูด': '4-5 ใบ', 'น้ำเปล่า': '3 ถ้วย', 'คนอร์ซุปก้อน': '1/2 ก้อน', 'มะเขือเทศ': '3 ลูก'}",แคลมาก,โปรตีนกลาง,ไขมันสูง,คาร์บน้อย,"กุ้ง,  ปลาหมึก,  ตะไคร้,  หอมแดง,  ข่าอ่อน,  พริกขี้หนู,  น้ำมะขามเปียก,  มะนาว,  น้ำปลา,  ผักชีฝรั่ง,  ต้นหอม,  ใบมะกรูด,  น้ำเปล่า,  คนอร์,  มะเขือเทศ",ในตู้เย็นมี กุ้ง ปลาหมึก หอมแดง ตะไคร้ ข่า พริก มะนาว ทำอะไรกินได้บ้าง ,กุ้ง ปลาหมึก ตะไคร้  ต้มยำ ทะเล,อยากต้มยำ มีกุ้ง ปลาหมึก ตะไคร้ ข่า พริกขี้หนู มะนาว ผักชี ใส
ต้มยำน้ำใสหมูสับ,"{'หมูสับ': '200-300 กรัม', 'เห็ด': 'ตามชอบ', 'ข่า': '3 เหง้า', 'ตะไคร้': '3 ต้น', 'ใบมะกรูด': '6-8 ใบ', 'พริกสด': '2-3 เม็ด หรือตามความชอบ', 'น้ำมะนาว': 'ตามชอบ', 'เกลือ': '1 ช้อนชา', 'ผงปรุงรสหมู': '1 ช้อนชา', 'น้ำปลา': 'ตามชอบ', 'น้ำสะอาด': '1 ลิตร', 'น้ำมันหอม': '1/2 ช้อนโต๊ะ', 'น้ำตาล': '1 ช้อนชา', 'ผักชี': 'ตกแต่งเว้นวรรคให้ด้วย'}",แคลมาก,โปรตีนกลาง,ไขมันสูง,คาร์บน้อย,"หมูสับ,  เห็ด, ข่า,  ตะไคร้,  ใบมะกรูด,  พริกสด,  น้ำมะนาว, ตามชอบ, เกลือ,  คนอร์,  น้ำปลา, น้ำสะอาด  น้ำตาล,  ผักชี",อยากกินอะไรเผ็ดๆ ใช้หมูสับ เห็ด ข่า ตะไคร้ ใบมะกรูด ,หมูสับ เห็ด ข่า ตะไคร้ ใบมะกรูด พริกสด มะนาว ต้มยำ ใส,มีหมูสับ เห็ด ข่า ตะไคร้ ใบมะกรูด พริกสด มะนาว ต้มยำใส
ต้มยําปลากระป๋อง,"{'น้ำเปล่า': '400 มิลลิลิตร', 'ข่าหั่นแว่น': '3 ชิ้น', 'ตะไคร้หั่นท่อนทุบพอแตก': '1 ต้น', 'ใบมะกรูด': '3 ใบ', 'หอมแดง': '1 หัว', 'เห็ดนางฟ้า': '30 กรัม', 'ปลากระป๋อง': '1 กระป๋อง', 'น้ำปลา': '2 ช้อนโต๊ะ', 'น้ำตาลทราย': '1 ช้อนชา', 'พริกขี้หนูสับ': '5 เม็ด', 'น้ำมะนาว': '2 ช้อนโต๊ะ', 'ใบสะระแหน่ / พริกขี้หนู': 'สำหรับตกแต่ง'}",แคลมาก,โปรตีนกลาง,ไขมันสูง,คาร์บกลาง,"น้ำเปล่า, ข่า, ตะไคร้, ใบมะกรูด, หอมแดง, เห็ดนางฟ้า, ปลากระป๋อง, น้ำปลา, น้ำตาลทราย, พริกขี้หนู, น้ำมะนาว, ใบสะระแหน่",อยากกินต้มยำปลากระป๋อง ใส่ข่าหั่นแว่น ใส่หอมแดงเยอะๆ,ปลากระป๋อง ข่า ตะไคร้ ใบมะกรูด ทำอะไรได้บ้าง,อยากต้มยำ มีปลากระป๋อง ข่า ตะไคร้ ใบมะกรูด เห็ด พริกขี้หนู ใบสะระแหน่
ต้มยำปลากะพงน้ำใส,"{'เนื้อปลากะพง': '300 กรัม', 'ตะไคร้': '3 ต้น', 'ข่า': '3 แว่น', 'ใบมะกรูด': '3 ใบ', 'หอมแดง': '5 หัว', 'น้ำปลา': '1 ช้อนโต๊ะ', 'น้ำมะนาว': '1 ช้อนโต๊ะ', 'พริกขี้หนูสวน': '7 เม็ด', 'ใบกะเพรา': '½ ถ้วย', 'น้ำเปล่า': '3 ถ้วยตวง', 'ซุปก้อน': '1 ก้อน'}",แคลมาก,โปรตีนน้อย,ไขมันสูง,คาร์บน้อย,"ปลา, ตะไคร้, ข่าหั่นแว่น, ใบมะกรูด, หอมแดง, น้ำปลา, น้ำมะนาว, พริกขี้หนู, ใบกะเพรา, น้ำเปล่า, ซุปก้อน",มีปลากะพง ตะไคร้ หอม มบมะกรุด ข่า อยากเอามาทำอาหาร แซ่บๆ คาร์บน้อย ,ในตู้เย็นมี ปลากะพง ตะไคร้ ข่า ทำอะไรกินดี,มีปลากะพง ตะไคร้ ข่า ใบมะกรูด หอมแดง พริกขี้หนู ใบกะเพรา ต้มยำใส
ต้มยำปลาช่อน,"{'ปลาช่อน': '2 กก.', 'ตะไคร้': '2 ต้น', 'ข่าหั่นเป็นแว่น': '5 แว่น', 'ใบมะกรูด': '10 ใบ', 'พริกขี้หนูสวน': '10 เม็ด', 'พริกแห้ง': '10 เม็ด', 'มะนาว': '1 ช้อนโต๊ะ', 'เกลือ': '2 ช้อนชา', 'ใบกระเพรา': '1 กำมือ', 'น้ำตาลทราย': '1/2 ช้อนชา'}",แคลกลาง,โปรตีนกลาง,ไขมันน้อย,คาร์บสูง,"ปลา,  ตะไคร้,  ข่า,  ใบมะกรูด,  พริกขี้หนูสวน,  พริกแห้ง,  มะนาว,  เกลือ,  ใบกระเพรา,  น้ำตาลทราย",ได้ปลาช่อนมาใหม่ อยากทำอาหารที่อร่อยๆ เผ็ดๆ,ปลาช่อน ตะไคร้ ข่า  ใบกะเพรา ต้มยำ กินต้มอะไรดี,อยากต้มยำ มีปลาช่อน ตะไคร้ ข่า ใบมะกรูด พริกขี้หนู ใบกะเพรา
ต้มยำรวมมิตรน้ำใสใบกะเพรา,"{'น้ำเปล่า': '800 มล.', 'ตะไคร้': '3 ต้น', 'ข่า': '5-6 แว่น', 'ใบมะกรูด': '5 ใบ', 'ไก่สับปั้นก้อน': '200 กรัม', 'กุ้ง': '10 ตัว', 'ปลาหมึก': '5 ตัว', 'ผงปรุงรส': '2 ช้อนชา', 'เกลือป่น': '1 ช้อนชา', 'น้ำปลา': '3 ช้อนโต๊ะ', 'มะนาว': 'ตามชอบ', 'พริกขี้หนูบุ': 'ตามชอบ', 'ใบกะเพรา': 'ตามชอบ', 'น้ำมันพริกเผา': '2 ช้อนโต๊ะ', 'เห็ดออรินจิ': '6 หัว', 'หอมแดง': '4 หัว'}",แคลมาก,โปรตีนกลาง,ไขมันสูง,คาร์บน้อย,"น้ำเปล่า,  ตะไคร้,  ข่า,  ใบมะกรูด,  ไก่,  กุ้ง,  ปลาหมึก,  ผงปรุงรส,  เกลือ,  น้ำปลา,  มะนาว, พริกขี้หนู, ใบกะเพรา, น้ำมันพริกเผา,  เห็ดออรินจิ,  หอมแดง",มีกุ้ง ปลาหมึก เห็ด เอา ขิง ข่า ตะไคร้ ใบมะกรุด ไก่ มะนาว เอามาทำอาหารแส่บๆ,ไก่ กุ้ง ปลาหมึก ตะไคร้ ข่า อยากกินอะไรเผ็ดๆ ,อยากต้มยำ มีไก่ กุ้ง ปลาหมึก ตะไคร้ ข่า ใบมะกรูด พริกขี้หนู ใบกะเพรา
ต้มยำหมูเด้งน้ำข้น,"{'หมูเด้ง': '250 กรัม', 'ตะไคร้บุบ': '2 ต้น', 'ข่า': '1/2 หัว', 'หอมแดง': '4 หัว', 'กระเทียม': '4 กลีบ', 'พริกบุบ': 'ตามชอบ', 'นมข้นจืด': '100 มล.', 'ใบมะกรูด': '5-6 ใบ', 'มะนาว': '4-5 ลูก', 'มะเขือเทศราชินี': 'ตามชอบ', 'เห็ดออรินจิ': 'ตามชอบ', 'น้ำปลา': 'ตามชอบ', 'น้ำตาล': 'ตามชอบ', 'น้ำพริกเผา': '3 ชต', 'น้ำมันพริกเผา': '2 ชต', 'ผักชีฝรั่ง': 'ตามชอบ', 'น้ำสะอาด': 'เว้นวรรคให้ด้วย'}",แคลมาก,โปรตีนน้อย,ไขมันกลาง,คาร์บน้อย,"หมู,  ตะไคร้,  ข่า,  หอมแดง,  กระเทียม,  พริก, นมข้น,  ใบมะกรูด,  มะนาว,  มะเขือเทศ, เห็ดออรินจิ, น้ำปลา, น้ำตาล, น้ำพริกเผา,  น้ำมันพริกเผา,  ผักชีฝรั่ง, น้ำ","อยากกินอาหารที่ทำมาจาก หมู,  ตะไคร้,  ข่า,  หอมแดง,  กระเทียม,  พริก, นมข้น,  ใบมะกรูด,  มะนาว ",หมู ตะไคร้ ข่า หอมแดง กระเทียม เต็มตู้เย็นเลย อยากกินอะไร ข้นๆๆ,มีหมู ตะไคร้ ข่า นมข้น ใบมะกรูด มะนาว เห็ด น้ำพริกเผา ต้มยำข้น
ต้มเล้งแซ่บ,"{'กระดูกเล้ง': '500 กรัม', 'น้ำสะอาด': '2 ½ ลิตร', 'เกลือ': '1 ช้อนโต๊ะ', 'กระเทียม': '3 กลีบ', 'รากผักชี': '1 รากใหญ่', 'พริกไทย': '1 ช้อนโต๊ะ', 'พริกขี้หนูสวนสีเขียว': '15 เม็ด', 'น้ำมะนาว': '3 ช้อนโต๊ะ', 'น้ำปลา': '3 ช้อนโต๊ะ', 'ผักชีฝรั่ง': '2 ต้น'}",แคลมาก,โปรตีนน้อย,ไขมันสูง,คาร์บน้อย,"กระดูกหมู, น้ำสะอาด, เกลือ, กระเทียม, รากผักชี, พริกไทย, พริกขี้หนู, น้ำมะนาว, น้ำปลา, ผักชีฝรั่ง",มีกระดูกเล้ง  พริก มะนาว อยากกินอะไรเผ็ดๆ,กระดูกหมู กระเทียม รากผักชี พริกไทย พริกขี้หนู มะนาว ผักชี ต้มเล้ง,อยากต้มเล้ง มีกระดูกหมู กระเทียม รากผักชี พริกขี้หนู มะนาว ผักชี
ต้มเลือดหมู,"{'เลือดหมูหั่นก้อนพอดีคำ': '1 ก้อน', 'หมูสับหมักกับน้ำตาลทราย ซอสปรุงรส พริกไทย': '150 กรัม', 'เนื้อหมูหั่นบางๆ ลวกสุก': '50 กรัม', 'ตับหมูหั่นบางๆ ลวกสุก': '50 กรัม', 'เต้าหู้หลอด': '1 หลอด', 'ตำลีงเด็ดเอกแต่ยอด ล้างน้ำ ผึ่งให้สะเด็ดน้ำ': '50 กรัม', 'ตั้งฉ่าย': '1 ช้อนโต๊ะ', 'ซุปก้อน': '1 ก้อน', 'คึ่นฉ่ายกับต้นหอมหั่นเป็นท่อนสั้นๆ': '50 กรัม', 'น้ำเปล่า': '1 1/2 ถ้วย', 'น้ำปลา': '1/2 ช้อนโต๊ะ', 'ซอสปรุงรส': '1 ช้อนโต๊ะ'}",แคลมาก,โปรตีนสูง,ไขมันสูง,คาร์บกลาง,"เลือดหมู, หมูสับ, เนื้อหมู, ตับหมู, เต้าหู้, ตำลึง, ตั้งฉ่าย, ซุปก้อน, คึ่นฉ่าย, น้ำเปล่า, น้ำปลา, ซอสปรุงรส",ได้เลือดหมูมาเยอะมาก อยากเอามาทำเมนูต้มๆ ใส่ตำลึง ตับหมู เนื้อหมู,เลือดหมู หมูสับ เนื้อหมู ตับหมู เต้าหู้ ตำลึง ตั้งฉ่าย ต้มเลือด,มีเลือดหมู หมูสับ เนื้อหมู ตับหมู เอามาทำอะไรดี
ต้มหน่อไม้หวานซี่โครงหมู,"{'หน่อไม้หวาน': '1 หัว', 'ซี่โครงหมู': '500 กรัม', 'กุ้งแห้งใหญ่': '1 ถ้วย', 'รากผักชี': '3 ราก', 'กระเทียมจีน': '5 กลีบ', 'พริกไทยเม็ด': 'เล็กน้อย', 'ซุปหมูก้อนคนอร์': '1 ก้อน'}",แคลน้อย,โปรตีนกลาง,ไขมันน้อย,คาร์บน้อย,"หน่อไม้,  ซี่โครงหมู,  กุ้งแห้ง,  รากผักชี,  กระเทียม,  พริกไทยเม็ด, คนอร์",อยากกินหน่อไม้หวานๆ เอามาทำเมนูอาหารอร่อยๆ,อยากกินต้มหน่อไม้ มีซี่โครงหมู ,อยากกินต้มหน่อไม้ มีซี่โครงหมู กุ้งแห้ง รากผักชี กระเทียม พริกไทย
ตับหมูผัดใบโหรพา,"{'ตับหมู': '1/2กิโล', 'พริกชี้ฟ้าแดงเขียว': '2-3เม็ด', 'หอมใหญ่': '1หัว', 'โหรภา': '1กำ', 'กระเทียมสับ': '3-5กลีบ', 'พริกกะเหรี่ยงสับ': '5เม็ด', 'น้ำมันหอย': '2ชต', 'ซอสปรุงรส': '2ชต', 'น้ำตาลทราย': '1-2ชช', 'พริกไท': '1ชช', 'น้ำปลา': '1ชต', 'น้ำมัน': '1-2ชต'}",แคลมาก,โปรตีนน้อย,ไขมันสูง,คาร์บกลาง,"ตับหมู,  พริกชี้ฟ้า,  หอมใหญ่,  โหระพา,  กระเทียม,  พริกกะเหรี่ยง,  น้ำมันหอย,  ซอสปรุงรส,  น้ำตาลทราย,  พริกไทย,  น้ำปลา,  น้ำมัน",ได้ตับหมูมาเยอะมาก อยากทำอาหารที่ยกระดับเมนูนี้ เช่นใส่พริก หอมใหญ่ ซอสน้ำมันหอย เพื่อทำให้อร่อยขึ้น,ตับหมู พริกชี้ฟ้า หอมใหญ่ โหระพา กระเทียม พริกกะเหรี่ยง น้ำมันหอย ผัด,มีตับหมู พริกชี้ฟ้า หอมใหญ่ โหระพา กระเทียม พริกกะเหรี่ยง ผัดใบโหรพา
ตีนไก่ใต้น้ำ,"{'ตีนไก่': '1 กิโลกรัม', 'น้ำปลาร้า': '1 ถ้วยตวง', 'น้ำปลา': '2 ช้อนโต๊ะ', 'ผงปรุงรส': '1 ช้อนโต๊ะ', 'หอมแดง': '10 หัว', 'กระเทียมไทย': '2 ช้อนโต๊ะ', 'ข่า': '1/2 แง่ง', 'ตะไคร้': '3 ต้น', 'ใบมะกรูด': '3 ใบ', 'ผักชีลาว': '3 ต้น', 'ต้นหอม': '3 ต้น', 'น้ำสะอาด': '2 ลิตร', 'พริกจินดาแดง': ''}",แคลกลาง,โปรตีนน้อย,ไขมันกลาง,คาร์บน้อย,"ตีนไก่, น้ำปลาร้า, น้ำปลา, ผงปรุงรส, หอมแดง, กระเทียม, ข่า, ตะไคร้, ใบมะกรูด, ผักชี, ต้นหอม, น้ำ, พริกจินดา",อยากกินตีนไก่ แต่เบื่อต้มเล่งตีนไก่ แล้วอยากทำเมนูอื่นแทน ที่ใช้น้ำปลาร้า กระเทียม หอมแดง ตะไคร้ ,ตีนไก่ น้ำปลาร้า หอมแดง กระเทียม ข่า ตะไคร้ ใบมะกรูด ผักชี พริกจินดา,อยากทำตีนไก่ มีน้ำปลาร้า หอมแดง กระเทียม ข่า ตะไคร้ ใบมะกรูด ผักชี
ถ้วยทองยำส้มโอ,"{'กุ้งลวกสุก': '200 กรัม', 'ส้มโอที่แกะเป็นชิ้นเล็ก ๆ': '200 กรัม', 'หัวกะทิ': '¼ ถ้วยตวง', 'น้ำมะนาว': '2 ช้อนโต๊ะ', 'น้ำปลา': '2 ช้อนโต๊ะ', 'น้ำตาลมะพร้าว': '1 ช้อนโต๊ะ', 'น้ำพริกเผา': '1 ช้อนโต๊ะ', 'ใบมะกรูดซอย': '2 ใบ', 'ผักชีสำหรับตกแต่ง': '', 'หอมเจียว': '2 ช้อนโต๊ะ', 'กระเทียมเจียว': '2 ช้อนโต๊ะ'}",แคลมาก,โปรตีนน้อย,ไขมันสูง,คาร์บน้อย,"กุ้ง, ส้มโอ, หัวกะทิ, น้ำมะนาว, น้ำปลา, น้ำตาลมะพร้าว, น้ำพริกเผา, ใบมะกรูด, ผักชี, หอมเจียว, กระเทียมเจียว, แป้งสาลีอเนกประสงค์, แป้งข้าวเจ้า, น้ำเปล่า, น้ำปูน, ไข่แดง, เกลือป่น, น้ำมันพืช",เพิ่งได้ส้มโอมาจากสวนข้างบ้าน อยากทำอะไรแซ่บๆ ใส่พริก ใส่น้ำตาล กุ้งแห้ง เพิ่มอรรถรสในการกิน ,กุ้ง ส้มโอ กะทิ มะนาว อยากกินแซ่บๆ,อยากทำถ้วยทอง มีกุ้ง ส้มโอ กะทิ มะนาว น้ำพริกเผา ใบมะกรูด ผักชี
ทองหยอด,"{'น้ำตาลทรายขาว': '1,000 กรัม', 'น้ำเปล่า': '1,000 กรัม', 'น้ำกลิ่นมะลิ': '1/8 ช้อนชา', 'ไข่แดงของไข่เป็ด': '10 ฟอง', 'แป้งข้าวเจ้า': '5 ช้อนโต๊ะ (40 กรัม)', 'แป้งมัน': '1 ช้อนโต๊ะ (8 กรัม)', 'ควันเทียน': '1 ชิ้น'}",แคลมาก,โปรตีนน้อย,ไขมันสูง,คาร์บน้อย,"น้ำตาลทรายขาว, น้ำเปล่า, น้ำกลิ่นมะลิ, ไข่แดง, แป้งข้าวเจ้า, แป้งมัน, ควันเทียน, ไข่เป็ด",ช่วงนี้ดอกมะลิแถวบ้านออกผลอยากนำเอามาปรุงรสอาหาร ใส่น้ำตาล ใน่ไข่ แป้ง จะสามารถทำเมนูอะไรได้บ้าง,น้ำตาลขาว แป้งข้าวเจ้า แป้งมัน ทองหยอด หวาน,อยากทำทองหยอด มีน้ำตาล น้ำกลิ่นมะลิ ไข่แดง แป้งข้าวเจ้า แป้งมัน
ทอดมันปลากราย,"{'เนื้อปลากราย': '500 กรัม', 'ถั่วฝักยาว': '200 กรัม', 'ไข่ไก่': '1 ฟอง', 'พริกแกง': '1 1/2 ช้อนโต๊ะ', 'ใบมะกรูดซอย': '4 ใบ', 'น้ำตาล': '2 ช้อนโต๊ะ', 'เกลือ': '1 1/2 ช้อนชา', 'น้ำปลา': '2 ช้อนชา', 'น้ำมัน (สำหรับทอด)': 'ครึ่งกระทะ', 'น้ำแข็ง': '3 ช้อนโต๊ะ'}",แคลมาก,โปรตีนกลาง,ไขมันสูง,คาร์บน้อย,"ปลากราย, ถั่วฝักยาว, ไข่ไก่, พริกแกง, ใบมะกรูด, น้ำตาล, เกลือ, น้ำปลา, น้ำมัน, น้ำแข็ง",อยากกินทอดมันปลากราย จากเนื้อปลากรายอร่อยๆ,ปลากราย ถั่วฝักยาว ไข่ไก่ พริกแกง ใบมะกรูด ,มีปลากราย ถั่วฝักยาว ไข่ พริกแกง ใบมะกรูด น้ำตาล ทำทอดมัน
ทูน่าคอร์นสลัด,"{'ผักรวมแช่แข็ง': '200 กรัม', 'น้ำสลัดครีม': '5 ช้อนโต๊ะ', 'ทูน่ากระป๋องในน้ำเกลือ': '1 กระป๋อง', 'สับปะรดหั่นเต๋า': '100 กรัม'}",แคลน้อย,โปรตีนน้อย,ไขมันน้อย,คาร์บน้อย,"ผัก, น้ำสลัด, ทูน่ากระป๋อง, สับปะรด",มีทัู้น่ากระป่องเยอะมาก อยากเอามาทำสลัด ,ผัก น้ำสลัด ทูน่า สับปะรด คอร์น สลัด,อยากทำสลัด มีผัก น้ำสลัด ทูน่า สับปะรด คอร์น ง่ายๆ
เทนชินฮัง,"{'วัตถุดิบน้ำราด': {'เนยจืด': '15 กรัม', 'โชยุ': '2 ช้อนโต๊ะ', 'น้ำสต๊อกไก่': '200 มิลลิลิตร', 'น้ำตาลทราย': '½ ช้อนโต๊ะ', 'เกลือ': '½ ช้อนชา', 'พริกไทย': '½ ช้อนชา', 'น้ำส้มสายชูข้าว': '½ ช้อนโต๊ะ', 'น้ำมันงา': '1 ช้อนชา', 'แป้งมันละลายน้ำ': '1 ช้อนโต๊ะ'}, 'วัตถุดิบข้าวหน้าไข่': {'ปูอัด': '80 กรัม', 'ไข่ไก่': '4 ฟอง', 'มายองเนส': '2 ช้อนชา', 'ซุปดาชิ': '1 ช้อนโต๊ะ', 'เกลือ': '½ ช้อนชา', 'พริกไทย': '½ ช้อนชา', 'น้ำมันพืช': '1 ช้อนโต๊ะ', 'ข้าวญี่ปุ่นหุงสุก': '1 ถ้วยตวง', 'ถั่วลันเตาลวก': 'สำหรับโรยหน้า'}}",แคลน้อย,โปรตีนน้อย,ไขมันน้อย,คาร์บน้อย,"เนยจืด, โชยุ, น้ำสต๊อกไก่, น้ำตาลทราย, เกลือ, พริกไทย, น้ำส้มสายชู, น้ำมันงา, แป้งมัน, ปูอัด, ไข่ไก่, มายองเนส, ซุปดาชิ, เกลือ, พริกไทย, น้ำมันพืช, ข้าวญี่ปุ่น, ถั่วฃ",มีไก่ มิริน โชยุ ซุปดาซิ ไก่ ข้าว ถั่ว ปูอัด ไข่เยอะมาก อยากทำเมนูที่มีกลิ่นไอเหมือนญี่ปู่น แต่อรรอยกว่านั้นมาก,ปูอัด ไข่ มายองเนส ซุปดาชิ ข้าวญี่ปุ่น ถั่ว ทำอะไรกินดี อยากทำอาหารต่างประเทศ,อยากทำเทนชิน มีปูอัด ไข่ มายองเนส ซุปดาชิ ข้าวญี่ปุ่น ถั่ว
โทสต์อะโวคาโดไข่ดาวน้ำ,"{'ขนมปัง': 2, 'ไข่ไก่': 2, 'อะโวคาโด': 2, 'มะเขือเทศลูกเล็ก': 4, 'หอมแดง': 4, 'น้ำเลมอน': 1, 'ผักชี': 1, 'เกลือ': 0.25, 'พริกไทย': 0.25, 'ชีสพาร์เมซาน': 'ตามชอบ', 'เนยเค็ม': 2}",แคลมาก,โปรตีนกลาง,ไขมันสูง,คาร์บน้อย,"ขนมปัง, ไข่ไก่, อะโวคาโด, มะเขือเทศ, หอมแดง, น้ำเลมอน, ผักชี, เกลือ, พริกไทย, ชีส, เนยเค็ม",ได้อโวคาโดมาจากแม่สอด อยากเอามาทำอาหาร อร่อยๆ กินยามเช้่ ใส่มะเขือเทศ หอมแดง น้ำเลมอน เพิ่มเพื่อความนัวของอโวคาโด มีชีสยิ่งดีแน่ๆเลน,ขนมปัง ไข่ อะโวคาโด อยากกินโทสต์,อยากทำโทสต์ มีขนมปัง ไข่ อะโวคาโด มะเขือเทศ หอมแดง มะนาว ผักชี
นมน้ำผึ้งอุ่น,"{'นมจืด': '1 ขวด', 'น้ำผึ้ง': '1 ช้อนชา'}",แคลน้อย,โปรตีนน้อย,ไขมันน้อย,คาร์บน้อย,"นมจืด, น้ำผึ้ง",อยากกินนมอุ่นก่อนนอน,เครื่องดื่มอุ่นๆ หวานน้อย แต่สดชื่น,อยากดื่มเครื่องดื่ม ละมุนๆ
นมเย็นชมพู,"{'น้ำหวานเฮลส์บลูบอย': '1 ช็อต', 'นมข้นหวาน': '2 ช้อนชา', 'นมข้นจืด': '1 ช็อต'}",แคลน้อย,โปรตีนน้อย,ไขมันน้อย,คาร์บน้อย,"น้ำหวาน, นมข้นหวาน, นมข้นจืด, น้ำแข็ง",รู้สึ฿กช่วงนี้ร้อนๆทำอะไรกินดี ที่บ้านมี นม ขนมปัง น้ำแดง นมข้นหวาน เยลลี่ ส้ม ทำอะไรกินดีน้า,อยากกินอะไรสดชื่นหวานๆ , มีน้ำแดง ทำเครื่องดื่มอะไรได้บ้าง
น้ำกระชายน้ำผึ้งมะนาว,"{'กระชาย': '200 กรัม', 'มะนาว': '1 ลูก', 'น้ำสะอาด': '2 ถ้วยตวง', 'น้ำผึ้ง': '2 ช้อนโต๊ะ'}",แคลน้อย,โปรตีนน้อย,ไขมันน้อย,คาร์บน้อย,"กระชาย, มะนาว, น้ำสะอาด, น้ำผึ้ง",ได้กระชายสดๆมาจาหท่านชาย อยากเอามาทำเครื่องดื่มีบกระหาย รสชาติหวานกำลังดี ถุกคอ,มีกระชาย เอามาทำอะไรดี,อยากกินอะไรเย็นๆ ไทยๆ  จอนนรี้ในตู้เย็นมี กระชาย น้ำผึ้ง น้ำแข็ง
น้ำเต้าหู้,"{'ถั่วเหลือง': '500 กรัม', 'น้ำสะอาด': '1,500 มิลลิลิตร'}",แคลน้อย,โปรตีนน้อย,ไขมันน้อย,คาร์บน้อย,"ถั่วเหลือง, น้ำสะอาด",ดึกแล้วๆ อยากกินน้ำเต้าหู้ ,อยากกิเครื่องดื่มสุขภาพดี ไม่ใส่น้ำตาล,อยากกินอะไรอุ่นๆ คล่องคอ
น้ำเต้าหู้งาดำ,"{'ถั่วเหลืองซีก': '200 กรัม', 'ใบเตย': '3 ใบ', 'งาดำคั่ว': '3 ช้อนโต๊ะ', 'น้ำเปล่า': '5 ลิตร'}",แคลกลาง,โปรตีนน้อย,ไขมันกลาง,คาร์บน้อย,"ถั่วเหลือง, ใบเตย, งาดำ, น้ำเปล่า",มีงาดำ ใบเตย ถั่วเหลือง ฟักทอง เต้าหู้ทำอะไรกินดีเพื่อเป็นขนมหวานตบท้ายมื้ออาหาร,มี งาดำ ถั่วเหลือง น้ำ นม ทำเครื่องดื่มอะไรได้บ้าง,มีถั่วเหลือง งาดำ ทำอะไรดื่มดี 
น้ำแตงโมปั่น,"{'เนื้อแตงโม (เอาเม็ดออกแล้ว)': '3/4 แก้ว (16oz)', 'น้ำเชื่อม': '1 1/2 oz', 'น้ำแข็ง': '1 1/2 แก้ว (16 oz)'}",แคลกลาง,โปรตีนน้อย,ไขมันน้อย,คาร์บน้อย,"เนื้อแตงโม, น้ำเชื่อม, น้ำแข็ง",อากาศร้อนๆ อยากกินแตงโมปั่นนน,อยากกินน้ำอร่อยๆ หวานๆ ทำมาจากแตงโม น้ำตาลน้อย,อยากกินน้ำสดชื่นๆๆ ทำมาจากผลไม้
น้ำผัดไทยสำเร็จรูป #ซอสมะขาม (เก็บใว้ใช้ ได้นาน),"{'มะขามเปียก': '1 ถ้วย', 'น้ำตาลปี๊บ': '1 ทัพพี', 'น้ำปลา': '2 ทัพพี', 'น้ำพริกเผา': '0.5 ทัพพี', 'ซอสพริก (ถ้าเด็กไม่ต้องใส่)': '1 ทัพพี'}",แคลกลาง,โปรตีนน้อย,ไขมันกลาง,คาร์บน้อย,"มะขามเปียก,  น้ำตาลปี๊บ,  น้ำปลา,  น้ำพริกเผา,  ซอสพริก",มีวัตถุดิบเหลือๆ พวกน้ำมะขามเปียก น้ำตาล น้ำปลา พริกเผา ซอสพริก ซอสหอย สามารถเอาไปทำอะไรต่อได้บ้าง,"มะขามเปียก,  น้ำตาลปี๊บ,  น้ำปลา, มีวัตถุดิบประมาณนี้ทพอะไรได้บ้าง ","อยากทำอะไรก็ได้ จากวัตถุดิบที่มี  มะขามเปียก,  น้ำตาลปี๊บ,  น้ำปลา,  น้ำพริกเผา,  ซอสพริก "
น้ำพริกกากหมู,"{'มันหมูแข็งหั่นชิ้น': '3 กก.', 'กระเทียมไทยตำละเอียด': '1 กก.', 'หอมเจียว': '3 กก.', 'มะกรูดซอย': '100 กรัม', 'พริกกะเหรี่ยงป่น': 'ตามชอบ', 'รสดีหมู': '', 'น้ำตาลทราย': '', 'เกลือป่น': '', 'น้ำสะอาด': ''}",แคลกลาง,โปรตีนน้อย,ไขมันกลาง,คาร์บกลาง,"มันหมู,  พริกป่น,  น้ำตาลทราย,  เกลือ,  กระเทียมเจียว,  หอมเจียว,  น้ำมันหมู,  คนอร์",มีมันหมู พริก น้ำตาล เกลือ กอมเจียว กระเทียม สามารถเอามาทำเมนุอะไรได้บ้าง,อยากกินน้ำพริกอร่อยๆๆ ทำมาจากกากหมู,มีมันหมูเหลือ ทำเมนูน้ำพริกอะไรได้บ้าง
น้ำพริกปลาแซลมอน,"{'เนื้อปลาแซลมอน': '250 กรัม', 'หอมแดง': '7 หัว', 'กระเทียม': '14 กลีบ', 'พริกชี้ฟ้าแดง': '1 เม็ด', 'พริกขี้หนู': '10 เม็ด', 'น้ำตาลทราย': '1 ช้อนชา', 'น้ำมะนาว': '3 ช้อนโต๊ะ', 'น้ำปลา': '3 ช้อนโต๊ะ'}",แคลมาก,โปรตีนน้อย,ไขมันสูง,คาร์บกลาง,"แซลมอน, หอมแดง, กระเทียม, พริกชี้ฟ้า, พริกขี้หนู, น้ำตาลทราย, น้ำมะนาว, น้ำปลา",อยากกินน้ำพริกอร่อยๆ แกลมๆโดยเรามีแซลมอนมาฝาก ใส่พริกเยอะ ๆน้ำมะนาวเพิ่มเปรี้ยว น้ำปลาเพิ่มเค็ม,มีแซลมอนเหลืออยู่ในตุ้เย้นสามารถเอามาแปรรุปอะไรได้บ้าง ,น้ำพริกปลาแซลมอนกินกับผักสดเข้ากันไหม
น้ำพริกปลาร้า,"{'ปลาดุก': '1 ตัว', 'หอมแดง': '7 หัว', 'กระเทียม': '10 กลีบ', 'พริกขี้หนูสวน': '15 เม็ด', 'มะนาว': '2 ช้อนโต๊ะ', 'น้ำปลา': '1 ช้อนโต๊ะ', 'น้ำปลาร้าต้มสุก': '1 ถ้วยตวง', 'น้ำเปล่า': '1 ถ้วยตวง'}",แคลมาก,โปรตีนน้อย,ไขมันสูง,คาร์บน้อย,"พริกชี้ฟ้า,  หอมแดง,  กระเทียม,  ปลาร้า,  น้ำเปล่า,  มะนาว",อยากกินน้ำพริกปลาร้า,มีปลาร้าอยาหกินอะไรแซ่บๆ นัวๆ แต่ไม่อยากกินส้มตำ อยากเอามาทำเป็นของที่กินได้ทุกวัน,ชอบกินปลาร้าแบบน้ำพริก ใส่อะไรให้อร่อย
น้ำพริกเผาผัดหมูสับ,"{'พริกแห้งแบบเผ็ดมาก': '20 เม็ด', 'พริกแห้งแบบเผ็ดน้อย': '50 เม็ด', 'หอมแดง': '10 หัว', 'กระเทียม': '20 กลีบ', 'น้ำมัน': '2 ช้อนโต๊ะ', 'หมูสับ': '100 กรัม', 'น้ำสะอาด': '1 ถ้วย', 'น้ำตาลปี๊บ': '5-6 ข้อนโต๊ะ', 'น้ำปลา': '8-10 ช้อนโต๊ะ', 'มะขามเปียก': '4-5 ช้อนโต๊ะ'}",แคลมาก,โปรตีนน้อย,ไขมันสูง,คาร์บกลาง,"พริกแห้ง, หอมแดง, กระเทียม, น้ำมัน, หมูสับ, น้ำสะอาด, น้ำตาลปี๊บ, น้ำปลา, มะขามเปียก",มีพริิกแห้งเยอะมาก หอมแดง กระเทียม และอยากให้เป็นเมนูที่ใส่หมูสับเยอะๆๆ,"มีพริกแห้ง, หอมแดง, กระเทียม, หมูสับ ทำอะไรได้บ้าง ",น้ำพริกเผาหมูสับ สูตรผัดราดข้าว
น้ำพริกมะอึก,"{'มะอึก': '1ถ้วย', 'พริกขี้หนูสด เขียวเเดง': '10เม็ด (เพิ่มลดได้)', 'หอมแดง': '2-3หัว', 'กระเทียม': '3-4กลีบ', 'กะปิ': '1/2-1ช้อนโต๊ะ', 'น้ำตาลปี๊บ': '1/2-1ช้อนโต๊ะ', 'น้ำปลา': '1-2ช้อนชา', 'มะนาว': '1ผล', 'กุ้งแห้ง': '2ช้อนชา'}",แคลกลาง,โปรตีนน้อย,ไขมันกลาง,คาร์บกลาง,"มะอึก,  พริกขี้หนู,  หอมแดง,  กระเทียม,  กะปิ,  น้ำตาลปี๊บ,  น้ำปลา,  มะนาว,  กุ้ง",มีมะอึก พริก หอมแดง กะปิ กระเทียม ทำอะไรกินดี,มีมะอึก ทำอะไรกินดี แม่อุสาให้มา,ใช้มะอึกทำกับน้ำพริกอะไรดี
น้ำพริกอ่อง,"{'มะเขือเทศเชอร์รี': '20 ลูก', 'หมูสับติดมัน': '300 กรัม', 'พริกแห้ง': '5 เม็ด', 'กระเทียม (ใส่ในเครื่องแกง)': '1 หัว', 'กระเทียม (ผัดในเครื่องแกง)': '1 หัว', 'หอมแดง': '2 หัว', 'กะปิ': '½ ช้อนโต๊ะ', 'เกลือ': '1 ช้อนชา', 'น้ำตาล': '1 ช้อนชา', 'น้ำมัน': '1 ช้อนโต๊ะ', 'ต้นหอม / ผักชี': '1 ต้น', 'น้ำเปล่า': '½ ถ้วย'}",แคลมาก,โปรตีนกลาง,ไขมันสูง,คาร์บน้อย,"มะเขือเทศ, หมูสับ, พริกแห้ง, กระเทียม, หอมแดง, กะปิ, เกลือ, น้ำตาล, น้ำมัน, ต้นหอม, น้ำ",มีมะเขือเทศ เนื้อมหูติดมัน ต้นหอม กะปิ เกลือ หอมแดง พริก กระเทียม อยากกจะทำอาการที่คาร์บน้อยไ ,"มะเขือเทศ, หมูสับ, พริกแห้ง, กระเทียม, ข้าวคั่ว ทำอะไรดี ",อยากกินน้ำพริกอ่องราดข้าว
น้ำพริกอ่องอกไก่คลีน,"{'อกไก่สับ': '600 กรัม', 'พริกแห้ง': '4 เม็ด', 'หอมแดง': '20 หัว', 'กระเทียม': '5 หัว', 'เกลือป่น': 'ตามชอบ', 'น้ำตาลดอกมะพร้าว': '1/2 ช้อนโต๊ะ', 'น้ำมันมะกอก': '2ปั๊ม', 'มะเขือเทศราชินี': '30 ลูก'}",แคลกลาง,โปรตีนน้อย,ไขมันกลาง,คาร์บน้อย,"อกไก่,  พริกแห้ง,  หอมแดง,  กระเทียม,  เกลือ, น้ำตาลมะพร้าว,  น้ำมันมะกอก,  มะเขือเทศ",มีอกไก่สัล พริก หอม กระเทียม ทำเมนูอะไรที่มีรสเผ็ดนำ,อกไก้ พริก หอมแดง หอมใหญ่ ทำอะไรดี ,เมนูน้ำพริกคลีนๆ สำหรับลดน้ำหนัก
น้ำส้มปั่น,"{'ส้ม': '5 ผล', 'เกลือ': '1 ช้อนชา', 'น้ำเชื่อม': '1 ช้อนโต๊ะ', 'น้ำมะนาว': '1 ช้อนโต๊ะ', 'แครอท': '4 แว่น', 'น้ำแข็งบด': '1 แก้ว'}",แคลกลาง,โปรตีนน้อย,ไขมันกลาง,คาร์บน้อย,"ส้ม, เกลือ, น้ำเชื่อม, น้ำมะนาว, แครอท, น้ำแข็ง",ได้ส้มมาเยอะมากทำเมนูอะไรดี ,อยากกินน้ำอร่อยๆ สดชื่น ทำอะไรดี ใช้ส้ม,อยากได้น้ำปั่นสดชื่นตอนเช้า ใส่ส้ม
น้ำสลัดครีมซีฟุ้ด,"{'มายองเนส': '150 กรัม', 'กระเทียมกลีบเล็ก': '5 กลีบ', 'พริกขี้หนูสวน': '8-10 เม็ด', 'ผักชี': '1 ช้อนโต๊ะ', 'โหระพา': '3 ใบ', 'น้ำปลา': '1 ช้อนโต๊ะ', 'น้ำตาล': '2 ช้อนโต๊ะ', 'น้ำมะนาว': '2 ช้อนโต๊ะ', 'เกลือ': 'นิดหน่อย'}",แคลมาก,โปรตีนน้อย,ไขมันสูง,คาร์บน้อย,"มายองเนส, กระเทียม, พริกขี้หนูสวน, ผักชี, โหระพา, น้ำปลา, น้ำตาล, น้ำมะนาว, เกลือ",มีมายองเนส กระเทียม น้ำปลา โหระพา ทำเมนูอะไรดี ที่คาร์บน้อย ,อยากกินน้ำจิ้มแซ่บๆ อร่อยๆ ,อยากทำน้ำจิ้มซีฟู้ดแบบครีมหอมๆ
น้ำสามเกลอทะลายไขมัน,"{'พุทธาแห้ง': '3 ขีด', 'มะตูมแห้งดอกใหญ่': '2 ขีด', 'กระเจี๊ยบสด': '3 ขีด', 'น้ำกรอง': '8-9 ลิตร', 'เกลือเม็ดเกลือสมุทร': '1 ช้อนชา'}",แคลน้อย,โปรตีนน้อย,ไขมันน้อย,คาร์บน้อย,"พุทธา, มะตูม, กระเจี๊ยบ​, น้ำกรอง, เกลือ",มี พุทธา น้ำแดง งาดำ มะตูม กระเจี้ยบ เกลือ อยากทำน้ำอร่อยๆ แนะนำหน่อย,"มี วัตถุดิบเหลือในตู้เย็น พุทธา, มะตูม, กระเจี๊ยบ​, น้ำกรอง, เกลือ",น้ำสมุนไพรลดไขมัน สูตรพุทธา มะตูม กระเจี๊ยบ
บราวนี่ สูตรนี้ขอบอกว่าเข้มข้นถึงใจ,"{'แป้งสาลีอเนกประสงค์': '100 กรัม', 'ผงฟู': '1/4 ช้อนชา', 'ดาร์กช็อคโกแลต': '100 กรัม', 'ไข่ไก่ เบอร์ 12': 'ฟอง', 'น้ำตาลทราย': '180 กรัม', 'เนยเค็ม': '85 กรัม', 'ผงโกโก้': '30 กรัม', 'กลิ่นวนิลา': '2 ช้อนชา', 'เกลือ': 'เล็กน้อย'}",แคลมาก,โปรตีนน้อย,ไขมันสูง,คาร์บสูง,"แป้งสาลีอเนกประสงค์, ผงฟู, ดาร์กช็อคโกแลต, ไข่ไก่, น้ำตาลทราย, เนยเค็ม, ผงโกโก้, กลิ่นวนิลา, เกลือ",อยากทำบราวนี่ ที่ทำง่ายๆ พิชิตใจแฟน  รสชาติเข้มข้น ใช้ ดาร์กช้อค,"มี แป้งสาลีอเนกประสงค์, ผงฟู, ดาร์กช็อคโกแลต ทำอะไรได้บ้าง ที่เป็นขนมหวาน",อยากทำสูตรบราวนี่ดาร์กช็อกโกแลตแบบหนึบ เพราะมีแป้ง ช็อค เนย ไข่ เเหลือเยอะมากกกก
บราวนี่มัก ,"{'เนยละลาย': '4 ช้อนโต๊ะ', 'น้ำเปล่า': '4 ช้อนโต๊ะ', 'เกลือ': '¼ ช้อนชา', 'ผงโกโก้': '4 ช้อนชา', 'น้ำตาลทราย': '6 ช้อนโต๊ะ', 'แป้งอเนกประสงค์': '8 ช้อนโต๊ะ', 'ไอศกรีมช็อกโกแลต': '1 สกู๊ป', 'อัลมอนด์สับ': 'สำหรับโรย ตามชอบ', 'น้ำตาลไอซิง': 'สำหรับโรย ตามชอบ'}",แคลมาก,โปรตีนน้อย,ไขมันสูง,คาร์บสูง,"เนยละลาย, น้ำเปล่า, เกลือ, ผงโกโก้, น้ำตาลทราย, แป้งอเนกประสงค์, ไอศกรีมช็อกโกแลต, อัลมอนด์, น้ำตาลไอซิ่ง",อยากทำขนมง่ายๆ ใส่ในถ้วย ใส่ในมัก ใช้แป้ง ผงโกโก้ ไข่ เนย เกลือ,"อยากกินของหวานทำง่ายๆ ทำมาจาก เนยละลาย, น้ำเปล่า, เกลือ, ผงโกโก้",
บลูเบอร์รี่ชีสพาย,"{'แครกเกอร์บดละเอียด': '1 ถ้วย', 'น้ำตาลทราย': '⅔ ถ้วย', 'เนยละลาย': '¼ ถ้วย', 'บลูเบอร์รี่ฟิลลิ่ง': '1 ถ้วย', 'ครีมชีส': '1 ก้อน', 'เกลือ': '¼ ช้อนชา', 'นม': '⅓ ถ้วย', 'ไข่': '4 ฟอง', 'น้ำมะนาว': '2 ช้อนโต๊ะ'}",แคลมาก,โปรตีนน้อย,ไขมันสูง,คาร์บสูง,"แครกเกอร์, น้ำตาลทราย, เนยละลาย, บลูเบอร์รี่, ครีมชีส, น้ำตาลทราย, เกลือ, นม, ไข่, น้ำมะนาว",อยากทำขนมง่ายๆ ฐานกรอบทำมาจากแครกเกอร์ ตรงกลางเ็นครีมชีส แล้วด้านบนเป็นผลไม้อะไรก็ได้,"อยากทำขนมอร่อยๆ ทำจาก แครกเกอร์, น้ำตาลทราย, เนยละลาย, บลูเบอรรี่",สูตรบราวนี่แบบใส่โกโก้เข้มๆ
บะหมี่ไข่ตุ๋นไมโครเวฟ,"{'บะหมี่ลวก': '2 ห่อ', 'เครื่องปรุงรสหมู': 'ตามชอบ', 'น้ำเปล่า': '1 ถ้วยตวง', 'ไข่ไก่': '3 ฟอง', 'ปูอัด': '6 ชิ้น', 'ไส้กรอกหั่นแว่น': '2 ชิ้น', 'หมูสับรวน': '4 ช้อนโต๊ะ', 'ต้นหอม': 'สำหรับโรยหน้า'}",แคลมาก,โปรตีนกลาง,ไขมันสูง,คาร์บน้อย,"บะหมี่, เครื่องปรุงรสหมู, น้ำเปล่า, ไข่ไก่, ปูอัด, ไส้กรอก, หมูสับ, ต้นหอม",อยากกินไข่ตุ๋นทำง่ายๆใช่ไมโครเวฟ,"อยากทำอาหารจากวัตถุดิบที่เหลือ บะหมี่, เครื่องปรุงรสหมู, น้ำเปล่า, ไข่ไก่, ปูอัด ",ทำบลูเบอร์รี่ชีสพายแบบไม่อบ
บานอฟฟี,"{'แครกเกอร์': '100 กรัม', 'เนยสดเค็ม': '40 กรัม', 'กล้วยหอม': '3 ลูก', 'น้ำตาลทราย': '90 กรัม', 'วิปปิ้งครีม': '50 กรัม', 'วิปปิ้งครีมเย็นจัด': '200 กรัม', 'ผงโกโก้': ''}",แคลกลาง,โปรตีนน้อย,ไขมันกลาง,คาร์บกลาง,"แครกเกอร์, เนยเค็ม, กล้วยหอม, น้ำตาลทราย, วิปปิ้งครีม, วิปปิ้งครีม, ผงโกโก้",อยากกกินขนมหวานที่ใช้ กล้วย เนย แครกเกอร์ วิปปิ้งครีม ผงโกโก้,ขนมหวานทำจากกล้วย  โกโก้ ,"ในตู้เย็นมี แครกเกอร์, เนยเค็ม, กล้วยหอม, น้ำตาลทราย ทำอะไรได้บ้าง"
บาเยีย,"{'ถั่วเขียวเลาะเปลือก': '300 กรัม', 'น้ำมันสำหรับทอด': '2 ถ้วยตวง', 'แป้งอเนกประสงค์': '60 กรัม', 'ลูกผักชี': '2 ช้อนชา', 'ยี่หร่าป่น': '2 ช้อนชา', 'ผงกะหรี่': '2 ช้อนชา', 'ผงขมิ้น': '1 ช้อนชา', 'น้ำตาล': '1 ช้อนโต๊ะ', 'เกลือ': '1 ช้อนชา', 'พริกไทย': '2 ช้อนชา', 'ผงฟู': '1 ช้อนโต๊ะ', 'ต้นหอมซอย': '4 ช้อนโต๊ะ', 'พริกแห้งทอด': '½ ถ้วยตวง'}",แคลกลาง,โปรตีนกลาง,ไขมันกลาง,คาร์บน้อย,"ถั่วเขียว, น้ำมัน, แป้งอเนกประสงค์, ลูกผักชี, ยี่หร่า, ผงกะหรี่, ผงขมิ้น, น้ำตาล, เกลือ, พริกไทย, ผงฟู, ต้นหอม, พริกแห้งทอด, ถั่วลิสง, น้ำมะขามเปียก, น้ำตาลปิ๊บ, น้ำตาลทราย, น้ำเปล่า, ซอสพริก, พริกป่น","มี ถั่วเขียว, น้ำมัน, แป้งอเนกประสงค์, ลูกผักชี, ยี่หร่า, ผงกะหรี่, ผงขมิ้น, น้ำตาล ทำอะไรได้บ้าง","มี ถั่วเขียว, น้ำมัน, แป้งอเนกประสงค์, ลูกผักชี, ยี่หร่า, ผงกะหรี่ ในตุ้เย็นทำอะไรได้บ้าง",อาหารอิสลามแบบทอดๆ มีอะไรบ้าง
เบคอนคัพไข่ชีส,"{'ไข่ไก่ออร์แกนิค ตรา เอโร่': '10 ฟอง', 'เบคอน': '150 กรัม', 'ชีสมอซซาเรลล่า': '100 กรัม', 'ต้นหอม': 'ไม่ได้ระบุ', 'เกลือ': 'เล็กน้อย', 'พริกไทย': 'เล็กน้อย'}",แคลน้อย,โปรตีนน้อย,ไขมันน้อย,คาร์บน้อย,"ไข่ไก่ออร์แกนิค, เบคอน, ชีส, ต้นหอม, เกลือ, พริกไทย",อยากกินเบคอน ไข่ ชีส ต้นหอม ทำเมนูอร่อยๆเด็กกินได้ ผู้ใหญ่กินดี ,อยากกินอะไรง่ายๆ ทำมาจาก เบคอน ไข่ ,"อยากทำอาหารเช้าง่ายๆ ทำมาจาก เบคอน ไข่
"
เบคอนชีสทอด,"{'เบคอน': '250 กรัม', 'ชีส': '12 แผ่น', 'เกล็ดขนมปัง': '1 ถ้วย', 'แป้งทอดกรอบ': '1 ถ้วย', 'ไข่': '2 ฟอง'}",แคลน้อย,โปรตีนน้อย,ไขมันน้อย,คาร์บน้อย,"เบคอน, ชีส, เกล็ดขนมปัง, แป้งทอดกรอบ, ไข่",อยากกินเบคอน ชีส ไข่ เอามาทำอาหารอ้วนๆ อร่อยๆ,"อยากกินอะไร เบคอน ชีส, เกล็ดขนมปัง, แป้งทอดกรอบ, ไข่",ของกินเล่นทอดๆ แบบใช้เบคอน
เบอร์เกอร์หมูชุ่มฉ่ำ,"{'เนื้อหมูบด': '400g', 'หอมหัวใหญ่สับเกือบละเอียด': '1 ลูก', 'เนยเค็ม': '', 'ซอสมะเขือเทศ': '3 ช้อน', 'ผงโอริกาโน่': '1 ช้อน', 'พริกไทย': '1 ช้อน', 'น้ำตาลทราย': '1 ช้อน', 'ซอสหอยนางรม': '1 ช้อน', 'ไข่แดง': '1 ฟอง', 'ขนมปังเบอร์เกอร์': '', 'มะเขือเทศหั่นแว่น': '', 'หัวหอมใหญ่หั่นแว่น': '', 'ผักสลัด': '', 'มายองเนส หรือซอสตามชอบ': ''}",แคลมาก,โปรตีนกลาง,ไขมันกลาง,คาร์บกลาง,"เนื้อหมู, หอมหัวใหญ่, เนยเค็ม, ซอสมะเขือเทศ, ผงโอริกาโน่, พริกไทย, น้ำตาลทราย, ซอสหอยนางรม, ไข่แดง, ขนมปัง, มะเขือเทศ, หัวหอมใหญ่, ผัก, มายองเนส, ชีส",มีหมู หอมหัวใหญ่ เนย ซอสมะเขือเทศ ขนมปัง อยากทำอาหารอร่อยๆ ของคาว,"ของคาวอร่อยๆ ทำมาจาก เนื้อหมู, หอมหัวใหญ่, เนยเค็ม, ซอสมะเขือเทศ, ผงโอริกาโน่ เนื้อฉ่ำๆ",เบอร์เกอร์หมูทำยังไงให้นุ่มชุ่มฉ่ำ
ปลาซาบะนึ่งมะนาว,"{'ปลาซาบะ': '1-2 ตัว', 'พริก': '5 เม็ด', 'กระเทียม': '5 กลีบ', 'มะนาว': '3-4 ลูก', 'ขึ้นฉ่าย': '', 'ซีอิ๋วขาว': '1 ช้อนโต๊ะ', 'น้ำอุ่น': '1 ชต'}",แคลน้อย,โปรตีนน้อย,ไขมันน้อย,คาร์บน้อย,"ปลาซาบะ,  พริก,  กระเทียม,  มะนาว,  ขึ้นฉ่าย,  ซีอิ๋วขาว,  น้ำอุ่น", ได้ปลาซาบะมา อยากเอามาทำอาหาร,เมนูญี่ปุ่นๆ อร่อยๆ ทำมาจากปลาซาบะ ทำเมนุอะไรดี,"ปลาซาบะ,  พริก,  กระเทียม,  มะนาว ทำอะไรได้บ้าง"
ปลาทูต้มมะดัน,"{'ปลาทูสด': '3-4 ตัว', 'พริกขี้หนูทุบ': '15 เม็ด', 'หอมแดงทุบ': '3 กลีบ', 'ข่าหั่นแว่น': '1 หัวเล็ก', 'ตะไคร้ทุบ': '3 ต้น', 'มะนาว': '2 ซีก', 'ผักชีฝรั่ง': '2 ต้น', 'ใบมะกรูดฉีก': '8 ใบ', 'มะดัน': '5 ลูก', 'เกลือ': '1 ช้อนโต๊ะ', 'น้ำปลา': '1 ช้อนโต๊ะ'}",แคลมาก,โปรตีนกลาง,ไขมันกลาง,คาร์บกลาง,"ปลาทู,  พริกขี้หนู,  หอมแดง,  ข่า,  ตะไคร้,  มะนาว,  ผักชีฝรั่ง,  ใบมะกรูด,  มะดัน,  เกลือ,  น้ำปลา,  น้ำเปล่า",มีมะดัน แซลมอน ปลาทู มะนาว ใบมะกรุด ตะไคร้ เกลือ ทำอาหารเมนูต้มๆ,มี ปลาทุ พริก มะดัน ทำอะไรอีสดี,อยากกินอะไรชิวๆ เปรี้ยวหน่อยๆ เค็มจากปลาทู
ปลานึ่งสมุนไพร,"{'ปลาทับทิม': '1 ตัว', 'เกลือป่น': '2 ช้อนชา', 'ตะไคร้': '3 ต้น', 'หอมแดง': '5 หัว', 'กระเทียม': '2 กลีบ', 'ข่า': '5 แว่น', 'ใบมะกรูด': '3 ใบ', 'น้ำสะอาด': 'สำหรับนึ่ง', 'ผักกาดขาว': 'ตามชอบ', 'ต้นหอม': 'ตามชอบ', 'ผักชี': 'ตามชอบ'}",แคลน้อย,โปรตีนน้อย,ไขมันน้อย,คาร์บน้อย,"ปลาทับทิม, เกลือ, ตะไคร้, หอมแดง, กระเทียม, ข่า, ใบมะกรูด, น้ำเปล่า, ผักกาดขาว, ต้นหอม, ผักชี",ที่บ้านมีปลา ตะไคร้ หอมแดง กระเทียม ข่า ใบมะกรุด อยากเอามาทำอาหารเฮลตี้ๆ,อยากกินปลาแบบคลีนๆ เฮลตี้ เต็มสุขภาพ ,เมนูสุขภาพปลานึ่งกับผัก
ปลาร้าทอดทรงเครื่อง,"{'ปลาร้า': '1 ตัว', 'หอมแดงซอย': '1 หัว', 'กระเทียมกลีบใหญ่หั่น': '', 'พริกขี้หนูซอย': 'ตามชอบ', 'พริกแห้ง': 'ตามชอบ', 'แป้งทอดกรอบคนอร์': '2 ช้อนโต๊ะ', 'น้ำมันสำหรับทอด': ''}",แคลกลาง,โปรตีนกลาง,ไขมันน้อย,คาร์บกลาง,"ปลาร้า,  หอมแดง, กระเทียม,  พริกขี้หนู,  พริกแห้ง,  แป้งทอดกรอบ, คนอร์, น้ำมัน",ได้ปลาร้ามา อยากเอามาทำอาหารคาว,อยากกินปลาร้าทอดทรงเครื่อง ,อยากกินอาหารอร่อยๆ กินง่าย ทำมาจากปลาร้า
ปลาหมึกย่าง,"{'ปลาหมึกกระดอง': '1200 กรัม', 'ซีอิ๊วดำ': '1 ช้อนโต๊ะ', 'ผงขมิ้น': '½ ช้อนชา', 'น้ำปูนใส': '1 ถ้วยตวง'}",แคลน้อย,โปรตีนน้อย,ไขมันน้อย,คาร์บน้อย,"ปลาหมึก, ซีอิ๊วดำ, ผงขมิ้น, น้ำปูนใส, กระเทียมสับ, รากผักชี, พริกแดง, น้ำตาลปี๊บ, เกลือ, น้ำปลา, น้ำมะนาว",ไปตกหมึกมา อยากทำอะไรกินง่ายๆ ได้รสชาติของปลาหมึกแท้ๆ ,อยากกินปลาหมึกๆ ซีฟุ้ด อร่อยๆ,ปลาหมึกย่างซีฟู้ดรสเข้ม แซ่บๆๆ
ปลาหิมะนึ่งซีอิ๊ว,"{'เนื้อปลาหิมะ': '1 ชิ้น', 'เห็ดหอมแห้งแช่น้ำ': '2 ดอก', 'ขิงอ่อนซอย': '1 แง่ง', 'ต้นหอมญี่ปุ่นซอย': '1 ต้น', 'พริกชี้ฟ้าแดงซอย': '1 เม็ด', 'ซีอิ๊วขาว': '1 ช้อนโต๊ะ', 'โชยุ': '1 ช้อนโต๊ะ', 'น้ำตาลทราย': '1 ช้อนชา', 'น้ำมันงา': '1 ช้อนชา', 'เหล้าจีน': '1 ช้อนโต๊ะ', 'น้ำเปล่า': '1 ช้อนโต๊ะ', 'พริกไทยป่น': '1/8 ช้อนชา'}",แคลมาก,โปรตีนกลาง,ไขมันสูง,คาร์บสูง,"ปลา, เห็ดหอม, ขิงอ่อน, ต้นหอม, พริกชี้ฟ้า, ซีอิ๊วขาว, โชยุ, น้ำตาลทราย, น้ำมันงา, เหล้าจีน, น้ำเปล่า, พริกไทยป่น",อยากกินปลาหิมะนึ่งซีอิ๊ว,"ทำอะไรที่ใช้ปลา, เห็ดหอม, ขิงอ่อน, ต้นหอม ",นึ่งปลากับขิงและโชยุ ได้ไหม มีขิงเหลือเยอะมาก
ปังกรอบเนยน้ำตาล,"{'ขนมปังแผ่น1 แถว': '', 'เนยสด1ก้อน หรือประมาณ 227 กรัม': ''}",แคลน้อย,โปรตีนน้อย,ไขมันน้อย,คาร์บน้อย,"ขนมปัง, เนยสด, น้ำตาลทราย",มีขนมปังเก่าที่เก็บไว้ ช้อกโกแลต กล้วย เนย นมข้นหวาน น้ำตาล ทำเมนูอะไรดี,"อยากกินขนมหวานๆ ขนมปัง, เนยสด, น้ำตาลทราย ทำอร่อยๆ",เมนูขนมง่ายๆ จากขนมปังเหลือ
ปีกไก่ทอดน้ำปลา,"{'ปีกไก่': 'ครึ่งโล', 'น้ำปลาแท้': '2 ช้อนช้อน', 'แป้งสำหรับทอด': '3-4 ช้อน', 'น้ำมันสำหรับทอด': 'ปริมาณให้ทั่วเนื้อไก่', 'ซีอิ้วขาว': '2 ช้อน'}",แคลกลาง,โปรตีนน้อย,ไขมันกลาง,คาร์บน้อย,"ปีกไก่, น้ำปลา, แป้งสำหรับทอด, น้ำมัน, ซีอิ้วขาว",อยากทำอาหารที่เด็กๆจะชอบกัน ใช้ปีกไก่ น้ำปลา แป้งทอด ไข่ ,อยากกินไก่ทอด อร่อยๆ เค็มๆ เด้กชอบ ผู้ใหญ่รัก,เมนูขนมง่ายๆ จากขนมปังเหลือ
ปีกไก่ทอดไร้น้ำมัน,"{'ปีกไก่': '10 ชิ้น', 'น้ำปลา': '1 ช้อนโต๊ะ', 'เกลือ': '1 ช้อนชา'}",แคลน้อย,โปรตีนน้อย,ไขมันกลาง,คาร์บน้อย,"ปีกไก่, น้ำปลา, เกลือ",อยากทำปีกไก่ที่ไม่ต้องใช้น้ำมัน,ไก่ทอดที่คลีนๆ ไม่ใช้น้ำมัน,ปีกไก่ทอดแบบไม่ใช้น้ำมัน
ปูผัดผงกะหรี่,"{'ผงกะหรี่': '2 ช้อนชา', 'ไข่ไก่': '2 ฟอง', 'กระเทียมสับ': '½ ช้อนโต๊ะ', 'ซอสหอยนางรม': '2 ช้อนโต๊ะ', 'ซอสพริก': '1 ช้อนโต๊ะ', 'ซีอิ๊วขาว': '1 ช้อนโต๊ะ', 'น้ำพริกเผา': '1 ช้อนโต๊ะ', 'น้ำตาลทราย': '½ ช้อนชา', 'พริกไทยป่น': '¼ ช้อนชา', 'นมสด': '½ ถ้วย', 'น้ำซุป': '2 ช้อนโต๊ะ', 'เนื้อปูแกะ': '200 กรัม', 'น้ำมันพืช': '1 ช้อนโต๊ะ', 'หอมใหญ่หั่นยาว': '¼ ถ้วย', 'ขึ้นฉ่ายหั่นท่อน': '1 ต้น', 'ต้นหอมหั่นท่อน': '1 ต้น', 'พริกแดงซอยเป็นเส้น': 'สำหรับตกแต่ง'}",แคลมาก,โปรตีนกลาง,ไขมันกลาง,คาร์บกลาง,"ผงกะหรี่, ไข่ไก่, กระเทียม, ซอสหอยนางรม, ซอสพริก, ซีอิ๊วขาว, น้ำพริกเผา, น้ำตาลทราย, พริกไทยป่น, นมสด, น้ำซุป, ปู, น้ำมัน, หอมใหญ่, ขึ้นฉ่าย, ต้นหอม, พริกแดง",มีผู้ที่ได้มา อยากเอามาทำอาหาร ตอนนี้ที่บ้านมีไข่เค็ม ผงกะหรี่ ขิง ข่า ตะไคร้ ใบมะกรุด ซอสต่างๆ เนื้อปู สามารถทำเมนุอะไรได้บ้าง,ในตู้เย็นมีผงกะหรี่เยอะมาก อยากเอามาทำอาหารประทับใจสามี  ถ้าทำจากปูจะดีไหม,เมนูปูผัดใส่นมสด หอมมัน
ผักกาดขาวผัดไข่,"{'ผักกาดขาว': '3/4 หัว', 'ไข่ไก่': '1 ฟอง', 'กระเทียม': '5-6 กลีบ', 'น้ำมันหอย': '1 ช้อนโต๊ะ', 'น้ำปลา': '1 ช้อนชา'}",แคลมาก,โปรตีนน้อย,ไขมันสูง,คาร์บน้อย,"ผักกาดขาว,  ไข่ไก่,  กระเทียม,  น้ำมันหอย,  น้ำปลา",มีผักกาดขาว ไข่ เหลือไว้อยู่ ทำเมนูอะไรได้บ้าง,"อยากกิน ผักกาดขาว,  ไข่ไก่,  กระเทียม",อยากทำกับข้าวคลีนๆ มีผักกับไข่
ผักโขมอบชีส,"{'ผักโขม': '2 กำ', 'หอมใหญ่': '1/2 หัว', 'แฮม': '1 แผ่น', 'เนย': '4 ช้อนโต๊ะ', 'แป้งอเนกประสงค์': '1 ช้อนโต๊ะ', 'นมสด': '1 ถ้วย', 'เกลือ': '', 'พริกไทย': '', 'Cheddar cheese': '1 ถ้วย', 'Mozzarella cheese': '1 ถ้วย'}",แคลมาก,โปรตีนน้อย,ไขมันสูง,คาร์บกลาง,"ผักโขม, หอมใหญ่, แฮม, เนย, แป้งอเนกประสงค์, นมสด, เกลือ, พริกไทย, ชีส",มีชีสเยอะมาก ผักโขม หอมใหญ่ ข้าวสวย ,"มี ผักโขม, หอมใหญ่, แฮม, เนย ทำอะไรกินดี ",เมนูอร่อยๆ ใส่ผัก ใส่ชีส หอมใหญ่ 
ผักบุ้งผัดน้ำมันหอย,"{'ผักบุ้ง': '2 กำ', 'กระเทียม': '3-5 กลีบ', 'เต้าเจี้ยว': '1/2 ช้อนโต๊ะ', 'น้ำมันหอย': '1/2 ช้อนโต๊ะ', 'น้ำตาล': '1 ช้อนชา', 'พริกขี้หนู': '7 เม็ด'}",แคลกลาง,โปรตีนน้อย,ไขมันกลาง,คาร์บน้อย,"ผักบุ้ง, กระเทียม, เต้าเจี้ยว, น้ำมันหอย, น้ำตาล, พริกขี้หนู",อยากกินผักบุ้งเผ็ดๆ,อยากกินผัดผักอร่อยๆ เค็มๆ ทำมาจากผักบุ้ง,ผัดผักบุ้งให้เขียวกรอบ กินง่าย ใส่ผักเยอะๆ
ผัดกระเพราไก่-ไข่ดาว,"{'เนื้อไก่ (สับ)': '200 กรัม', 'กระเทียม': '3-4 กลีบ', 'พริกขี้หนู (ล้าง)': '5 เม็ด (เผ็ดกลาง)', 'เห็ดออรินจิ (หั่น)': '4 ดอก (เล็ก)', 'ใบกระเพรา (เด็ด)': '4 กิ่ง', 'น้ำมันหอย': '2 ช้อนโต๊ะ', 'น้ำปลา': '1 ช้อนโต๊ะ', 'น้ำตาลทราย': '1 ช้อนชา', 'ซีอิ๊วขาว': 'ครึ่งช้อนโต๊ะ', 'น้ำมันพืช': '2 ช้อนโต๊ะ'}",แคลมาก,โปรตีนน้อย,ไขมันสูง,คาร์บกลาง,"เนื้อไก่,  กระเทียม,  พริกขี้หนู,  เห็ดออรินจิ,  ใบกะเพรา,  น้ำมันหอย,  น้ำปลา,  น้ำตาลทราย,  ซีอิ๊วขาว, น้ำมันพืช",มีใบกะเพราะเยอะมาก เห็ด ไก่  น้ำมันหอย น้ำปลา,"อยากกินอาหารอร่อยๆ กระเทียม,  พริกขี้หนู,  เห็ดออรินจิ,  ใบกะเพรา เผ็ดๆ ",อาหารง่ายๆ ใส่กะเพราเยอะๆ ทำมาจากไก่ 
ผัดกระหล่ำปลีหมูสับ,"{'กะหล่ำปลี': '1/2 หัว', 'หมูสับ': '50 กรัม', 'กระเทียม': '3-5 กลีบ', 'น้ำมันพืช': '1 ช้อนโต๊ะ', 'ซีอิ๊วขาว': '1 1/2 ช้อนโต๊ะ', 'ซอสหอยนางรม': '1 ช้อนโต๊ะ', 'น้ำตาลทราย': '1/2 ช้อนโต๊ะ'}",แคลกลาง,โปรตีนน้อย,ไขมันกลาง,คาร์บกลาง,"กะหล่ำปลี, หมูสับ, กระเทียบ, น้ำมัน, ซีอิ๊วขาว, ซอสหอยนางรม, น้ำตาลทราย",อยากกิน ผัดผักคลีนๆ ใส่ กะหล่ำ หมูสับ,"มี กะหล่ำปลี, หมูสับ, กระเทียบ, น้ำมัน ทำอะไรได้บ้างอร่อยๆ ",ผัดผักแบบง่ายๆ สำหรับมือใหม่
ผัดกะเพราพริกแห้งรสจัดจ้านกับไข่ดาว,"{'หมูสับ': '500 กรัม', 'พริกแห้ง': '30 เม็ด', 'หัวหอมแดง': '4 หัว', 'กระเทียม': '1 หัว', 'ใบกะเพรา': '300 กรัม', 'ผงปรุงรสหมู': '2 ช้อนโต๊ะ', 'น้ำตาลทราย': '1 ช้อนโต๊ะ', 'น้ำเปล่า': '25 มล.', 'ไข่ไก่': '7 ใบ', 'น้ำมันพืช': '2 ช้อนโต๊ะ', 'น้ำมันพืชสำหรับทอดพอท่วมไข่': '', 'น้ำต้มสุก': '25 มล.'}",แคลมาก,โปรตีนกลาง,ไขมันสูง,คาร์บกลาง,"หมูสับ,  พริกแห้ง,  หัวหอมแดง,  กระเทียม,  ใบกะเพรา,  ผงปรุงรส,  น้ำตาลทราย,  น้ำเปล่า,  ไข่ไก่,  น้ำมันพืช,  น้ำมัน,  น้ำ",อยากกินกะเพราอร่อยๆ พริกแห้งเยอะๆ,อยากกินผัดกะเพราพริกแห้งรสจัดจ้านกับไข่ดาว,
ผัดกะเพราหมูสับไข่ดาว,"{'ซอสผัดกะเพราพริกแห้ง': '60 กรัม', 'หมูสับ': '200 กรัม', 'ใบกะเพรา': '50 กรัม', 'ไข่ไก่': '1 ฟอง', 'น้ำสะอาด': 'เล็กน้อย'}",แคลน้อย,โปรตีนน้อย,ไขมันน้อย,คาร์บน้อย,"ซอสผัดกะเพรา, หมูสับ, ใบกะเพรา, ไข่ไก่, น้ำสะอาด",อยากกินกะเพรา หมุสับ เผ็ดๆ,อยากกินผัดกะเพราหมูสับราดข้าวโปะไข่ดาวหน่อย ,มองหาเมนูเผ็ดๆ หอมกะเพรา ผัดกะเพราหมูสับไข่ดาว
ผัดขี้เมาอกไก่,"{'อกไก่': '100 กรัม', 'กระเทียม': 'ครึ่งหัว', 'พริกไทยสด': '3 พวง', 'ใบกระเพรา': '1 ต้น', 'ใบมะกรูด': '1 ต้น', 'แครอท': '1/4 หัว', 'ข้าวโพดอ่อน': '4 ฝัก', 'พริกชี้ฟ้าแดง': '3 เม็ด', 'น้ำตาลทราย': '1 ช้อนชา', 'น้ำมันหอย': '1 ช้อนชา', 'น้ำปลา': '1 ช้อนชา'}",แคลมาก,โปรตีนกลาง,ไขมันสูง,คาร์บสูง,"อกไก่, กระเทียม, พริกไทย, ใบกะเพรา, ใบมะกรูด, แครอท, ข้าวโพดอ่อน, พริกชี้ฟ้าแดง, น้ำตาลทราย, น้ำมันหอย, น้ำปลา","อยากกกินอกไก่, กระเทียม, พริกไทย, ใบกะเพรา, ใบมะกรูด, แครอท, ทำเมนูอร่อยๆ เผ็ดๆ",ขอเมนูเผ็ดๆ หอมสมุนไพร ออกมาจากไก่ กระเทียม,มีเมนูไก่รสจัดๆ อย่างผัดขี้เมาไหม กินกับข้าวสวย
ผัดไข่มดแดง,"{'ไข่มดแดง': '2 ขีด', 'ไข่ไก่': '3 ฟอง', 'ต้นหอมญี่ปุ่น': '2 ต้น', 'กระเทียม': '6 กลีบ', 'พริกชีฟ้า': '4 เม็ด', 'มะเขือเทศสีแดงลูกใหญ่': '1 ลูก', 'น้ำมันหอย': 'ตามชอบ', 'ซีอิ๊วขาว': 'ตามชอบ', 'ผงปรุงรส รสหมู': 'ตามชอบ', 'น้ำมันพืช': '1 -2ช้อนโต๊ะ'}",แคลมาก,โปรตีนน้อย,ไขมันสูง,คาร์บน้อย,"ไข่มดแดง,  ไข่ไก่,  ต้นหอม,  กระเทียม,  พริกชีฟ้า,  มะเขือเทศสีแดง,  น้ำมันหอย, ซีอิ๊วขาว, ผงปรุงรสรสหมู, น้ำมันพืช",มีไข่มดแดงเยอะมากก อยากเอามาทำผัดๆ,หากับข้าวพื้นบ้านอีสานแบบผัดไข่มดแดงใส่ไข่,อยากลองเมนูแปลกๆ ทำมาจากไข่มดแดง ไข่ไก่
ผัดคะน้าหมู,"{'หมูสามชั้น': '150 กรัม', 'ผักคะน้า': '1 จาน', 'พริกขี้หนูเม็ดใหญ่': '5 เม็ด', 'กระเทียมใหญ่': '5 กลีบ', 'น้ำมันหอย': '3 ช้อนโต๊ะ', 'น้ำตาลทราย': '2-3 ช้อนชา', 'เต้าเจี้ยว': '1/2 ช้อนโต๊ะ', 'ซอสปรุงรส': '2-3 ช้อนชา'}",แคลมาก,โปรตีนกลาง,ไขมันกลาง,คาร์บกลาง,"หมูสามชั้น, ผักคะน้า, พริกขี้หนู, กระเทียมใหญ่, น้ำมันหอย, น้ำตาลทราย, เต้าเจี้ยว, ซอสปรุงรส",อยากกินผัดผักง่ายๆ ใส่คะน้า ใส่หมู รสชาติเค็มๆ,มีผัดคะน้าหมูสามชั้นราดข้าวไหม กินง่ายๆ,หาเมนูหมูผัดผักแบบง่ายๆ  อร่อยๆ เค็ม ใช้คะน้า
ผัดฉ่าหมู,"{'หมู': '300 กรัม', 'พริกชี้ฟ้าแดง': '2 เม็ด', 'กระเพรา': '', 'พริกไทยอ่อน': '', 'ยอดมะพร้าวอ่อน': '100 กรัม', 'พริกขี้หนู': '5 เม็ด', 'มะเขือเปราะ': '4 ลูก', 'น้ำปลา': '2 ชต', 'พริกแกงเผ็ด': '2 ชต', 'น้ำตาลทราย': '1 ชช', 'ใบมะกูด': '3-4 ใบ'}",แคลมาก,โปรตีนกลาง,ไขมันกลาง,คาร์บกลาง,"หมู, พริกชี้ฟ้า, ใบกะเพรา, พริกไทย, ยอดมะพร้าว, พริกขี้หนู, มะเขือเปราะ, น้ำปลา, พริกแกงเผ็ด, น้ำตาลทราย, ใบมะกรูด","อยากกินอาหารที่ พริกขี้หนู, มะเขือเปราะ, น้ำปลา, พริกแกงเผ็ด, น้ำตาลทราย, ใบมะกรูด ",มีเมนูหมูผัดเผ็ดๆ ใส่พริกไทยสด หมู พริก,อยากกินผัดฉ่าหมูรสเผ็ดหอมเครื่องสมุนไพร
ผัดชะอมวุ้นเส้นหมูสับ,"{'วุ้นเส้น': '(แช่น้ำจนนิ่ม)', 'ชะอมเด็ดยอดอ่อน': '500 กรัม', 'เนื้อหมูสับ': '500 กรัม', 'กระเทียมสับ': '5 กลีบ', 'น้ำตาลทราย': '2 ช้อนโต๊ะ', 'ซอสปรุงรส': '2 ช้อนโต๊ะ', 'ซอสหอยนางรม': '1 ช้อนโต๊ะ'}",แคลน้อย,โปรตีนน้อย,ไขมันน้อย,คาร์บกลาง,"วุ้นเส้น,  ชะอม,  เนื้อหมู,  กระเทียม,  น้ำตาลทราย,  ซอสปรุงรส,  ซอสหอยนางรม",อยากกินผัดชะอม ใส่วุ้นเส้น กระเทียม ไม่ค่อยหวาน,มีชะอมกับวุ้นเส้น อยากทำเมนูบ้านๆ แบบไม่มันมาก ใส่หมูสับได้ด้วย,อยากได้สูตรผัดวุ้นเส้นที่ใส่ผักกลิ่นแรงๆ อย่างชะอม รสกลมกล่อม
ผัดซีอิ๊ว + สอนเทคนิคผัดเส้นระดับโปร ♥️,"{'เส้นใหญ่': '200 g', 'หมูหมัก หรือ เนื้อมัก (ดูสูตรได้ที่หมูหมักแบบภัตราคารจีน)': '200 g', 'คะน้า': '200 g', 'ไข่ไก่': '2 ฟอง', 'ซีอิ๊วขาว': '3-4-5 เหยาะ'}",แคลกลาง,โปรตีนน้อย,ไขมันกลาง,คาร์บน้อย,"เส้นใหญ่, หมูหมัก หรือ เนื้อมัก, คะน้า, ไข่ไก่, ซีอิ๊วขาว",อยากกินผัดซี้อิ้ว หมูเยอะๆๆๆๆ,อยากผัดซีอิ๊วเส้นใหญ่ให้หอมกระทะแบบร้านดัง ดดดยใช้ของที่เหลือในบ้าน เส้นใหญ่ หมู  เนื้อ คะน้า,อยากทำอาหารจากเส้นซีอิ๊วให้ออกมาสวยไม่เละ
ผัดซีอิ้วเส้นใหญ่,"{'น้ำมัน': '2 ช้อนโต๊ะ', 'กระเทียมสับ': '1 ช้อนโต๊ะ', 'หมูหมัก': '250 กรัม', 'เส้นใหญ่': '500 กรัม', 'ซีอิ้วดำ': '1 ช้อนโต๊ะ', 'คะน้า': '3 ต้น', 'กระหล่ำปลี': '1/4 หัว', 'แครอท': '1/4 หัว', 'ไข่เป็ด': '2 ลูก', 'ไข่ไก่': '2 ลูก', 'ผงปรุงรส': '2 ช้อนชา', 'น้ำตาลทราย': '4 ช้อนชา', 'น้ำมันหอย': '2 ช้อนโต๊ะ', 'ซอสปรุงรส': '2 ช้อนโต๊ะ', 'พริกไทยป่น': '1 ช้อนชา'}",แคลมาก,โปรตีนกลาง,ไขมันสูง,คาร์บกลาง,"น้ำมัน, กระเทียม, หมูหมัก, เส้นใหญ่, ซีอิ้วดำ, คะน้า, กระหล่ำปลี, แครอท, ไข่เป็ด, ไข่ไก่, ผงปรุงรส, น้ำตาลทราย, ซอสหอยนางรม, ซอสปรุงรส, พริกไทย",มีเส้นใหญ่ อยากเอามาทำผัดอะไรสักอย่าง ใส่ไข่ด้วยเยอะๆ ,ผัดซีอิ๊วแบบใส่ทั้งไข่เป็ดไข่ไก่ หอมๆ กลิ่นไหม้เบาๆ,มีหมูหมัก เส้นใหญ่ คะน้า ผัดใส่กระหล่ำกับแครอท
ผัดดอกกุยช่ายกุ้ง,"{'ดอกกุยช่ายหั่นท่อน': '200 กรัม', 'กุ้งขาว': '150 กรัม', 'น้ำเปล่า': '50 กรัม', 'น้ำมันหอย': '1 ช้อนโต๊ะ', 'ซีอิ๊วขาว': '1 ช้อนโต๊ะ', 'น้ำตาลทราย': '1/2 ช้อนโต๊ะ', 'กระเทียมสับ': '1 ช้อนโต๊ะ', 'น้ำมันพืช': '1 ช้อนโต๊ะ'}",แคลมาก,โปรตีนน้อย,ไขมันสูง,คาร์บกลาง,"ดอกกุยช่าย, กุ้ง, น้ำเปล่า, ซอสหอยนางรม, ซีอิ๊วขาว, น้ำตาลทราย, กระเทียม, น้ำมันพืช",ได้ดอกกุ่ยช่ายมา อยากเอามาทำอาหาร ใส่กุ้งเยอะๆ กระเทียมด้วยเพื่อเพิ่มความอร่อย,ดอกกุยช่ายเหลือเต็มตู้ ผัดง่ายๆ ใส่ซีอิ๊วขาว จะได้เค็มๆ,อยากทำเมนูผักกุยช่ายที่ไม่มันมาก เน้นกุ้งสดผัดหอมๆ
ผัดไทย (มีสูตรน้ำซอส),"{'เส้นเล็ก(ยี่ห้อบ้านโป่ง)': '250 กรัม', 'ไข่ไก่': '2 ฟอง', 'ถั่วงอก': 'ตามชอบ', 'ผักกุ๋ยช่าย': 'ตามชอบ', 'เต้าหู้ชนิดแข็ง': '2 ช้อนโต๊ะ', 'หัวไซโป้วดอง': '1 ช้อนโต๊ะ', 'กุ้งแห้ง': '2 ช้อนโต๊ะ', 'กระเทียม+หอมแดง': 'อย่างละ1 ช้อนโต๊ะ', 'น้ำมันพืช': '2 ช้อนโต๊ะ', 'กระเทียม': '1 ช้อนโต๊ะ', 'หอมแดง': '1 ช้อนโต๊ะ', 'ซอสพริก': '1 ช้อนโต๊ะ', 'ซอสมะเขือเทศ': '2 ช้อนโต๊ะ', 'น้ำตาลปี๊บ': '2 ช้อนโต๊ะ', 'น้ำมะขามเปียก': '50 ml.', 'น้ำเปล่า': '50 ml.', 'เกลือ': '1 ช้อนชา'}",แคลมาก,โปรตีนสูง,ไขมันสูง,คาร์บกลาง,"เส้นเล็ก, ไข่ไก่, ถั่วงอก, ผักกุ๋ยช่าย, เต้าหู้, หัวไซโป้ว, กุ้งแห้ง, กระเทียม, กระเทียม, หอมแดง, น้ำมันพืช, ซอสพริก, ซอสมะเขือเทศ, น้ำตาลปี๊บ, น้ำมะขามเปียก, น้ำเปล่า, เกลือ",เส้นเล็ก ไจ่ ถั่วงอก น้ำมัน กุ้งแก้ง ไจ่ น้ำตาล ซอสมะเขือเทศ ทำอาหารอะไรดี อยากให้ใช้วัตถุดิบนี้ทั้งหมด,อยากทำผัดไทยแบบใส่ซอสเอง เปรี้ยวหวานกลมกล่อม เหมือนร้านริมทาง,มีเส้นเล็ก ไข่ เต้าหู้ น้ำมะขามเปียก อยากผัดไทยแบบคลาสสิก
ผัดบวบใส่ไข่,"{'บวบ': '3-4 ฝัก', 'ไข่ไก่': '3 ฟอง', 'น้ำมันสำหรับผัด': '', 'กระเทียม': '', 'น้ำมันหอย': '', 'ซีอิ๊วขาว': '', 'น้ำตาลทราย': '', 'ผงปรุงรส รสหมู': ''}",แคลกลาง,โปรตีนน้อย,ไขมันกลาง,คาร์บกลาง,"บวบ, ไข่ไก่, น้ำมัน, กระเทียม, ซอสหอยนางรม, ซีอิ๊วขาว, น้ำตาลทราย, ผงปรุงรส",มีบวบ ไข่ กระเทียม ซอสหอย เอามาทำอาหารอะไรดี ,มีบวบกับไข่ อยากผัดแบบไม่ใส่ผงชูรส ให้เด็กกินได้,"ทำอะไรกินดีมี บวบ, ไข่ไก่, น้ำมัน, กระเทียม"
ผัดเปรี้ยวหวานหมู,"{'เนื้อหมูสไลด์': '250 กรัม', 'หอมหัวใหญ่': '1 หัว', 'แตงกวาลูกเล็ก': '5 ลูก', 'มะเขือเทศ': '1 ลูก', 'กระเทียมสับ': '1 ช้อนโต๊ะ', 'ต้นหอม': '2 ต้น', 'ซอสปรุงรส': 'ตามชอบ', 'น้ำตาล': 'ตามชอบ', 'ซอสมะเขือเทศ': '3 ช้อนโต๊ะ', 'น้ำมันหอย': 'ตามชอบ'}",แคลกลาง,โปรตีนน้อย,ไขมันกลาง,คาร์บน้อย,"เนื้อหมู, หอมหัวใหญ่, แตงกวา, มะเขือเทศ, กระเทียม, ต้นหอม, ซอสปรุงรส, น้ำตาล, ซอสมะเขือเทศ, ซอสหอยนางรม",อยากกินอาหารที่อร่อยๆ รสชาติกินง่าย เด็กๆชอบ เปรี้ยวๆ หวานๆ ทำมาจากหมู หอมหัวใหญ่ ,มีหมู หอมหัวใหญ่ น้ำซอสครบ ผัดเปรี้ยวหวานให้น่ากินยังไงดี,อยากทำหมูผัดเปรี้ยวหวาน เด็กกินได้ ใส่มะเขือเทศ แตงกวา
ผัดผักบุ้งหมูสับ,"{'หมูบด': '1 ขีด', 'กระเทียมสับ': '1 ช้อนโต้ะ', 'พริกแดงโขลก': '4 เม็ด', 'ซีอิ๊วขาว': '2 ช้อนโต้ะ', 'น้ำมันหอย': '2 ช้อนโต้ะ', 'น้ำมันพืช': '1 ช้อนโต้ะ', 'น้ำเปล่า': '1 ถ้วยเล็ก', 'ผักบุ้งจีน': '1 กำ', 'น้ำตาลทราย': '1 ช้อนชา'}",แคลมาก,โปรตีนน้อย,ไขมันสูง,คาร์บกลาง,"หมูบด,  กระเทียม,  พริกแดง,  ซีอิ๊วขาว,  น้ำมันหอย,  น้ำมันพืช,  น้ำเปล่า,  ผักบุ้ง,  น้ำตาล",อยากกินผัดบุ้ง ใส่หมู  กระเทียม น้ำมันหอย,ผัดผักบุ้งให้เขียวกรอบ ใส่หมูบดแบบร้านอาหารตามสั่ง,อยากทำเมนูประหยัด ผักบุ้งเหลือ หมูบดมีพอ
ผัดเผ็ดไก่บ้าน,"{'ไก่บ้าน': 'ครึ่งกิโลกรัม', 'พริกแกง': '2 ช้อนโต๊ะ', 'น้ำมันพืช': '2 ช้อนโต๊ะ', 'ใบมะกรูด': '8 ใบ', 'ใบกะเพรา': '1 กำมือ', 'น้ำปลา': '1 ช้อนโต๊ะ', 'ซอสปรุงรส': '1 ช้อนชา', 'น้ำตาล': 'ครึ่งช้อนชา'}",แคลมาก,โปรตีนน้อย,ไขมันสูง,คาร์บน้อย,"ไก่, พริกแกง, น้ำมันพืช, ใบมะกรูด, ใบกะเพรา, น้ำปลา, ซอสปรุงรส, น้ำตาล",อยากกินผัดเผ็ดไก่บ้าน,มีไก่บ้าน ใบมะกรูด น้ำปลา อยากผัดให้รสจัดๆ แบบใต้,ผัดไก่บ้านให้เนื้อแน่น นัวๆ เผ็ดร้อนหอมใบกะเพรา
ผัดเผ็ดไก่หน่อไม้ดอง,"{'เนื้ออกไก่': '1 อกใหญ่', 'หน่อไม้ดอง': '1/2 กก.', 'พริกชี้ฟ้าแดงและเขียว': '30 เม็ด', 'กระเทียม': '20 กลีบ', 'ใบโหระพาเด็ด': '2 ต้น', 'น้ำปลา': '2 ช้อนโต๊ะ', 'น้ำตาล': '1 ช้อนโต๊ะ', 'น้ำมันหอย': '2 ช้อนโต๊ะ', 'น้ำเปล่า': '3-4 ช้อนโต๊ะ'}",แคลมาก,โปรตีนน้อย,ไขมันสูง,คาร์บน้อย,"เนื้ออกไก่, หน่อไม้ดอง, พริกชี้ฟ้า, กระเทียม, ใบโหระพา, น้ำปลา, น้ำตาล, น้ำมันหอย, น้ำเปล่า",มีไก่ พริก หน่อไม้ทพอะไรกินได้บ้าง,อยากทำเมนูเผ็ดๆ ใช้หน่อไม้ดองกับอกไก่ ใส่ใบโหระพาเพิ่มกลิ่น,มีหน่อไม้ดองเยอะ อยากผัดเผ็ดแบบแห้งๆ ใส่พริกชี้ฟ้าด้วย
ผัดพริกแกงคั่วไก่ใบยี่หร่า,"{'สะโพกไก่หั่นชิ้น': '300 กรัม', 'พริกแกงคั่วกลิ้ง': '2 ช้อนโต๊ะ', 'กะทิ': '150 ml', 'กะปิ': '2 ช้อนชา', 'น้ำตาลปี๊ป': '2 ช้อนชา', 'ใบยี่หร่าหั่นท่อน': '10 ใบ', 'ใบมะกรูดฉีก': '5 ใบ', 'น้ำปลา': '1 ช้อนชา', 'น้ำเปล่า': '1/2 ถ้วย'}",แคลมาก,โปรตีนน้อย,ไขมันสูง,คาร์บกลาง,"สะโพกไก่,  พริกแกง,  กะทิ,  กะปิ,  น้ำตาลปี๊ป,  ใบยี่หร่า,  ใบมะกรูด,  น้ำปลา,  น้ำเปล่า",มีพริกแกงคั่วกลิ้ง กะปิ กะทิ น้ำตาล ไก่ ทำอะไรกินดี,อยากกินไก่ผัดพริกแกงใส่ใบยี่หร่าแบบรสเข้มข้นเผ็ดจัด,มีไก่ พริกแกง ใบยี่หร่า อยากทำอาหารใต้หอมๆ ใส่กะทิด้วย
ผัดพริกแกงถั่วฝักยาวหมู,"{'เนื้อหมูสามชั้น': '3 ขีด', 'พริกแกงเผ็ด': '2 ช้อนโต๊ะ', 'ถั่วฝักยาว': '1 กำเล็ก', 'ผงปรุงรส': '1-2 ช้อนโต๊ะ', 'น้ำปลา': '1-2 ช้อนโต๊ะ', 'น้ำตาลทราย': '1-2 ช้อนโต๊ะ', 'ใบมะกรูด': '3-4 ใบ', 'น้ำเปล่า': '60-100 มล.', 'น้ำมันพืช': '3-4 ช้อนโต๊ะ'}",แคลมาก,โปรตีนกลาง,ไขมันสูง,คาร์บกลาง,"เนื้อหมู, พริกแกงเผ็ด, ถั่วฝักยาว, ผงปรุงรส, น้ำปลา, น้ำตาลทราย, ใบมะกรูด, น้ำเปล่า, น้ำมัน",อยากกินถั่วฟักยาว เผ็ดๆ รสจัดๆ ,ถั่วฝักยาว หมู พริกแกงพร้อม อยากผัดแบบแห้งๆ เผ็ดๆ,อยากได้เมนูผัดพริกแกงหมูแบบไม่ใส่น้ำมันเยอะ ใส่ใบมะกรูดหอมๆ
ผัดพริกแกงลูกชิ้นถั่วฝักยาว,"{'ลูกชิ้น': '3 ขีด', 'ถั่วฝักยาว': '2 ขีด', 'ใบโหระพา': '1 กำ', 'พริกแกง': '1 ช้อนโต๊ะ', 'ซอสหอยนางรม': '2 ช้อนโต๊ะ', 'น้ำตาล': 'ปลายช้อน', 'น้ำมัน': '4 ช้อนโต๊ะ'}",แคลกลาง,โปรตีนน้อย,ไขมันกลาง,คาร์บน้อย,"ลูกชิ้น,  ถั่วฝักยาว,  ใบโหระพา,  พริกแกง,  ซอสหอยนางรม,  น้ำตาล, น้ำมัน",มีลูกชิ้นเยอะมาก อยากเอามาทำอาหาร,อยากทำเมนูง่ายๆ จากลูกชิ้นกับถั่วฝักยาว ผัดพริกแกงใส่โหระพา,ลูกชิ้นเหลือเยอะ อยากผัดแบบจัดจ้าน ใส่พริกแกงและน้ำตาลนิดๆ
ผัดพริกแกงหมูสับถั่วฝักยาว,"{'หมูสับ': '100 กรัม', 'น้ำพริกแกงเผ็ด': '2 ช้อนโต๊ะ', 'ถั่วฝักยาว': '1 ถ้วย', 'น้ำมันสำหรับผัด': '2 ช้อนโต๊ะ', 'น้ำตาลทราย': '1 ช้อนโต๊ะ', 'น้ำปลา': '1 ช้อนโต๊ะ'}",แคลกลาง,โปรตีนกลาง,ไขมันกลาง,คาร์บกลาง,"หมูสับ, น้ำพริกแกงเผ็ด, ถั่วฝักยาว, น้ำมัน, น้ำตาลทราย, น้ำปลา",มีหมูสับ มีพริกแกง ถั่วฟักยาว อยากทำอาหารอร่อยๆ,มีหมูสับกับถั่วฝักยาว อยากทำเมนูเผ็ดๆ กินกับข้าวสวย,อยากผัดหมูสับพริกแกงแบบแห้งๆ เข้มข้น แต่ทำง่ายใน 10 นาที
ผัดพริกแกงหมูใส่มะเขือเปราะ,"{'น้ำมัน': '4ช้อนโต๊ะ', 'กระเทียม': '2ช้อนโต๊ะ', 'เนื้อหมู': '4ขีด', 'พริกชี้ฟ้าหรือพริกขี้หนู': '', 'พริกแกง': '2ช้อนโต๊ะ', 'มะเขือเปราะ': '', 'ใบมะกรูด': '', 'มะเขือพวง': '', 'น้ำปลา': '', 'น้ำเปล่า': '', 'น้ำตาล': '2ช้อนชา', 'น้ำมันหอย': '2ช้อนโต๊ะ'}",แคลมาก,โปรตีนกลาง,ไขมันสูง,คาร์บน้อย,"น้ำมัน,  กระเทียม,  เนื้อหมู,  พริกชี้ฟ้า,  พริกแกง,  มะเขือเปราะ,  ใบมะกรูด,  มะเขือพวง,  น้ำปลา,  น้ำเปล่า,  น้ำตาล,  น้ำมันหอย",มีหมู มีพริกแกง มะเขือเปราะ ทำอาหารอะไรได้บ้าง,อยากทำพริกแกงใส่มะเขือเปราะให้รสเข้ม ใส่หมูพอดีคำ,มะเขือเปราะกับพริกแกงมีในตู้ อยากทำเมนูรสจัดหอมเครื่อง
ผัดพริกไก่โหระพา,"{'ไก่ส่วนที่ชอบ': '', 'พริกแกง': '', 'พริกขี้หนู': '', 'กระเทียม': '', 'ใบโหระพา': '', 'เกลือ': '', 'ผงปรุงรส': '', 'น้ำตาลทราย': '', 'ซีอิ๊วดำ': '', 'น้ำมันพืช': '', 'น้ำเปล่า': ''}",แคลมาก,โปรตีนกลาง,ไขมันสูง,คาร์บกลาง,"ไก่,  พริกแกง,  พริกขี้หนู,  กระเทียม,  ใบโหระพา,  เกลือ,  ผงปรุงรส,  น้ำตาลทราย,  ซีอิ๊วดำ,  น้ำมันพืช,  น้ำเปล่า","อยากกินอาหารที่ทำจาก ไก่,  พริกแกง,  พริกขี้หนู,  กระเทียม,  ใบโหระพา",อยากทำผัดพริกไก่ใส่ใบโหระพา หอมๆ รสเผ็ดกลางๆ,ไก่กับพริกแกงทำเมนูอะไรดี
ผัดพริกหยวกหมู,"{'เนื้อหมูติดมัน': '3 ขีด', 'พริกหยวก': '3 อัน', 'หอมใหญ่': '1/2 หัว', 'น้ำมันหอย': '2 ช้อนโต๊ะ', 'น้ำตาลทราย': '2 ช้อนโต๊ะ', 'ซีอิ้วขาว': '3ช้อนโต๊ะ'}",แคลกลาง,โปรตีนน้อย,ไขมันกลาง,คาร์บน้อย,"เนื้อหมู, พริกหยวก, หอมใหญ่, น้ำมันหอย, น้ำตาลทราย, ซีอิ้วขาว","มี พริกหยวก, หอมใหญ่, น้ำมันหอย, หมู ทำอะไรดี ขอคาร์บน้อย",พริกหยวกกับหมูเหลือในตู้ อยากผัดแบบง่ายๆ ,อยากได้สูตรผัดพริกหยวกหมูรสกลมกล่อม
ผัดฟักทอง,"{'ฟักทองหั่นชิ้น': '200 กรัม', 'ไข่ไก่': '1 ฟอง', 'น้ำเปล่า': '1 ถ้วย', 'กระเทียมสับหยาบ': '1 ช้อนโต๊ะ', 'ซีอิ๊ว low sodium': '1 ช้อนโต๊ะ', 'พริกไทยป่น': '1 ช้อนโต๊ะ', 'ใบโหระพา': '10 ใบ', 'น้ำมันสำหรับผัด': '1 ช้อนชา'}",แคลกลาง,โปรตีนน้อย,ไขมันกลาง,คาร์บน้อย,"ฟักทอง, ไข่ไก่, น้ำเปล่า, กระเทียม, ซีอิ๊ว, พริกไทย, ใบโหระพา, น้ำมัน",มีฟักทอง ไข่ กระเทียม ทำอะไรดี,อยากผัดฟักทองให้นุ่มแต่ไม่เละ ใส่ไข่,ฟักทองกับใบโหระพาเหลืออยู่ ทำอะไรดี
ผัดฟักทองใส่ไข่ นิ่ม ฟิน,"{'ฟักทอง': '500 กรัม', 'ไข่ไก่': '2 ฟอง', 'น้ำตาล': '1 ช้อนโต๊ะ', 'น้ำปลา': '1/2 ช้อน', 'แมกกี้': 'เหยาะๆให้หอม', 'น้ำมันหอย': '2 ช้อนโต๊ะ', 'กระเทียม': '4 กลีบ'}",แคลมาก,โปรตีนน้อย,ไขมันสูง,คาร์บน้อย,"ฟักทอง,  ไข่ไก่,  น้ำตาล,  น้ำปลา,  แมกกี้, ซอสหอยนางรม,  กระเทียม",อยากกินฟักทองใส่ไข่เยอะๆๆ,อยากได้ฟักทองผัดไข่รสละมุน หอมกระเทียม ใส่น้ำตาลนิดๆ,เมนูง่ายๆ จากฟักทอง ไข่ กระเทียม ใช้อะไรปรุง
ผัดมะเขือยาวหมูสับ,"{'มะเขือยาว': '1 ลูก', 'หมูสับ': '150 กรัม', 'พริกขี้หนู': '3 เม็ด', 'โหระพา': '2 ต้น', 'น้ำมันหอย': '1 ช้อนโต๊ะ', 'น้ำตาล': '2 ช้อนชา', 'ซอสปรุงรส': '1 ช้อนชา', 'เต้าเจี้ยว': '1/2 ช้อนโต๊ะ'}",แคลกลาง,โปรตีนน้อย,ไขมันกลาง,คาร์บน้อย,"มะเขือยาว,  หมูสับ,  พริกขี้หนู,  โหระพา,  น้ำมันหอย,  น้ำตาล,  ซอสปรุงรส,  เต้าเจี้ยว",มีมะเขือยาว มีหมูสับ  มีพริก โหระพา ทำเมนูอะไรดี,มะเขือยาว หมูสับ น้ำมันหอยพร้อม อยากทำเมนูผัดเผ็ดๆ,อยากผัดมะเขือยาวแบบไม่อมน้ำมัน ทำยังไง
ผัดมะเขือยาวหมูสับโหระพา,"{'หมูสับ': '500กรัม', 'ใบโหระพา': '3ต้น', 'มะเขือยาว': '4ลูก', 'น้ำมันปาล์ม': '1/4 ขวด', 'น้ำมันพืช': '3ชต', 'กระเทียมทุบสับ': '5 หัว', 'พริกแดงจินดา': '5เม็ด', 'น้ำมันหอย': '3ชต', 'เต้าเจี้ยว': '2ชต', 'ซีอิ๊วขาว': '3เหยาะ', 'น้ำตาลทราย': '1ชช', 'คนอร์รสหมู': '1ชชแบ่ง'}",แคลมาก,โปรตีนกลาง,ไขมันสูง,คาร์บกลาง,"หมูสับ, ใบโหระพา, มะเขือยาว, น้ำมัน, กระเทียม, พริกแดง, ซอสหอยนางรม, เต้าเจี้ยว, ซีอิ๊วขาว, น้ำตาลทราย, คนอร์",อยากกินมะเขือยาว โหระพาเยอะๆๆ,อยากทำผัดมะเขือยาวหอมโหระพา ,มีมะเขือยาว หมูสับ ใบโหระพา อยากผัดรสกลางๆ
ผัดมาม่าคอหมูย่างไข่ดาว,"{'คอหมู': '400 กรัม', 'ไข่เป็ด': '2 ฟอง', 'พริกจินดา': '10 เม็ด', 'แคร์รอต': '30 กรัม', 'กระเทียม': '5 กลีบ', 'กะหล่ำปลี': '30 กรัม', 'บะหมี่กึ่งสำเร็จรูป': '1 ซอง', 'ผงหมักย่าง': '1 ช้อนโต๊ะ', 'น้ำมันหอย': '4 ช้อนโต๊ะ', 'ผงปรุงบะหมี่กึ่งสำเร็จรูป': '1 ซอง', 'น้ำมันพริกเผาบะหมี่กึ่งสำเร็จรูป': '1 ซอง'}",แคลกลาง,โปรตีนกลาง,ไขมันกลาง,คาร์บน้อย,"คอหมู, ไข่เป็ด, พริกจินดา, แคร์รอต, กระเทียม, กะหล่ำปลี, บะหมี่กึ่งสำเร็จรูป, ผงหมัก, น้ำมันหอย, บะหมี่กึ่งสำเร็จรูป",มีเส้นมาม่า มีสันคอหมู  กะหล่ำ เห็ด อยากทำอาหารยามดึก อิ่มๆ ,อยากทำเมนูบะหมี่แบบเผ็ดๆ ใส่คอหมูย่างกับไข่ดาว,มีมาม่า คอหมูย่าง ผักในตู้เย็น
ผัดยอดมะพร้าวอ่อนใส่หมูสับ,"{'หมูสับ': '100 กรัม', 'ยอดมะพร้าวอ่อน': '200 กรัม', 'น้ำมันหอย': '1 ช้อนโต๊ะ', 'ซีอิ้วขาว': '1 ช้อนชา', 'ซอสปรุงรส': '2 ช้อนชา', 'น้ำตาลทราย': '2 ช้อนชา', 'กระเทียมกลีบเล็ก': '15 กลีบ', 'พริกขี้หนูสวน+พริกแดงจินดา': '15 เม็ด', 'ใบกะเพรา': '1 กำมือ', 'น้ำมันสำหรับผัด': '1 ช้อนโต๊ะ', 'น้ำเปล่าหรือน้ำซุป': '2 ช้อนโต๊ะ', 'พริกไทยป่น': 'เล็กน้อย'}",แคลกลาง,โปรตีนกลาง,ไขมันกลาง,คาร์บกลาง,"หมูสับ,  ยอดมะพร้าว,  น้ำมันหอย,  ซีอิ้วขาว,  ซอสปรุงรส,  น้ำตาลทราย,  กระเทียม,  พริกขี้หนูสวน,  ใบกะเพรา,  น้ำมันสำหรับผัด,  น้ำเปล่า,  พริกไทยป่น",มียอดมะพร้าวอ่อน หมูสับ ซิ้อิ้ว ข้าว ทำอะไรกินดี ,ยอดมะพร้าวกับหมูสับมีในตู้ อยากทำเมนูแบบบ้านๆ หอมๆ,อยากทำผัดยอดมะพร้าวรสเผ็ดหน่อย ใส่ใบกะเพรา
ผัดวุ้นเส้น,"{'วุ้นเส้น': '150 กรัม', 'เนื้อหมู': '200 กรัม', 'ไข่ไก่': '2 ฟอง', 'หอมใหญ่': '1 ลูก', 'มะเขือเทศ': '3 ลูก', 'กระเทียมสับหยาบ': '1 ช้อนโต๊ะ', 'ต้นหอม': '3 ต้น', 'แครอท': '⅓ หัว', 'กะหล่ำปลี': '100 กรัม', 'น้ำตาล': '1 ช้อนโต๊ะ', 'น้ำมันหอย': '3 ช้อนโต๊ะ', 'น้ำปลา': '2 ช้อนโต๊ะ', 'พริกไทย': '1/2 ช้อนชา', 'ผักชี': 'สำหรับแต่งหน้า', 'น้ำมันพืช': 'สำหรับผัด'}",แคลมาก,โปรตีนกลาง,ไขมันสูง,คาร์บน้อย,"วุ้นเส้น, เนื้อหมู, ไข่ไก่, หอมใหญ่, มะเขือเทศ, กระเทียม, ต้นหอม, แครอท, กะหล่ำปลี, น้ำตาล, น้ำมันหอย, น้ำปลา, พริกไทย, ผักชี, น้ำมัน",อยากกินผัดวุ้นเส้น,มีวุ้นเส้น หมู ผักรวม อยากผัดให้น้ำไม่เยิ้ม เมนูอะไรดี,"ในตู้เย็นมีเนื้อหมู, ไข่ไก่, หอมใหญ่, มะเขือเทศ, กระเทียม, ต้นหอม กินกับข้าวร้อนๆ"
ผัดสะตอกุ้งหมูสับ,"{'กุ้ง': 10, 'หมูสับ': 0.5, 'สะตอ': 2, 'พริกจินดาแดง': 5, 'พริกขี้หนู': 5, 'กระเทียมกลีบเล็ก': 1, 'พริกชี้ฟ้าแดง': 1, 'กะปิดี': 1, 'น้ำปลาแท้': 1, 'น้ำตาลทราย': 1, 'มะนาว': 2, 'น้ำมันพืช': 3, 'น้ำมันหอย': 2}",แคลมาก,โปรตีนกลาง,ไขมันสูง,คาร์บกลาง,"กุ้ง,  หมูสับ,  สะตอ,  พริกจินดา,  พริกขี้หนู,  กระเทียม,  พริกชี้ฟ้า,  กะปิ,  น้ำปลา,  น้ำตาลทราย,  มะนาว,  น้ำมันพืช,  น้ำมันหอย",มีสะตอ กุ้ง หมู พริก มะนาว อยากกินเผ็ดๆ,อยากทำเมนูสะตอเผ็ดๆ ใส่กุ้งกับหมูสั,สะตอกับกะปิ พริกพร้อม อยากผัดแบบใต้จัดเต็ม
ผัดหน่อไม้ใบโหระพา,"{'หน่อไม้': '220 กรัม', 'อกไก่สับ': '70 กรัม', 'กระเทียม': '15 กลีบ', 'พริกขี้หนูสวน': '15 เม็ด', 'พริกชี้ฟ้า': '2 ฝัก', 'ใบโหระพา': '1 กิ่ง', 'ซีอิ๊วขาว': '1/2 ช้อนโต๊ะ'}",แคลน้อย,โปรตีนน้อย,ไขมันน้อย,คาร์บน้อย,"หน่อไม้,  อกไก่,  กระเทียม,  พริกขี้หนู,  พริกชี้ฟ้า,  ใบโหระพา,  ซีอิ๊วขาว",มีหน่อไม้ ใบโหระพา อกไก่ กระเทียม พริกขี้หนู อยากกินที่อร่อยๆ,หน่อไม้มีเยอะ อยากผัดแบบใส่ไก่หอมใบโหระพา รสเผ็ดกลางๆ,อยากทำผัดหน่อไม้แบบไม่ใส่กะทิ ผัดแห้งๆ เผ็ดๆ
ผัดหมี่เบตง,"{'หมี่เบตง': '1 ห่อ', 'หมูบดปรุงรส': 'ตามชอบ', 'หมูแดงหั่นชิ้น': 'ตามชอบ', 'กุนเชียงหั่นชิ้น': 'ตามชอบ', 'ฮือก๊วยหั่นชิ้น': '1 เส้น', 'ผักคะน้า': 'ตามชอบ', 'ต้นหอมและผักชีซอย': 'ตามชอบ', 'ผงปรุงรสหมู': '2 ชต', 'น้ำมันหอย': '2 ชต', 'น้ำตาลทราย': '3 ชต', 'น้ำซุปผัก(หัวไชเท้า/มะระ/กะหล่ำ)': '1 ถ้วยตวง', 'กระเทียมสับ': '7 กลีบ', 'น้ำมันรำข้าว': '1 ทัพพี', 'น้ำสำหรับลวกเส้นหมี่เบตง': '', 'ซีอิ้วดำ': 'ตามชอบ'}",แคลมาก,โปรตีนกลาง,ไขมันสูง,คาร์บกลาง,"หมี่,  หมูบด, หมูแดง, กุนเชียง, ฮือก๊วย,  ผักคะน้า, ต้นหอม, ผงปรุงรสหมู,  น้ำมันหอย,  น้ำตาลทราย,  น้ำซุป,  กระเทียม,  น้ำมัน,  น้ำเปล่า,  ซีอิ้วดำ",มีหมี่เบตง หมู กุนเชียง  ผักคะน้า,อยากทำหมี่ผัดแบบใส่หมูแดง หมูบด,มีหมี่ ผัก หมูหลายชนิด ทำหมี่ผัดรวมใส่น้ำซุป
ผัดหอยลายใบโหระพา,"{'หอยลาย': '1 kg', 'กระเทียม': '5 กลีบ', 'พริกขี้หนู': '3 เม็ด', 'ใบโหระพา': '3 ต้น', 'น้ำเปล่า': '1/2 ถ้วยตวง', 'เต้าเจี้ยว': '1 ช้อนชา', 'ซอสหอยนางรม': '1/2 ช้อนชา', 'น้ำปลา': '1/2 ช้อนชา'}",แคลมาก,โปรตีนน้อย,ไขมันสูง,คาร์บน้อย,"หอยลาย,  กระเทียม,  พริกขี้หนู,  ใบโหระพา,  น้ำเปล่า,  เต้าเจี้ยว,  ซอสหอยนางรม,  น้ำปลา",มีหอยลาย กระเทียม พริกขี้หนู ใบโหระพา อยากกินอาหารอร่อยๆเค็มๆ,หอยลายเหลืออยู่ อยากทำเมนูที่ใส่ใบโหระพา,อยากทำผัดหอยลายให้หอมเต้าเจี้ยว ใส่น้ำปลา
ผัดหอยลายพริกเผาใส่นมข้นจืด,"{'หอยลาย': '500 กรัม', 'กระเทียมจีน': '5 กลีบ', 'พริกแดงจินดา': '5 เม็ด', 'พริกขี้หนูสวน': '10 เม็ด', 'ใบโหระพา': '2-3 ต้น', 'น้ำพริกเผา': '2 ช้อนโต๊ะ', 'น้ำปลา': '2 ช้อนโต๊ะ', 'นมข้นจืด': '2 ช้อนโต๊ะ', 'น้ำเปล่า': '1/4 ถ้วย'}",แคลมาก,โปรตีนกลาง,ไขมันสูง,คาร์บน้อย,"หอยลาย,  กระเทียม,  พริก,  ใบโหระพา,  น้ำพริกเผา,  น้ำปลา,  นมข้นจืด,  น้ำเปล่า",อยากกินหอยลาย กระเทียม พริกแดง พริกเผา เอามาทำอาหาร,มีหอยลาย น้ำพริกเผา นมข้นจืด อยากทำเมนูรสเข้มข้น,ผัดหอยลายให้นัวๆ แบบมีรสนมเบาๆ
ผัดเห็ดรวมน้ำมันหอย,"{'เห็ดออรินจิ': '100 กรัม', 'เห็ดฟาง': '100 กรัม', 'เห็ดนางฟ้าภูฐาน': '100 กรัม', 'กระเทียมสับ': '1 ช้อนโต๊ะ', 'น้ำมันพืช': '1 ช้อนโต๊ะ', 'ซีอิ้วขาว': '1 ช้อนโต๊ะ', 'น้ำตาลทราย': '1/2 ช้อนโต๊ะ', 'น้ำมันหอย': '2 ช้อนโต๊ะ', 'น้ำเปล่าหรือน้ำซุป': '2 ช้อนโต๊ะ', 'ต้นหอม': '2 ต้น', 'พริกไทยป่น': '1/2 ช้อนชา', 'พริกชี้ฟ้าแดง': '1 เม็ด'}",แคลมาก,โปรตีนกลาง,ไขมันสูง,คาร์บกลาง,"เห็ดออรินจิ,  เห็ดฟาง,  เห็ดนางฟ้า,  กระเทียม,  น้ำมันพืช,  ซีอิ้วขาว,  น้ำตาลทราย,  น้ำมันหอย,  น้ำเปล่า,  ต้นหอม,  พริกไทย,  พริกชี้ฟ้า",มีเห็ดเยอะมากกก อยากเอามาทำอาหารอร่อยๆ,เห็ดรวมหลายอย่าง อยากผัดน้ำมันหอยใส่ต้นหอม,อยากทำเมนูเห็ดที่กินคลีนๆ ไม่ใส่เนื้อสัตว์
ผัดเห็ดรวมสารพัดประโยชน์,"{'เห็ดนางรมหลวง': '1 ถ้วย', 'เห็ดโคนญี่ปุ่น': '1 ถ้วย', 'กระเทียม': '1/2 ชต', 'พริกขี้หนู': '1 ชต', 'โหระพา': '1 กำ', 'ซอสหอยนางรม': '2 ชต', 'ซีอิ้วขาว': '1 ชช', 'น้ำตาลทราย': '1/2 ชช', 'น้ำมันพืช': '1 ชต'}",แคลกลาง,โปรตีนน้อย,ไขมันกลาง,คาร์บกลาง,"เห็ด,  กระเทียม,  พริกขี้หนู,  โหระพา,  ซอสหอยนางรม,  ซีอิ้วขาว,  น้ำตาลทราย,  น้ำมัน",มีเห็ดนางรม เห็ดโคน กระเทียม พริกขี้หนู อยากเอามาทำอาหาร ให้หมด,เห็ดรวมกับโหระพา พริกขี้หนู มีหมด,เมนูเห็ดคลีนๆ แบบไม่มีเนื้อสัตว์
เผือกหิมะ,"{'เผือกหอม': '0.5 กิโล', 'น้ำตาลทราย': '1.5 ถ้วย', 'เกลือ': '0.5 ช้อนชา', 'ใบเตย': '1 ต้น', 'น้ำมันพิช': 'เล็กน้อย', 'น้ำเปล่า': '1 ถ้วย'}",แคลมาก,โปรตีนน้อย,ไขมันสูง,คาร์บกลาง,"เผือก,  น้ำตาลทราย,  เกลือ,  ใบเตย,  น้ำมัน, น้ำเปล่า",มีเผือก น้ำตาล เกลือ ใบเตย ทำขนมหวาน ,อยากทำของหวานจากเผือก ,มีเผือก น้ำตาล ใบเตย ทำเมนูขนมไทยเย็นๆ
พริกหยวกผัดไข่,"{'พริกหยวก': '', 'ไข่ไก่': '', 'น้ำตาลปี๊บ': '', 'น้ำปลา': '', 'น้ำมันถั่วเหลือง': '', 'น้ำเปล่า': '', 'กระเทียม': ''}",แคลมาก,โปรตีนน้อย,ไขมันสูง,คาร์บกลาง,"พริกหยวก,  ไข่ไก่,  น้ำตาล,  น้ำปลา,  น้ำมัน,  น้ำเปล่า,  กระเทียม",มีพริกหยวก ไข่ อยากทำอะไรเผ็ดๆกิน ,มีพริกหยวกกับไข่ อยากทำเมนูง่ายๆ ไม่ใช้น้ำมันเยอะ,อยากผัดไข่ใส่พริกหยวกแบบรสอ่อนๆ หวานเค็มพอดี
พะแนงหมู,"{'หมูหั่นชิ้น': '350 กรัม', 'น้ำพริกพะแนง': '300 กรัม', 'หัวกะทิ': '1 ถ้วย', 'ตัวกะทิ': '2 1/2 ถ้วย', 'ถั่วฝักยาวหั่นท่อน': '150 กรัม', 'ใบมะกรูดฉีก': '3-4 ใบ', 'พริกชี้ฟ้าซอย': '3-4 เม็ด', 'น้ำตาลปึก': '2 ช้อนโต๊ะ', 'น้ำปลา': '2-3 ช้อนโต๊ะ'}",แคลมาก,โปรตีนกลาง,ไขมันกลาง,คาร์บสูง,"หมู, น้ำพริก, กะทิ, ถั่วฝักยาว, ใบมะกรูด, พริกชี้ฟ้า, น้ำตาล, น้ำปลา",มีหมู กับน้ำพริกพแนง ขอรสชาติกำลังดี ,อยากทำพะแนงหมูแบบขลุกขลิก หอมเครื่องแกง,หมู กะทิ พริกแกงมีพร้อม อยากทำพะแนงง่ายๆ กินกับข้าวร้อนๆ
พะโล้ไข่เป็ดต้มแซ่บ,"{'น้ำสะอาด': '3 ลิตร', 'ปีกกลางไก่': '500 กรัม', 'ปีกบนไก่': '500 กรัม', 'ไข่เป็ด': '5 ฟอง', 'รากผักชี': '2 ราก', 'อบเชย': '4 แท่ง', 'โป๊ยกั๊ก': '5 ดอก', 'น้ำตาลมะพร้าว': '1 ½ ถ้วยตวง', 'น้ำปลา': '1 ถ้วยตวง', 'เกลือ': '1 ช้อนโต๊ะ', 'มะนาว': '6 ลูก', 'พริกขี้หนูสวน': '¼ ถ้วยตวง', 'พริกจินดาแดง': '10 เม็ด', 'ผักชี': '(สำหรับตกแต่ง)'}",แคลมาก,โปรตีนกลาง,ไขมันกลาง,คาร์บน้อย,"น้ำ, ปีกไก่, ไข่เป็ด, รากผักชี, อบเชย, โป๊ยกั๊ก, น้ำตาลมะพร้าว, น้ำปลา, เกลือ, มะนาว, พริกขี้หนู, พริกจินดา, ผักชี",อยากกินพะโล้ แต่อยากให้เผ็ดๆแซ่บๆ ใส่พริก มะนาว ไปเพิ่ม,อยากกินพะโล้แบบแซ่บๆ ไม่ใช่หวานจ๋า ใส่พริกกับมะนาว,มีไข่เป็ด ปีกไก่ อยากทำพะโล้รสเข้มข้นหอมสมุนไพ
พิซซ่าไข่ขาว,"{'ไข่ขาวเหลวพาสเจอร์ไรซ์แช่เย็น': '300 กรัม', 'ควินัวต้มสุก': '2 ช้อนโต๊ะ', 'ซอสพิซซ่าสำเร็จรูป': '3 ช้อนโต๊ะ', 'มอสเซอเรลล่าชีส': '100 กรัม', 'พริกหวานสามสีหั่นเส้น': '30 กรัม', 'มะเขือเทศเชอร์รี่หั่นครึ่ง': '30 กรัม', 'เห็ดแชมปิญองสไลด์': '20 กรัม', 'เชดดา ชีส': '50 กรัม', 'ใบโหระพา': '5 กรัม'}",แคลน้อย,โปรตีนกลาง,ไขมันน้อย,คาร์บน้อย,"ไข่ขาว, ควินัว, ซอสพิซซ่า, ชีส, พริกหวาน, มะเขือเทศ, เห็ด, ใบโหระพา",อยากกินพิซซ่า แต่แบบสุขภาพดี ใส่ไข่ขาว ควินัว มะเขือเทศ ทำอะไรกินดี,อยากทำพิซซ่าแบบเฮลตี้ ใช้ไข่ขาวแทนแป้ง,มีควินัว ชีส ไข่ขาว ทำอะไรกินดี
มะม่วงไม่รู้หาว มะนาวไม่รู้โห่,"{'ผลมะม่วงหาวมะนาวโห่สุก': '1 กก.', 'น้ำตาลทรายแดง': '500 กรัม', 'เกลือผงเสริมไอโอดีน': '1 ช้อนชา', 'น้ำเปล่า': '6 ลิตร', 'ใบเตย': '4 ใบ'}",แคลกลาง,โปรตีนน้อย,ไขมันกลาง,คาร์บกลาง,"มะม่วงหาวมะนาวโห่, น้ำตาลทรายแดง, เกลือ, น้ำเปล่า, ใบเตย",อยากกินอะไรที่เปรี้ยวๆ ทำด้วยมะม่วงหาวมะนาวโห่,ได้ผลไม้เปรี้ยวอย่างมะม่วงหาวมะนาวโห่มา อยากทำน้ำหวานสดชื่น,อยากต้มน้ำมะม่วงหาวมะนาวไม่รู้โห่ให้ได้รสเปรี้ยวหวานพอดี
มักกะโรนีอบชีส,"{'มักกะโรนี': '150 กรัม', 'น้ำเปล่า': '460 ml', 'นมข้นจืด คาร์เนชัน': '60 ml', 'ชีสเชดดาร์': '200 กรัม', 'ชีสแผ่น': '60 กรัม'}",แคลกลาง,โปรตีนน้อย,ไขมันกลาง,คาร์บน้อย,"มักกะโรนี, น้ำเปล่า, นมข้นจืด, ชีส",มีมักกะโรนี ชีส อยากกินแบบเมนูเด็กอ้วน,มีมักกะโรนีกับชีส อยากอบให้เด็กกิน รสไม่จัดเกิน,มีเส้นมักกะโรนีทำอะไรกินได้บ้าง
มันบดกระเทียมย่าง,"{'มันฝรั่ง': '750 กรัม', 'กระเทียม': '1 หัว', 'น้ำมันรำข้าว': '½ ช้อนชา', 'เกลือปรุงรส': '', 'พริกไทยปรุงรส': '', 'ลูกจันทน์ป่น': '¼ ช้อนชา', 'ครีม': '180 มิลลิลิตร', 'เนย': '50 กรัม', 'มัชรูมเกรวี่มิกซ์ (มัชรูมเกรวี่)': '1 ซอง', 'ครีม (มัชรูมเกรวี่)': '4 ช้อนโต๊ะ', 'น้ำสะอาด (มัชรูมเกรวี่)': '¾ ถ้วย'}",แคลมาก,โปรตีนน้อย,ไขมันสูง,คาร์บน้อย,"มันฝรั่ง, กระเทียม, น้ำมัน, เกลือปรุงรส, พริกไทยปรุงรส, ลูกจันทน์, ครีม, เนย,เกรวี่มิกซ์, ครีม, น้ำสะอาด",มีมันฝรั่ง กระเทียม น้ำมัน เกลือ ครีม ทำอะไรกินดี,อยากทำมันบดหอมกระเทียม เนื้อนุ่มใส่ครีมเนย,มันฝรั่ง กระเทียม เนยมีครบ
มันบดอบชีส,"{'มันฝรั่ง': '2-3 ลูก', 'นมสดรสจืด': '', 'ครีม': '(ไม่มีไม่ต้องใส่)', 'มอสซาเรล่าชีส': '', 'เชดด้าชีส': '', 'เกลือ': '', 'พริกไทยดำ': '', 'เนยสด': ''}",แคลมาก,โปรตีนน้อย,ไขมันสูง,คาร์บน้อย,"มันฝรั่ง, นมสด, ครีม, มอสซาเรล่าชีส, เชดด้าชีส, เกลือ, พริกไทยดำ, เนย",อยากกกิยมันบดอบชีสส อร่อยๆเยิ้มๆ,มี มันฝรั่ง ชีส ทำอะไรกินดี แบบร้อนๆ เนียนๆ กินง่าย ,มันฝรั่งกับมอสซาเรลล่าชีสเหลืออยู่ อยากอบเป็นของว่าง
มาม่าต้มยำไข่ตุ๋น,"{'มาม่า': '1 ก้อน', 'ไข่ไก่': '1 ฟอง', 'กุ้งขาว': '4 ตัว', 'ข่า': '1 แง่ง', 'ตะไคร้': '1 ต้น', 'ใบมะกรูด': '2 ใบ', 'ผักชีฝรั่ง': '3 ใบ', 'ผงปรุงรสต้มยำ': '1 ซอง', 'น้ำเปล่า': '100 มิลลิลิตร'}",แคลกลาง,โปรตีนน้อย,ไขมันกลาง,คาร์บน้อย,"มาม่า, ไข่ไก่, กุ้งขาว, ข่า, ตะไคร้, ใบมะกรูด, ผักชีฝรั่ง, ผงปรุงรส, น้ำเปล่า",อยากกินมาม่า ไข่ไก่  กุ้ง เหมาะสำหรับมื้อดึก,อยากทำมาม่าต้มยำแบบแปลกๆ ใส่ไข่ตุ๋นให้นุ่ม,มีมาม่า ไข่ กุ้ง อยากทำเมนูแซ่บๆ ซดน้ำได้
มาม่าผัดไข่,"{'มาม่า': '1 ซอง', 'ไข่': '2 ฟอง', 'กะหล่ำปลี': 'หั่นพอดีคำตามชอบ', 'ซอสหอยนางรม': '1 ช้อนชา', 'รสดี': 'เล็กน้อย', 'น้ำตาล': 'ตามชอบ'}",แคลน้อย,โปรตีนน้อย,ไขมันน้อย,คาร์บน้อย,"มาม่า, ไข่, กะหล่ำปลี, ซอสหอยนางรม, รสดี, น้ำตาล",มีไข่ กับเส้นมาม่า ทำอะไรได้บ้าง ,มาม่ากับไข่เหลือในตู้เย็น อยากผัดแบบรสเข้มข้น,อยากทำเมนูง่ายๆ เร็วๆ ใช้มาม่ากับไข่เป็นหลัก
เมอแรงค์,"{'ไข่ขาว': '4 ฟอง', 'น้ำตาลทราย': '140 กรัม', 'แป้งข้าวโพด': '2 ช้อนชา', 'เกลือป่น': '1/8 ช้อนชา', 'กลิ่นวนิลา': '1 ช้อนชา'}",แคลน้อย,โปรตีนน้อย,ไขมันน้อย,คาร์บกลาง,"ไข่ขาว, น้ำตาลทราย, แป้งข้าวโพด, เกลือ, กลิ่นวนิลา",อยากกินขนมหวานแบบผู้ดี มีไข่ น้ำตาบ แป้งข้าวโพด,อยากอบเมอแรงค์ให้กรอบเบา หวานน้อย,มีไข่ขาว น้ำตาล อยากทำขนมอบแบบเบาๆ กินเพลินๆ
เมี่ยงคำ,"{'น้ำตาลมะพร้าว': '100 กรัม', 'น้ำเปล่า': '1/2 - 1 ถ้วย', 'กะปิ': '1 ช้อนชา', 'น้ำปลา': 'ตามชอบ', 'ข่าคั่วโขลก': '1 ช้อนโต๊ะ', 'ถั่วลิสงคั่วโขลก': '1/3 ถ้วย', 'มะพร้าวคั่วโขลก': '1/3 ถ้วย', 'เครื่องเมี่ยง': 'ตามชอบ', 'ใบชะพลู': 'ตามชอบ', 'ถั่วลิสงคั่ว': 'ตามชอบ', 'มะพร้าวซอยคั่ว': 'ตามชอบ', 'กุ้งแห้ง': 'ตามชอบ', 'ขิง': 'ตามชอบ', 'หอมแดง': 'ตามชอบ', 'พริกขี้หนูซอย': 'ตามชอบ', 'มะนาว': 'ตามชอบ'}",แคลมาก,โปรตีนสูง,ไขมันสูง,คาร์บกลาง,"น้ำตาลมะพร้าว, น้ำเปล่า, กะปิ, ข่า, ถั่วลิสง, มะพร้าว, ใบชะพลู, มะพร้าวซอยคั่ว, กุ้งแห้ง, ขิง, หอมแดง, พริกขี้หนู, มะนาว",อยากอีสเมี่ยงคำ,อยากทำเมี่ยงคำกินเล่น ใช้ใบชะพลู,มีขิง หอมแดง มะนาว ถั่ว กุ้งแห้ง อยากห่อเมี่ยงคำ
เมี่ยงปลาทู,"{'ปลาทู': '3 ตัว', 'พริกขี้หนูสวน': '20 เม็ด', 'กระเทียมกลีบใหญ่': '5 กลีบ', 'ขนมจีน': 'ตามต้องการ', 'เส้นหมี่': 'ตามต้องการ', 'ผักกาดขาว': 'ตามต้องการ', 'โหระพา': 'ตามต้องการ', 'ผักชี': 'ตามต้องการ', 'สะระแหน่': 'ตามต้องการ'}",แคลกลาง,โปรตีนน้อย,ไขมันน้อย,คาร์บน้อย,"ปลาทู, พริกขี้หนู, กระเทียม, ขนมจีน, เส้นหมี่, ผักกาดขาว , โหระพา, ผักชี, สะระแหน่, กระเทียมไทย, พริกขี้หนู, ถั่วตัด, น้ำมะนาว, น้ำเชื่อม, น้ำปลา, เกลือ",มีปลาทู พริกขี้หนู กระเทียม ขนมจีน เส้นหมี่ ผักกาด ,ปลาทู ขนมจีน ผักสด ทำอะไรกินดี ,อยากได้สูตรเมี่ยงปลาทูรสกลมกล่อม น้ำจิ้มเด็ดๆ
ยำกุ้งสด ปลาร้ายั่ว,"{'กุ้งสด': '10 ตัว', 'พริกสด': 'ตามชอบ', 'น้ำตาลปี๊บ': '3 ช้อนโต๊ะ', 'น้ำมะนาวสด': '2 ช้อนโต๊ะ', 'น้ำปลา': '1/2 ช้อนโต๊ะ', 'น้ำปลาร้า': '4 ช้อนโต๊ะ', 'มะนาว': '2 ซีก', 'หอมแขก': '1 หัว', 'ผักชีฝรั่ง': '1 ต้น'}",แคลมาก,โปรตีนน้อย,ไขมันสูง,คาร์บกลาง,"กุ้ง, พริก, น้ำตาล, น้ำมะนาว, น้ำปลา, น้ำปลาร้า, มะนาว, หอมแขก, ผักชีฝรั่ง",อยากกินยำยั่วๆอร่อยๆ กุ้งเยอะๆ พริกเยอะกว่า,อยากทำยำกุ้งสดราดน้ำปลาร้ารสแซ่บ เปรี้ยวเค็มจัดๆ,มีปลาร้า กุ้ง มะนาว พริกขี้หนู อยากยำแบบนัวๆ
ยำกุนเชียง,"{'กุนเชียงทอด': '150 กรัม', 'มะเขือเทศหั่นเสี้ยวบางๆ': '1 ลูก', 'หอมใหญ่สไลด์บางๆ': '1/2 ลูก', 'แตงกวาหั่นชิ้นบางๆ': '2 ลูก', 'พริกขี้หนูซอย': '2 ช้อนโต๊ะ', 'น้ำตาลทราย': '1/2 ช้อนโต๊ะ', 'น้ำมะนาว': '2-3 ช้อนโต๊ะ', 'น้ำปลา': '1 ช้อนโต๊ะ', 'น้ำส้มสายชู': '1/2 ช้อนโต๊ะ'}",แคลมาก,โปรตีนน้อย,ไขมันสูง,คาร์บน้อย,"กุนเชียง,  มะเขือเทศ,  หอมใหญ่,  แตงกวา,  พริกขี้หนู,  น้ำตาลทราย,  น้ำมะนาว,  น้ำปลา,  น้ำส้มสายชู",มีกุนเชียง มะเขือเทศ แตงกวา หอมใหญ๋ อยากทพเมนูที่เปรี้ยว เผ็ดถึง,มีแต่กุนเชียงกับผัก อยากยำรสแซ่บให้ไม่น่าเบื่อ,อยากทำยำกุนเชียงแบบใส่น้ำมะนาว พริกเยอะๆ จะได้ใช้ของเหลือให้หมด
ยำไก่ (อาหารเหนือ),"{'ไก่บ้าน': '1 ตัว', 'พริกลาบ (ภาคเหนือ)': '', 'น้ำปลา': '', 'ผักชี': '', 'ต้นหอม': '', 'ผักแพ้ว': '', 'ตะไคร้': '', 'น้ำสะอาด': '', 'ใบมะกรูด': ''}",แคลกลาง,โปรตีนกลาง,ไขมันกลาง,คาร์บน้อย,"ไก่, พริก, น้ำปลา, ผักชี, ต้นหอม, ผัก, ตะไคร้, น้ำ, ใบมะกรูด",น้ำพริกกะปิสูตรคุณยาย,อยากทำยำไก่แบบเมืองเหนือ หอมสมุนไพร ไม่มัน,ไก่ ตะไคร้ ผักชี ใบมะกรูดมีครบ อยากยำรสเบาๆ
ยำไก่แซบ,"{'เนื้อไก่': 'ส่วนสะโพกหั่นชิ้น500กรัม', 'แป้งทอดกรอบ': '', 'หอมแดงซอย (หอมแขก)': '1หัว', 'หอมหัวใหญ่ซอย': 'ครึ่งหัว', 'ข้าวคั่ว': '1ช้อนโต๊ะ', 'พริกป่น': '1ช้อนโต๊ะ', 'น้ำตาลทรายขาว': 'ครึ่งช้อนโต๊ะ', 'คนอร์ผงมะนาว': '2ช้อนชา', 'ต้นหอม': 'หั่นยาวประมาณ\u200b1นิ้ว3ต้น', 'น้ำปลา': '2ช้อนโต๊ะ'}",แคลกลาง,โปรตีนน้อย,ไขมันกลาง,คาร์บกลาง,"เนื้อไก่, แป้งทอดกรอบ, หอมแดง, หอมหัวใหญ่, ข้าวคั่ว, พริกป่น, น้ำตาลทราย​, คนอร์, ต้นหอม​, น้ำปลา",มีไก่ หอมแดง ข้าวคั่ว พริกป่น คนอร์ ,เนื้อไก่ ทอดกรอบแล้ว อยากทำเป็นยำรสจัด ,อยากกินอาหารแซบๆ ทำมาจากไก่ 
ยำขนมจีน,"{'ขนมจีน': '2 จับ', 'ปลาทูทอดแกะเนื้อ': '2 ตัว', 'ถั่วฝักยาวซอย': '1 ถ้วย', 'ต้นหอมซอย': '0.5 ถ้วย', 'เมล็ดกระถิน': '0.5 ถ้วย', 'พริกขี้หนูซอย': '3 ช้อนโต๊ะ', 'น้ำปลาร้าต้มสุก': '0.5 ถ้วย', 'น้ำมะนาว': '3 ช้อนโต๊ะ', 'น้ำตาลปี๊บ': '1 ช้อนโต๊ะ', 'น้ำปลา': '1.5 ช้อนโต๊ะ', 'พริกป่น': '1 ช้อนโต๊ะ'}",แคลมาก,โปรตีนกลาง,ไขมันสูง,คาร์บกลาง,"ขนมจีน, ปลาทู, ถั่วฝักยาว, ต้นหอม, กระถิน, พริกขี้หนู, น้ำปลาร้าต้มสุก, น้ำมะนาว, น้ำตาลปี๊บ, น้ำปลา, พริกป่น",มีขนมจีน ปลาทู ถั่วฟักยาวต้นหอม เมล็ดกระถิน ทำอะไรกินได้บ้าง,ขนมจีน ผักครบ น้ำปลาร้ามี อยากยำให้เปรี้ยวเค็มพอดี,"มีในตู้เย็น ขนมจีน, ปลาทู, ถั่วฝักยาว, ต้นหอม, กระถิน, พริกขี้หนู ทำอะไรดี"
ยำไข่มดแดงสุดแซ่บ,"{'ไข่มดแดง': '1/2 kg', 'ต้นหอม': '1 ต้น', 'ผักชี': '1 ต้าน', 'สะระแหน่': '1 ต้น', 'หัวหอมแดง': '2 หัว', 'พริกป่น': '1 ช้อนโต๊ะ', 'น้ำปลา': '2 ช้อนโต๊ะ', 'ผงชูรส': '1/2 ช้อนโต๊ะ', 'ข้าวคั่ว': '1 โต๊ะ', 'พริกชี้ฟ้า': '2 เม็ด', 'มะนาว': '1 ซีก'}",แคลกลาง,โปรตีนกลาง,ไขมันกลาง,คาร์บน้อย,"ไข่มดแดง,  ต้นหอม,  ผักชี,  สะระแหน่,  หัวหอมแดง,  พริกป่น,  น้ำปลา,  ผงชูรส,  ข้าวคั่ว,  พริกชี้ฟ้า,  มะนาว",ไข่มดแดง ต้นหอม ผักชี สะระแหน่ ขาวคั่ว ทำอาหารแซ่บๆ ,อยากทำยำไข่มดแดงแบบอีสานแท้ๆ เปรี้ยวเผ็ดนัว,ไข่มดแดง ผักสดครบ อยากยำกินกับข้าวเหนียว
ยำไชโป๊ว,"{'พริกขี้หนูสวน': '5-7 เม็ด', 'หัวไชโป๊ว': '2 ช้อนโต๊ะ', 'หอมแดง': '2 หัว', 'น้ำปลา': '2 ช้อนโต๊ะ', 'น้ำตาล': '2 ช้อนชา', 'มะนาว': '1 ลูก'}",แคลกลาง,โปรตีนน้อย,ไขมันกลาง,คาร์บน้อย,"พริกขี้หนู,  หัวไชโป๊ว,  หอมแดง,  น้ำปลา,  น้ำตาล,  มะนาว",มีหัวไชโป้ว พริกขี้หนู อยากกินอะไรเผ็ด เปรี้ยว,ไข่มดแดง ผักสดครบ อยากยำกินกับข้าวเหนียว,อยากได้สูตรยำไชโป๊วแบบเปรี้ยวเค็มหวานครบรส
ยำปลากระป๋องทรงเครื่อง,"{'ปลากระป๋อง': '1 กระป๋อง', 'ตะไคร้': '2 ต้น', 'หอมแดงซอย': '5 หัว', 'ผักชีฝรั่ง': '1 ต้น', 'ใบโพระพา': '5-6 ใบ', 'ใบมะกรูดซอย': '2 ใบ', 'พริกขี้หนูซอย': '5 เม็ด', 'มะนาว': '1-2 ซีก'}",แคลน้อย,โปรตีนน้อย,ไขมันน้อย,คาร์บน้อย,"ปลากระป๋อง,  ตะไคร้,  หอมแดง,  ผักชี,  ใบโพระพา,  ใบมะกรูด,  พริกขี้หนู,  มะนาว",อยากกินยำปลากระป๋อง หอมแดง ผักชี ใบมะกรูด,มีปลากระป๋อง อยากทำยำใส่ตะไคร้ หอมพริกขี้หนู,อยากยำปลากระป๋องให้รสจัด ใส่สมุนไพรแบบครบเครื่อง
ยำปลาไข่ทอดกรอบ,"{'ปลาไข่': '8 ตัว', 'ดอกอัญชัน': '10 ดอก', 'แป้งโกกิ': '1 ถ้วย', 'เกล็ดขนมปัง': '1 ถ้วย', 'ไข่ไก่': '1 ฟอง', 'น้ำพริกเผา': '1 ช้อนโต๊ะ', 'น้ำปลา': 'ตามชอบ', 'พริกไทย': 'ตามชอบ', 'น้ำตาล': 'ตามชอบ', 'ผงออริกาโน': 'ตามชอบ', 'พริกขี้หนูจินดา': '5 เม็ด', 'หัวหอม': '6 หัว'}",แคลมาก,โปรตีนกลาง,ไขมันสูง,คาร์บน้อย,"ปลาไข่,  ดอกอัญชัน,  แป้งโกกิ,  เกล็ดขนมปัง,  ไข่ไก่,  น้ำพริกเผา,  น้ำปลา, พริกขี้หนู,  หัวหอม",มีปลาไข่ ดอกอัญชัน แป้งโกกิ น้ำพริกเผา อยากเอามาทำอาหาร ,อยากทำปลาไข่ทอดกรอบราดน้ำยำเผ็ดเปรี้ยว,ปลาไข่กับน้ำพริกเผาเหลืออยู่ อยากยำให้อร่อยแซ่บ
ยำมะเขือยาวกุ้งแห้ง,"{'มะเขือยาว': '1 ลูก', 'กุ้งแห้ง': 'ตามชอบ', 'พริกแดงจินดา': '6 เม็ด', 'หัวหอม': '2-3 หัว', 'ต้นหอม': '1 ต้น', 'กระเทียมจีน': '2 กลีบ', 'มะนาว': '1 ลูก', 'น้ำปลา': 'ปริมาณเท่ากับน้ำมะนาว', 'น้ำตาลทราย': '1 ช้อนชา', 'หมูบด': '100 กรัม', 'ผักชี': 'สำหรับตกแต่ง'}",แคลกลาง,โปรตีนน้อย,ไขมันกลาง,คาร์บกลาง,"มะเขือยาว,  กุ้งแห้ง, พริกแดง,  หัวหอม,  ต้นหอม,  กระเทียม,  มะนาว,  น้ำปลา, น้ำตาลทราย,  หมูบด,  ผักชี","มีมะเขือยาว,  กุ้งแห้ง, พริกแดง,  หัวหอม ทำอะไรกินดี",มี มะเขือ กุ้งแห้ง พริก ต้นหอม ทำอะไรกินดี รสแซ่บๆ,อยากทำยำมะเขือยาวให้เข้มข้น ใส่หมูบดด้วย
ยำมะเขือยาวเผาไข่ต้ม,"{'มะเขือยาวเผา': 2, 'หมูสับ': 0.5, 'ไข่ต้ม': '1-2 ฟอง', 'หัวหอมแดงซอย': 0.25, 'พริกขี้หนูซอย': 5, 'น้ำปลา': 2, 'น้ำตาล': 2, 'น้ำมะนาว': 3, 'ใบมะกรูดซอย': 3}",แคลมาก,โปรตีนกลาง,ไขมันสูง,คาร์บน้อย,"มะเขือยาว,  หมูสับ,  ไข่ต้ม,  หัวหอม,  พริกขี้หนู,  น้ำปลา,  น้ำตาล,  น้ำมะนาว,  ใบมะกรูด",มีมะเขือยาว หมูสับ หัวหอมแดง พริกกขี้หนู อยากเอามาทำอาหารอร่อยๆ คาร์บน้อย,อยากทำยำรสกลางๆ เปรี้ยวนิดๆ ใช้ ไข่ มะเขือยาว หมูสับ,อยากทำยำมะเขือแบบไม่เผ็ดมาก ใส่ใบมะกรูดเพิ่มหอม
ยำมะม่วงแบบง่ายมาก,"{'มะม่วง': '1 ลูก', 'หอมแดง': '5 หัว', 'น้ำปลา': '1 ช้อนโต๊ะ', 'น้ำตาลทราย': '2 ช้อนโต๊ะ', 'ข้าวคั่ว': '1-2 ช้อนโต๊ะ', 'พริกป่น': '1 ช้อนโต๊ะ'}",แคลกลาง,โปรตีนน้อย,ไขมันกลาง,คาร์บกลาง,"มะม่วง, หอมแดง, น้ำปลา, น้ำตาลทราย, ข้าวคั่ว, พริกป่น",อยากอีสยำมะม่วงแบบง่าย อร่อยๆ,มีมะม่วงเปรี้ยว ข้าวคั่ว น้ำปลา อยากทำยำง่ายๆ,อยากทำยำมะม่วงแบบด่วนๆ ไม่ต้องตำพริก ใช้แค่หอมแดง
ยำมาม่าหมูยอหมูสับ,"{'มาม่า': '3 ห่อ', 'หมูยอ': '2 แท่ง', 'หมูบด': '2 ขีด', 'มะเขือเทศ': '2 ลูก', 'หอมใหญ่': '1 ลูก', 'ผักชี': '5 ต้น', 'น้ำมะนาว': '1 ช้อนโต๊ะ', 'พริกขี้หนู': '10 เม็ด', 'น้ำซุป': '5 ช้อนโต๊ะ', 'น้ำตาลทราย': '1 ช้อนโต๊ะ', 'น้ำปลา': '1 ช้อนโต๊ะ'}",แคลมาก,โปรตีนน้อย,ไขมันสูง,คาร์บกลาง,"มาม่า, หมูยอ, หมูบด, มะเขือเทศ, หอมใหญ่, ผักชี, น้ำมะนาว, พริกขี้หนู, น้ำซุป, น้ำตาลทราย, น้ำปลา",มีหมูยอ มาม่า หมูบด มะเขือเทศ หอมใหญ่ อยากกินยำ, อยากกินยำแซ่บๆ  ใส่มะเขือเทศ หอมใหญ่ น้ำปลา น้ำมะนาว,อยากกินอาหาร ใส่หมูยอ หมูบด น้ำมะนาว พริกขี้หนู
ยำแมงกะพรุน,"{'แมงกะพรุน': '100 ก', 'พริกขี้หนูสวน': '20 เม็ด', 'กระเทียมไทย': '10 เม็ด', 'น้ำปลา': '3 ช้อนโต๊ะ', 'น้ำตาลปี้บ': '1 ช้อนโต๊ะ', 'มะนาว': '2 ลูก', 'หอมใหญ่': '1/4 ลูก', 'ถั่วคั่ว': '20-30 เม็ด'}",แคลกลาง,โปรตีนน้อย,ไขมันกลาง,คาร์บกลาง,"แมงกะพรุน, พริกขี้หนู, กระเทียมไทย, น้ำปลา, น้ำตาลปี้บ, มะนาว, หอมใหญ่, ถั่ว",อยากกินยำ ใส่แมงกระพรุน น้ำปลาเยอะๆๆๆ,แมงกะพรุน คลุกกระเทียม พริกขี้หนู มะนาว หอมใหญ่,ยำ หวานเค็มกลมกล่อม ใส่น้ำตาลปี๊บกับถั่ว
ยำเล็บมือนาง,"{'เล็บมือนาง': '500 กรัม', 'ต้นหอม': '2 ต้น', 'ผักชี': '2 ต้น', 'หอมใหญ่': '1 หัว', 'มะเขือเทศ': '2 ลูก', 'พริกจินดา': '4 เม็ด', 'มะนาว': '2 ลูก', 'น้ำปลา': '3 ช้อนโต๊ะ', 'น้ำตาล': '1 ช้อนชา', 'เกลือ': '1/2 ช้อนชา'}",แคลกลาง,โปรตีนน้อย,ไขมันกลาง,คาร์บน้อย,"เล็บมือนาง,  ต้นหอม,  ผักชี,  หอมใหญ่,  มะเขือเทศ,  พริกจินดา,  มะนาว,  น้ำปลา,  น้ำตาล,  เกลือ",มีเล็บมือนาง ต้นหอม หอมใหญ่ มะเขือเทศ มะนาว น้ำตาล เกลือ ทำเมนูอะไรดี ,เล็บมือนาง ใส่มะเขือเทศ หอมใหญ่ น้ำปลา น้ำมะนาว,พริกจินดา เล็บมือนาง ยำ นัว อร่อย 
ยำส้มโอ,"{'ส้มโอ (แกะเอาแต่เนื้อ)': '2 ถ้วย', 'กุ้งลวก (หั่นเต๋า)': '8 ตัว', 'มะพร้าวขูด (คั่ว)': '4 ช้อนโต๊ะ', 'ถั่วลิสง (คั่ว)': '2 ช้อนโต๊ะ', 'หอมแดงเจียว': '3 ช้อนโต๊ะ', 'พริกชี้ฟ้าแดง (ซอย)': '1 เม็ด', 'ใบมะกรูด (ซอย)': '4 ใบ', 'ใบทองหลางสำหรับเสิร์ฟ': '', 'พริกแห้งเม็ดใหญ่ (ทำน้ำยำ)': '2 เม็ด', 'ปลากดรมควัน (ป่น)': '1 ช้อนโต๊ะ', 'หอมแดง (ซอย)': '3 ช้อนโต๊ะ', 'กระเทียม (ซอย)': '1.5 ช้อนโต๊ะ', 'น้ำตาลปี๊บ': '3 ช้อนโต๊ะ', 'น้ำปลา': '2 ช้อนโต๊ะ', 'น้ำมะขามเปียก': '2 ช้อนโต๊ะ'}",แคลมาก,โปรตีนสูง,ไขมันกลาง,คาร์บกลาง,"ส้มโอ, กุ้งลวก, มะพร้าวขูด, ถั่วลิสง, หอมแดง, พริกชี้ฟ้า, ใบมะกรูด, ใบทองหลาง, พริกแห้ง, หอมแดง, กระเทียม, น้ำตาลปี๊บ, น้ำปลา, น้ำมะขามเปียก",มีส้มโอ กุ้งลวก อยากทำยำใส่มะพร้าวเยอะๆ,ยำส้มโอกุ้งลวก หอมกลิ่นมะพร้าวขูด พริกแห้ง และน้ำมะขามเปียก,มนูยำไทยๆ แซ่บๆ ยำส้มโอคลุกเครื่องครบ ทั้งหอมแดง พริก ใบมะกรูด
ยำสลัดอะโวคาโดกุ้ง,"{'อะโวคาโด': 1, 'กุ้งลวกสุก': 10, 'กรีนโอ๊ก': 3, 'เรดโอ๊ก': 3, 'ไอซ์เบิร์ก': 3, 'ผักคอส': 3, 'แตงกวาญี่ปุ่น': 1, 'มะเขือเทศราชินี': 5, 'น้ำสลัดครีมงาญี่ปุ่น': 5, 'พริกขี้หนูสวน': 5, 'ผักชี': 1, 'น้ำมะนาว': 3, 'น้ำปลา': 2, 'น้ำตาลปี๊บ': 1}",แคลมาก,โปรตีนกลาง,ไขมันสูง,คาร์บกลาง,"อะโวคาโด, กุ้ง, กรีนโอ๊ก, เรดโอ๊ก, ไอซ์เบิร์ก, ผักคอส, แตงกวา, มะเขือเทศ, น้ำสลัดครีม, พริกขี้หนู, ผักชี, น้ำมะนาว, น้ำปลา, น้ำตาลปี๊บ",อยากลองกินอโวคาโดในรูแปบบอื่นบ้าง ใส่ กุ้ง พริก พัก แตงกวา,อะโวคาโดกุ้งเด้งๆ ผสมสลัดครีม น้ำมะนาว และพริกขี้หนู,สูตรยำกุ้งกับอะโวคาโด แบบใส่ผักสดและน้ำสลัดเปรี้ยวหวาน
ยำอกไก่ฉีก ,"{'อกไก่': '1 ชิ้น', 'น้ำเปล่า': 'พอประมาณ', 'แตงกวา': '2 ลูก', 'มะเขือเทศเชอร์รี่': '3 ลูก', 'หัวหอมแดง': '1 ลูก', 'เกลือ': '1 ช้อนชา', 'มะนาว': '1 ลูก', 'พริกขี้หนู': '6 เม็ด', 'น้ำเชื่ิอม': '1 ช้อนชา', 'ขึ้นฉ่าย': '2 ต้น', 'พริกป่น': '1 ช้อนชา', 'น้ำตาลทราย': '1 ช้อนโต๊ะ'}",แคลกลาง,โปรตีนน้อย,ไขมันกลาง,คาร์บกลาง,"อกไก่,  น้ำเปล่า, แตงกวา,  มะเขือเทศ,  หัวหอมแดง,  เกลือ,  มะนาว,  พริกขี้หนู,  น้ำเชื่อม,  ขึ้นฉ่าย,  พริกป่น,  น้ำตาลทราย",อยากกินอกไก่ฉีกแบบเผ็ดๆ มีพริกป่น ขึ้นฉ่าย นำ้ตาล มะนาว เกลือ,อกไก่ฉีกแนวคลีนใส่แตงกวา มะเขือเทศ มะนาวและพริกขี้หนู,อกไก่แซ่บๆ ฉ่ำๆ โรยขึ้นฉ่าย รสเปรี้ยวหวาน
โยเกิร์ตโฮมเมด,"{'นมสด': '1 ลิตร', 'โยเกิร์ต': '200 กรัม', 'ถั่วพีแคน (สำหรับกินเคียง)': '', 'มะม่วงสุก (สำหรับกินเคียง)': '', 'น้ำผึ้ง (สำหรับกินเคียง)': '', 'บลูเบอร์รี่ (สำหรับกินเคียง)': ''}",แคลน้อย,โปรตีนกลาง,ไขมันน้อย,คาร์บน้อย,"นมสด, โยเกิร์ต, ถั่ว, มะม่วง, น้ำผึ้ง, บลูเบอร์รี่",มี นมใกล้บูด กับโยเกิร์ต สตอเบออรี่ ทำอะไรกินดี,นมสด ถั่ว ผลไม้ น้ำผึ้ง ทำอะไรกินดี,เมนูของหวานคลีนๆ ใส่มะม่วง บลูเบอร์รี่
ลาบมาม่า,"{'มาม่า': '1 ก้อน', 'หมูสับ': '200 กรัม', 'ผักชีฝรั่งซอย': '1 กรัม', 'หอมแดงซอย': '1 กรัม', 'หอมใหญ่ซอย': '1 กรัม', 'ข้าวคั่ว': '2 ช้อนโต๊ะ', 'พริกป่น': '2 ช้อนชา', 'น้ำตาลทราย': '2 ช้อนชา', 'น้ำมะนาว': '3 ช้อนชา', 'น้ำปลา': '3 ช้อนชา', 'ผักชี/ต้นหอม': '2 กรัม'}",แคลมาก,โปรตีนน้อย,ไขมันสูง,คาร์บกลาง,"มาม่า, หมูสับ, ผักชี, หอมแดง, หอมใหญ่, ข้าวคั่ว, พริกป่น, น้ำตาลทราย, น้ำมะนาว, น้ำปลา, ผักชี",มีมาม่า หมูสับ ผักชี หอมแดง ทำอาหารอะไร,มาม่าใส่หมูสับ ข้าวคั่ว พริกป่น น้ำมะนาว ทำกินได้ไหม,หิวของแซ่บต้องลาบมาม่าร้อนๆ โรยผักชี หอมแดง หอมใหญ่
ลาบหมู,"{'หมูสับ': '300 กรัม', 'น้ำเปล่า': '½ ถ้วย', 'ต้นหอมซอย': '2 ต้น', 'ใบสะระแหน่': '2 ต้น', 'ผักชีฝรั่งซอย': '2 ต้น', 'หอมแดงซอย': '3 กลีบ', 'พริกป่น': '2 ช้อนโต๊ะ', 'น้ำปลา': '2 ช้อนโต๊ะ', 'น้ำมะนาว': '2 ช้อนโต๊ะ', 'ข้าวคั่ว': '2 ช้อนโต๊ะ', 'น้ำตาล': '½ ช้อนชา', 'พริกแห้งทอดสำหรับตกแต่ง': ''}",แคลมาก,โปรตีนกลาง,ไขมันสูง,คาร์บน้อย,"หมูสับ, น้ำเปล่า, ต้นหอม, ใบสะระแหน่, ผักชี, หอมแดง, พริกป่น, น้ำปลา, น้ำมะนาว, ข้าวคั่ว, น้ำตาล, พริกแห้ง",อยากอีสลาบหมู เผ็ด พนิกป่นเยอะๆ น้ำปลา มะนาว,ลาบหมูรสจัดใส่ข้าวคั่ว น้ำปลา พริกป่น มะนาว,ลาบหมูร้อนๆ โรยสะระแหน่ หอมแดง พริกแห้ง หอมถึงใจ
ลาบหมูทอด,"{'หมูสับ': '300 กรัม', 'น้ำตาล': '1 ½ ช้อนโต๊ะ', 'น้ำปลา': '3 ช้อนโต๊ะ', 'น้ำมะนาว': '3 ช้อนโต๊ะ', 'ผงปาปริก้า หรือ พริกป่น': '1 ช้อนโต๊ะ', 'ข้าวคั่ว': '1 ช้อนโต๊ะ', 'ต้นหอม ผักชี และผักชีฝรั่ง': '1 ถ้วยเล็ก', 'แป้งทอดกรอบ': '3 ช้อนโต๊ะ', 'แป้งทอดกรอบ และน้ำมัน': ''}",แคลมาก,โปรตีนกลาง,ไขมันสูง,คาร์บน้อย,"หมูสับ,  น้ำตาล,  น้ำปลา,  น้ำมะนาว,  ผงปาปริก้า,  ข้าวคั่ว,  ต้นหอม,  แป้งทอดกรอบ,  น้ำมัน",มี หมู น้ำมัน แป้งทอดกรอบ พริก มะนาว น้ำปลา อยากกินแบบใหม่ๆ เอาไปทอด,แป้งกรอบคลุกข้าวคั่ว น้ำปลา น้ำมะนาว,อยากกินลาบหมูทอดแบบแซ่บๆ หอมเครื่องเทศ กรอบนอกนุ่มใน
วิธีทำเต้าส่วน,"{'ถั่วเขียวเลาะเปลือก': '250 กรัม', 'น้ำเปล่า': '450 ml.', 'น้ำตาลทราย': '250 กรัม', 'เกลือ': '1 ช้อนชา', 'หัวกะทิ': '300 ml.', 'แป้งท้าวยายม่อม': '2 ช้อนโต๊ะ', 'แป้งมัน': '2 ช้อนโต๊ะ', 'น้ำเปล่าผสมแป้งให้ละลาย': '4 ช้อนโต๊ะ'}",แคลกลาง,โปรตีนน้อย,ไขมันกลาง,คาร์บกลาง,"ถั่วเขียว, น้ำเปล่า, น้ำตาลทราย, เกลือ, หัวกะทิ, แป้งท้าวยายม่อม, แป้งมัน, น้ำเปล่า",มีถั่วเขียว น้ำเปล่า เกลือ น้ตาล แป้ง กะทิ ใบเตย อยากเอามาทำขนมหวาน,อยากได้เมนูถั่วเขียวเนื้อนุ่ม หอมกะทิ หวานเค็มกำลังดี กินแล้วชื่นใจ,หาของหวานแบบไทยๆ ใส่ถั่วเขียว น้ำตาล หัวกะทิ กินร้อนๆ คล่องคอ
วุ้นกะทิมะพร้าวน้ำหอม,"{'น้ำมะพร้าวน้ำหอม': '350 ml', 'น้ำเปล่า': '250 ml', 'เนื้อมะพร้าวอ่อน': '', 'หัวกะทิ': '300 ml', 'ผงวุ้น': '1 1/2 ช้อนโต๊ะ', 'น้ำตาลทราย': '80 กรัม', 'เกลือ': '3/4 ช้อนชา'}",แคลกลาง,โปรตีนน้อย,ไขมันกลาง,คาร์บกลาง,"น้ำมะพร้าว, น้ำเปล่า, เนื้อมะพร้าวอ่อน, หัวกะทิ, ผงวุ้น, น้ำตาลทราย, เกลือ",อยาเอาน้ำมะพร้าวน้ำหอมมาแปรรูปเป็นวุ่น ใส่กะทิ เพิ่มไปด้วย,มองหาขนมวุ้นเนื้อนุ่มหอมมะพร้าว น้ำกะทิหวานเค็มนิดๆ เย็นสดชื่น,อยากกินขนมวุ้นน้ำมะพร้าวอ่อนใส่หัวกะทิ หวานละมุน เคี้ยวเพลิน
วุ้นเส้นผัดไข่,"{'วุ้นเส้น': '100 กรัม', 'มะเขือเทศ': '1 ลูก', 'ต้นหอม/คื่นไช้': '1 กำ', 'ผักกาดขาว': '2 ใบ', 'ไข่ไก่': '2 ฟอง', 'ซีอิ๊วดำ': '1 ช้อนชา', 'น้ำมันหอย': '2 ช้อนโต๊ะ', 'น้ำเปล่า': '1 ทัพพี', 'กระเทียมไทย': '10 กลีบ', 'น้ำมันพืช': '1 ช้อนชา'}",แคลมาก,โปรตีนน้อย,ไขมันสูง,คาร์บน้อย,"วุ้นเส้น,  มะเขือเทศ,  ต้นหอม,  ผักกาดขาว,  ไข่ไก่,  ซีอิ๊วดำ,  น้ำมันหอย,  น้ำเปล่า,  กระเทียมไทย,  น้ำมันพืช",อยากกิน วุ้นเส้น แต่เอาไปทำอาหารกับมะเขือเทศ ผักกาด ไข่ขาว ซีอิ้ว ,อยากทำอาหารที่ใช้ มะเขือเทศ ผักนิดหน่อย รสออกหวานเค็ม,อยากได้เมนูวุ้นเส้นแบบง่ายๆ ใส่ไข่ ผัดกับผักและซีอิ๊วดำหอมๆ
สตูไก่ สูตรไม่ใส่เครื่องเทศ,"{'สะโพกไก่': '3 ชิ้น', 'เกลือ': '1/2 ช้อนชา', 'พริกไทย': '1/2 ช้อนชา', 'มันฝรั่ง': '2 หัว', 'แครอท': '2 หัว', 'แป้งสาลี': '3 ช้อนโต๊ะ', 'น้ำมัน': '1/2 ถ้วย', 'เนย': '2 ช้อนโต๊ะ', 'กระเทียม': '4 กลีบ', 'หอมแขก': '1 หัว', 'ผงปรุงรส': '2 ก้อน', 'ซอสมะเขือเทศ': '1 ถ้วย'}",แคลมาก,โปรตีนน้อย,ไขมันสูง,คาร์บน้อย,"สะโพกไก่,  เกลือ,  พริกไทย,  มันฝรั่ง,  แครอท,  แป้งสาลี,  น้ำมัน,  เนย,  กระเทียม,  หอม,  ผงปรุงรส,  ซอสมะเขือเทศ",อยากกินสตูไก่,เมนูตุ๋นไก่นุ่มๆ ไม่ใส่เครื่องเทศหนัก รสกลมกล่อมแบบโฮมเมด,หากับข้าวตุ๋นไก่ใส่มันฝรั่ง แครอท ซอสมะเขือเทศ ซดสบายท้อง
สปาเก็ตตี้ขี้เมาทะเล,"{'เส้นสปาเก็ตตี้': '60 กรัม', 'เนื้อหมู': '30 กรัม', 'เนื้อกุ้ง': '4-5 ตัว', 'ปลาหมึกสด': '4-5 ชิ้น', 'เห็ดออรินจิ': '2 ดอก', 'ใบกะเพรา': '1 ต้น', 'ผัก (ข้าวโพดอ่อน, มะเขือเทศ, หอมใหญ่)': 'ตามชอบ', 'พริกกระเทียมสับ': '1 ช้อนโต๊ะ', 'ซอสหอยนางรม': '1 ช้อนโต๊ะ', 'ซีอิ๊วขาว': '1 ช้อนชา', 'น้ำปลา': '1 ช้อนชา', 'ซีอิ๊วดำ': '1/4 ช้อนชา', 'น้ำตาล': '1/4 ช้อนชา', 'น้ำมัน': '2 ช้อนโต๊ะ'}",แคลมาก,โปรตีนกลาง,ไขมันสูง,คาร์บน้อย,"ใบกะเพรา, เส้นสปาเก็ตตี้, เห็ด, เนื้อหมู, กุ้ง, ปลาหมึก, ผัก, พริก, กระเทียม, ซอสหอยนางรม, ซีอิ๊วขาว, น้ำปลา, ซีอิ๊วดำ, น้ำตาล, น้ำมัน",มีใบกะเพรา เห็ด เส้นสปาเก็ตตี้ ะริก กระเทียม กุ้ง ทำเมนูเผ็ด เค็ม อร่อย ,อยากกินเมนูเส้นเผ็ดๆ มีซีฟู้ดครบ ทั้งกุ้ง หมึก หมู ผัดพริกกระเทียมหอมๆ,"เส้นลวกคลุกพริก กระเทียม กะเพรา เครื่องทะเลแน่นๆ 
"
สปาเก็ตตี้คาโบนาราไข่เค็ม,"{'เส้นสปาเกตตี้': '200 กรัม', 'ครีม': '200 กรัม', 'เบคอน': '50 กรัม', 'หอมหัวใหญ่': '50 กรัม', 'กระเทียม': '10 กรัม', 'พาเมซานชีส': '30 กรัม', 'ไข่แดงเค็ม': '2 ฟอง', 'เกลือ': '1 ช้อนชา', 'พริกไทย': '1 ช้อนชา', 'พาร์สลีย์': 'สำหรับตกแต่ง'}",แคลกลาง,โปรตีนน้อย,ไขมันน้อย,คาร์บน้อย,"เส้นสปาเกตตี้, ครีม, เบคอน, หอมหัวใหญ่, กระเทียม, ชีส, ไข่แดง, เกลือ, พริกไทย, พาร์สลีย์",มีเส้นสปาเก็ตตี้เหลือจากครั้งที่แล้ว นอกจากนี้ได้ไปซื้อวัตถุดิบเพิ่ม เบคอน ครีม หอมหัวใหญ่ ชีส ไข่แดง ,อยากทำเมนูเส้นครีมซอสเค็มมัน หอมกลิ่นไข่เค็ม ใส่เบคอน ชีสเต็มๆ,หาอะไรฟินๆ มันๆ ใส่ครีม ชีส ไข่แดง กับเบคอนผัดหอมๆ
ส้มตำข้าวโพด ฉบับมือใหม่หัดแซ่บ,"{'แครอท': 'ตามชอบ', 'เส้นมะละกอ': 'ตามชอบ', 'ข้าวโพด': '1/3 ฝัก', 'ถั่วฝักยาว': '1 1/2 ต้น', 'ถั่วลิสง': '1 ช้อนโต๊ะ', 'น้ำตาลปี๊บ': '1 1/3 ช้อนโต๊ะ', 'น้ำปลา': '2 ช้อนโต๊ะ', 'เกลือ': '1 ช้อนชา', 'น้ำมะนาว': '2 ช้อนโต๊ะ', 'พริกขี้หนู': 'ตามชอบ', 'กระเทียม': '2 กลีบ', 'มะเขือเทศ': 'ตามชอบ', 'กุ้งแห้ง': 'ตามชอบ'}",แคลมาก,โปรตีนกลาง,ไขมันสูง,คาร์บกลาง,"แครอท, มะละกอ,, ข้าวโพด,  ถั่วฝักยาว,  ถั่วลิสง,  น้ำตาลปี๊บ,  น้ำปลา,  เกลือ,  น้ำมะนาว,  พริกขี้หนู, กระเทียม,  มะเขือเทศ, กุ้งแห้ง",มีข้าวโพด แครอท มะละกอ ถั่ว กระเทียม พริก กุ้งแห้ง อยากกินส้มตำนัวๆ,อยากทำตำรสเปรี้ยวหวานกำลังดี ใส่ข้าวโพด มะละกอ กุ้งแห้ง น้ำปลาร้าเบาๆ,ทำอาหารที่มีข้าวโพดเยอะๆ แครอท มะละกอ รสแซ่บ
ส้มตำถาดแซลมอน,"{'เนื้อปลาแซลมอน': '1 แพ็ค', 'มะละกอดิบหั่นเส้น': '1 ลูก', 'มะเขือเทศสีดาหั่นชิ้น': '4 ลูก', 'น้ำมะนาว': '3 ลูก', 'พริกแดงจินดา': '20 เม็ด', 'ผักชีใบเลื่อยซอย': '6 ใบ', 'น้ำปลาร้า': '3 ทัพพี', 'น้ำตาลปี๊บ': '1 ช้อนชา', 'น้ำปลา': '1/2 ทัพพี'}",แคลมาก,โปรตีนน้อย,ไขมันสูง,คาร์บกลาง,"เนื้อปลาแซลมอม, มะละกอ, มะเขือเทศ, น้ำมะนาว, พริกแดง, ผักชี, น้ำปลาร้า, น้ำตาลปี๊บ, น้ำปลา",มีแซลมอน มะละกอ มะนาว พริก ทำอาหารอะไรดี,เมนูรสแซ่บจัดจ้าน ใส่ปลาร้า เนื้อปลาสดๆ คลุกกับมะละกอ พริกแดง,หาตำแซ่บใส่เนื้อแซลมอนกับผักครบๆ ราดน้ำปลาร้าหอมๆ
ส้มตำทอด,"{'มะละกอดิบ': '1 ลูก', 'แป้งโกกิ': '1 ถ้วย', 'น้ำเปล่า': '8 ช้อนโต๊ะ', 'กระเทียม': '10 กลีบ', 'พริกขี้หนู': '10 เม็ด', 'น้ำปลา': '2 1/2 ช้อนโต๊ะ', 'น้ำตาลปี๊บ': '1 ช้อนโต๊ะ', 'มะนาว': '3 ช้อนโต๊ะ', 'มะเขือเทศ': '2 ลูก', 'ถั่วฝักยาว': '3 ฝัก', 'กุ้งแห้ง': 'ตามชอบ', 'ถั่วลิสง': 'ตามชอบ'}",แคลมาก,โปรตีนกลาง,ไขมันสูง,คาร์บกลาง,"มะละกอ,  แป้งโกกิ,  น้ำเปล่า,  กระเทียม,  พริกขี้หนู,  น้ำปลา,  น้ำตาลปี๊บ,  มะนาว,  มะเขือเทศ,  ถั่วฝักยาว,  กุ้งแห้ง, ถั่วลิสง",มีมะละกอดิบ แป้ง น้ำ น้ำตาล มะนาว มะเขือเทศ กุ้ง ถั่ว ,อยากได้ของกินเล่นกรอบๆ ทำจากมะละกอ ทอดแล้วคลุกน้ำยำแซ่บๆ,เมนูยำทอดแป้งกรอบ คลุกพริก มะนาว น้ำปลา กินเพลินมาก
ส้มตำผลไม้,"{'ข้าวโพด': '70 กรัม', 'สับปะรด': '80 กรัม', 'แอปเปิล': '60 กรัม', 'ฝรั่ง': '60 กรัม', 'ส้มโอ': '60 กรัม', 'ลูกพลับ': '70 กรัม', 'มะเขือเทศสีดา': '2 ช้อนโต๊ะ', 'พริกแดงจินดา': '7 เม็ด', 'กุ้งแห้ง': '2 ช้อนโต๊ะ', 'ถั่วลิสงคั่ว': '3 ช้อนโต๊ะ', 'มะนาว': '1 ½ ลูก', 'กระเทียมไทย': '12 กลีบ', 'น้ำตาลปี๊บ': '1 ช้อนโต๊ะ', 'น้ำปลา': '2 ช้อนโต๊ะ'}",แคลมาก,โปรตีนกลาง,ไขมันกลาง,คาร์บกลาง,"ข้าวโพด, สับปะรด, แอปเปิล, ฝรั่ง, ส้มโอ, ลูกพลับ, มะเขือเทศ, พริกแดง, กุ้ง, ถั่วลิสง, มะนาว, กระเทียม, น้ำตาล, น้ำปลา",อยากกินตำผลไม้ ข้าวโพด สัปปะรด แอปเปิ้ล ,อยากใช้ผลไม้แบบไทยๆ เอามาคลุกน้ำยำพริกแดง ใส่กุ้งลวกกับถั่วลิสง,มีผลไม้รวมหลากรส เปรี้ยว หวาน มัน เค็มเยอะมาก โรยถั่วกินแล้วสดชื่น
ส้มตำหมึกสาย,"{'หมึกสายลวก': '5-6ตัว', 'หอยแครงลวก': '100กรัม', 'มะละกอ': '', 'กระเทียม': '10กลีบ', 'พริกสด': '15 เม็ด', 'มะเขือเทศ': '2ลูก', 'มะนาว': '3ช้อนโต๊ะ', 'น้ำปลา': '3ช้อนโต๊ะ', 'น้ำตาลปิ๊บ': '2ช้อนโต๊ะ', 'น้ำปลาร้า': '2-3ช้อนโต๊ะ', 'น้ำมะขามเปียก': '1ช่้อนโต๊ะ', 'แครอท': '', 'มะเขือ': ''}",แคลกลาง,โปรตีนกลาง,ไขมันกลาง,คาร์บกลาง,"หมึก,  หอยแครง,  มะละกอ,  กระเทียม,  พริก,  มะเขือเทศ,  มะนาว,  น้ำปลา,  น้ำตาลปิ๊บ,  น้ำปลาร้า,  น้ำมะขามเปียก,  แครอท,  มะเขือ",ในตู้เย็นมีหมึก กระเทียม พริกไทย มะละกอ มะนาว หอยแครง ,,ตำแบบเผ็ดๆ มีหมึก หอยแครง มะละกอ พริก น้ำปลาร้า หอมจัดจ้าน
ส้มตำหมูยอ,"{'มะละกอ': 'ตามชอบ', 'มะเขือเทศท้อ': '1 ลูก', 'ถั่วฝักยาว': '2 ฝัก', 'กุ้งแห้ง': 'เนื้อตามชอบ', 'พริกแห้ง': '2 เม็ดหรือตามชอบ', 'พริกแดง': '2 เม็ดหรือตามชอบ', 'น้ำปลาร้า': '1 ช้อนโต๊ะหรือตามชอบ', 'น้ำตาลปีบ': '1 ช้อนชา', 'น้ำปลา': '2 ช้อนโต๊ะ', 'น้ำมะนาว': '1 ผล', 'หมูยอ': 'ตามชอบ', 'น้ำมะขามเปียก': '1 ช้อนชา', 'กระเทียม': '1 กลีบใหญ่'}",แคลมาก,โปรตีนกลาง,ไขมันสูง,คาร์บสูง,"มะละกอ, มะเขือเทศ, ถั่วฝักยาว, กุ้งแห้ง, พริกแห้ง, พริกแดง, น้ำปลาร้า, น้ำตาลปีบ, น้ำปลา, น้ำมะนาว, หมูยอ, น้ำมะขามเปียก, กระเทียม",มีหมูยอ ถั่วฟักยาว กุ้ง พริก มะนาว มะละกอ ,อยากทำตำใส่หมูยอ น้ำยำแซ่บแบบจัดเต็ม มะละกอกรอบๆ กับพริกแห้งเผ็ดถึงใ,อยากกินอะไรนัวๆ ใส่น้ำปลาร้า หมูยอ น้ำมะขาม น้ำมะนาวครบสูตร
ส้มตำหอยแครง,"{'หอยแครง': '1 กิโลกรัม', 'มะละกอดิบ': '1 ลูก', 'มะเขือเทศสีดาหั่นชิ้น': '4 ลูก', 'มะเขือส้มหั่นครึ่ง': '7 ลูก', 'มะเขือเปราะหั่นชิ้น': '2 ลูก', 'น้ำมะนาว': '3 ลูก', 'พริกแดงจินดา': '20 เม็ด', 'ผักชีใบเลื่อยซอย': '6 ใบ', 'น้ำปลาร้า': '3 ทัพพี', 'น้ำตาลปี๊บ': '1 ช้อนชา', 'น้ำปลา': '1/2 ทัพพี'}",แคลมาก,โปรตีนน้อย,ไขมันสูง,คาร์บกลาง,"หอยแครง, มะละกอ, มะเขือเทศสีดา, มะเขือ, มะเขือเปราะ, น้ำมะนาว, พริกแดงจินดา, ผักชี, น้ำปลาร้า, น้ำตาลปี๊บ, น้ำปลา",มีหอยแครงเยอะมากกกกก เอาไปทำเมนูที่เผ็ด เปรี้ยว ถึงใจ,เมนูตำที่หอยแน่นๆ น้ำยำเปรี้ยวจัด เค็มนิดๆ หอมพริกแดง,"มี หอยแครง, มะละกอ, มะเขือเทศสีดา, มะเขือ ทำอะไรกินดี"
สลัดทูน่ากระป๋องแบบง่าย,"{'ทูน่าแซนวิช (ในน้ำแร่)': '1 กระป๋อง', 'ผักรวมแช่แข็ง': '1/2 ถ้วยเล็ก', 'น้ำสลัดหรือมายองเนส': 'ปริมาณตามชอบ'}",แคลน้อย,โปรตีนน้อย,ไขมันน้อย,คาร์บน้อย,"ทูน่ากระป๋อง, ผัก, น้ำสลัด, มายองเนส","อยากจะทำอาหารที่ใช้ทูน่ากระป๋อง, ผัก, น้ำสลัด, มายองเนส ",อยากกินอาหารเบาท้อง ใส่ผักสดกับมายองเนสเบาๆ,สลัดเบาๆ ใส่ทูน่ากระป๋องคลุกน้ำสลัด รสไม่จัดเกินไป
สลัดผักผลไม้,"{'ผักกาดหอม': '1 ต้น', 'แครอท': '1 หัว', 'กะหล่ำม่วง': '1/4 หัว', 'ข้าวโพด': '1/4 ฝัก', 'แอปเปิ้ล': '1 ลูก', 'แคนตาลูป': '1/4 ลูก', 'แก้วมังกร': '1/4 ลูก', 'องุ่นดำไร้เมล็ด': '1 พวง', 'กีวี่': '1/2 ลูก', 'น้ำสลัดสำเร็จรูปตามชอบ': '1 ถ้วยตวง'}",แคลน้อย,โปรตีนกลาง,ไขมันน้อย,คาร์บน้อย,"ผักกาดหอม, แครอท, กะหล่ำ, ข้าวโพด, แอปเปิ้ล, แคนตาลูป, แก้วมังกร, องุ่น, กีวี่, น้ำสลัด",มี ผักกาด กะหล่ำ ข้าวโพด แอปเปิ้ล แคนตาลูป ทำอาหารอะไร,เมนูผักผลไม้หลากสี คลุกน้ำสลัด เปรี้ยวหวานสดชื่น,หาของเบาๆ ใส่แอปเปิ้ล แก้วมังกร ผักสด กินคลีนได้เลย
สลัดมันฝรั่งสไตล์ญี่ปุ่น,"{'มันฝรั่งหัวใหญ่': '1 หัว', 'หัวหอมใหญ่': '1/4 ลูก', 'แตงกวาญี่ปุ่น': '1/2 ลูก', 'แฮม': '2 แผ่น', 'มายองเนส': '3 ช้อนโต๊ะ', 'เกลือสำหรับปรุงรส': '2 ช้อนชา', 'พริกไท': '2 ช้อนชา', 'แคร์รอต': '1/4 หัว', 'เกลือสำหรับใส่แตงกวาและหอมใหญ่': '4 ช้อนชา'}",แคลน้อย,โปรตีนน้อย,ไขมันน้อย,คาร์บน้อย,"มันฝรั่ง, หัวหอม, แตงกวาญี่ปุ่น, แฮม, มายองเนส, เกลือ, พริกไทย, แครอท, เกลือ","อยากกินสลัดสไตล์ญี่ปู่น โดยอยากใช้ มันฝรั่ง, หัวหอม, แตงกวาญี่ปุ่น, แฮม, มายองเนส, เกลือ",อยากได้เมนูมันฝรั่งบดผสมมายองเนส หอม หวาน เค็มนิดๆ แบบญี่ปุ่น,อยากทำเมนูที่เคี้ยวเพลินๆ มันฝรั่งกับแฮม หัวหอม แตงกวาญี่ปุ่น 
สลัดแร็ปผัก,"{'น้ำสลัดซีซาร์': 'สำหรับราดสลัด', 'น้ำสลัดเทาซันด์ไอแลนด์': 'สำหรับราดสลัด', 'อกไก่': '400 กรัม', 'เกลือ': '1 ช้อนชา', 'พริกไทย': '1 ช้อนชา', 'ปาปริกาป่น': '1 ช้อนชา', 'น้ำมันมะกอก': '1 ช้อนโต๊ะ', 'แผ่นแป้งตอติญ่าสำเร็จรูป': '2 แผ่น', 'ผักสลัดใบ': '200 กรัม', 'ข้าวโพดสุกแกะเม็ด': '50 กรัม', 'ลูกเดือย': '50 กรัม', 'หอมแขกหั่นแว่น': '50 กรัม', 'แครอทหั่นเส้น': '50 กรัม', 'ชีสพาร์เมซาน': 'สำหรับโรยหน้า'}",แคลมาก,โปรตีนกลาง,ไขมันสูง,คาร์บกลาง,"น้ำสลัด, อกไก่, เกลือ, พริกไทย, ปาปริกา, น้ำมันมะกอก, แผ่นแป้งตอติญ่า, ผักสลัด, ข้าวโพด, ลูกเดือย, หอมแขก, แครอท, ชีสพาร์เมซาน",มีแผ่นแป้งตอติญ่า ผัก เกลือ หอม แครอท ได่ เกลือ ทำอาหารอะไรดี,อยากกินอาหารเบาท้องแต่มีรสชชาติ ทำมาจาก ผัก อกไก่ ,แป้งแร็ปสอดไส้ผักสด อกไก่ ข้าวโพด ลูกเดือย ราดน้ำสลัดเบาๆ
สลัดสาหร่าย,"{'สาหร่ายวากาเมะ': '4 ช้อนโต๊ะ', 'แตงกวาญี่ปุ่น': '100 กรัม', 'แคร์รอต': '100 กรัม', 'กรีนโอ๊ค': '40 กรัม', 'มะเขือเทศเชอร์รี': '80 กรัม', 'ปูอัด': '80 กรัม', 'อกไก่': '150 กรัม', 'เกลือ': '1 ช้อนชา', 'พริกไทย': '1 ช้อนชา', 'งาดำ': 'สำหรับโรยหน้า', 'น้ำสลัดซีอิ๊วญี่ปุ่น': '4 ช้อนโต๊ะ'}",แคลกลาง,โปรตีนกลาง,ไขมันกลาง,คาร์บน้อย,"สาหร่ายวากาเมะ, แตงกวาญี่ปุ่น, แครอท, กรีนโอ๊ค, มะเขือเทศ, ปูอัด, อกไก่, เกลือ, พริกไทย, งาดำ, น้ำสลัด",มีสาหร่ายจำนวนมาก อยากทำอาหารที่มันจะหมดภายในมื้อเดียว,อยากกินผักกับสาหร่ายแบบคลีนๆ ใส่งาดำ ราดน้ำสลัดงา หอมมันดี,เมนูเบาๆ สำหรับคนรักสุขภาพ ใส่ปูอัด อกไก่กับผักสดหลายชนิด
สังขยาใบเตย ( สูตรโบราณ ),"{'ไข่ไก่เบอร์12': 'ฟอง', 'หัวกะทิ': '250 ก.', 'น้ำใบเตย': '150 ก.', 'น้ำตาล': '150 ก.', 'แป้งข้าวโพด': '3 ช้อนชา', 'เกลือ': '1/8 ช้อนชา'}",แคลน้อย,โปรตีนน้อย,ไขมันน้อย,คาร์บน้อย,"ไข่ไก่, หัวกะทิ, น้ำใบเตย, น้ำตาล, แป้งข้าวโพด, เกลือ","อยากกินของหวาน ทำมาจากไข่ไก่, หัวกะทิ, น้ำใบเตย, น้ำตาล ",ขนมกะทิหอมๆ ใส่น้ำใบเตย แป้งข้าวโพด รสหวานเค็มกำลังดี,"ที่บ้านมีหัวกะทิ อยากทำอะไรก็ได้ที่หวานหอมกินกับขนมปัง
"
สาคูน้ำกะทิ,"{'เม็ดสาคูเม็ดเล็กสีเขียว': '250 กรัม (ครึ่งถุง)', 'กะทิ': '1 กล่อง', 'ขนุน': '2 ผล', 'เกลือ': 'ตามชอบ', 'น้ำตาลทราย/น้ำตาลมะพร้าว': 'ตามชอบ', 'เนื้อมะพร้าวเผา': '1/2 ลูก'}",แคลน้อย,โปรตีนน้อย,ไขมันน้อย,คาร์บน้อย,"เม็ดสาคู, กะทิ, ขนุน, เกลือ, น้ำตาลทราย, เนื้อมะพร้าว",มีเม็ดสาคูเยอะมาก ขนุน กะทิ เกลือ ทำเมนูอะไรกินดี,"ขนมไทยใส่สาคู เนื้อมะพร้าว ขนุน หอมๆ
",อยากกินของหวานเม็ดสาคูนุ่มๆ ราดน้ำกะทิ โรยขนุนฉ่ำๆ
สุกี้โรล,"{'เนื้อหมู': '300 กรัม', 'วุ้นเส้น': '1 กำมือ', 'แครอทหั่นเต๋า': '3 ช้อนโต๊ะ', 'เห็ดออรินจินหั่นเต๋าเล็ก': '3 ช้อนโต๊ะ', 'ซอสเห็ดหอม': '2 ช้อนโต๊ะ', 'พริกไทย': '1 ช้อนชา', 'ผงปรุงรส': '1 ช้อนโต๊ะ', 'ใบผักกาดขาว': '20 ใบ', 'เม็ดข้าวโพดสุก': '2 ช้อนโต๊ะ'}",แคลน้อย,โปรตีนน้อย,ไขมันน้อย,คาร์บน้อย,"เนื้อหมู, วุ้นเส้น​, แครอท, เห็ดออรินจิน, ซอสเห็ด​หอม​, พริกไทย, ผงปรุงรส​, ผักกาดขาว, ข้าวโพด",มี หมู สุ้รเส้น แครอท เห็ด พริก ผักกาดขาว อยากทำอาหารที่รักษาสุขภาพ ไขมันน้อย,หาไอเดียทำเมนูห่อผัก ใส่หมู วุ้นเส้น ผักกาด ซอสเห็ดหอม,เมนูสุขภาพใส่ข้าวโพด เห็ด วุ้นเส้น ห่อเป็นโรลจิ้มน้ำจิ้ม
สุกี้หม่าล่า,"{'น้ำซุป': '1 ลิตร', 'น้ำมันงา': '2 ช้อนโต๊ะ', 'กระเทียม': '1 กลีบ', 'เก๋ากี้': '1 ช้อนชา', 'ลูกกระวาน': '1 ช้อนชา', 'ขิง': '1 อัน', 'โปยกั๊ก': '1 ข้อนชา', 'ตังกุย': '10 กรัม', 'อบเชย': '2 ก้าน', 'พริกแห้ง': '¼ ถ้วยตวง', 'น้ำตาลกรวด': '1 ข้อนชา', 'เกลือ': '2 ช้อนชา', 'ซีอิ๊วขาว': '2 ช้อนโต๊ะ'}",แคลมาก,โปรตีนกลาง,ไขมันกลาง,คาร์บสูง,"น้ำซุป, น้ำมันงา, กระเทียม, เก๋ากี้, ลูกกระวาน, ขิง, โปยกั๊ก, ตังกุย, อบเชย, พริกแห้ง, น้ำตาล, เกลือ, ซีอิ๊วขาว, น้ำพริกหม่าล่า",มีน้ำซุป น้ำมันงา น้ำพริกหม่าล่า และเครื่องเทศต่างๆ ทำอาหารอะไรดี ที่อร่อยถูกใจ,อยากได้หม้อไฟรสเผ็ดหอม ใส่เครื่องเทศจีนหลายชนิด ซดแล้วโล่ง,อยากกินน้ำซุปหม่าล่าร้อนๆ พริกจัดจ้าน ใส่เก๋ากี้ อบเชย โป๊ยกั๊ก
เส้นแก้วผัดสุกี้แห้ง,"{'น้ำจิ้มสุกี้สูตรกวางตุ้ง': '150 กรัม', 'เส้นแก้ว (แบบเส้นเล็ก)': '200 กรัม', 'กระเทียม': '1 ช้อนโต๊ะ', 'น้ำมันหอย': '1 ช้อนโต๊ะ', 'พริกไทย': 'ตามชอบ', 'หมูชิ้น': '100 กรัม', 'กุ้ง': '100 กรัม', 'ผักบุ้ง': '50 กรัม', 'แคร์รอต': '50 กรัม', 'ผักกาดขาว': '50 กรัม', 'ไข่ไก่': '3 ฟอง', 'ต้นหอมหั่นท่อน': '20 กรัม', 'ขึ้นฉ่าย': '10 กรัม'}",แคลกลาง,โปรตีนน้อย,ไขมันกลาง,คาร์บน้อย,"น้ำจิ้มสุกี้, เส้นแก้ว, กระเทียม, น้ำมันหอย, พริกไทย, หมูชิ้น, กุ้ง, ผักบุ้ง, แคร์รอต, ผักกาดขาว, ไข่ไก่, ต้นหอม, ขึ้นฉ่าย, น้ำมันพืช",มีเส้นแก้ง ผัดดาด กุ้ง แครทอ เครื่องปรุงต่างๆ อยากทพอะาหารที่อร่อยประทับใจ,เมนูเส้นเหนียวนุ่มผัดแห้ง ใส่น้ำจิ้มสุกี้ ไข่ หมู กุ้ง ผักครบๆ,อยากกินผัดเส้นสไตล์สุกี้แบบไม่มีน้ำ ผัดแห้งๆ หอมกระเทียม
เส้นเล็กผัดกะเพรา,"{'ซอสผัดกะเพรา': '150 กรัม', 'เส้นเล็ก': '100 กรัม', 'น้ำมัน': 'เล็กน้อย สำหรับคลุกเส้น', 'หมูสับ': '150 กรัม', 'กุ้งสด': '100 กรัม', 'ใบกะเพรา': '50 กรัม', 'พริกชี้ฟ้า': 'ตามชอบ สำหรับตกแต่ง'}",แคลกลาง,โปรตีนกลาง,ไขมันกลาง,คาร์บน้อย,"ซอสผัดกะเพรา, เส้นเล็ก, น้ำมัน, หมูสับ, กุ้งสด, ใบกะเพรา, พริกชี้ฟ้า",มีซี่อสผัดกะเพรา เส้นเล็ก น้ำมัน หมูสับ กุ้งสด  คาร์บน้อย แคลกำลังดี,หาเส้นเล็กผัดแบบไทยๆ ใส่พริกชี้ฟ้า หมูสับ กุ้งสด หอมกะเพรา,เส้นผัดเผ็ด หอมใบกะเพรา มีหมู กุ้ง ซอสเข้มข้น
เส้นหมี่ไก่ฉีกคั่วกระเทียมพริกไทย,"{'อกไก่': '1 แพ็ก', 'เส้นหมี่': '1 ก้อน', 'รากผักชี': '2 ราก', 'กระเทียม': '2-3 กลีบ', 'เกลือ': '1 ช้อนชา', 'น้ำเปล่า': '2 ลิตร', 'กระเทียมจีน': '50 กรัม', 'พริกไทย': '1 ช้อนชา', 'รากผักชีโขลกละเอียด': '1 ช้อนโต๊ะ', 'ซีอิ๊วขาว': '2 ช้อนโต๊ะ', 'ซอสหอยนางรม': '1 ช้อนโต๊ะ', 'ซอสปรุงรส': '1 ช้อนโต๊ะ', 'น้ำตาล': '1 ช้อนโต๊ะ', 'ต้นหอม': 'ตามชอบ', 'น้ำพริกกากหมู': 'ตามชอบ'}",แคลมาก,โปรตีนน้อย,ไขมันกลาง,คาร์บกลาง,"อกไก่, เส้นหมี่, รากผักชี, กระเทียม, เกลือ, น้ำเปล่า , กระเทียม, พริกไทย, รากผักชี, ซีอิ๊วขาว, ซอสหอยนางรม, ซอสปรุงรส, น้ำตาล, ต้นหอม, น้ำพริกกากหมู","อยากกินอาหารที่มีวัตถุดิบพวกนี้ อกไก่, เส้นหมี่, รากผักชี, กระเทียม, เกลือ, น้ำเปล่า , กระเทียม ทำเมนูอะไรได้บ้าง",เมนูเส้นหมี่คลุกกระเทียมพริกไทย รสกลมกล่อม ใส่น้ำพริกกากหมู,อยากได้เมนูไก่ฉีกกับเส้นหมี่ หอมรากผักชี กระเทียม ซอสครบ
ไส้กรอกข้าว,"{'ข้าวหุง': '2 กระป๋อง', 'หมูสับ': '300g', 'หมูสามชั้น': '1 เส้น', 'กุนเชียง': '1 ท่อน', 'เห็ดหอม': '6 ดอก', 'กระเทียมสับ': '1 ถ้วย', 'รากผักชี': '3 ต้น', 'พริกไทย': '1 ช้อน', 'เกลือ': '1-2 ช้อน', 'ไส้อ่อน': '2 ขีด'}",แคลกลาง,โปรตีนกลาง,ไขมันน้อย,คาร์บน้อย,"ข้าว, หมูสับ,  หมูสามชั้น,  กุนเชียง,  เห็ดหอม,  กระเทียม,  รากผักชี,  พริกไทย,  เกลือ,  ไส้อ่อน",มีข้าว หมูสับ หมูสามชั้น เห็ด และไส้ อยากจะทำไส้กรอกข้าวที่อร่อยที่สุดในโลก, กุนเชียง เห็ดหอม หมูสามชั้น หอมรากผักชี ทำอะไรกินได้บ้าง,ของกินเล่นแนวพื้นบ้าน ใส้ข้าวกับหมูสับ กุนเชียง พริกไทย
ไส้กรอกซอสมะขาม,"{'ไส้กรอก': '300 กรัม (2 แพ็ค)', 'น้ำเชื่อม': '⅓ ถ้วยตวง', 'น้ำมะขามเปียก': '1 ถ้วยตวง', 'น้ำปลา': '2 ช้อนโต๊ะ', 'น้ำเปล่า': '3 ช้อนโต๊ะ', 'ต้นหอมซอย': '3 ช้อนโต๊ะ', 'หอมเจียว': 'ตามชอบ'}",แคลมาก,โปรตีนน้อย,ไขมันสูง,คาร์บน้อย,"ไส้กรอก, น้ำเชื่อม, น้ำมะขามเปียก, น้ำปลา, น้ำเปล่า, ต้นหอม, หอมเจียว",มีไส้กรอก น้ำเชื่อม ซอสมะขาม น้ำปลา น้ำเปล่า กระเทียม ทำเมนุอะไรดี,หาไส้กรอกราดน้ำมะขามเปียก รสเปรี้ยวหวาน ซอสนัวๆ กินกับข้าวก็ได้,เมนูไส้กรอกราดน้ำมะขามเจือหวานเค็ม หอมซอส ซดกับน้ำเปล่าเย็นๆ
หมี่ผัดไข่,"{'เส้นหมี่': '1 ห่อ', 'ไข่ไก่': '2 ฟอง', 'มะเขือเทศลูกเล็ก': '2-3 ลูก', 'ต้นหอม': '2 ต้น', 'น้ำมันหอย': '1 ช้อนโต๊ะ', 'ซอสปรุงรส': '1/2 ช้อนโต๊ะ', 'น้ำตาล': 'เล็กน้อย', 'ผงปรุงรส': 'เล็กน้อย', 'น้ำต้มสุก': 'เล็กน้อย'}",แคลกลาง,โปรตีนน้อย,ไขมันกลาง,คาร์บน้อย,"เส้นหมี่, ไข่ไก่, มะเขือเทศ, ต้นหอม, น้ำมันหอย, ซอสปรุงรส, น้ำตาล, ผงปรุงรส, น้ำเปล่า","อยากกินเส้นหมี่, ไข่ไก่, มะเขือเทศ, ต้นหอม อิ่มหนึ่งมื้อ",เส้นหมี่ผัดไข่รสหวานนิด เค็มน้อย ใส่มะเขือเทศ ซอสปรุงรสหอมๆ,หาเมนูผัดเส้นง่ายๆ ใส่ไข่ ต้นหอม น้ำมันหอย ผงปรุงรสนิดๆ
หมี่ฮกเกี้ยนผัด,"{'หมี่ฮกเกี้ยน': '1/3 ห่อ', 'กุ้ง': '4 ตัว', 'ผักกวางตุ้ง': '2-4 ต้น', 'หมู': '5-6 ชิ้น', 'ไข่': '1 ฟอง', 'กระเทียม': '3 กลีบ', 'ซีิอิ้วดำ': 'ตามยี่ห้อ (สีเข้มอ่อนไม่เท่ากัน)', 'พริกไทย': 'ตามชอบ', 'น้ำตาล': '', 'น้ำมันหอย': '', 'ซอสปรุงรส': 'เว้นวรรคให้ด้วย'}",แคลกลาง,โปรตีนน้อย,ไขมันกลาง,คาร์บน้อย,"หมี่ฮกเกี้ยน,  กุ้ง,  ผักกวางตุ้ง,  หมู,  ไข่,  กระเทียม,  ซีอิ้วดำ,  พริกไทย, น้ำตาล,  น้ำมันหอย,  ซอสปรุงรส","มีหมี่ฮกเกี้ยน,  กุ้ง,  ผักกวางตุ้ง,  หมู,  ไข่,  กระเทียม ทำอาหารอะไร",เส้นฮกเกี้ยนเหนียวนุ่ม ผัดกับกุ้ง หมู ไข่ หอมกระเทียม พริกไทย,อยากกินเส้นดำผัดคลุกซอสเข้มข้น ใส่ผัก หมู ไข่ครบๆ
หมูกรอบ ง่ายมาก ด้วยหมอทอดไร้น้ำมัน,"{'หมูสามชั้น': '300 กรัม', 'เกลือ': '2 ช้อนโต๊ะ', 'น้ำส้มสายชู': '150 ml'}",แคลน้อย,โปรตีนน้อย,ไขมันน้อย,คาร์บน้อย,"หมูสามชั้น, เกลือ, น้ำส้มสายชู",อยากกินหมูกรอบ ที่ทำง่ายมากๆ ใช้แค่ หมู เกลือ น้ำส้มสายชู,อยากกินหมูกรอบ,มีหมูสามชั้น ทำอะไรกินดี
หมูคั่วเค็ม,"{'หมูติดมัน': '300 กรัม', 'เกลือเม็ด': '1+1/2 ช้อนชา', 'ซีอิ๊วดำหวาน': '1 ช้อนชา', 'กระเทียมเจียว': '1 ช้อนโต๊ะ', 'น้ำเปล่า': '2 ถ้วยตวง'}",แคลกลาง,โปรตีนน้อย,ไขมันกลาง,คาร์บน้อย,"หมู,  เกลือ,  ซีอิ๊วดำหวาน,  กระเทียมเจียว,  น้ำเปล่า",มีหมู เกลือ ซีอิ้ว กระเทียม น้ำเปล่า ทะเมนูกินง่ายทุกช่วงวัย,อยากได้เมนูเค็มๆ มันๆ ใช้หมูอย่างเดียว,หมูเหลือในตู้เย็น อยากกินอะไรอร่อยๆ เอามาทำเป็นกับข้าว
หมูตุ๋นเห็ดหอม,"{'หมูเนื้อแดง': '1/2 กก.', 'กะกล่ำปลี': '1 หัว', 'เห็ดหอม': 'ตามชอบ', 'ซีอิ้วดำหวาน': '2 ทัพพี', 'น้ำตาลปี๊บ': '1 ชต', 'ผงปรุงรสเนื้อ': '2 ชต', 'น้ำมันหอย': '1 ทัพพี', 'สามเกลอ': '2 ชต', 'น้ำมันรำข้าว': '3 ชต', 'น้ำสะอาด': '2-3 ถ้วย', 'ผงพะโล้': '1 ชต'}",แคลมาก,โปรตีนกลาง,ไขมันสูง,คาร์บกลาง,"หมู,  กะหล่ำปลี,  เห็ดหอม, ซีอิ้วดำหวาน,  น้ำตาลปี๊บ,  ผงปรุงรส,  น้ำมันหอย,  สามเกลอ,  น้ำมัน,  น้ำ,  ผงพะโล้","มีหมู,  กะหล่ำปลี,  เห็ดหอม, ซีอิ้วดำหวาน,  น้ำตาลปี๊บ, ทำอาหารอร่อยๆ",มีเห็ดหอมแห้งกับหมู ทำอะไรกินดี,อยากกินเมนูตุ๋นๆ ใช้ผงพะโล้ กับเห็ดหอม
หมูทอดชีสซอสมะเขือเทศ,"{'หมูติดมัน': '500 กรัม', 'น้ำมันหอย': '3 ช้อนโต๊ะ', 'น้ำตาล': '1 ช้อนโต๊ะ', 'ไข่': '1 ฟอง', 'พริกไทย': '1 ช้อนชา', 'ต้นหอมซอย': '30 กรัม', 'ชีสมอสซาเรลลา': '150 กรัม', 'น้ำมันพืชสำหรับทอด': '2 ถ้วยตวง', 'เนย': '20 กรัม', 'หอมใหญ่สับ': '½ ถ้วย', 'ซอสมะเขือเทศ': '1 ถ้วย', 'ซอสพริก': '4 ช้อนโต๊ะ', 'น้ำเปล่า': '2 ช้อนโต๊ะ', 'ข้าวโพด': '30 กรัม', 'แครอท': '20 กรัม', 'พริกหวาน': '30 กรัม', 'เกลือ': '1 ช้อนชา', 'พริกไทยดำป่น': '1 ช้อนชา'}",แคลมาก,โปรตีนน้อย,ไขมันสูง,คาร์บน้อย,"หมู, น้ำมันหอย, น้ำตาล, ไข่, พริกไทย, ต้นหอม, ชีส, น้ำมันพืช, เนย, หอมใหญ่, ซอสมะเขือเทศ, ซอสพริก, น้ำเปล่า, ข้าวโพด, แครอท, พริกหวาน, น้ำตาล, เกลือ, พริกไทย",อยากกินหมูทอด ที่แปลกกว่าที่อ่น ใส่ชรส มะเขือเทศ หอมใหญ่ ,หมูทอดใส่ชีสทำยังไงให้อร่อย,"มีหมู ชีส ซอสมะเขือเทศ ทำเมนูอะไรดี
 อร่อยทำง่ายๆ ของทอด"
หมูผัดกิมจิ,"{'เนื้อหมู': '', 'กิมจิ (ซื้อแบบสำเร็จรูป)': '', 'โคชูจัง (ซอสพริกเกาหลี)': '', 'น้ำมันงา': '', 'กระเทียม': '', 'งา': '', 'เกลือ': '', 'ต้นหอม': '', 'โบโลน่า (เหลือเลยใส่เข้าไปด้วย)': ''}",แคลกลาง,โปรตีนกลาง,ไขมันกลาง,คาร์บน้อย,"เนื้อหมู, กิมจิ, โคชูจัง, น้ำมันงา, กระเทียม, งา, เกลือ, ต้นหอม, โบโลน่า",มีหมู กิมจิ โคชูจัง น้ำมันงา เกลือ ต้นหอม แฮม เบคอน อยากกินของคาวอร่อยๆ รสชาติเหมือนอยู่เกาหลี,กิมจิเหลือในตู้เย็น เอามาทำอะไรดี ,อยากได้เมนูหมูเผ็ดๆ แนวเกาหลี
หมูผัดขิง และ เห็ดหูหนู,"{'หมูสันใน': '2 ขีด', 'ขิงอ่อน': '1 ขีด', 'เห็ดหูหนูจีนแห้ง': '1 กำมือ', 'ซีอิ๊วขาว': '1 ช้อนโต๊ะ', 'น้ำตาลทราย': '1 ช้อนชา', 'น้ำเปล่า': '1 ถ้วย', 'น้ำมันพืช': 'เล็กน้อย'}",แคลมาก,โปรตีนน้อย,ไขมันสูง,คาร์บน้อย,"หมูสันใน,  ขิงอ่อน,  เห็ดหูหนู,  ซีอิ๊วขาว,  น้ำตาลทราย,  น้ำเปล่า,  น้ำมัน",อยากกินเมนูที่มามาจากหมู อร่อยๆ ใส่ เห็ด ใส่ขิง ใส่ความรัก ,ขิงอ่อนเยอะๆ เอามาทำอะไรดี,มี หมู มี ขิง ทำอะไรดี ผู้ใหญ่ชอบกิน กินง่าย 
หมูผัดพริกสด,"{'เนื้อหมู': '200 กรัม', 'พริกหยวกซอย': '1 ถ้วย', 'กระเทียม': '1 ช้อนโต๊ะ', 'หัวหอมซอย': '1 ถ้วย', 'ต้นหอมหันขนาด1 นิ้ว': 'ไม่ระบุ', 'น้ำตาล': '1 ช้อนโต๊ะ', 'น้ำมันหอย': '1 ช้อนโต๊ะ', 'น้ำมัน': '1 ช้อนโต๊ะ', 'พริกไทย': 'นิดหน่อย'}",แคลมาก,โปรตีนน้อย,ไขมันสูง,คาร์บน้อย,"เนื้อหมู, พริก, กระเทียม, หัวหอม, ต้นหอม, น้ำตาล, น้ำมันหอย, น้ำมัน, พริกไทย",มีพริกขี้หนูและพริกหยวกสด หัวหอม กระเทียมทำเมนูอะไรกินได้บ้าง,ผัดหมูใส่พริกสด ทำแบบไหนดี,มีแค่หมูกับพริก ทำเมนูอะไรได้บ้าง
หมูฝอย ไก่ฝอย เนื้อฝอย,"{'เนื้อหมูหรือเนื้อไก่หรือเนื้อวัว': '500 กรัม', 'น้ำตาลทราย': '200 กรัม', 'เกลือ': '1 ช้อนโต๊ะ', 'ผงคนอร์อร่อยชัวร์': '1 ช้อนชา', 'หอมแดงซอย': '100 กรัม', 'น้ำมันสำหรับทอด': 'พอท่วม'}",แคลกลาง,โปรตีนน้อย,ไขมันน้อย,คาร์บกลาง,"เนื้อหมู,  น้ำตาลทราย,  เกลือ,  คนอร์,  หอมแดง,  น้ำมัน",มีเนื้อหมู เนื้อไก่ น้ำตาล เกลือ ทำอะไรได้บ้าง ขอทำง่ายๆ ,เนื้อหมูทำหมูฝอยแบบหวานๆ เค็มๆ,มีเศษหมูเอามาทำอะไรได้บ้าง
หมูมะนาว,"{'สะโพกหมู': '100 กรัม', 'กระเทียมไทย': '20 กลีบ', 'กระเทียมจีน': '5-6 กลีบ', 'พริกขี้หนู': '20 เม็ด', 'มะนาว': '2 ลูก', 'น้ำปลา': '1 ช้อนโต๊ะ', 'น้ำตาลปิ้บ': '1/2 ช้อนโต๊ะ'}",แคลกลาง,โปรตีนน้อย,ไขมันกลาง,คาร์บกลาง,"สะโพกหมู,  กระเทียม,  พริกขี้หนู,  มะนาว,  น้ำปลา,  น้ำตาลปิ้บ",อยากกินอะไรจิ้ดๆ ทำมาจากหมู มีกระเทียม มะนาว น้ำปลา,อยากได้เมนูหมูลวกน้ำจิ้มแซ่บ,"ทำอะไรดี มี สะโพกหมู,  กระเทียม,  พริกขี้หนู,  มะนาว"
หมูย่างน้ำจิ้มแจ่วหม้ออบลมร้อน,"{'เนื้อหมู (ส่วนสันคอ หรือ สันนอก)': '500 กรัม', 'น้ำตาลทราย': '2 ช้อนโต๊ะ', 'ซอสปรุงรส': '2 ช้อนโต๊ะ', 'ซอสหอยนางรม': '1 ช้อนโต๊ะ', 'พริกป่น': '2 ช้อนโต๊ะ', 'น้ำปลา': '2 ช้อนโต๊ะ', 'น้ำมะนาว': '4 ช้อนโต๊ะ', 'ข้าวคั่ว': '2 ช้อนโต๊ะ', 'หอมแดงซอย': '1/3 ถ้วยตวง', 'ต้นหอมซอย': '2 ต้น', 'ผักชีฝรั่งซอย': '1 ต้น', 'แตงกวาหั่น': '1 ถ้วยตวง'}",แคลมาก,โปรตีนกลาง,ไขมันสูง,คาร์บกลาง,"เนื้อหมูสันคอ,  น้ำตาลทราย,  ซอสปรุงรส,  ซอสหอยนางรม,  พริกป่น,  น้ำปลา,  น้ำมะนาว,  ข้าวคั่ว,  หอมแดง,  ต้นหอม,  ผักชีฝรั่ง,  แตงกวา",อยากกินหมูย่างแซ่บๆ พริก น้ำตาล ข้าวคั่ว ให้อร่อยถึงเครือง ,หมูย่างน้ำจิ้มแจ่วแบบไม่ทอด,มีหมูสันคอ อยากทำอะไรอร่อยๆ
หมูย่างเนยจิ้มแจ่ว,"{'หมูสันใน': '', 'นมจืด': '', 'รากผักชี': '', 'กระเทียม': '', 'พริกไทย': '', 'อร่อยชัวร์': '', 'น้ำตาลทราย': '', 'เนย': '', 'พริกป่น': '', 'น้ำปลา': '', 'มะนาว': '', 'ต้นหอม': '', 'ผักชี': '', 'ข้าวคั่ว': ''}",แคลมาก,โปรตีนกลาง,ไขมันสูง,คาร์บกลาง,"หมูสันใน,  นมจืด,  รากผักชี,  กระเทียม,  พริกไทย,  คนอร์,  น้ำตาลทราย,  เนย,  พริกป่น,  น้ำปลา,  มะนาว,  ต้นหอม,  ผักชี,  ข้าวคั่ว",หมูสันใน นมจือด เนย น้ำตาล น้ำปลา ซอสหอย ผักชี ต้นหอม หัวหอม ข้าวคั่ว ,เมนูหมูย่างหอมๆ เนยๆ แซ่บๆ,อยากกินหมูอร่อยๆ อ้วนๆ ใส่เนย
หมูย่างโบราณ น้ำจิ้มแจ่ว,"{'สันคอหมู': 'ครึ่งกิโล', 'น้ำตาลปี๊บ': '1 ช้อนโต๊ะ', 'ซอสหอย': '2 ช้อนโต๊ะ', 'ซอสปรุงรส (ฝาเขียว)': '2 ช้อนโต๊ะ', 'ผงปรุงรส': '1/2 ช้อนโต๊ะ', 'ผักชี': '3 ต้น', 'รากผักชี': '3 ต้น', 'กระเทียม': '10 กรีบ', 'พริกไทยเม็ด': 'หยิบมือ', 'ซีอื้วดำ': '1/2 ช้อนโต๊ะ', 'หอมแดง': '2 หัว', 'พริกป่น': '2 ช้อนชา', 'ข้าวคั่ว': '2 ช้อนชา', 'ผักชีฝรั่ง': '1 ต้น', 'น้ำตาลปี๊บ (ทำน้ำจิ้มแจ่ว)': '1 ช้อนชา', 'น้ำมะนาว': '2 ช้อนโต๊ะ', 'ซอสปรุงรส (ทำน้ำจิ้มแจ่ว)': '2 ช้อนโต๊ะ', 'น้ำปลา': '1 ช้อนชา'}",แคลมาก,โปรตีนกลาง,ไขมันสูง,คาร์บสูง,"สันคอหมู, น้ำตาลปี๊บ, ซอสหอย, ซอสปรุงรส, ผงปรุงรส, ผักชี, รากผักชี, กระเทียม, พริกไทย, ซีอื้วดำ, หอมแดง, พริกป่น, ข้าวคั่ว, ผักชีฝรั่ง, น้ำตาลปี๊บ, น้ำมะนาว, ซอสปรุงรส, น้ำปลา",อยากกินสันคอหมู อร่อยๆ  ของคาว ขออร่อยๆ อ้วนๆ มีน้ำจ้มด้วยยิ่งดี ,อยากกินหมูย่างแจ่วแบบโบราณ ,"มีในตู้เย็น สันคอหมู, น้ำตาลปี๊บ, ซอสหอย ทำอะไรกินดี"
หมูสับต้มเกี่ยมบ๊วย,"{'บ๊วยดองสับ': '7 เม็ด', 'หมูสับ': '250 กรัม', 'รากผักชี': '1 ราก', 'ผักชีสับ': '2 ช้อนโต๊ะ', 'น้ำซุป': '2 ลิตร', 'ซีอิ๊วขาว': '2 ช้อนโต๊ะ', 'น้ำมันพืช': '2 ช้อนโต๊ะ'}",แคลกลาง,โปรตีนน้อย,ไขมันกลาง,คาร์บน้อย,"บ๊วยดอง, หมูสับ, รากผักชี, ผักชี, น้ำซุป, ซีอิ๊วขาว, น้ำมันพืช",มีบ๊วย หมุสับ รากผักชี ปลาเค็ม  ทำเมนูอะไรดี ,หมูสับต้มบ๊วยอร่อยๆ นัวๆ ,บ๊วยดองเหลือในตู้ อยากเอามาทำ เมนูต้มเปรี้ยวๆ เค็มๆ ใช้หมูสับ
หมูสับต้มบ๊วย,"{'หมูสับ': '150 กรัม', 'บ๊วยดอง เอาเม็ดออก': '4-5 เม็ด', 'น้ำบ๊วยดอง': '1/2 ถ้วย', 'ซุปก้อน': '1 ก้อน', 'ต้นหอมหั่นท่อน': '3 ต้น'}",แคลน้อย,โปรตีนน้อย,ไขมันน้อย,คาร์บน้อย,"หมูสับ,  บ๊วยดอง,  น้ำบ๊วยดอง,  ซุปก้อน,  ต้นหอม","อยากทำอาหารที่ใช้ หมูสับ,  บ๊วยดอง,  น้ำบ๊วยดอง,  ซุปก้อน,  ต้นหอม",อยากกินหมูอร่อยๆ เปรี้ยวเล็กๆ,อยากกินต้มๆ อร่อยๆ คนแก่กินดี ทำจากหมู บ๊วย
หมูสับทอดข้าวโพด,"{'หมูสับ': '120 กรัม', 'ข้าวโพด': '2 ฝัก', 'รากผักชี': '2 ราก', 'กระเทียมไทย': '10 กลีบ', 'พริกไทยป่น': '1/4 ช้อนชา', 'น้ำมันหอย': '1 ช้อนชา', 'ซีอิ้วขาว': '1 ช้อนชา', 'ซอสปรุงรส': '1/2 ช้อนชา', 'แป้งทอดกรอบ': '1 ช้อนโต๊ะ', 'น้ำมันสำหรับทอด': 'เว้นวรรคให้ด้วย'}",แคลกลาง,โปรตีนน้อย,ไขมันกลาง,คาร์บน้อย,"หมูสับ,  ข้าวโพด,  รากผักชี,  กระเทียม,  พริกไทย,  น้ำมันหอย,  ซีอิ้วขาว,  ซอสปรุงรส,  แป้งทอดกรอบ,  น้ำมัน",มี หมูสับ ข้าวโพก มันหมู พริก แครรอท ผักชี เครื่องปรุงต่างๆ อยากกินอะไรเค็มๆ หวานๆ ,ของว่างจากหมูสับข้าวโพด ทอดกรอบ,"มี หมูสับ,  ข้าวโพด,  รากผักชี,  กระเทียม,  พริกไทย ทำอะไรกินดี "
หมูสับปั้นทอด,"{'หมูสับติดมันเล็กน้อย': '350 กรัม', 'รากผักชี': '2 ช้อนโต๊ะ', 'กระเทียม': '2 ช้อนโต๊ะ', 'พริกไทยเม็ด': '1 ช้อนชา', 'น้ำมันหอย': '1 ช้อนโต๊ะ', 'ซีอิ้วขาว': '2 ช้อนชา', 'น้ำตาลทราย': '1 ช้อนชา', 'น้ำมันสำหรับทอด': 'เว้นวรรคให้ด้วย'}",แคลมาก,โปรตีนกลาง,ไขมันกลาง,คาร์บกลาง,"หมูสับ,  รากผักชี,  กระเทียม,  พริกไทยเม็ด,  น้ำมันหอย,  ซีอิ้วขาว,  น้ำตาลทราย,  น้ำมัน",มีหมูสับ กระเทียม ผักชี พริกไทย อยากให้ใส่กระเทียมไเยอะไ วันนนี้รู้สึอยากกินพระเทียม ,ลูกชอบกินหมูทอดกลมๆ ทำเมนุอะไรดี ตอนนี้มี หมู รากผักชี กระเทียม,หมูบดกับเครื่องปรุงเล็กน้อย ทอดเป็นก้อน
หมูสับผัดซีอิ๊วดำหวาน,"{'หมูสับ': '300 กรัม', 'หมอแดง': '150 กรัม', 'กระเทียม': '10 กลีบ', 'พริกไทยป่น': '1 ช้อนชา', 'ซีอิ๊วดำ': '1 ช้อนโต๊ะ', 'น้ำตาลอ้อย': '1/2 ก้อน', 'น้ำมัน': '1 ช้อนชา'}",แคลกลาง,โปรตีนน้อย,ไขมันกลาง,คาร์บกลาง,"หมูสับ,  หอมแดง,  กระเทียม,  พริกไทย,  ซีอิ๊วดำ,  น้ำตาลอ้อย,  น้ำมัน",อยากกินหมูสับผัดซีอิ๊ว อร่อยๆ ,กับข้าวหวานเค็มง่ายๆ ใช้หมูสับ,หมูสับเหลือๆ ผัดกับซีอิ๊วดำได้ไหม
หมูสับผัดพริกเผาไข่เค็ม,"{'หมูสับ': '300 กรัม', 'พริกเผา': '1 1/2 ช้อนโต๊ะ', 'ไข่เค็มต้มสุก': '2 ฟอง', 'น้ำมันมะกอกสเปรย์': '', 'ต้นหอม': 'ตามชอบ'}",แคลกลาง,โปรตีนน้อย,ไขมันกลาง,คาร์บน้อย,"หมูสับ,  พริกเผา,  ไข่เค็ม,  น้ำมัน,  ต้นหอม",มีพริกเผาเหลือจากทำต้มยำ อยากเอามัดพัดกับหมู,พริกเผา ไข่เค็ม กับหมูสับ ทำอะไรดี,เมนูแซ่บๆ ใช้ไข่เค็มกับหมู
หมูสับผัดหนำเลี๊ยบ,"{'หมูสับ': '250 กรัม', 'หนำเลี๊ยบ': '9-10 เม็ด', 'ซีอิ๊วขาว': '1 ช้อนโต๊ะ', 'น้ำมันหอย': '1 ช้อนโต๊ะ', 'พริกไทยป่น': '', 'กระเทียมสับ': '1 หัว', 'น้ำมันพืช': '', 'ผงปรุงรส': 'นิดหน่อย', 'น้ำตาลทราย': '1 ช้อนชา'}",แคลมาก,โปรตีนน้อย,ไขมันสูง,คาร์บกลาง,"หมูสับ,  หนำเลี๊ยบ,  ซีอิ๊วขาว,  น้ำมันหอย,  พริกไทย,  กระเทียม,  น้ำมัน,  ผงปรุงรส, น้ำตาลทราย",อยากกินหนำเลี้ยบให้หมด  ตอนนี้มีหมูด้วยเอามาทำเมนูอะไรได้บ้าง,"หนำเลี๊ยบทำอะไรกินดี มีเหลือเยอะมาก เอาใส่หมูด้วย จะได้มีโปรตีน 
",เมนูจีนๆ ใช้หมูสับกับหนำเลี๊ยบ
หมูสามชั้นทอดน้ำปลา,"{'หมูสามชั้น': '1 กิโลกรัม', 'น้ำปลา': '7 ช้อนโต๊ะ', 'พริกไทยป่น': '1 ช้อนชา', 'ไข่ไก่': '1 ฟอง', 'แป้งทอดกรอบ': '1 ถ้วยตวง', 'น้ำเย็น': '½ ถ้วยตวง'}",แคลกลาง,โปรตีนกลาง,ไขมันกลาง,คาร์บน้อย,"หมูสามชั้น, น้ำปลา, พริกไทยป่น, ไข่ไก่, แป้งทอดกรอบ, น้ำเย็น",อยากกินหมูสัามชั้น เาอมาทำอาหารอร่ยอ ๆใส่ย้ำปลา รพิกไทยน่าจะกำลังดี,มีหมู อยากทำหมูทอด กรอบๆ อร่อยๆ ,อยากกินหมูทอดกรอบนอกนุ่มใน
หมูหวาน,"{'หมูสามชั้น': '300 กรัม', 'สะโพกหมู': '200 กรัม', 'ซีอิ้วขาว': '2 ช้อนโต๊ะ', 'ซีอิ้วดำ': '1 ช้อนโต๊ะ', 'ซีอิ้วดำหวาน': '2 ช้อนโต๊ะ', 'น้ำมันหอย': '2 ช้อนโต๊ะ', 'น้ำตาลทราย': '1 ช้อนโต๊ะ', 'น้ำตาลปี๊บ': '3 ช้อนโต๊ะ', 'หอมแดง': '4 หัว', 'น้ำมันพืช': '2 ช้อนโต๊ะ'}",แคลมาก,โปรตีนน้อย,ไขมันสูง,คาร์บกลาง,"หมูสามชั้น, สะโพกหมู, ซีอิ้วขาว, ซีอิ้วดำ, ซีอิ้วดำหวาน, น้ำมันหอย, น้ำตาลทราย, น้ำตาลปี๊บ, หอมแดง, น้ำมัน",อยากกินหมูหวาน,หมูหวานราดข้าว เมนูคลาสสิก,หมูหวานสำหรับกินกับข้าวเหนียว
หอยลายผัดน้ำพริกเผา,"{'หอยลาย': '1 กิโลกรัม', 'ใบโหระพา': 'ตามชอบ', 'น้ำพริกเผาแม่ประนอม': '3 ช้อนโต๊ะ', 'น้ำพริกเผาแบบเผ็ด': '1 ช้อนโต๊ะ', 'กระเทียมสับ': '5 กลีบ', 'พริกขี้หนู': '5 ดอก', 'น้ำมันหอย': '', 'น้ำตาล': '', 'น้ำปลา': ''}",แคลมาก,โปรตีนน้อย,ไขมันสูง,คาร์บน้อย,"หอยลาย, ใบโหระพา, น้ำพริกเผา, กระเทียม, พริกขี้หนู, น้ำมันหอย, น้ำตาล, น้ำปลา",มีหอยลาย ใบโหระพา เต็มตู้เย็น แต่เบื่อแล้วเอามาทำเมนูอะไรดี ,หอยลายเยอะ ทำเมนูผัดแบบไหนดี ขอเผ็ดกลางๆ,อยากเอาหอยลาย กระเทียม แครอท หอมใหญ่ มาทำอาหาร 
ห่อหมกทูน่ากระป๋อง,"{'ทูน่ากระป๋องในน้ำแร่': '1 กระป๋อง (125 กรัม)', 'น้ำเชื่อม': '2 ช้อนโต๊ะ', 'เครื่องแกงเผ็ด': '¼ ถ้วยตวง', 'น้ำปลา': '3 ช้อนโต๊ะ', 'ใบมะกรูดซอย': '1 ช้อนโต๊ะ', 'ไข่ไก่ ตราซีพี': '1 ฟอง', 'กะทิ (สำหรับเนื้อห่อหมก)': '⅓ ถ้วยตวง', 'กะหล่ำปลีฝอย': '1 ถ้วยตวง', 'ใบโหระพา': '½ ถ้วยตวง', 'กะทิ (สำหรับหน้าห่อหมก)': '¼ ถ้วยตวง', 'แป้งข้าวโพด': '1 ช้อนโต๊ะ', 'พริกชี้ฟ้าแดง': 'สำหรับตกแต่ง'}",แคลมาก,โปรตีนกลาง,ไขมันกลาง,คาร์บกลาง,"ทูน่ากระป๋อง, น้ำเชื่อม, เครื่องแกงเผ็ด , น้ำปลา, ใบมะกรูด, ไข่ไก่, กะทิ, กะหล่ำปลี, ใบโหระพา, กะทิ, แป้งข้าวโพด, พริกชี้ฟ้า",มีปลาทูน่ากระป๋อง น้ำเชื่อม เครื่องแกง ไข่ กะทิ กะหล่ำ,เมนูทูน่ากับเครื่องแกง ทำอะไรดี,อยากทำห่อหมกง่ายๆ ใช้ทูน่ากระป๋อง
หุง(นึ่ง)ข้าวเหนียว ด้วยไมโครเวฟ,{'ข้าวเหนียว': '1 ถ.'},แคลน้อย,โปรตีนน้อย,ไขมันน้อย,คาร์บน้อย,"ข้าวเหนียว, น้ำเปล่า",อยากหุงข้าวเหนียว,ข้าวเหนียวไม่มีหวด ใช้ไมโครเวฟได้ไหม,วิธีนึ่งข้าวเหนียวง่ายๆ ไม่ต้องนึ่ง
อกไก่หวานไข่ยางมะตูม,"{'อกไก่หั่นชิ้น': '250 กรัม', 'ซีอิ๊ว Low Sodium': '1 ช้อนโต๊ะ', 'ซีอิ๊วดำ': '1 ช้อนชา', 'หอมแดงซอย': '2 หัว', 'น้ำตาลมะพร้าว': '1 ช้อนโต๊ะ', 'น้ำเปล่า': '10 ช้อนโต๊ะ', 'สเปรย์น้ำมัน': '', 'ไข่ไก่เต็มใบ': '1 ฟอง', 'สะระแหน่': '(ตกแต่ง)'}",แคลมาก,โปรตีนกลาง,ไขมันสูง,คาร์บน้อย,"อกไก่, ซีอิ๊วหวาน, ซีอิ๊วดำ, หอมแดงซอย, น้ำตาลมะพร้าว, น้ำเปล่า, น้ำมัน, ไข่ไก่ ",อยากกินอกไก่แบบไม่น่าเบื่อ เอามาทำอะไรกินได้บ้าง,อกไก่หวานทำยังไงให้นุ่ม,"อกไก่กับซีอิ๊วทำเมนูไหนดี
"
อเมริกาโน่น้ำผึ้งมะนาว,"{'น้ำเปล่า (ผสมน้ำผึ้งและมะนาว)': '100 ml', 'น้ำผึ้ง': '2 ช้อนโต๊ะ', 'ผงมะนาว': '1/2 ช้อนโต๊ะ', 'น้ำเปล่า (ผสมกาแฟ)': '130 ml', 'กาแฟผงสำเร็จรูป เนสกาแฟอเมริกาโน่': '1 ซอง', 'น้ำแข็ง': '1 แก้ว', 'โรสแมรี่': '1 ยอด'}",แคลมาก,โปรตีนน้อย,ไขมันสูง,คาร์บน้อย,"น้ำเปล่า, น้ำผึ้ง, ผงมะนาว, น้ำเปล่า, กาแฟผง, น้ำแข็ง",อยากกินกาแฟขมๆ ใส่น้ำผึ้ง,น้ำผึ้งกับมะนาวใส่กาแฟได้ไหม,สูตรอเมริกาโน่ใส่น้ำผึ้งมะนาว
อโวคาโดนมสดปั่น,"{'อโวคาโด': 3, 'นมจืดแช่แข็ง': 2, 'น้ำผึ้ง': 50}",แคลน้อย,โปรตีนน้อย,ไขมันน้อย,คาร์บน้อย,"อโวคาโด, นมจืดแช่แข็ง, น้ำผึ้ง, นมจืด",อยากกินน้ำปั่นที่สดชื่นๆ ใส่อโวคาโด ,อโวคาโดเหลือ ปั่นกับอะไรดี,เครื่องดื่มอิ่มท้องแบบสุขภาพ
ออส่วน,"{'หอยนางรม': '1 ถ้วย', 'แป้งมัน': '1 ช้อนโต๊ะ', 'ซีอิ้วขาว': '1 ช้อนโต๊ะ', 'พริกไทยป่น': '1 ช้อนชาต', 'น้ำ': '1/4 ถ้วย', 'น้ำมันพืช': '3 ช้อนโต๊ะ', 'ถั่วงอก': '200 กรัม', 'ต้นหอมซอย': '1 ช้อนชาต', 'ผักชีสับ': '2 ช้อนชาต', 'ไข่ไก่': '2 ฟอง'}",แคลกลาง,โปรตีนกลาง,ไขมันกลาง,คาร์บน้อย,"หอยนางรม, แป้งมัน, ซีอิ้วขาว, พริกไทยป่น, น้ำ, น้ำมันพืช, ถั่วงอก, ต้นหอม, ผักชี, ไข่ไก่",มีหอยนาวรม แป้ง ซี้อิ้ว ถั่วงอก ทำอาหารอะไรดีที่อร่อยๆ คาร์บน้อย,ออส่วนหอยนางรมแป้งนุ่มๆ,ผัดออส่วนแบบใส่ถั่วงอกเยอะๆ
ไอติมกะทิ,"{'กะทิกล่อง': '2 ถ้วยตวง (500 มล.)', 'น้ำตาลทราย': '1/2 ถ้วยตวง', 'แป้งข้าวโพด': '1/4 ถ้วยตวง', 'กลิ่นวานิลลา': '1 ช้อนชา'}",แคลน้อย,โปรตีนน้อย,ไขมันน้อย,คาร์บน้อย,"กะทิ, น้ำตาลทราย, แป้งข้าวโพด, กลิ่นวานิลลา",มีกะทิเหลือในตู้เย็น เอามาทำอะไรดี,อยากทำของหวานไทยๆ หอมกะทิ,มีกะทิเหลือเยอะ ทำอะไรกินดี เย็นๆ
ไอศกรีมถั่วดำ,"{'ถั่วดำต้มสุก': '200 กรัม', 'กะทิ': '500 กรัม', 'น้ำตาลมะพร้าว': '100 กรัม', 'เกลือป่น': '1 ช้อนชา', 'ใบเตย': '4 ใบ'}",แคลน้อย,โปรตีนน้อย,ไขมันน้อย,คาร์บน้อย,"ถั่วดำ, กะทิ, น้ำตาลมะพร้าว, เกลือ, ใบเตย",มีถั่วดำ กะทิ ข้าวโพด ในตู้เย็น อยากเอามาใช้ให้หมดทำอะไรดี,ไอศกรีมไทยๆ แบบไม่ใส่นม,มีถั่วดำ กับกะทิ อยากเอามาทำไอศกรีม
ไอศกรีมโยเกิร์ตเยลลี่ปีโป้,"{'นมเปรี้ยว': '300 มิลลิลิตร', 'ขนมเยลลี่รวมรสผลไม้ (คาราจีแนน) ตรา ปีโป้': ''}",แคลน้อย,โปรตีนน้อย,ไขมันน้อย,คาร์บน้อย,"นมเปรี้ยว, เยลลี่รวมรสผลไม้",อยากกินไอติมนมเปรี้ยว ที่ใส่เยลลี่เยอะๆๆๆ,โยเกิร์ตกับปีโป้ทำของหวานอะไรดี,ไอศกรีมเยลลี่ใสๆ หอมๆ
ไอศครีมทอด,"{'ไอศครีมรสที่ชอบ': 1, 'ขนมปังตัดขอบ': 2, 'กระดาษฟอยล์': 1, 'นมข้นหวาน': 'พอประมาณ', 'ผลไม้': 'ตามชอบ'}",แคลน้อย,โปรตีนน้อย,ไขมันน้อย,คาร์บน้อย,"ไอศครีม, ขนมปัง กระดาษฟอยล์, นมข้นหวาน, ผลไม้",มีขนมปัง กับไอติมใหล้หมดอายุ ต้องรีบใช้ให้หมดทพเมนุอะไรดี,เมนูของหวานทอด กรอบข้างนอก เย็นข้างใน,ใช้ขนมปังกับไอศกรีมทำอะไรได้บ้าง
ไอศครีมมะม่วง ไม่ใส่น้ำตาล ไม่ใช่วิปครีม ส่วนผสม 2 อย่าง,"{'มะม่วงน้ำดอกไม้แช่แข็ง': '500 กรัม', 'กะทิ': '300 ml'}",แคลน้อย,โปรตีนน้อย,ไขมันน้อย,คาร์บน้อย,"มะม่วงน้ำดอกไม้แช่แข็ง, กะทิ",มีมะม่วงเยอะมาก เพราะช่วงนี้ออกผลว่าจะเอามาทำไอศครีมมะม่วง ,ไอศกรีม 2 อย่าง มะม่วงแช่แข็งกับกะทิ,มะม่วงกับกะทิ ทำไอศกรีมแบบคลีนได้ไหม
ฮันนี่โทสต์ Honey Toast,"{'ขนมปัง': '1 ชิ้น', 'เนยสดเค็ม': '60 กรัม', 'สตรอเบอร์รี่': '2 ผล', 'บลูเบอร์รี่': '8 ผล', 'กล้วย': '1/2 ผล', 'น้ำผึ้ง': '30 กรัม', 'ไอศกรีมวนิลา': '1 สกู้ป', 'น้ำตาลไอซิ่ง': '10 กรัม', 'ใบสาระแหน่': '', 'วิปครีม': ''}",แคลมาก,โปรตีนน้อย,ไขมันกลาง,คาร์บกลาง,"ขนมปัง, เนยเค็ม, สตรอเบอร์รี่, บลูเบอร์รี่, กล้วย, น้ำผึ้ง, ไอศกรีมวนิลา, น้ำตาลไอซิ่ง, ใบสาระแหน่, วิปครีม",อยากกินขนมปัง เนย ฉ่ำๆ โรยด้วยผลไม้เยอะๆ,เมนูขนมปังหวานๆ สำหรับของหวาน,อยากกินขนมปังอร่อยๆ หวานๆ ทำง่าย
แฮมห่อสลัดมันฝรั่ง,"{'มันฝรั่ง': '1 ลูก', 'แฮม': '7 ชิ้น', 'แครอทหั่นเต๋า': '1/4 ถ้วยตวง', 'แตงกวาญี่ปุ่นหั่นเต๋า': '1/3 ถ้วยตวง', 'ไข่ต้มสุก': '1 ฟอง', 'เกลือ': '1/2 ช้อนชา', 'พริกไทย': '1/2 ช้อนชา', 'หอมใหญ่หั่นเต๋า': '2 ช้อนโต๊ะ', 'น้ำสลัดครีม': '1/2 ถ้วยตวง', 'เซอราลี่': 'สำหรับตกแต่ง'}",แคลกลาง,โปรตีนน้อย,ไขมันกลาง,คาร์บน้อย,"มันฝรั่ง, แฮม, แครอท, แตงกวาญี่ปุ่น, ไข่ต้ม, เกลือ, พริกไทย, หอมใหญ่, น้ำสลัด",มีแฮม มันฝรั่ง แครอท แตงกว่า ทำอาหารอะไรอร่อยๆ อิ่มๆ ดี ,เมนูของว่างง่ายๆ มีแฮมกับไข่ต้ม,เหลือแตงกวากับแครอท ทำสลัดไงดี
ลูกชิ้นเต้าหู้ทอด (เจ),"เต้าหู้แข็งสีขาว 380 กรัม
แป้งมัน 120 กรัม
แป้งข้าวเจ้า 30 กรัม
เกลือป่น 1 ช้อนชา
ซอสเห็ดหอม 2 ช้อนชา
พริกไทยป่น 2 ช้อนชา
น้ำตาลทราย 2 ช้อนชา
น้ำเปล่า 150 กรัม
แครอทสับละเอียด 150 กรัม
เห็ดเข็มทองหั่นละเอียด 120 กรัม
น้ำมันสำหรับทอด ½ ลิตร

*** สูตรนี้ทำได้ประมาณ 55 - 60 ลูกขนาดตามในภาพ",แคลมาก,โปรตีนน้อย,ไขมันกลาง,คาร์บสูง,"เต้าหู้, แป้งมัน, แป้งข้าวเจ้า, เกลือ, ซอสเห็ดหอม,พริกไทย,น้ำตาลทราย,น้ำ,แครอท,เห็ดเข็มทอง,น้ำมัน",ที่บ้านมีเต้าหู้ขาว เยอะมากทำอะไรกินดี อยากกินเมนูที่มันแบบอร่อย,"มี เต้าหู้, แป้งมัน, แป้งข้าวเจ้า, เกลือ, ซอสเห็ดหอม ทำอะไรกินดี",อยากกินอาหารที่เบาๆ สบายท้อง ทำมาจากเต้าหุ้
ข้าวเม่าหมี่,"- ข้าวเม่าแห้ง 45 กรัม- เต้าหู้แข็ง 1/2  ก้อน  - กุ้งแห้งเนื้อตัวเล็ก 25 กรัม- ถั่วลิสงซีก 30 กรัม   (ดิบหรืออบสุกแล้วก็ได้) - กระเทียมจีนซอยบาง 2 ช้อนโต๊ะ - น้ำตาลทรายเม็ดละเอียด  25 กรัม- เกลือธรรมดาที่ป่นละเอียด 1/4 ช้อนชา- น้ำมันพืชสำหรับทอด 2 ถ้วย
*** เต้าหู้แข็งที่พิมใช้ ก้อนนึงหนักประมาณ 200 กรัมนะคะ 
*** สูตรนี้ทำแล้วได้ประมาณครึ่งจานตามในภาพค่ะ  
*** สัดส่วนของส่วนผสมแต่ละอย่าง ไม่ว่าจะเป็นข้าวเม่า เต้าหู้ กุ้งแห้ง ถั่วลิสง กระเทียมในเมนูนี้ สามารถเพิ่มลดได้ตามที่ชอบ ไม่จำเป็นต้องเท่ากับพิมเป๊ะ ๆ ก็ได้นะคะ  
*** ปริมาณน้ำตาลและเกลือ ปรับเพิ่มลดได้ตามความหวานเค็มที่ชอบ / หรืออาจจะใส่พวกผงปรุงรส อย่าง ผงปาปริก้า ผงชีส ผงบาร์บีคิว แทนน้ำตาล+เกลือก็ได้ค่ะ  ",แคลมาก,โปรตีนสูง,ไขมันกลาง,คาร์บสูง,"ข้าวเม่า, เต้าหู้แข็ง, กุ้งแห้ง, ถั่วลิสง, กระเทียมจีน, น้ำตาลทราย, เกลือ, น้ำมัน",มี ข้าวเม่า เต้าหู้ กุ้งแห้ง ถั่วลิสง กระเทียม พริกไทย เกลือ ทำอะไรกินดี,อยากกินอาหารอร่อยๆ รสชาติดี ทำมาจาก กุ้ง ถั่ว กระเทียม,"ข้าวเม่า, เต้าหู้แข็ง, กุ้งแห้ง, กระเทียมจีน, น้ำตาลทราย, เกลือ,รากบัว, พริกชี้ฟ้าแดง, กระเทียมจีน, เกลือสมุทร,  ซีอิ๊วขาว, ซอสเห็ดหอม, น้ำตาลทราย, น้ำมันงา, งาขาวคั่ว, น้ำมันพริก,  ทำอะไรได้บ้าง"
เผือกห่อฟองเต้าหู้,"- เผือกขูด/หั่นเป็นเส้น 500 กรัม- แป้งข้าวเจ้า 50 กรัม- แป้งมัน 30 กรัม- เห็ดหอมแห้ง 20 กรัม แช่น้ำจนนิ่ม แล้วหั่นเป็นชิ้นเล็ก ๆ- หมูบด 350 กรัม- กุ้งแห้งเนื้อ  30 กรัม แช่น้ำจนนิ่ม  - ขึ้นฉ่ายหั่นเล็ก ๆ 30 กรัม
- พริกไทยป่น 2 ช้อนชา- ซีอิ๊วขาว 1 + 1/2  ช้อนโต๊ะ - ซอสหอยนางรม 2 ช้อนโต๊ะ  - น้ำตาลทราย 1 + 1/2 ช้อนโต๊ะ - น้ำเปล่า 8 ช้อนโต๊ะ 
- ไข่ไก่ฟองเล็ก",แคลมาก,โปรตีนสูง,ไขมันน้อย,คาร์บสูง," เผือก, แป้งข้าวเจ้า, แป้งมัน, เห็ดหอมแห้ง, หมูบด,  กุ้งแห้ง, ขึ้นฉ่าย, พริกไทย, ซีอิ๊วขาว, ซอสหอยนางรม, น้ำตาลทราย,  น้ำเปล่า, ไข่ไก่",ตอนนี้ในตู้เย็นมีเผือก แป้ง อยากินอะไรที่เบาๆ ทำสนุกๆ,มีเผือก ทำอะไรกินดีอยากกินอะไรที่โปรตีนสูงๆ,แนะนำเมนูอาหรที่ทำจากเผือด
ยำรากบัว สไตล์จีน,"- รากบัว 500 กรัม- พริกชี้ฟ้าแดงสับ (เอาไส้และเม็ดพริกออก) 3 ช้อนโต๊ะ - กระเทียมจีนสับ 3 ช้อนโต๊ะ - เกลือสมุทรป่น 1/2 ช้อนชา- ซีอิ๊วขาว 1 + 1/2 ช้อนโต๊ะ - ซอสเห็ดหอม 1 ช้อนโต๊ะ - น้ำตาลทราย 1/2 ช้อนโต๊ะ - น้ำมันงา 1/2 ช้อนโต๊ะ - งาขาวคั่วบดหยาบ 1 ช้อนโต๊ะ - น้ำมันพริก 2 - 3 ช้อนโต๊ะ ตามความเผ็ดที่ชอบ - ต้นหอมซอย 2 ช้อนโต๊ะ 
",แคลมาก,โปรตีนกลาง,ไขมันกลาง,คาร์บสูง,"รากบัว, พริกชี้ฟ้าแดง, กระเทียมจีน, เกลือสมุทร,  ซีอิ๊วขาว, ซอสเห็ดหอม, น้ำตาลทราย, น้ำมันงา, งาขาวคั่ว, น้ำมันพริก, ต้นหอม",อยากกินอะไรแซ่บๆ สไตล์จีน ทำมาจากรากบัว  ไขมันกลางๆ ,"รากบัว, พริกชี้ฟ้าแดง, กระเทียมจีน, เกลือสมุทร อยากทำยำจีนๆ อร่อยๆ",มีพริกชี้ฟ้าแดง รากบัว แครอท ผักชี หอมใหญ่  ทำอะไรกินได้บ้าง
ไก่ทอดซอสหัวหอม,":: ส่วนผสมและเครื่องปรุง ""ไก่ทอด"" ::
- เนื้อส่วนสะโพกไก่ หั่นเป็นชิ้น 500 กรัม  (น้ำหนักทั้งกระดูกประมาณ 700 กรัม) - เกลือป่น 1/4 ช้อนชา- พริกไทยป่น 1/4 ช้อนชา- แป้งทอดกรอบ 1/3 ถ้วย- แป้งข้าวโพด 1 + 1/2 ช้อนโต๊ะ - น้ำมันสำหรับทอด
*** สำหรับไก่ พิมใช้เป็นไก่ส่วนสะโพก  ไม่เอาหนัง + ตัดส่วนที่เป็นก้อนไขมันทิ้งไป ให้เหลือแต่เนื้อไก่ล้วน ๆ   แล้วหั่นให้เป็นชิ้นยาว  4 - 5 ชิ้น/ ไก่ 1 สะโพกนะคะ
:: ส่วนผสมและเครื่องปรุง ""ซอสหัวหอม"" :: 
- หอมใหญ่ซอย 1 หัว ประมาณ 120 กรัม - โยเกิร์ตรสธรรมชาติ 1 กระปุก - มายองเนส 4 ช้อนโต๊ะ - น้ำผึ้ง 1 ช้อนชา- ปาปริก้า 1/4 ช้อนชา- ออริกาโน่ 1/4 ช้อนชา- พริกไทยป่น 1/4 ช้อนชา- เกลือป่น 1/2 ช้อนชา- ผิวเลมอน 1/2 ช้อนชา- น้ำเลมอน 1 ช้อนชา 
- ต้นหอมซอย 1/4 ถ้วย (เฉพาะส่วนที่เป็นใบสีเขียว)  
*** สูตรนี้ทำเสร็จแล้วได้ปริมาณตามในภาพเลยนะคะ",แคลมาก,โปรตีนกลาง,ไขมันสูง,คาร์บสูง,"เนื้อส่วนสะโพกไก่, เกลือ, พริกไทย, แป้งทอดกรอบ, แป้งข้าวโพด, น้ำมัน,  หอมใหญ่,โยเกิร์ตรสธรรมชาติ, มายองเนส, น้ำผึ้ง, ปาปริก้า, ออริกาโน่, พริกไทย,เลมอน  ",จากวัตถุดิบที่มีในบ้าน ไก่ หัวหอม เกลือ แครอท ทำอาหารที่เด็กๆชอบกิน,"เนื้อส่วนสะโพกไก่, เกลือ, พริกไทย ทำอะไรกินดี ",ทำไก่ทอด อร่อยๆ นัวๆ เกาหลีชิดซ้าย ทำมาจากวอสหัวหอม
ลูกชิ้นชุบแป้งทอด น้ำจิ้มมะขาม,"- แป้งข้าวเจ้า 200 กรัม- แป้งทอดกรอบ 200 กรัม  - น้ำปูนใส 260 กรัม- น้ำเย็นจัด 260 กรัม- เกลือป่น 1/2 ช้อนชา- พริกไทยขาวป่น 1/2 ช้อนชา- สีผสมอาหาร สีส้ม/ส้มแดง ตามชอบ 
- ลูกชิ้นหมู ไก่ กุ้ง ปลา เนื้อ ไส้กรอกตามชอบ- แตงกวา ผักชี สำหรับกินแกล้ม
- น้ำมันสำหรับทอด 1 ลิตร หรืออย่างน้อย 1/2 ลิตร ",แคลกลาง,โปรตีนน้อย,ไขมันกลาง,คาร์บสูง,"แป้งข้าวเจ้า, แป้งทอดกรอบ, น้ำปูนใส, น้ำเย็น, เกลือ, พริกไทยขาว, สีผสมอาหาร, ลูกชิ้น, แตงกวา, ผักชี, น้ำมัน",มีลูกชิ้นเหลือเยอะมากมากมาก จากทำสุกี้ ทำอะไรกินดี,อยากทำลูกชิ้นทอดกรอบนอกนุ่มใน แป้งบาง ๆ มีผักแนมแตงกวา ผักชี กินกับน้ำจิ้มแซ่บ,ในครัวมีแป้งทอดกรอบ น้ำเย็น น้ำปูนใส ลูกชิ้น แตงกวา ผักชี อยากทำเมนูทอด กินเล่นกรอบนาน
เกี๊ยวหมูทรงเครื่องไข่แดงเค็ม,":: ส่วนผสมและเครื่องปรุง ""เกี๊ยวหมูไข่แดงเค็ม"" :: 
- หมูสับ/บดละเอียด 300 กรัม- หมูเด้ง 150 กรัม- รากผักชี 1 + 1/2 ช้อนโต๊ะ - กระเทียมไทยแกะเปลือก 2 ช้อนโต๊ะ - พริกไทยป่น 1 + 1/2 ช้อนชา   - น้ำตาลทราย 1 + 1/2 ช้อนชา- เกลือป่น 1/2 ช้อนชา- ซีอิ๊วขาว 2 ช้อนโต๊ะ - น้ำมันงา 1 ช้อนโต๊ะ - น้ำเย็นจัด 6 ช้อนโต๊ะ 
- ไข่แดงเค็ม 6 - 7 ลูก - แผ่นเกี๊ยว 25 - 30 แผ่น
- กระเทียมเจียว 1/2 ถ้วย หรือตามชอบ- ใบต้นหอมซอย 1/4 ถ้วย หรือตามชอบ
** สูตรนี้ทำได้ประมาณ 25 ชิ้น ตามภาพ 
** เปลี่ยนจากไข่แดงเค็ม เป็นกุ้งแกะเปลือก เนื้อปูก้อน ปูอัด หมึก ฯ ได้ตามที่ชอบ
** หมูเด้ง ซื้อได้ที่แผงขายหมูในตลาด หรือในบางห้างเช่นแมคโคร ก็มีขายค่ะ

:: ส่วนผสมน้ำจิ้ม ::
- น้ำตาลทราย 50 กรัม- น้ำส้มสายชู 50 กรัม- น้ำต้มสุก 20 กรัม- ซีอิ๊วขาว 20 กรัม- ซีอิ๊วดำเค็ม 10 กรัม - ซอสพริก 75 กรัม- พริกแดงจินดาบด 10 กรัม",แคลมาก,โปรตีนกลาง,ไขมันกลาง,คาร์บสูง,"หมูสับ, หมูเด้ง, รากผักชี, กระเทียมไทย, พริกไทย, น้ำตาลทราย, เกลือ, ซีอิ๊วขาว, น้ำมันงา,  น้ำเย็นจัด, ไข่แดงเค็ม, กระเทียมเจียว, น้ำส้มสายชู, น้ำ, ซีอิ๊วขาว, ซีอิ๊วดำเค็ม, ซอสพริก, พริกแดงจินดา","จะต้องทำอาหารให้คนแก่กิน วัตถุดิบที่บ้านมี หมูสับ, หมูเด้ง, รากผักชี, กระเทียมไทย, พริกไทย, น้ำตาลทราย, เกลือ, ซีอิ๊วขาว, น้ำมันงา ",ในครัวมีหมูเด้ง หมูสับ เครื่องปรุงครบทั้งพริกแดง กระเทียม ไข่แดงเค็ม ซอสซีอิ๊ว อยากทำเมนูหมูรสจัด กินกับข้าวร้อน ๆ,มีหมูสับ หมูเด้ง รากผักชี ไข่แดงเค็ม ซีอิ๊ว กระเทียม น้ำส้มสายชู อยากทำหมูเด้ง กินกับอะไรสักอย่าง รสชาติดีๆ
น้ำปลาหวานมะม่วง (สูตรปลาป่น),":: ส่วนผสมและเครื่องปรุง ::
- น้ำตาลมะพร้าว 400 กรัม- น้ำเปล่า 1/2 ถ้วย- น้ำปลา 1/4 ถ้วย - กะปิ 2 + 1/2 ช้อนโต๊ะ (ถ้ากะปิเค็มมาก ใส่แค่ 2 ช้อนก็พอ) 
- ปลาย่างรมควันป่น 50 กรัม  (พิมใช้ปลาเนื้ออ่อน ดูรายละเอียดในส่วนวิธีทำ) - กุ้งแห้งเนื้อ 30 กรัม  (ใส่หรือไม่ใส่ก็ได้) - หอมแดงซอยบาง ๆ  50 กรัม- พริกแห้งเม็ดใหญ่ ซอยเป็นแว่นบาง ๆ 1/4 ถ้วย- พริกแห้งเม็ดใหญ่คั่ว ป่นหยาบ 1 ช้อนโต๊ะ - พริกขี้หนูสวนเขียวแดง ซอย 1 ช้อนโต๊ะ   
*** ถ้าไม่มีปลาป่น ใช้กุ้งแห้งป่น 60 กรัม แทนนะคะ",แคลกลาง,โปรตีนสูง,ไขมันน้อย,คาร์บกลาง,"น้ำตาลมะพร้าว, น้ำเปล่า, น้ำปลา,  กะปิ, ปลาย่างรมควันป่น, กุ้งแห้ง, หอมแดง, พริกแห้ง, พริกขี้หนู",มี น้ำตาลมะพร้าว  น้ำเปล่า กะปิ มะม่วง กุ้ง ,แนะนำเมนูให้ทำหน่อย จากน้ำตาลมะพร้าว น้ำปลา กะปิ ปลาย่างป่น กุ้งแห้ง หอมแดง พริกแห้ง พริกขี้หนู,ในครัวมีกะปิ ปลาย่างรมควัน กุ้งแห้ง พริก หอมแดง น้ำตาลมะพร้าว อยากทำน้ำพริกรสเข้มข้น หวานเค็มเผ็ดครบรส
ยำแตงกวา สไตล์จีน,"แตงกวาอ่อน 400 กรัม เกลือสมุทรป่น 1 ช้อนชา 
กระเทียมจีน สับละเอียด 1 ช้อนโต๊ะ น้ำมันพริกที่มีเนื้อพริก 2 ช้อนโต๊ะ  ซอสเปรี้ยว (Chinkiang vinegar) 2 ช้อนโต๊ะ น้ำตาลทราย 1/2 ช้อนชาซีอิ๊วขาว 1 ช้อนชาน้ำมันงา 2 ช้อนชางาขาวคั่ว 1 ช้อนโต๊ะ 
*** สูตรนี้ ได้ 1 จานพูน ๆ แบบในภาพ 
** ซอสเปรี้ยว (Chinkiang vinegar)  ซื้อได้ที่เยาวราช  หรือใน lazada / Shopee  และร้านค้าออนไลน์หลายร้านก็มีขายนะคะ",แคลมาก,โปรตีนน้อย,ไขมันกลาง,คาร์บสูง,"แตงกวา, เกลือ, กระเทียม, น้ำมันพริก, ซอสเปรี้ยว, น้ำตาลทราย, ซีอิ๊วขาว, น้ำมันงา, งาขาวคั่ว",มีแตงกวา เกลือ โชยุ มิริน พริก กระเทียม น้ำมันพริก ทำอะไรทานดี ,มีแตงกวา กระเทียม น้ำมันพริก น้ำมันงา ซอสเปรี้ยว งาขาวคั่ว อยากทำ อาหารรสชาติ ชัดเจน กินแล้วถึงใจ,มีแตงกวาเย็น ๆ อยากมาทำเมนูที่รสเปรี้ยวหวานเค็มเผ็ด มีงาขาวคั่ว หอมกระเทียม น้ำมันงา โปรตีนน้อย
สังขยามันม่วง-ฟักทอง,"- ฟักทอง ปอกเปลือก หั่นชิ้น 150 กรัม  (หรือมันม่วง 100 กรัม)- ไข่ไก่ 2 ฟอง (พิมใช้เบอร์ 2) - หัวกะทิ 200 มิลลิลิตร- นมข้นจืด (ส่วนที่ 1) 100 มิลลลิตร- น้ำตาลทราย 80 กรัม (ถ้าชอบหวานน้อยใส่แค่ 50 กรัม) - เกลือสมุทรป่น 1/16 ช้อนชา  หรือใส่แค่นิดหน่อย- เนยจืด 1 ช้อนโต๊ะ - นมข้นจืด (ส่วนที่ 2) 50 มิลลิลิตร
** พิมใช้มันม่วงญี่ปุ่น หาซื้อได้ตามแมคโคร หรือตลาดสด โลละประมาณ 50-70 บาท แต่ถ้าใครหาไม่ได้ ใช้มันม่วงไทยได้ค่ะ 
** ปกติสังขยามันม่วงจะมีสีม่วงอ่อนมากๆ  ถ้าใครอยากได้สังขยาที่มีสีม่วงชัดเจนนิดนึง  สามารถเหยาะสีผสมอาหารสีม่วงลงไปนิดหน่อยเพื่อแต่งสีได้นะคะ",แคลมาก,โปรตีนน้อย,ไขมันกลาง,คาร์บสูง,"ฟักทอง, ไข่ไก่, หัวกะทิ, นมข้นจืด, น้ำตาลทราย, เกลือสมุทร, เนยจืด, นมข้นจืด, มันม่วง",อยากกินของหวาน มี ฟักทอง ไข่ไก่ กะทิ น้ำมันมะพร้าว น้ำตาล ,ทำขนมหวาน จาก ฟักทอง แครอท ผักชี  มันม่วง น้ำตาล เกลือ เนย ทำอะไรกินดี ขอรสชาติดีๆ ,ในครัวมีฟักทอง ไข่ หัวกะทิ นมข้นจืด มันม่วง เนย น้ำตาล เกลือ อยากทำขนม รสชาตินัวๆ เป็น dip ก็ได้
ปอเปี๊ยะไส้กรอกรมรมควัน,"- แผ่นเมี่ยงญวน 8 แผ่น- ไส้กรอกรมควันคลาสสิค เบทาโกร 2 แพ็ค (แพ็คละ 4 ชิ้น) - แครอท หั่นเป็นเส้นยาว 1/2 หัว- แตงกวา หั่นเป็นเส้นยาว 2 ลูก- โหระพา เด็ดเป็นใบ 1/2 ถ้วย- ผักชีลาว เด็ดเป็นใบ 1/2 ถ้วย (ถ้าไม่ชอบกลิ่น เปลี่ยนเป็นใบสะระแหน่ได้) - กะหล่ำปลีสีม่วง ซอยเป็นเส้น  1/2 ถ้วย  - ดอกไม้ที่ทานสดได้  เช่น เบญจมาศ ดอกเข็ม อัญชัน กุหลาบมอญ เฟื่องฟ้า ดาหลา บัว โสน  ดอกชมพู่มะเหมี่ยว 

:: ส่วนผสม “น้ำจิ้มสูตรที่ 1” (สามรส เผ็ด เปรี้ยว หวาน) ::
- น้ำพริกเผาสำเร็จรูป 2 ช้อนโต๊ะ - หัวกะทิ 1/4 ถ้วย- น้ำปลา 1/2 ช้อนโต๊ะ- น้ำตาลมะพร้าว 1/2 ช้อนโต๊ะ- น้ำมะนาว ตามความเปรี้ยวที่ชอบ- ถั่วลิสงคั่วป่น ตามความชอบ 

:: ส่วนผสม “น้ำจิ้มสูตรที่ 2” (เค็มหวาน) ::
- ฮอยซินซอส 5 ช้อนโต๊ะ- เนยถั่ว 1 ช้อนโต๊ะ - น้ำเปล่า 1/3 ถ้วย- น้ำตาลทราย 1 ช้อนชา- กระเทียมสับ 1 ช้อนโต๊ะ - น้ำมันสำหรับผัด 1 ช้อนโต๊ะ",แคลมาก,โปรตีนกลาง,ไขมันสูง,คาร์บสูง,"แผ่นเมี่ยงญวน, ไส้กรอก, แครอท, แตงกวา, โหระพา, ผักชีลาว, กะหล่ำปลีสีม่วง, น้ำพริกเผา, หัวกะทิ, น้ำปลา, น้ำตาลมะพร้าว, น้ำมะนาว, ถั่วลิสง, ฮอยซินซอส, เนยถั่ว, น้ำเปล่า, น้ำตาลทราย,  กระเทียม, น้ำมัน",มีแผ่นเมี่ยงเหลืออยู่ อยากเอามาทำเมนูง่ายๆ อร่อยๆ สร้างสรรค์,ครัวมีแผ่นเมี่ยงญวน ไส้กรอก ผักหลากชนิด ฮอยซิน เนยถั่ว อยากทำสปริงโรลเวียดนามแบบไทยประยุกต์,อยากกินเมนูที่ใช้ผักเยอะๆ เนยถั่ว แครอท แตงกวา แตงโม แผ่นแป้ง
แซลมอนห่อใบชะพลู,"- แซลมอน 200 กรัม- เกลือสมุทรป่น 1/8 ช้อนชา- พริกไทยดำป่น 1/8 ช้อนชา- ใบชะพลู 10 - 12 ใบ
- ซอสกระเทียม แจ๊สซี่ 4  ช้อนโต๊ะ- ซอสเผ็ด แจ๊สซี่ 1 ช้อนโต๊ะ - น้ำมันงา 1/2 ช้อนชา- น้ำมะขามเปียก 1 ช้อนโต๊ะ - น้ำตาลทราย 1 ช้อนโต๊ะ - งาขาวคั่ว 1 ช้อนโต๊ะ 
** ซอสกระเทียม ซอสเผ็ด ซอสส้ม ของแจ๊สซี่ ซื้อได้ที่ BigC, Makro, MaxValu, Lotus บริเวณ ""ตู้แช่เย็น"" แผนกอาหารสดค่ะ
** อ่านคำอธิบาย วิธีใช้ ""ถ้วย ถ้วยตวง ช้อนตวง ช้อนโต๊ะ ช้อนชา"" ได้ >>> ที่นี่ <<<   นะคะ",แคลมาก,โปรตีนกลาง,ไขมันกลาง,คาร์บสูง,"แซลมอน, เกลือ, พริกไทย, ใบชะพลู, ซอสกระเทียม, ซอสเผ็ด, น้ำมันงา, น้ำมะขามเปียก, น้ำตาลทราย, งาขาวคั่ว",แซลมอน ใบชะพลู ไข่ เกลือ พริกไทย ทำอะไรกินดี อร่อยๆ ,มีแซลมอน ใบชะพลู ซอสกระเทียม ซอสเผ็ด น้ำมะขาม น้ำตาล งาคั่ว  ทำอะไรกินดี เฮลตี้ ไขมันน้อย ดีต่อสุขภาพ,มีแซลมอนอยากทำอาหารที่รสชาติจัดๆ กินง่าย ดีต่อกายและใจ 
ขนมปังหน้าหมู (แบบไม่ทอด),"- ขนมปังตัดขอบ 4-5 แผ่น  (ตัดเป็นแผ่นเล็กได้ 16-20 ชิ้น) - หมูสับ 100 กรัม- รากผักชี 2 ราก หั่นละเอียด- กระเทียมไทย 1 ช้อนโต๊ะ แกะเปลือก - พริกไทยขาวป่น 1/2 ช้อนชา- ซีอิ๊วขาว 1/2 ช้อนโต๊ะ - น้ำตาลทราย 1/8 ช้อนชา- ไข่ไก่ 2 ช้อนโต๊ะ - พริกชี้ฟ้าแดงหั่นเป็นแว่น 16-20 ชิ้น- ผักชีเด็ดเป็นใบ 16-20 ใบ
:: ส่วนผสมและเครื่องปรุง ""อาจาด"" ::
- น้ำตาลทรายขาว 1/2 ถ้วย- น้ำส้มสายชู 1/4 ถ้วย- น้ำเปล่า 1/8 ถ้วย- เกลือป่น 1/2 ชต.- หอมแดง ซอยบางๆ 2 หัว- แตงกวา หั่นเป็นชิ้นเล็ก 1 ลูก- พริกชี้ฟ้าแดง หั่น 1 เม็ด",แคลมาก,โปรตีนกลาง,ไขมันน้อย,คาร์บสูง,"ขนมปังตัดขอบ,  หมูสับ, รากผักชี, กระเทียมไทย,  พริกไทยขาว, ซีอิ๊วขาว, น้ำตาลทราย, ไข่ไก่, พริกชี้ฟ้าแดง, ผักชี, น้ำตาลทรายขาว, น้ำส้มสายชู, น้ำเปล่า, เกลือป่น, หอมแดง, แตงกวา, พริก",มีขนมปัง หมูสับ พริก ไข่เหลือ อยากกินขนมๆ เค็มๆ อร่อย,อยากทำขนม แต่เป็นของคาว ทำมาจากหมูสับ กุ้ง กระเทียม สามเหลอ ขนมปัง,มีหมูสับ อยากทำของกินเล่น กินอะไรดี
กุ้งกรอบสามรสสมุนไพร,"- กุ้งแห้งตัวใหญ่ 3/4 ถ้วย  (ประมาณ 55 กรัม)- หมึกแห้งตัวเล็ก 1/2 ถ้วย (ประมาณ 25 กรัม)- กระเทียมกลีบใหญ่ ซอยบาง ๆ 1/2 ถ้วย (ประมาณ 55 กรัม)- พริกขี้หนูแห้ง  หั่นครึ่ง 1/4 ถ้วย  (ประมาณ 8 กรัม) - ใบมะกรูด 1/4 ถ้วย (ประมาณ 10 ใบ)- เม็ดมะม่วงหิมพานต์ดิบ แบบเต็มเม็ด 1/2 ถ้วย (60 กรัม) - น้ำมันสำหรับทอด  1 - 2 ถ้วย
- ซอสส้ม แจ๊สซี่ 3 ช้อนโต๊ะ - ซอสเผ็ด แจ๊สซี่ 1/2 ช้อนโต๊ะ  - ซอสกระเทียม แจ๊สซี่ 1/2 ช้อนโต๊ะ - น้ำตาลทราย  1 + 1/2 ช้อนโต๊ะ - น้ำมะขามเปียก (ไม่ต้องข้นมาก) 2 ช้อนโต๊ะ - น้ำเปล่า 2 ช้อนโต๊ะ 
** อ่านคำอธิบาย วิธีใช้ ""ถ้วย ถ้วยตวง ช้อนตวง ช้อนโต๊ะ ช้อนชา"" ได้ >>> ที่นี่ <<<   นะคะ
** ซอสกระเทียม ซอสเผ็ด ซอสส้ม ของแจ๊สซี่ ซื้อได้ที่ BigC, Makro, MaxValu, Lotus บริเวณ ""ตู้แช่เย็น"" แผนกอาหารสดค่ะ",แคลมาก,โปรตีนสูง,ไขมันกลาง,คาร์บสูง,"กุ้งแห้ง, หมึก, กระเทียม, พริกแห้ง, ใบมะกรูด, เม็ดมะม่วงหิมพานต์ดิบ, น้ำมัน,  ซอสส้ม, ซอสเผ็ด, ซอสกระเทียม, น้ำตาลทราย, น้ำมะขามเปียก, น้ำเปล่า, น้ำตาลทราย, น้ำส้มสายชู, น้ำต้มสุก, ซีอิ๊วขาว,  ซีอิ๊วดำเค็ม, ซอสพริก,  พริกแดง",กุ้ง มะละกอ กล้วย ส้ม พริก ใบมะกรูด ทำอะไรได้บ้าง ,อยากเอากุ้งมาทำอาหาร รสชาติ เปรี้ยว หวาน เค็ม เป็ด ครบรส แต่เปรี้ยวนำ ใส่ ใบมะกรูด ,อาหารรสชาติดี เด็กกินเข้าใจ ทำมาจาก กุ้ง สมุนไพร ถั่ว
ซุปมันม่วง ขนมปังกระเทียม,":: ส่วนผสมและเครื่องปรุง ""ซุปมันม่วง"" ::
- มันม่วง (ชั่งน้ำหนักทั้งหัว) 1000  กรัม- หอมใหญ่ซอยบางๆ 200  กรัม- กระเทียมสับละเอียด 1 ช้อนโต๊ะ - น้ำซุปไก่ 1.25   ลิตร - หัวกะทิ  1/4 ถ้วย- เกลือสมุทรป่น 1 ช้อนโต๊ะ (หรือตามความเค็มที่ชอบ)  - พริกไทยป่น  2 ช้อนชา   (หรือตามความเผ็ดหอมที่ชอบ) - น้ำมันพืชสำหรับผัด  3 ช้อนโต๊ะ (พิมใช้น้ำมันรำข้าว) 
:: ส่วนผสมและเครื่องปรุง ""ขนมปังกระเทียม"" ::
- ขนมปังตัดขอบ 5 แผ่น- เนยเค็ม 5 ช้อนโต๊ะ - กระเทียมสับละเอียด 3 ช้อนโต๊ะ  (แต่พิมชอบกระเทียมมาก เลยใส่ไป 4 ช้อนโต๊ะ) - พาสลีย์ 2 ช้อนโต๊ะ ",แคลน้อย,โปรตีนน้อย,ไขมันน้อย,คาร์บน้อย,"มันม่วง, หอมใหญ่, กระเทียม, น้ำซุปไก่, หัวกะทิ, เกลือสมุทร, พริกไทย, น้ำมันพืช, ขนมปัง, เนยเค็ม, กระเทียม, พาสลีย์",ช่วยแนะนำเมนูอาหาร ที่คล่องคอ คนป่วยชอบกัน มีมันม่วง หอมใหญ่ นม ชีส พอจะทำเมนูอะไรได้บ้าง,อยากกินอาหารคาร์บน้อย ทานง่าย ทำมาจากมันม่วง เพราะมีเหลือในบ้านเยอะ ,อยากกินซุปอร่อยๆ ทำมาจากมันม่วง มีเครื่องเขียงหอมๆ
หมูโสร่ง (หมูสร่ง),- เส้นหมี่ซั่วแบบแห้ง  สีเหลือง หรือสีขาวก็ได้ 100  กรัม- หมูสับติดมันเล็กน้อย 230 กรัม- รากผักชีหั่นละเอียด  1 ช้อนโต๊ะ - กระเทียมไทยกลีบเล็ก 1 ช้อนโต๊ะ - พริกไทยป่น 1/2 ช้อนชา- น้ำปลา  1  ช้อนโต๊ะ- แป้งข้าวโพด 1 + 1/2 ช้อนโต๊ะ - ไข่ไก่ฟองเล็ก (เบอร์ 5) 1 ฟอง  หรือ 1/2 ฟองใหญ่ (เบอร์ 1) - น้ำมันสำหรับทอด  (ขึ้นกับขนาดหม้อ / กระทะที่จะใช้ทอด) แต่อย่างน้อยให้มีปริมาณน้ำมันสูงประมาณ  1 - 1.5 นิ้ว,แคลกลาง,โปรตีนกลาง,ไขมันน้อย,คาร์บกลาง,"เส้นหมี่ซั่ว, หมูสับ, รากผักชี, กระเทียมไทย, พริกไทย, น้ำปลา, แป้งข้าวโพด, ไข่ไก่,  น้ำมัน",อยากทำอาหารไทย ย้อนยุค ตอนนี้ที่บ้านมี เส้นหมี่ หมูสับ น้ำมัน เครื่องปรุงต่างๆ สามเกลอ กระเทียม พริกไทย,อยากเอา หมูสับมาใช้ให้หมด ใช้ไข่ไก่คลุก ๆ เพิ่มความนัว กินง่าย,มีเส้นหมี่ซั่ว หมูสับ กระเทียม รากผักชี ทำอาหารสไตล์ไทย
ซาลาเปาทรงเครื่อง,":: ส่วนผสมแป้งเชื้อ ::
- แป้งสาลีสำหรับทำซาลาเปา 200 กรัม- ยีสต์ 8 กรัม - น้ำตาลทรายขาว 8 กรัม- น้ำเปล่า 100 กรัม 

:: ส่วนผสมแป้งซาลาเปา ::
- แป้งสาลีสำหรับทำซาลาเปา 75 กรัม- น้ำตาลทรายขาว 65 กรัม- ผงฟู 5 กรัม- เกลือป่น 3 กรัม- น้ำมันพืช 20 กรัม- น้ำเปล่า 30 กรัม 

:: ส่วนผสมเครื่องซาลาเปา ::
- ไส้กรอกคอกเทลรมควันคลาสสิค เบทาโกร 1 แพ็ค  (160 กรัม)- ไข่ไก่อนามัยเบทาโกร 3 ฟอง (เบอร์ 1)- เห็ดหอมแห้ง แช่น้ำจนนุ่ม หั่นชิ้นพอคำ 
- หมูสับติดมันเล็กน้อย 180 กรัม- รากผักชี 1/2 ช้อนโต๊ะ - กระเทียม 1 ช้อนโต๊ะ - พริกไทยขาว 1/2 ช้อนชา (แต่พิมใส่เพิ่มพิเศษเป็น 1 ช้อนชา เพราะชอบพริกไทยมาก) - ซีอิ๊วขาว 1 + 1/2 ช้อนโต๊ะ- น้ำเย็นจัด 3 ช้อนโต๊ะ  ",แคลมาก,โปรตีนสูง,ไขมันกลาง,คาร์บสูง,"แป้งสาลี, ยีสต์, น้ำตาลทรายขาว, น้ำเปล่า, น้ำตาลทรายขาว, ผงฟู, เกลือ, น้ำมันพืช, น้ำเปล่า, ไส้กรอก, ไข่ไก่, เห็ดหอมแห้ง,  หมูสับ, รากผักชี, กระเทียม, พริกไทยขาว, ซีอิ๊วขาว, น้ำเย็น",อยากลองทำซาลาเปาทรงเครื่องจัง เครื่องเยอะๆๆ,มี เห็ดหอม รากผักชี กระเทียม พริกไทย  ทำอาหารจีน กลมๆ ,มีแป้งสาลี ยีสต์ น้ำตาล ไข่ไก่ ไส้กรอก หมูสับ เห็ดหอม รากผักชี อยากทำซาลาเปาไส้หมูดีไหม 
กระทงทองแฮมสลัด,":: ส่วนผสม “แป้งกระทงทอง” ::
- แป้งสาลีอเนกประสงค์ 70 กรัม- แป้งข้าวเจ้า 70 กรัม- ไข่แดงของไข่ไก่ 1 ฟอง- น้ำตาลทราย 1 ช้อนโต๊ะ- เกลือป่น 1/2 ช้อนชา- น้ำปูนใส 85  มิลลิลิตร- น้ำเปล่า 75 มิลลิลิตร- น้ำมันสำหรับทอด 1 ลิตร 


:: ส่วนผสม “ไส้แฮมสลัด” ::
- แฮม หั่นชิ้นเล็ก 1/2 ถ้วย- เม็ดข้าวโพดเหลือง ต้มสุก 1/2 ถ้วย- เม็ดถั่วลันเตา ต้มสุก 1/2 ถ้วย- แครอท หั่นชิ้นสี่เหลี่ยมเล็ก ต้มสุก 1/2 ถ้วย- หอมใหญ่ หั่นชิ้นสี่เหลี่ยมเล็ก 1/2 ถ้วย- มายองเนส 3 ช้อนโต๊ะ - เกลือป่น 1/8 ช้อนชา หรือตามชอบ- พริกไทยป่น 1/8 ช้อนชา หรือตามชอบ- น้ำมะนาว ตามชอบ
** ข้าวโพด แครอท ถั่วลันเตา ซื้อแบบที่ต้มสุกแช่แข็งแล้วมาใช้ได้เลย",แคลมาก,โปรตีนกลาง,ไขมันกลาง,คาร์บสูง,"แป้งสาลี, แป้งข้าวเจ้า, ไข่, น้ำตาลทราย, เกลือป่น,  น้ำปูนใส, น้ำเปล่า, น้ำมัน, แฮม, เม็ดข้าวโพดเหลือง, เม็ดถั่วลันเตา,  แครอท, หอมใหญ่, มายองเนส, เกลือป่น, พริกไทยป่น, น้ำมะนาว",มีแป้ง ไข่ แฮม ผักคอส ทำเมนูอะไรได้บ้าง ขอเมนูที่ใส่แฮมได้เยอะๆ ,มีแป้งสาลี แป้งข้าวเจ้า ไข่ น้ำปูนใส ผัก แฮม มายองเนส ทำอะไรได้บ้าง อยากได้แบบกรอบนอกนุ่มใน,ในครัวมีแป้งสองชนิด ไข่ ผักหลากสี แฮม หอมใหญ่
สับปะรดกวน,- สับปะรด พันธุ์ปัตตาเวีย 2 ลูก น้ำหนักลูกละประมาณ 1500 กรัม- น้ำตาลทรายขาว  300 กรัม- เกลือสมุทรป่น  1/2  ช้อนชา- แบะแซ  2 ช้อนโต๊ะ  (ใส่หรือไม่ใส่ก็ได้ / พิมไม่ได้ใส่) ,แคลน้อย,โปรตีนน้อย,ไขมันน้อย,คาร์บสูง,"สับปะรด, น้ำตาลทรายขาว, เกลือสมุทรป่น, แบะแซ ",ที่บ้านมีสัปปะรดเปรี้ยวเยอะมาก ทำอย่างไรดี,อยากทำให้สัปปะรดเลิกเปรี้ยว,อยากกินขนมทำมาจากสัปปะรด ทำง่าย วัตถุดิบไม่เยอะ
เฟรนช์ฟรายส์ชีส,"::  ส่วนผสมและเครื่องปรุง ::
- เฟรนช์ฟรายด์แช่แข็ง  500 กรัม- เนยจืด  2 ช้อนโต๊ะ - แป้งสาลีอเนกประสงค์ 2 ช้อนโต๊ะ - นมสดจืด  300 มิลลิลิตร- เชดด้าชีส  120 - 150 กรัม   - เกลือป่น 1/2 ช้อนชา- ปาปริก้า  1/2 ช้อนชา- พาร์สลีย์  หั่นละเอียด 1/2  ช้อนโต๊ะ",แคลมาก,โปรตีนกลาง,ไขมันสูง,คาร์บสูง,"เฟรนช์ฟรายด์แช่แข็ง, เนยจืด, แป้งสาลีอเนกประสงค์, นมสดจืด,  เชดด้าชีส, เกลือป่น, ปาปริก้า, พาร์สลีย์",อยากกินขนมอร่อยๆ มีเฟรนซ์ฟรายอยู่ เอามาทำอะไรดีที่ได้เมนูใหม่ๆ,มีเฟรนฟรายอยู่ทำเมนุอะไรได้บ้าง ใส่ชีสด้วยได้ไหม,อยากเอาเฟรนฟรายแช่แข็งมาทำอาหาร อะไรกินดี 
มายองเนส สไตล์ญี่ปุ่น,- ไข่ไก่สด 1 ฟอง  (พิมใช้เบอร์ 2) - น้ำมันพืช 1 ถ้วย  (พิมใช้น้ำมันรำข้าว) - น้ำส้มสายชู 1 ช้อนโต๊ะ  (พิมใช้แบบหมักจากข้าว)- เกลือป่น 1/2 ช้อนชา- น้ำตาลทราย 1 ช้อนชา- ดิจองมัสตาร์ด 1/2 ช้อนชา,แคลมาก,โปรตีนน้อย,ไขมันกลาง,คาร์บกลาง,"ไข่ไก่สด, น้ำมันพืช, น้ำส้มสายชู, เกลือป่น, น้ำตาลทราย, ดิจองมัสตาร์ด ",มีไข่ไก่ น้ำมันพืช ทำอะไรได้บ้าง,อยากทำซอสมัสตาร์ดไข่เปรี้ยวหวาน ทานกับผักสดหรือน้ำจิ้มเมนูทอด,อยากทำซอสอร่อยๆ ทำจากไข่ น้ำมัน น้ำส้มสายชู น้ำตาล 
ถุงทองไส้ข้าวผัดผงกะหรี่ปู,"ข้าว, เนื้อปู, แครอท, มันฝรั่ง, หอมใหญ่, กระเทียม, ผงกะหรี่, น้ำตาลทราย, ซอสหอยนางรม, ซีอิ๊วขาว, ซอสปรุงรสฝาเขียว, น้ำมัน, น้ำมัน, แผ่นแป้งปอเปี๊ยะ, ขึ้นฉ่าย",แคลมาก,โปรตีนน้อย,ไขมันกลาง,คาร์บสูง,"ข้าว, เนื้อปู, แครอท, มันฝรั่ง, หอมใหญ่, กระเทียม, ผงกะหรี่, น้ำตาลทราย, ซอสหอยนางรม, ซีอิ๊วขาว, ซอสปรุงรสฝาเขียว, น้ำมัน, น้ำมัน, แผ่นแป้งปอเปี๊ยะ, ขึ้นฉ่าย","ที่บ้านมี ข้าว, เนื้อปู, แครอท, มันฝรั่ง, หอมใหญ่, กระเทียม อยากเอามาทำอาหารใหม่ๆ ไม่เหมือนใคร",อยากทำข้าวผัดปูใส่ผงกะหรี่กับผักหลากชนิด หรือปอเปี๊ยะทอดไส้ปูผัดเข้มข้น,มีข้าว เนื้อปู แครอท  กระเทียม ผงกะหรี่ ซอสหอยนางร ทำไรอีสดี
Caramel Popcorn (คาราเมลป๊อบคอร์น),"- - เมล็ดข้าวโพดดิบ 1/3 ถ้วย- น้ำมันพืช 1 ช้อนโต๊ะ- อัลมอนด์เต็มเม็ดอบสุกก 1/2 ถ้วย
- เนยสด (จืด)  100 กรัม- น้ำตาลทรายแดง    1/2 ถ้วย - น้ำผึ้ง 2 ช้อนโต๊ะ- เกลือป่น 1/2 ช้อนชา
- กลิ่นวนิลา  1/2 ช้อนชา- เบคกิ้งโซดา 1/2 ช้อนชา ",แคลมาก,โปรตีนกลาง,ไขมันสูง,คาร์บสูง,"ข้าวโพด, น้ำมัน, อัลมอนด์,  เนยสด, น้ำตาลทรายแดง,  น้ำผึ้ง, เกลือ, กลิ่นวนิลา, เบคกิ้งโซดา",มี ข้าวโพด นมข้น น้ำตาล ความรัก อยากทำขนมอร่อยๆไปพิชิตใจ,อยากทำขนมหวาน จากเมล็ดข้าวโพดใส่น้ำผึ้ง อัลมอนด์ และกลิ่นวนิลา,ในครัวมีข้าวโพด น้ำมัน เนย น้ำตาล น้ำผึ้ง อัลมอนด์ เบคกิ้งโซดา อยากทำของหวานง่าย ๆ อบกรอบ
เกี๊ยวซ่า (เจ),"- แผ่นเกี๊ยวซ่า 1 ห่อ  (140 กรัม) หรือประมาณ 24 ชิ้น   (ดูภาพเกี๊ยวซ่า ในส่วนของวิธีทำ) - กะหล่ำปลี หั่นละเอียด  1 + 2/3 ถ้วย- เห็ดหอมสด หั่นหยาบ 1/2 ถ้วย- เห็ดหูหนู หั่นหยาบ  1/2 ถ้วย- แครอทสับละเอียด 1 ช้อนโต๊ะ- ขิงแก่สับละเอียด 1 ช้อนโต๊ะ- ซีอิ๊วขาว 2 ช้อนโต๊ะ- น้ำตาลทราย 1 ช้อนชา- น้ำมันงา 1 ช้อนชา- น้ำมันพืชเล็กน้อย
- จิ๊กโชว์ หรือ ซอสพริก สำหรับทานคู่กับเกี๊ยวซ่า
- เกลือป่น 1 ช้อนชา
",แคลมาก,โปรตีนน้อย,ไขมันสูง,คาร์บสูง," แผ่นเกี๊ยวซ่า, กะหล่ำปลี,เห็ดหอมสด, เห็ดหูหนู, แครอท, ขิงแก่, ซีอิ๊วขาว, น้ำตาลทราย, น้ำมันงา, น้ำมัน, จิ๊กโชว์, ซอสพริก, เกลือ",มีเพื่อนกินเจ ทำอะไรกินดี  ที่มีผักเยอะๆๆ เพราะมีผักเต็ฒบ้านเลย,อยากทำอาหาร เจ มีผักเยอะๆ ,ในครัวมีแผ่นเกี๊ยวซ่า ผักหลายชนิด ซีอิ๊ว น้ำมันงา  อร่อยแบบญี่ปุ่น
สลัดผลไม้โยเกิร์ต,- กล้วยหอมสุก แต่ไม่งอม 1 ผล- แก้วมังกร เนื้อสีขาว หั่นชิ้นพอดีคำ 1/2 ถ้วย  (ประมาณ 1/4 ลูกเล็ก)- แอ๊ปเปิ้ลเขียว หั่นชิ้นพอคำ 1/2 ลูก- เชอรี่ หรือลูกไหน ผ่าครึ่งเอาเม็ดออก  4 ลูก- ส้มสดแกะเป็นกลีบ 1/2 ผล หรือส้มในน้ำเชื่อม 1 ถ้วยเล็ก- โยเกิร์ตรสธรรมชาติ  1 ถ้วย- เมล็ดฟักทองอบ หรือ ถั่วพิตาชิโอ้ หรือ อัลมอนด์อบสุก  2 - 3 ช้อนโต๊ะ,แคลกลาง,โปรตีนกลาง,ไขมันน้อย,คาร์บกลาง,"กล้วยหอม, แก้วมังกร, แอปเปิ้ล, เชอรี่, ส้ม, โยเกิร์ตรสธรรมชาติ, อัลมอนด์",มี กล้วย แก้วมังกร องุ่น เชอรี่  แอปเปิ้ล ส้ม อยากจะกินอะไรสดชื่น ดีต่อสุขภาพ,ทำขนมที่มีผลไม้รวมใส่โยเกิร์ตธรรมชาติ โรยอัลมอนด์ กินเล่นเย็น ๆ สดชื่น,ทำขนมหวานเบาๆ มีผลไม้ สุขภาพดี กินแล้วสดชื่น ขอใส่แก้วมังกรเยอะๆ
ยำมะม่วงกับกะปิ ใส่มะพร้าวคั่ว,"- มะม่วงดิบ (เปรี้ยว) 1 ลูก  น้ำหนักประมาณ 300 กรัม- กุ้งแห้งป่น  1 + 1/2 ช้อนโต๊ะ- มะพร้าวขูดคั่วให้เหลืองกรอบ 3 ช้อนโต๊ะ- กระเทียมไทยปอกเปลือก 5 กลีบ- พริกขี้หนูสวนเด็ดขั้ว สีเขียว สีแดง รวมกัน 10 เม็ด- กะปิห่อใบตองย่างไฟให้หอม  2 ช้อนชา- เกลือสมุทร  1/2 ช้อนชา- น้ำตาลปี๊บ 1/2 ช้อนโต๊ะ - หอมแดงซอย  1/4 ถ้วย- กุ้งแห้งทอด 2 ช้อนโต๊ะ - เม็ดมะม่วงหิมพานต์ทอด 2 ช้อนโต๊ะ  
""ถ้วย"" = ถ้วยตวงมาตรฐาน  ซึ่งมีขายตามซุปเปอร์มาร์เกต ร้านขายอุปกรณ์เบเกอรี่ แผนกเครื่องครัวในห้าง  หรือตามร้านขายเครื่องครัวทั่ว ๆ ไปนะคะ    ส่วน ""ช้อนโต๊ะ"" ""ช้อนชา""  ในความหมายพิมก็คือชุดช้อนตวงมาตราฐาน ที่มีขายที่เดียวกับที่ขายถ้วยตวง  แต่ถ้าเป็นเมนูพวกกับข้าวสไตล์ไทยๆ   ก็ใช้ช้อนกินข้าวช้อนสั้น ตวงแทนช้อนโต๊ะแบบคร่าวๆ ได้ค่ะ",แคลกลาง,โปรตีนสูง,ไขมันน้อย,คาร์บสูง,"มะม่วงดิบ, กุ้งแห้งป่น,  มะพร้าวขูด, กระเทียมไทย, พริกขี้หนู, กะปิ, เกลือสมุทร, น้ำตาลปี๊บ, หอมแดง, กุ้งแห้งทอด, เม็ดมะม่วงหิมพานต์",อยากกินยำมะม่วงกะปิแซ่บๆ อร่อยๆ,อยากทำยำมะม่วงใส่กะปิ กุ้งแห้ง หอมแดง พริก มะพร้าวขูด เม็ดมะม่วงหิมพานต์ เคี้ยวมัน ๆ,มะม่วงดิบ พริก กะปิ หอม กุ้งแห้ง มะพร้าว น้ำตาลปี๊บ อาหารโบราณ เข้าเครื่อง ถึงพริกถึงขิง
ชีสทอด,- เชดด้าชีสแผ่น 12 แผ่น  (หรือจะใช้เป็นชีสแท่ง ๆ เลยก็ได้นะคะ สะดวกดี) - เกล็ดขนมปังป่น 3/4  ถ้วย- แป้งสาลีอเนกประสงค์ 5 ชต.- ไข่ไก่เบอร์ใหญ๋ 1 ฟอง- น้ำมันสำหรับทอด- ซอสมะเขือเทศ / มายองเนส สำหรับจิ้ม,แคลมาก,โปรตีนกลาง,ไขมันกลาง,คาร์บกลาง,"ชีส, เกล็ดขนม, แป้งสาลี, ไข่ไก่, น้ำมัน, ซอสมะเขือเทศ",มีชีสใกล้บูดแล้ว ทำอะไรกินดี ง่ายๆ มี นำ้มัน ไข่ ซอสมะเขือเทศอยู่,ขนมที่เด็กๆชอบ ยืดๆ ทำมาจากชีส ,อยากทพขนมที่ใช้เกล็ดขนมปัง หมู ชีส ไก่ พริกแกง มันเทศ ทำอะไรกินได้บ้าง
กุ้งอบชีส,"- กุ้งแม่น้ำ 4 ตัว   น้ำหนักรวมประมาณ 6 ขีด - เนยสด (จืด) ทิ้งไว้ในอุณหภูมิห้องจนนิ่ม  4 ช้อนโต๊ะ - กระเทียมจีบกลีบใหญ่สับละเอียด แต่ไม่ต้องให้ละเอียดมาก 2  ช้อนโต๊ะ  (แต่พิมชอบกระเทียมมากๆ เลยใส่ไป 3 ช้อนโต๊ะ) - เกลือสมุทรป่น 1/4 ช้อนชา- พริกไทยดำป่นละเอียด 1/8 ช้อนชา- พาสเล่ย์สับละเอียด 1 ช้อนโต๊ะ- พาสเล่ย์สำหรับตบแต่ง เล็กน้อย- มอสเซอเรล่าชีสขูดเป็นเส้น 60 กรัม- เชดด้าชีสขูดเป็นเส้น  60 กรัม
ในส่วนของชีส เพื่อน ๆ จะใช้มากกว่านี้ก็ได้ค่ะ แล้วแต่ชอบเลย ^_^",แคลกลาง,โปรตีนกลาง,ไขมันกลาง,คาร์บกลาง,"กุ้ง, เนย, กระเทียม, เกลือ, พริกไทยดำ, พาสเล่ย์, พาสเล่ย์, ชีส",ได้กุ้งตัวใหญ่ มีหลายตัว ทำอาหารอะไรดี รสชาตินัวๆ อร่อยๆ เจ้มจ้น ไม่เผ็ด,อยากกินกุ้ง ใส่ชีส เยอะๆๆ แคลน้อย,มีกุ้งอยู่เยอะมาก ทำอะไรกินดี อยากกินอร่อย ไม่ต้องการน้ำจิ้ม
เต้าฮวยกะทิฟรุ๊ตสลัด,":: ส่วนผสม  ""เต้าฮวยกะทิ"" ::
- กะทิอัมพวา 2 กล่อง- น้ำลอยดอกมะลิ 1 ถ้วย- น้ำตาลทราย 1/2 ถ้วย + 2 ชต.- ผงวุ้น 1 ชช.- เจลาติน 2 แผ่น
** รายละเอียดเกี่ยวกับการตวง  ถ้วยคืออะไร ถ้วยตวง  ชต. ชช.  ช้อนตวงคืออะไร  วิธีการใช้ถ้วยตวง ช้อนตวง >> คลิ๊กที่นี่ < **

:: ส่วนผสม ""ฟรุ๊ตสลัด"" ::
- แคนตาลูป หั่นชิ้นสี่เหลี่ยมเล็ก 1/2 ถ้วย- แก้วมังกรสีขาว หั่นชิ้นสี่เหลี่ยมเล็ก 1/2 ถ้วย- สับปะรด  หั่นชิ้นสี่เหลี่ยมเล็ก 1/2 ถ้วย- องุ่นเขียวลูกเล็กไร้เมล็ด 1/2 ถ้วย- องุ่นแดงลูกเล็กไร้เมล็ด 1/2 ถ้วย- น้ำตาลทรายขาว 1/2 ถ้วย- น้ำลอยดอกมะบลิ 3/4 ถ้วย",แคลน้อย,โปรตีนน้อย,ไขมันน้อย,คาร์บน้อย,"กะทิ, น้ำ, น้ำตาลทราย, ผงวุ้น, เจลาติน, แคนตาลูป, แก้วมังกร,  สับปะรด, องุ่น",มี กะทิ เหลืออยู่จากการทำสังขยา มี แคนตาลูป องุ่นด้วย อยากทำอาหารอร่อยๆ ,อยากทำขนมที่ใส่ผลไม้หอมหวานน่ารัก ๆ,มีกะทิ ผงวุ้น เจลาติน แคนตาลูป แก้วมังกร  ทำขนมอะไรได้บ้าง
ข้าวตังหน้าตั้ง,"- แผ่นข้าวตังแห้ง ปริมาณมากน้อยตามชอบ - กะทิอัมพวา 1 กล่อง- หมูสับละเอียด 150 กรัม- กุ้งสดสับละเอียด 100 กรัม - รากผักชี 3 ราก  - พริกไทยขาวเม็ด 1/2 ช้อนชา  - กระเทียมไทยปอกเปลือกหมด  2  ช้อนโต๊ะ- หอมใหญ่สับละเอียด 1/4 ถ้วย- หอมแดงปอกเปลือกซอยบางๆ 1/3 ถ้วย- น้ำมะขามเปียก 1/3 ถ้วย- น้ำตาลปี๊บ 1/3 ถ้วย- น้ำปลา 1/2 ช้อนโต๊ะ- เกลือป่น 2 ช้อนชา- ถั่วลิสงคั่วบดหยาบ 1/4 ถ้วย- น้ำมันสำหรับผัด 3 ช้อนโต๊ะ- น้ำมันสำหรับทอดข้าวตัง 1/2 ลิตร 
- พริกชี้ฟ้าแดง 1 เม็ด หั่นเฉพาะเนื้อพริกเป็นเส้นเล็กๆ - ผักชี 1 ต้น เด็ดเป็นใบ ๆ สำหรับตกแต่ง",แคลมาก,โปรตีนสูง,ไขมันกลาง,คาร์บสูง,"แผ่นข้าวตังแห้ง, กะทิ, หมูสับ, กุ้ง, รากผักชี,  พริกไทย, กระเทียม, หอมใหญ่, หอมแดง, น้ำมะขามเปียก, น้ำตาลปี๊บ, น้ำปลา, เกลือ, ถั่วลิสง, น้ำมัน",มีข้าวตั้งได้มาจากตอนไปหาแม่ กะทิ หมูสับ รากผักชี กุ้ง ทำอะไรกินดี ,อยากทำเมนูว่างไทย ๆ อย่างข้าวตังหน้าตั้ง ใส่หมู กุ้ง กะทิ และถั่วลิสงบด หอมหวานเค็มมันครบ,ในครัวมีแผ่นข้าวตังแห้งกับเครื่องครบทั้งหมู กุ้ง รากผักชี กะทิ น้ำตาลปี๊บ น้ำมะขาม อยากทำเมนูไทยโบราณ
สังขยาชาไทย,"- ผงชาสำหรับทำชาเย็น  5 ชต.- น้ำร้อนจัด 3/4 ถ้วย- แป้งสาลีอเนกประสงค์ 1/3 ถ้วย- กะทิอัมพวา 3 กล่อง  (600 ml.)- น้ำตาลทรายขาว 1 + 3/4 ถ้วย- ไข่ไก่ 5 ฟอง- เกลือสมุทรป่น 1 ชช.- นมข้นจืด 1 ถ้วย
** รายละเอียดเกี่ยวกับการตวง  ถ้วยคืออะไร ถ้วยตวง  ชต. ชช.  ช้อนตวงคืออะไร  วิธีการใช้ถ้วยตวง ช้อนตวง >> คลิ๊กที่นี่ < **",แคลกลาง,โปรตีนน้อย,ไขมันน้อย,คาร์บสูง,"ชา, น้ำร้อน, แป้งสาลีอเนกประสงค์, กะทิ, น้ำตาลทรายขาว, ไข่ไก่, เกลือ",อยากอีสสังขยาชาไทย,อยากทำซอสหวานๆไว้กินกับขนมปัง ทำมาจากชา น้ำตาล ไข่ กะทิ,ในครัวมีชา แป้ง กะทิ น้ำตาล ไข่ อยากทำของหวานฟิวชันกลิ่นชาไทย
ข้าวคลุกน้ำพริกผัดหมูสับไข่ข้น,"- ข้าวสวย 2 ถ้วย- น้ำพริกผัดหมูสับ กิมจูตำนานแซ่บ 2 ช้อนโต๊ะ - น้ำมันพืช 2 ช้อนโต๊ะ - กระเทียมสับ 2 ช้อนโต๊ะ- น้ำปลา 1 ช้อนโต๊ะ- น้ำตาลทราย 1/2 ช้อนชา
- ไข่เค็ม 1 ฟอง หรือปลาซิวทอด 1/4 ถ้วย- กุ้งแห้งทอดกรอบ 2 ช้อนโต๊ะ- หอมแดงซอย 3 ช้อนโต๊ะ- ถั่วฝักยาวซอย 3 ช้อนโต๊ะ - มะม่วงเปรี้ยวสับ 1/4 ถ้วย- พริกขี้หนูสวนซอย ตามชอบ- มะนาวหั่นซีก 2 ชิ้น - ผักชีสำหรับแต่งหน้า นิดหน่อย
**  ตามสูตรนี้ ได้ 2 ที่นะคะ  

:: ส่วนผสมและเครื่องปรุง “ไข่ข้น” สำหรับ 2 ที่ ::
- ไข่ไก่ 4 ฟอง - นมสดรสจืด 4 ช้อนโต๊ะ- เกลือป่นเล็กน้อย  ",แคลน้อย,โปรตีนน้อย,ไขมันน้อย,คาร์บน้อย,"ข้าวสวย, น้ำพริก, น้ำมันพืช, กระเทียม, น้ำปลา, น้ำตาลทราย, ไข่เค็ม, ปลา, กุ้งแห้ง, หอมแดง, ถั่วฝักยาว, มะม่วง, พริก, มะนาว, ผักชี, ไข่ไก่, นม, เกลือ",มีข้าวสวยเก่าอยู่ทำเมนูอะไรดี มีน้ำพริก น้ำมันพริก น้ำปลา ,ทำอาหารที่ มีไข่เค็ม กุ้งแห้ง ผัก หอม มะม่วง เปรี้ยวเค็มเผ็ดครบครับ,พริก ปลา ไข่ เค็ม ข้าว ทำเมนูแบบข้าวคลุกที่รสจัดถึงใจ
โกยซีหมี่,"- หมี่เตี๊ยว (หมี่ซั่ว) 150 กรัม- น้ำมันพืช 4 ช้อนโต๊ะ  (สำหรับจี่เส้น)  
- สันในไก่หั่นชิ้นพอคำ 250 กรัม- ซีอิ๊วขาว 1 + 1/2 ช้อนชา- น้ำมันงา 1 ช้อนชา- พริกไทยขาวป่น 1/2 ช้อนชา
- น้ำมันสำหรับผัด 3 ช้อนโต๊ะ - กระเทียมสับ 1 ช้อนโต๊ะ - เห็ดหอมแห้ง 25 กรัม แช่น้ำจนนุ่ม แล้วหั่นเป็นเส้น- หน่อไม้ต้มสุกหั่นเส้น 150 กรัม- ต้นหอมหั่นท่อนสั้น 4 ต้น (ใช้เฉพาะต้น / ไม่ใช้ส่วนใบและโคน)- น้ำสต๊อกไก่ 1000 กรัม- น้ำตาลทราย 1 ช้อนชา- ซอยหอยนางรม 4 ช้อนโต๊ะ - ซีอิ๊วขาว 4 ช้อนโต๊ะ - ซีอิ๊วดำเค็ม 1/4 ช้อนชา (ใส่ หรือไม่ใส่ก็ได้) - แป้งมันฮ่องกง 3 + 1/2 ช้อนโต๊ะ - น้ำสำหรับละลายแป้งมัน 3 ช้อนโต๊ะ 
*** ทำเสร็จแล้วได้ประมาณ 2 จานตามในภาพ  กินได้ประมาณ 4 คน  
*** ถ้าไม่มีเห็ดหอมแห้ง ใช้เห็ดฟางแทนได้
*** ถ้าไม่มีเส้นหมี่เตี๊ยว ใช้เส้นบะหมี่สด เส้นบะหมี่อบแห้งแทนได้",แคลน้อย,โปรตีนน้อย,ไขมันน้อย,คาร์บน้อย,"หมี่, น้ำมัน, สันในไก่, ซีอิ๊วขาว, น้ำมันงา,  พริกไทยขาว, น้ำมัน, กระเทียม, เห็ดหอม, หน่อไม้, ต้นหอม, น้ำ, น้ำตาลทราย, ซอยหอยนางรม, ซีอิ๊วขาว, ซีอิ๊วดำเค็ม, แป้ง",อยากกินโกยซีหมี่,มีหมี่ ไก่ น้ำมันงา ซีอิ้ว แบบพวกเครื่องปรุงทำอาหารมีหมดเลย มีมะนาว พริก น้ำมัน ครบ ทำอะไรกินดี,หมี่ น้ำมัน  สันในไก่  ซีอิ๊วขาว กระเทียม นมชมพู ชีส 
ข้าวมันเบคอน,":: ส่วนผสมและเครื่องปรุง ""ข้าวมันเบคอน"" ::
- เบคอนรมควัน 400 กรัม- ข้าวสารหอมมะลิ 2 ถ้วย หรือประมาณ 440 กรัม (อย่าลืมเอาข้าวสารไปซาวน้ำก่อนสัก 2 ครั้ง)  - น้ำเปล่าสำหรับหุงข้าว  2 ถ้วย + 1/3 ถ้วย
- น้ำมันพืช 2 ช้อนโต๊ะ - กระเทียมสับ 1/4 ถ้วย- ขิงแก่ทุบพอแตก หั่นเป็นแว่น 5 แว่น
- ซีอิ๊วขาว 3 ช้อนโต๊ะ - ซอสหอยนางรม 2 ช้อนโต๊ะ- เกลือสมุทรป่น 1/2 ช้อนชา- พริกไทยป่น  1 ช้อนชา- น้ำตาลทราย 1 ช้อนโต๊ะ 
- ต้นหอมซอย ตามชอบ- กระเทียมเจียวแบบแผ่นสำหรับโรยหน้า ตามชอบ ",แคลน้อย,โปรตีนน้อย,ไขมันน้อย,คาร์บน้อย,"เบคอน, ข้าว, น้ำเปล่า, น้ำมัน, กระเทียม, ขิง, ซีอิ๊วขาว, ซอสหอยนางรม, เกลือ,  พริกไทย, น้ำตาลทราย, ต้นหอมซอย, กระเทียมเจียว",มีเบคอน แล้วมีน้ำมันเหลือด้วย ขิง กระเทียม เอามาทำเมนูอะไรดี,มีน้ำมันเบคอน อยากเอาไปทำอาหารต่อ ทำอะไรกินดี ,มีเบคอน กับข้าว ทำเมนุอะไรดี อร่อยๆ ให้เยอะๆ
เกี๊ยวกรอบต้มยำแห้ง,":: ส่วนผสม ""เกี๊ยวกรอบ"" ::
- หมูบดติดมัน  150 กรัม - รากผักชีหั่นละเอียด 1/2 ช้อนโต๊ะ - กระเทียมไทยแกะเปลือก 1 ช้อนโต๊ะ  - พริกไทยขาวป่น 1/2 ช้อนชา- ซีอิ๊วขาว 1 ช้อนชา- ซอสปรุงรส 1/2 ช้อนชา- น้ำมันงา 1/2 ช้อนโต๊ะ - น้ำตาลทราย 1 ช้อนชา- น้ำเย็นจัด 2 ช้อนโต๊ะ 
- แผ่นเกี๊ยวประมาณ 20 - 25  แผ่น  - น้ำมันสำหรับทอดเกี๊ยว
:: ส่วนผสม ""เครื่องต้มยำแห้ง"" ::
- หมูบดติดมัน 200 กรัม - น้ำเปล่าสำหรับรวนหมู 60 กรัม - น้ำตาลทราย  3 ช้อนโต๊ะ - น้ำปลา 3 + 1/2  ช้อนโต๊ะ - น้ำมะนาว 4 ช้อนโต๊ะ - พริกขี้หนูแห้งคั่วป่น  1 ช้อนโต๊ะ หรือตามความเผ็ดที่ชอบ - ถั่วลิสงคั่วป่น 3 ช้อนโต๊ะ - กระเทียมเจียว 2 ช้อนโต๊ะ หรือตามชอบ - ต้นหอม ผักซีซอย  2 ช้อนโต๊ะ หรือตามชอบ
*** ใครที่ไม่ชอบกินเครื่องต้มยำมาก สามารถลดทุกอย่างลงเหลืออย่างละครึ่งได้นะคะ   แต่ถ้าจัดเต็มตามสูตร เครื่องก็จะล้น ๆ แบบในภาพที่พิมทำเลยค่ะ ",แคลน้อย,โปรตีนน้อย,ไขมันน้อย,คาร์บน้อย,"หมู, รากผักชี, กระเทียม, พริกไทย, ซีอิ๊วขาว, ซอสปรุงรส, น้ำมันงา, น้ำตาลทราย, น้ำเย็น, แผ่นเกี๊ยว, น้ำมัน, น้ำ, น้ำปลา, น้ำมะนาว, พริกขี้หนู, ถั่วลิสง, ต้นหอม, ผักซี",มีหมู รากผักชี กระเทียม พริกไทย แป้ง แผ่นเกี้ยว น้ำตาล อยากทำอะไรที่กินแล้วแบบเผ็ดเล็กน้อย รสชาติดี,มี หมู รากผักชี สามเกลอ พวกวัตถุดิบทั่วไป อยากทำให้เผ็ดๆ ใส่พริก,น้ำมันงา เกลือ พริกไทย หมู ไข่ ทำอะไรกินดี
ข้าวหน้าหมูทอดสไตล์ญี่ปุ่น,":: ส่วนผสมและเครื่องปรุง “หมูทอด” สำหรับ 1 ที่ ::
- หมูสันนอกติดมันหั่นหนา 1 ซม. 1 ชิ้น - เกลือป่น นิดหน่อย  - พริกไทยป่น นิดหน่อย - ไข่ไก่ฟองเล็ก ตีให้เข้ากัน 1 ฟอง- แป้งทอดกรอบ 1/4 ถ้วย- เกล็ดขนมปัง 1/2 ถ้วย- น้ำมันสำหรับทอด

:: ส่วนผสมและเครื่องปรุง “ซอสคัตสึด้ง” สำหรับ 1 ที่ ::
- น้ำมันสำหรับผัด 1 ช้อนโต๊ะ - หอมใหญ่หั่น 40 กรัม- ต้นหอมญี่ปุ่นหั่นเฉียง 20 กรัม - น้ำซุปดาชิ 1/3 ถ้วย  - โชยุ “ชาโบะ” 2 ช้อนโต๊ะ- มิริน 3 ช้อนโต๊ะ- น้ำตาลทราย 2 - 3 ช้อนชา  (ตามความหวานที่ชอบ) 
- ไข่ไก่ ตีพอเข้ากัน 1 ฟอง- ต้นหอมไทยซอย  สำหรับโรยหน้า 1 ช้อนโต๊ะ
- ข้าวญี่ปุ่นหุงสุก (ตามชอบ)",แคลมาก,โปรตีนกลาง,ไขมันน้อย,คาร์บสูง,"หมู, เกลือ, พริกไทย, ไข่ไก่, แป้งทอดกรอบ, เกล็ดขนมปัง, น้ำมัน, หอมใหญ่, ต้นหอม, น้ำซุปดาชิ, โชยุ, มิริน, น้ำตาลทราย, ข้าว",วันนี้รู้สึกอยากกินอาหารญี่ปุ่นมี หมู เกล็ดขนมปัง แป้ง โชยุ มิริน สาเก ทำอะไรได้บ้าง,อยากกินเมนูอุ่นๆท้อง ราดข้าว รสชาติดี ไม่เผ็ด ทำมาจากหมู,หมี่ หมู เกลือ โชยุ ทานอะไรดีคะ
หมี่คลุกไก่ฉีกพริกเผา," :: ส่วนผสมและเครื่องปรุง ::
- เส้นหมี่แห้ง 200 กรัม
- อกไก่ 850 กรัม- น้ำเปล่า 2000 กรัม (2000 มิลลิลิตร) - หัวไชเท้าปอกเปลือก หั่นเป็นชิ้น  300 กรัม- รากผักชีทุบพอแตก 4 ราก (20 กรัม) - กระเทียมจีนทุบพอแตก 3 กลีบ (20 กรัม) - พริกไทยเม็ด 1/2 ช้อนโต๊ะ บุบพอแตก- เกลือสมุทรป่น 3 ช้อนชา (12 กรัม) - ซีอิ๊วขาว 1 ช้อนโต๊ะ (15 กรัม) - น้ำตาลทราย 1 ช้อนโต๊ะ (15 กรัม) 
- น้ำพริกเผา 5 ช้อนโต๊ะ (80 กรัม) - น้ำมะขามเปียก 3 + 1/2 ช้อนโต๊ะ  (52 กรัม) - น้ำปลา 3 + 1/2 ช้อนโต๊ะ  (82 กรัม)- น้ำตาลทราย 6 ช้อนโต๊ะ  (90 กรัม) - น้ำมะนาว 6 ช้อนโต๊ะ (60 กรัม) - พริกป่น 1 ช้อนโต๊ะ (5 กรัม) 
- ต้นหอมผักชีซอย 1/2 ถ้วย- ผักกาดหอม 1 ต้น- กระเทียมเจียว 1/2 ถ้วย หรือมากน้อยกว่านี้ตามชอบ- กากหมู / แคบหมู 2 ถ้วย หรือมากน้อยกว่านี้ตามชอบ 
** เมนูนี้พิมทั้งตวงและชั่งส่วนผสมมาให้พร้อมกันเลยนะคะ   ใครจะใช้สูตรชั่ง หรือสูตรตวง (รสเดียวกัน) ก็เลือกได้ตามที่สะดวกเลยค่ะ 
** น้ำมะขามเปียก พิมใช้มะขามเปียกแบบมีซังแต่ไม่มีเม็ด 50 กรัม คั้นกับน้ำ 200 กรัม  ได้เป็นน้ำมะขามประมาณ 160 กรัม   เอามาใช้แค่ 52 กรัม / ส่วนที่เหลือก็เก็บแช่ช่องฟรีสไว้ใช้วันหลังได้นะคะ 
** สูตรนี้ได้ 6 จานแบบในภาพ",แคลมาก,โปรตีนกลาง,ไขมันน้อย,คาร์บสูง,"หมี่แห้ง, อกไก่, น้ำเปล่า, หัวไช, รากผักชี, กระเทียม, พริกไทย, เกลือ, ซีอิ๊วขาว, น้ำตาลทราย, น้ำพริกเผา, น้ำมะขามเปียก,  น้ำปลา, น้ำตาลทราย, น้ำมะนาว, พริกป่น, ต้นหอม, ผักกาด, กระเทียม, กากหมู",อยากกินหมี่ไก่ฉีก,มี หมี่ อกไก่ น้ำพริก กากมู ผัก น้ำมันกระเทียม เครื่องปรุงต่างๆ แนะนำเมนูหน่อยสิ,อยากกินหมี่ไก่ฉีกรสชาติเผ็ดมากกว่า โดยใช้พริกที่เค้ามี พริกเค้าเผ็ดมาก
ข้าวผัดกระเทียมเนื้อย่าง,"- ข้าวสวย จากข้าวหอมมะลิสุรินทร์ ตราไก่แจ้เขียว  500 กรัม- น้ำมันพืช 2 ช้อนโต๊ะ - เนยจืด 2 ช้อนโต๊ะ- กระเทียมสับ 3 ช้อนโต๊ะ - แครอทสับ 1/4 ถ้วย - โชยุ 4 ช้อนโต๊ะ - น้ำตาลทราย 1/2 ช้อนชา
- เนื้อวัว ส่วนสันนอกติดมัน 300 กรัม - เกลือป่น 1/2 ช้อนชา- พริกไทยดำบดหยาบ 1/2 ช้อนชา- น้ำมันพืช (สำหรับหมักเนื้อ) 1 ช้อนชา
- ต้นหอมซอย 2 ช้อนโต๊ะ- กระเทียมแบบแผ่นทอดกรอบ มากน้อยตามชอบ ",แคลมาก,โปรตีนกลาง,ไขมันกลาง,คาร์บสูง,"ข้าวสวย, น้ำมันพืช, เนยจืด, กระเทียม, แครอท, โชยุ, น้ำตาลทราย, เนื้อวัว, เกลือป่น,  พริกไทยดำ, น้ำมัน, ต้นหอมซอย, กระเทียม",มีข้าวเก่า น้ำมัน เนย กระเทียม แครอท หัวหอม เนื้อเล็กน้อย ทำเมนูอะไรดี,มีข้าวสวย กระเทียม นม แครอท เนย ทำอะไนกินดี รสชาติดี อร่อยๆ ,เนื้อ กระเทียม ข้าว แนะนำเมนูหน่อย
เกี๊ยวหมูซอสสุกี้,"::  ส่วนผสมและเครื่องปรุง ""เกี๊ยวหมู"" :: 
- หมูสับติดมัน  250 กรัม- รากผักชีหั่นหยาบ 1/2 ช้อนโต๊ะ - กระเทียมไทยแกะเปลือก 1/2 ช้อนโต๊ะ - พริกไทยขาวป่น 1/2 ช้อนชา- ซีอิ๊วขาว 1 ช้อนโต๊ะ- ซอสหอยนางรม 1 ช้อนโต๊ะ - เกลือป่น 1/4 ช้อนชา- น้ำตาลทราย 1/2 ช้อนชา- แป้งมัน 1 ช้อนโต๊ะ - น้ำมันงา 1 ช้อนชา- น้ำเย็นจัด 1 ช้อนโต๊ะ - ต้นหอมซอย 2 ช้อนโต๊ะ 
- แผ่นเกี๊ยว จำนวนตามชอบ 
*** เกี๊ยวสูตรนี้ ถ้าใช้หมูที่ปรุงรสแล้ว 10 กรัม ต่อเกี๊ยว 1 ตัว จะได้เกี๊ยวทั้งหมดประมาณ 30 ตัว
:: ส่วนผสมและเครื่องปรุง ""ซอสสุกี้"" :: 
- ซอสพริก 280 กรัม- น้ำตาลทราย 50 กรัม- น้ำส้มสายชู 20 กรัม (ถ้าชอบเปรี้ยวมากใช้ 30 กรัม) - ซีอิ๊วขาว 40 กรัม- ซอสหอย 10 กรัม- น้ำซุป 40 กรัม- พริกขี้หนูสับ 20 กรัม- กระเทียมจีนสับ 30 กรัม 
*** สูตรนี้ได้ซอส/น้ำจิ้มสุกี้ประมาณ 1 + 1/2 ถ้วย  ถ้าใครต้องการทำน้อยกว่านี้ ก็ปรับลดสูตรตามสัดส่วนได้เลย หรือถ้าใครอยากใช้น้ำจิ้มสุกี้สำเร็จรูป ก็ข้ามส่วนนี้ไปได้เลยนะคะ 
:: ส่วนผสมอื่น ๆ ต่อ 1 ที่ :: 
- ผักบุ้งจีนหั่นท่อนสั้น 50 กรัม- ขึ้นฉ่ายหั่นท่อนสั้น 40 กรัม- ผักกาดขาวหั่นชิ้นพอคำ 100 กรัม- หมูแดงหั่น 30 กรัม หรือตามชอบ - น้ำจิ้มตามสูตรด้านบน 1/2 ถ้วย หรือตามชอบ - เกี๊ยวตามสูตรด้านบน 6 ตัว หรือตามชอบ 
- น้ำมันพืช หรือน้ำมันกระเทียมเจียวเล็กน้อย - งาขาวคั่วเล็กน้อย (ไม่มี ก็ไม่ต้องใส่) 
*** สำหรับหมูแดง ใครจะใส่หรือไม่ใส่ก็ได้  แต่ถ้าใส่ จะทำให้อร่อยขึ้นค่ะ 
*** สูตรหมูแดง >> https://www.pim.in.th/one-dish-food/412-kao-moo-daeng   ถ้าใครชอบหมูแดงติดมันหน่อยให้ใช้หมูสันคอ หรือสันนอกติดมัน แทนสันในนะคะ",แคลมาก,โปรตีนกลาง,ไขมันกลาง,คาร์บสูง,"หมูสับ, รากผักชี, กระเทียมไทย, พริกไทยขาวป่น, ซีอิ๊วขาว,  ซอสหอยนางรม, เกลือป่น, น้ำตาลทราย, แป้งมัน, น้ำมันงา,  น้ำเย็น, ต้นหอม, แผ่นเกี๊ยว 
ซอสพริก, น้ำตาลทราย, น้ำส้มสายชู, ซีอิ๊วขาว, น้ำซุป, พริกขี้หนู, กระเทียม, ผักบุ้ง, ขึ้นฉ่าย, ผักกาดขาว, หมู, น้ำมัน, งาขาว",อยากกินเกี๊ยวที่ไม่ทอด อร่อย ทำมาจากหมูสับ รสชาติเหมือนกินสุกกี้,"หมูสับ, รากผักชี, กระเทียมไทย, พริกไทยขาวป่น, ซีอิ๊วขาว,  ซอสหอยนางรม เต็มไปหมด ทำไรอีสดี",ช่วยแนะนำเมนูเกี้ยวที่ไม่ซ้ำใคร อร่อยมากๆ 
ข้าวหน้าหมูสับผัดหนำเลี๊ยบ," :: ส่วนผสมและเครื่องปรุง ::
- ข้าวสวย 2-3 ถ้วย  - หมูสับ 200 กรัม- หนำเลี๊ยบดองน้ำเกลือ 5-6 ลูก  - กระเทียมสับละเอียด 2 ช้อนโต๊ะ- พริกไทยป่น 1/4 ช้อนชา- น้ำตาลทราย 1/4 ช้อนชา- ซีอิ๊วขาว 1/2 - 1 ช้อนโต๊ะ   (ถ้าชิมแล้วไม่เค็มค่อยใส่เพิ่ม  / ปริมาณมากน้อยตามความเค็มที่ชอบ)- ซอสหอยนางรม 1 ช้อนโต๊ะ- น้ำมันสำหรับผัด 2 ช้อนโต๊ะ- ต้นหอมซอย 2 ช้อนโต๊ะ  - พริกจินดาซอย 2 ช้อนโต๊ะ- เม็ดมะม่วงหิมพานต์ทอด 2 ช้อนโต๊ะ - กระเทียมเจียว 1 ช้อนโต๊ะ - มะนาว  2 ซีก
*** ตามสูตรนี้ เสิร์ฟได้ประมาณ 2 ที่",แคลน้อย,โปรตีนน้อย,ไขมันน้อย,คาร์บน้อย,"ข้าวสวย, หมูสับ, หนำเลี๊ยบ, กระเทียม, พริกไทย, น้ำตาลทราย,  ซีอิ๊วขาว, ซอสหอยนางรม, น้ำมัน, ต้นหอม, พริกจินดา, เม็ดมะม่วงหิมพานต์, มะนาว ",มีหนำเลี้ยบ ทำเมนูอะไรได้บ้าง,แม่ซื้อ หนำเลี้ยบ ปลาป่น มะละกอ หมูสับ ข้าวสวย กระเทียม พริกไทย ทำออาหารอะไรได้บ้าง,หนำเลี้ยบ ที่บ้าน ทำอะไรกินได้บ้าง 
ข้าวผัดลูกเดือยธัญพืช,"
:: ส่วนผสมและเครื่องปรุง ::
- ข้าวสารหอมมะลิ 1 ถ้วย- ลูกเดือยข้าวเหนียวหุงสุกเร็ว P-Life 1/2 ถ้วย- น้ำเปล่าสำหรับหุงข้าว 2 ถ้วย- น้ำมันสำหรับผัด 2 ช้อนโต๊ะ- กระเทียมสับ 2 ช้อนโต๊ะ- กุ้งแห้ง 10 กรัม  แช่น้ำให้นุ่ม - แฮม 2 แผ่น  หั่นชิ้นเล็ก - เห็ดหอมแห้ง 10 กรัม  แช่น้ำให้นุ่ม แล้วหั่นเป็นเส้น- ธัญพืช เช่น  แปะก๊วย เผือก ถั่วแดง ถั่วลิสง ถั่วลันเตา (ต้มสุก) รวมกัน 1 +1/2 ถ้วย
- เกลือสมุทรป่น 1/4 ช้อนชา- ซีอิ๊วขาว 1 ช้อนโต๊ะ - ซอสปรุงรส 1 ช้อนโต๊ะ - น้ำตาลทราย 1/4 ช้อนชา- พริกไทยขาวป่น ตามชอบ
** สูตรนี้ได้ประมาณ 2-3 จานตามในภาพ 
** ปกติข้าวหอมมะลิที่พิมใช้  เวลาหุงข้าวจะใช้น้ำประมาณ 1.3 เท่าของข้าว  เพราะงั้นถ้าใครใช้ข้าวที่ต้องใส่น้ำมากกว่านี้  เวลาหุงพร้อมลูกเดือยก็ให้เพิ่มปริมาณน้ำไปอีกนิดนึงนะคะ",แคลมาก,โปรตีนสูง,ไขมันกลาง,คาร์บสูง,"ข้าวสาร, ลูกเดือย, น้ำเปล่า, น้ำมัน, กระเทียม, กุ้งแห้ง, แฮม, เห็ดหอม, แปะก๊วย, เผือก, ถั่วแดง, ถั่วลิสง, ถั่วลันเตา, เกลือ, ซีอิ๊ว, ซอสปรุงรส, น้ำตาลทราย, พริกไทยขาวป่น",มีธัญพืช  อยากกินอาหารสุขภาพดี เอามาทำอะไรได้บ้าง ,มีลูกเดือย ข้าว เนย ผักเล็กน้อย อยากทำอาหารเพื่อสุขภาพ,"มีของตามนี้ ข้าวสาร, ลูกเดือย, น้ำเปล่า, น้ำมัน, กระเทียม, กุ้งแห้ง ทำอะไรกินดี"
ก๋วยเตี๋ยวหลอดไส้หน่อไม้,"
::  ส่วนผสมและเครื่องปรุง  ""ไส้หน่อไม้ผัด"" ::
- หน่อไม้ไผ่ตงต้ม หั่นเส้นเล็กยาว แล้วบีบน้ำให้แห้ง 300 กรัม- หมูสามชั้นไม่เอาหนัง หั่นเส้นเล็กยาว 100 กรัม- เห็ดหอมแห้งดอกกลาง แช่น้ำจนนุ่ม บีบน้ำให้แห้ง หั่นเส้นยาว 4 ดอก- กุ้งแห้งเนื้อ 30 กรัม แช่น้ำให้นิ่ม - น้ำมันพืช 1 ช้อนโต๊ะ - กระเทียมสับ 1 ช้อนโต๊ะ - ซีอิ๊วขาว 1 ช้อนโต๊ะ - ซอสปรุงรส 1 ช้อนโต๊ะ - ซีอิ๊วดำ 1/2 ช้อนชา- น้ำตาลทราย 1 ช้อนชา- พริกไทยขาวป่น 1/2  ช้อนชา- น้ำซุปไก่ หรือน้ำแช่เห็ดหอม 1/4 ถ้วย
:: ส่วนผสมและเครื่องปรุง ""พริกน้ำส้ม"" :: 
- พริกจินดา 25 กรัม- น้ำส้มสายชู 1/2 ถ้วย
:: ส่วนผสมและเครื่องปรุง ""น้ำราดก๋วยเตี๋ยวหลอด"" :: 
- ซีอิ๊วขาว 1/4 ถ้วย- ซีอิ๊วดำหวาน 1 ช้อนโต๊ะ - น้ำส้มสายชู 2 + 1/2 ช้อนโต๊ะ - น้ำตาลทราย 6 ช้อนโต๊ะ - น้ำเปล่า 1/4 ถ้วย 
:: ส่วนผสมและเครื่องปรุง ""ไชโป้วคั่ว"" :: 
- หัวไชโป้วหวานแบบสับ 1/2 ถ้วย  (ล้างน้ำ 1 ครั้ง บีบให้แห้ง) - น้ำตาลทราย 1/2 ช้อนโต๊ะ 
:: ส่วนผสมและเครื่องปรุงอื่นๆ :: 
- กระเทียมไทยสับ 1/2 ถ้วย- น้ำมันสำหรับเจียวกระเทียมครึ่งถ้วย
- แผ่นก๋วยเตี๋ยว (เส้นใหญ่แบบยังไม่ตัด) 10 แผ่น หรือน้ำหนักประมาณ 500 กรัม- ถั่วงอก 300 กรัม- ต้นหอมผักชีซอยหยาบ ๆ สำหรับโรยหน้า 1/4 ถ้วย  
*** เพื่อสุขอนามัยที่ดี อย่าลืมเอาแผ่นก๋วยเตี๋ยวที่ซื้อมาไปนึ่งให้ร้อนสัก 5 นาที หรือเข้าไมโครเวฟ  900 วัตต์ สัก 1.30 นาทีก่อนใช้งานด้วยค่า",แคลมาก,โปรตีนสูง,ไขมันสูง,คาร์บสูง," หน่อไม้, หมูสามชั้น, เห็ดหอม, กุ้งแห้ง, น้ำมัน, กระเทียม, ซีอิ๊วขาว, ซอสปรุงรส, ซีอิ๊วดำ, น้ำตาลทราย, พริกไทยขาวป่น, น้ำซุปไก่, พริกจินดา, น้ำส้มสายชู , ซีอิ๊วขาว, ซีอิ๊วดำหวาน, น้ำส้มสายชู, น้ำตาลทราย, น้ำเปล่า, หัวไชโป้วหวาน, น้ำตาลทราย, กระเทียมไทย, แผ่นก๋วยเตี๋ยว, ถั่วงอก, ต้นหอม",มี หน่อไม้ แตงกวา แครอท แอปเปิ้ล เห็ด กุ้ง แผ่นก๋วยเตี๋ยว แนะนำเมนูหน่อย,หน่อไม้ หมู เห็ด กุ้ง น้ำมัน ทำอะไรกินดี รสชาติอร่อยๆ ,อยากกินก๋วยเตี้ยวที่ใส่ หน่อไม้เยอะๆ มีหมูสันคอด้วย รสชาติกลมกล่อม
เส้นใหญ่ผัดซีอิ๊วหมูหมัก,"- หมูสันคอหั่นชิ้นบาง ๆ พอคำ 140 กรัม- น้ำตาลทราย 1/2 ช้อนชา- ซีอิ๊วขาว 1/2 ช้อนชา- ซอสหอยนางรม 1/2 ช้อนชา- น้ำมันงา 1/2 ช้อนชา- พริกไทยป่น 1/4 ช้อนชา- น้ำเย็นจัด 1/2 ช้อนโต๊ะ 
** หมูหมักสูตรนี้นิ่มนุ่ม   แต่ไม่ได้นุ่มแบบเปื่อยยุ่ยอย่างตามร้านราดหน้า   ถ้าใครชอบเปื่อยนุ่มแบบนั้น ใส่ผงฟูไปสัก 1/8 ช้อนชานะคะ
** หมูหมักสูตรนี้ ไม่หวาน  ถ้าใครชอบหวาน เพิ่มน้ำตาลไปตามที่ชอบได้เลยค่ะ
:: ส่วนผสมและเครื่องปรุง ""ผัดซีอิ๊ว"" ::
- เส้นใหญ่ 250 กรัม- ซีอิ๊วดำเค็มเล็กน้อย หรือประมาณ 1/2 ช้อนชา- หมูหมัก ตามด้านบน- ไข่ไก่ 2 ฟอง- น้ำมันพืช 2 - 3 ช้อนโต๊ะ - กระเทียมสับ 2 ช้อนโต๊ะ 
- น้ำตาลทราย 1/2 ช้อนโต๊ะ - ซีอิ๊วขาว 1/2 ช้อนโต๊ะ - ซอสปรุงรส 1 ช้อนโต๊ะ - ซอสหอยนางรม 2 ช้อนโต๊ะ - พริกไทยป่น 1/2 ช้อนชา หรือตามชอบ
- คะน้าหั่น 140 กรัม    ",แคลน้อย,โปรตีนน้อย,ไขมันน้อย,คาร์บน้อย,"หมูสันคอ, น้ำตาลทราย, ซีอิ๊วขาว, ซอสหอยนางรม, น้ำมันงา, พริกไทยป่น, น้ำเย็น, เส้นใหญ่, ซีอิ๊วดำ, หมู, ไข่ไก่, น้ำมัน, กระเทียม, น้ำตาลทราย, ซีอิ๊วขาว, ซอสปรุงรส, ซอสหอยนางรม, พริกไทยป่น, คะน้า",มีเส้นใหญ๋ อยากกินกับหมูหมัก พอดีมีหมูสันคอไว้อยู่ และหมักกับซอสหอย,ไข่ หมู ซอสหอย เครื่องปรุงต่างๆ แนะนำเมนุหน่อย,หมูหมักเอาไว้ทำอะไรดี กับเส้นใหญ่
ข้าวผัดกระเทียมญี่ปุ่นแบบง่ายๆ,"- ข้าวหอมมะลิหุงสวยๆ   2 + 1/2 ถ้วย  (ประมาณ 375 กรัม)  - น้ำซุปเข้มข้น ตรา Yamamori  3  ช้อนโต๊ะ - ซีอิ๊วขาว 1 ช้อนโต๊ะ - เกลือสมุทรป่น 1/4 ช้อนชา- กระเทียมสับ 2 ช้อนโต๊ะ - น้ำมันสำหรับผัด 2 ช้อนโต๊ะ 
- แครอทสับ 2 ช้อนโต๊ะ - ต้นหอมซอย 4 ช้อนโต๊ะ   (ใส่ข้าวผัด 2 ช้อน โรยหน้าชามละ 1 ช้อน)
- ปูอัดหั่นชิ้นยาว 1 ซม.  120 กรัม
- กระเทียมเจียวแบบแผ่น 3 ช้อนโต๊ะ หรือตามชอบ (ใส่หรือไม่ใส่ก็ได้) 
*** ตามสูตรได้ 2 ชามแบบในภาพ*** เปลี่ยนจากปูอัด เป็น กุนเชียง หมูยอ ได้
:: ส่วนผสมและเครื่องปรุง ""ข้าวผัดกระเทียมหน้าหมูย่าง"" ::
- ข้าวหอมมะลิหุงสวยๆ   2 + 1/2 ถ้วย  (ประมาณ 375 กรัม)  - น้ำซุปเข้มข้น ตรา Yamamori  3  ช้อนโต๊ะ - ซีอิ๊วขาว 1 ช้อนโต๊ะ - เกลือสมุทรป่น 1/4 ช้อนชา- กระเทียมสับ 2 ช้อนโต๊ะ - น้ำมันสำหรับผัด 2 ช้อนโต๊ะ 
- แครอทสับ 2 ช้อนโต๊ะ - ต้นหอมซอย 4 ช้อนโต๊ะ   (ใส่ข้าวผัด 2 ช้อน โรยหน้าชามละ 1 ช้อน)",แคลน้อย,โปรตีนน้อย,ไขมันน้อย,คาร์บน้อย,"ข้าวสาร, น้ำซุป, ซีอิ๊วขาว, เกลือสมุทร,  กระเทียม, น้ำมัน, แครอท, ต้นหอม, ปูอัด, กระเทียม, น้ำมัน, หมู",อยากกินข้าวผัดกระเทียมเหมือนร้านอาหารชื่อดัง,มี ข้าวญี่ปุ่น น้ำซุป เกลือ โชยุ มิริน กระเทียม เนื้อ กุ้ง เห็ด มะนาว นม ทำอะไรกินดี จากวัตถุดิบที่มี ไขมันน้อย ,อยากกินข้าวผัดอร่อยๆ มีข้าวเย็นเหลือ แต่ไม่เอารสจัดมาก เอาเป็นไส่กระเทียม แครอท ต้นหอม เบาๆ
กระเพาะปลาน้ำแดง,":: ส่วนผสมและเครื่องปรุง ::
- กระเพาะปลาแบบทอด 100 กรัม- ขิงแก่ทุบพอแตก 2 ชิ้น (ขนาดตามในภาพ)- ต้นหอม 2 ต้นใหญ่ ๆ (มัดรวมกัน หรือไม่มัดก็ได้) - เหล้าจีน 2 ช้อนโต๊ะ - พริกไทยเม็ดบุบพอแตก 1/2 ช้อนชา- น้ำเปล่า สำหรับต้มกระเพาะปลา 1.5 ลิตร
- อกไก่ 150 กรัม  - น้ำเปล่าสำหรับต้มอกไก่ 1/2 ลิตร 
- เห็ดหอมแห้ง 20 กรัม แช่น้ำจนนิ่ม หั่นเป็นชิ้นหรือเป็นเส้น - น้ำซุปไก่ 6 + 1/2 ถ้วย- ซีอิ๊วขาว 4 ช้อนโต๊ะ - ซอสปรุงรส 3 ช้อนโต๊ะ - ซอสหอยนางรม 4 ช้อนโต๊ะ - ซีอิ๊วดำเค็ม 1/4 ช้อนชา  (ใส่เพื่อแต่งสี จะใส่หรือไม่ใส่ก็ได้) - น้ำตาลทราย 2 ช้อนชา- เหล้าจีน 2 ช้อนโต๊ะ - น้ำมันงา 1 ช้อนชา- แป้งมันฮ่องกง 5 ช้อนโต๊ะ- น้ำเปล่าสำหรับละลายแป้งมัน 3 ช้อนโต๊ะ  
- เนื้อปู 100 กรัม (ใส่หรือไม่ใส่ก็ได้) - ผักชีหั่นหยาบ สำหรับโรยหน้า 1/4 ถ้วย- พริกไทยขาวป่น สำหรับโรยหน้า  /  น้ำส้มพริกดอง /  จิ๊กโชว์ ตามชอบ- ไข่ต้มผ่าครึ่ง  (ปกติถ้าเป็นกระเพาะปลาน้ำแดง จะไม่ใส่ไข่ต้ม แต่พิมใส่ เพราะว่าชอบค่ะ) 
*** ใช้แป้งมัน หรือแป้งข้าวโพดแทนแป้งมันฮ่องกงได้ แต่แป้งมันจะคืนตัวไว  ส่วนแป้งข้าวโพดจะทำให้น้ำซุปขุ่น ไม่ใสเหมือนอย่างที่พิมทำนะคะ 
*** แป้งมันฮ่องกง ปกติพิมซื้อที่เยาวราช แต่ว่าช่วงโควิดนี่พิมซื้อจากใน Shopee/Lazada  แทน  ใครหาไม่ได้ก็ลองดูร้านนี้ใน Shopee ค่ะ >> https://shp.ee/nptx36d
*** สูตรนี้กินได้ประมาณ 5 คน",แคลน้อย,โปรตีนน้อย,ไขมันน้อย,คาร์บน้อย,"กระเพาะปลา, ขิง, ต้นหอม, เหล้า, พริกไทยเม็ด, น้ำเปล่า, อกไก่, เห็ดหอมแห้ง, น้ำซุปไก่, ซีอิ๊วขาว, ซอสปรุงรส, ซอสหอยนางรม, ซีอิ๊วดำเค็ม, น้ำตาลทราย, เหล้า,  น้ำมันงา,  แป้ง, น้ำ, ปู, ผักชี, พริกไทย ,น้ำส้มพริกดอง, ไข่ต้ม",อยากกินกระเพาะปลารสชติเหมือนบ้าน,มีกระเพาะปลา อกไก่ ปู เห็ดหอม น้ำซุป ซีอิ๊ว น้ำมันงา น้ำตาล น้ำมัน อยากทำกระเพาะปลาน้ำแดง,ในครัวมีกระเพาะปลา ขิง เห็ดหอม ปู ไข่ต้ม พริกไทยเม็ดใหญ่ แบบจีนๆ
ขนมจีนน้ำใส,"- ซี่โครงหมู (อ่อน) 500 กรัม- หมูสับ 300 กรัม- เลือดหลอดอนามัย เบทาโกร 3 หลอด - มะเขือเทศลูกเล็ก สุกปนห่าม หั่นครึ่งลูก 300 กรัม- รากผักชีรากใหญ่ ทุบพอแตก 5 ราก- น้ำปลา 2 ช้อนโต๊ะ- เกลือสมุทรป่น 1 ช้อนโต๊ะ- น้ำเปล่า 12 ถ้วย
- กระเทียมสับ 1/2 ถ้วย - น้ำมันสำหรับเจียวกระเทียม 1/4 ถ้วย- ต้นหอมผักชี หั่นละเอียดสำหรับโรยหน้า 1/2 ถ้วย- ขนมจีน 700 - 1000 กรัม - ผักกาดดองหั่นฝอย  ถั่วงอก มะนาวหั่นชิ้น  แคบหมู พริกทอด พริกป่น ตามชอบ",แคลกลาง,โปรตีนกลาง,ไขมันน้อย,คาร์บสูง," ซี่โครงหมู, หมูสับ, เลือด,  มะเขือเทศ, รากผักชี, น้ำปลา, เกลือ, น้ำเปล่า, กระเทียม, น้ำมัน, ต้นหอมผักชี, ขนมจีน, ผักกาดดอง, ถั่วงอก, มะนาว,  แคบหมู, พริกทอด, พริก",อยากกินอาหารที่ไม่เผ็ด ทำมาจากเส้นขนมจีนเพราะมีขนมจีนเยอะมาก ,มีซี่โครงหมู หมูสับ เลือด มะเขือเทศ รากผักชี ขนมจีน ผักดอง พริก  ทำอาหารรสชาติเผ็ดน้อยๆ ,อยากทำซุปแบบเหนือ ๆ แซ่บ ๆ ได้ไหม
บะหมี่ผัดสะตอกะปิกุ้ง,- นิสชิน รสกุ้งมังกรผัดกะปิพริกแห้ง 2 ซอง- กุ้งสดแกะเปลือก ผ่าหลัง 8 - 10 ตัว- สะตอ ผ่าครึ่งเมล็ด 60 กรัม - กระเทียมจีน หั่นชิ้น 30 กรัม- หอมแขก หั่นชิ้น 70 กรัม- พริกขี้หนูแห้งทอด/คั่ว 10 เม็ด- น้ำมันสำหรับผัด 2 ช้อนโต๊ะ- น้ำซุป 2 - 3 ช้อนโต๊ะ ,แคลกลาง,โปรตีนน้อย,ไขมันน้อย,คาร์บกลาง,"นิสชิน บะหมี่กึ่งสำเร็จรูป, กุ้งสด, สะตอ, กระเทียม, หอมแขก, พริกขี้หนู, น้ำมัน, น้ำซุป",มี บะหมี่กึ่งสำเร็จรูป กุ้ง กินอะไรดี อยากกินอาหารเป็ดๆๆ ไขมันน้อย,ในครัวมีมาม่า กุ้ง สะตอ น้ำซุป กระเทียม พริก อยากทำเมนูผัดเส้นแบบฟิวชันใต้-เกาหลีรสเข้มข้น,มีกุ้ง สะตอ กระเทียม หอมแขก พริกขี้หนู บะหมี่กึ่งฯ
ข้าวเหนียวนึ่งนุ่มข้ามคืน,- ข้าวเหนียวกลางเก่ากลางใหม่ 500 กรัม- ใบเตยล้างสะอาด มัดรวมกัน 3-4 ใบ- น้ำเปล่าสำหรับแช่ข้าวเหนียว 1.5 ลิตร  หรือพอท่วมข้าว,แคลน้อย,โปรตีนน้อย,ไขมันน้อย,คาร์บน้อย," ข้าวเหนียว, ใบเตย, น้ำเปล่า",อยากทำข้าวเหนียว ไว้กินกับส้มตำ เพราะที่บ้านมีข้าวเหนียว,หุงข้าวเหนียวหอมๆ สวยๆ ,มีใบเตย ข้าว น้ำ ทำอะไรได้
ข้าวคลุกพริกเกลือทะเล," :: ส่วนผสมและเครื่องปรุง :: 
- ข้าวหอมมะลิหุงสวย ๆ 2 ถ้วย- กุ้งสดแกะเปลือก ผ่าหลัง 6 ตัว - หมึกหอม หั่นแว่น 6 ชิ้น - เนื้อปลากะพง 3 ชิ้น- หมูสามชั้น มันน้อยๆ 100 กรัม- ไข่เป็ด 2 ฟอง
- กระเทียมไทยแกะเปลือก 3 ช้อนโต๊ะ- พริกขี้หนูเด็ดก้าน 1 - 2 ช้อนโต๊ะ (ตามความเผ็ดที่ชอบ)- รากผักชี 2 ช้อนโต๊ะ - น้ำมะนาว 4 ช้อนโต๊ะ - น้ำปลา 2 ช้อนโต๊ะ- น้ำตาลทราย 2 ช้อนโต๊ะ- เกลือ 1 ช้อนชา
- แตงกวา และผักชี สำหรับกินคู่กัน",แคลมาก,โปรตีนกลาง,ไขมันน้อย,คาร์บสูง,"ข้าวหอมมะลิ, กุ้งสด, หมึก, เนื้อปลากะพง, หมูสามชั้น, ไข่เป็ด,  กระเทียม, พริกขี้หนู, รากผักชี, น้ำมะนาว, น้ำปลา, น้ำตาลทราย,  เกลือ, แตงกวา ",อาหารทะเลเยอะมากในตู้เย็น เช่น กุ้ง ปลาหมึก ทำอะไรกินได้บ้าง,มีรวมมิตรทะเล กุ้งใกล้เสียแล้ว อยากทำอาหาร รสเปรี้ยวหวาน เค็ม เผ็ดนิดๆ,ครัวมีวัตถุดิบทั้งกุ้ง หมึก ปลากะพง  ของสดทั้งนั้น ทำอะไรได้บ้าง
คีชแฮมไข่ผักโขม,":: ส่วนผสม “แป้งทาร์ต” ::
- แป้งสาลีอเนกประสงค์ 250 กรัม- เนยจืด (แช่เย็น) 125 กรัม- เกลือป่น 1/8 ช้อนชา- ไข่ไก่ Betagro Cage Free 2 ฟอง- น้ำเย็นจัด 55 กรัม

:: ส่วนผสม “ไส้คีช” ::
- เนยจืด 1 ช้อนโต๊ะ - หอมใหญ่สับ 2 ช้อนโต๊ะ - กระเทียมสับ 1 ช้อนโต๊ะ- แฮมหั่นชิ้นเล็ก 100 กรัม- ผักโขมลวกสุก บีบน้ำให้แห้ง 150 กรัม- เกลือป่น (ส่วนที่ 1) 1/4 ช้อนชา- พริกไทยป่น (ส่วนที่ 1) 1/4 ช้อนชา- ไข่ไก่ Betagro Cage Free 2 ฟอง- วิปปิ้งครีม 80 กรัม- นมจืด 50 กรัม- เกลือป่น (ส่วนที่ 2) 1/2 ช้อนชา- พริกไทยป่น (ส่วนที่ 2) 1/2 ช้อนชา- พาร์เมซานชีส 2 ช้อนโต๊ะ - มอสเซอเรล่าชีส 50 กรัม- เชดด้าชีส 50 กรัม 
:: ส่วนผสมสำหรับแต่งหน้า ::
- ไข่ไก่ Betagro Cage Free ตามชอบ - น้ำมันสำหรับทาพิมพ์เล็กน้อย- พิมพ์โลหะรูปหัวใจ 1 อัน",แคลมาก,โปรตีนสูง,ไขมันสูง,คาร์บสูง,"แป้งสาลีอเนกประสงค์, เนยจืด, เกลือ, ไข่ไก่, น้ำเย็น, หอมใหญ่, กระเทียม, แฮม, ผักโขม, เกลือ, พริกไทย, วิปปิ้งครีม, นมจืด, เกลือป่น,  พริกไทย, พาร์เมซานชีส, มอสเซอเรล่าชีส, เชดด้าชีส 50 กรัม ","มีแฮม, ผักโขม, ทำอะไรอีสดี ผักโขมใกล้หมดอายุแล้ว",อยากทำเมนูอบชีสแบบฝรั่ง ใช้ผักโขม แฮม หอมใหญ่, วิปปิ้งครีม ชีสหลายชนิด แฮม ผักโขม หอมใหญ่ ทำแพไรได้บ้าง รสชาติฝรั่งๆ
โบโลน่าลาวาภูเขาไฟ,":: ส่วนผสมและเครื่องปรุง ""โบโลน่าลาวาภูเขาไฟ"" ::
- บะหมี่กึ่งสำเร็จรูป 2 ก้อน - ซีพี โบโลน่าไก่สุพรีมสไปซี่ 10 -15 แผ่น - ไข่ดองน้ำปลา ตามชอบ- ข่าแก่ยาว 1 นิ้ว ทุบพอแตก หั่นเป็นชิ้น - ตะไคร้ 2 ต้น ทุบพอแตก หั่นท่อนสั้น- ใบมะกรูดแก่ 5 ใบ ฉีกเป็นชิ้นเล็กๆ  - เห็ดออรินจิ หั่นชิ้นพอคำ 1 ดอก - น้ำซุปไก่ 2 ถ้วย- นมข้นจืด 1/2 ถ้วย- น้ำมะนาว 3 ช้อนโต๊ะ- น้ำปลา 2 ช้อนโต๊ะ- น้ำพริกเผา 2 ช้อนโต๊ะ- พริกขี้หนูสวนเด็ดก้าน ทุบพอแตก 2 ช้อนโต๊ะ - พริกขี้หนูแห้งทอด 5 เม็ด - ผักชีสำหรับโรยหน้า นิดหน่อย
** สูตรนี้สำหรับ 2 ที่นะคะ ",แคลมาก,โปรตีนกลาง,ไขมันน้อย,คาร์บสูง,"บะหมี่กึ่งสำเร็จรูป, โบโลน่าไก่, ไข่ดองน้ำปลา, ข่าแก่ยาว, ตะไคร้, ใบมะกรูด,เห็ดออรินจิ, น้ำซุปไก่, นมข้นจืด, น้ำมะนาว, น้ำปลา, น้ำพริกเผา, พริกขี้หนู, พริกขี้หนู, ผักชี",ที่บ้านมีไข่ดองน้ปลาที่เคยทำไว้นานแล้ว เราสามารถทำอะไรทานได้บ้าง,โบโลน่าไก่ เห็ดออรินจิ ข่า ตะไคร้ ใบมะกรูด ทำอะไรกินดี แบบเด็กหอกินได้ กินดี, มีเห็ดออรินจิ รสจัดด้วยน้ำพริกเผา ไข่ดองน้ำปลา ผักชีสด 
บะหมี่ราดหน้าปูทะเลผัดผงกะหรี่,"- นิสชินปูผัดผงกะหรี่ 2 ซอง- เนื้อปู 70 กรัม- นมข้นจืด 1/3 ถ้วย- ไข่ไก่ 1 ฟอง- ซีอิ๊วขาว ½ ช้อนโต๊ะ- ซอสหอยนางรม ½ ช้อนโต๊ะ- น้ำมันพืช 1 ช้อนโต๊ะ- หอมใหญ่หัวเล็ก ½ หัว- พริกชี้ฟ้าแดง ½ เม็ด- ขึ้นฉ่าย 1 ก้าน- ต้นหอม 1 ต้น 
** ส่วนผสมทั้งหมด สำหรับ 2 ที่",แคลมาก,โปรตีนกลาง,ไขมันกลาง,คาร์บสูง,"นิสชิน บะหมี่กึ่งสำเร็จรูป,  เนื้อปู, นมข้นจืด, ไข่ไก่, ซีอิ๊วขาว, ซอสหอยนางรม, น้ำมันพืช, หอมใหญ่, พริกชี้ฟ้าแดง, ขึ้นฉ่าย, ต้นหอม",เฮย์ สวัดดี ช่วยแนะนำเมนูที่ใช้มาม่าหน่อยได้ไหม บะหมี่กึ่งสำเร็จรูป แล้วใช้หมูสับด้วย,อยากทำเมนูบะหมี่กึ่งฯ ผัดกับเนื้อปูและซอสหอยนางรม หอมใหญ่และขึ้นฉ่ายเพิ่มกลิ่นหอม, เนื้อปู นมข้นจืด ซีอิ๊วขาว ซอสหอยนางรม หอมใหญ่ พริกชี้ฟ้าแดง ขึ้นฉ่าย ต้นหอม อยากทำบะหมี่ผัดเนื้อปูรสเข้มข้น
เมี่ยงปลานิลนึ่ง กับน้ำจิ้มถั่วตัด,"- ปลานิล เบทาโกร 1 ตัว- เกลือป่นสำหรับทาตัวปลา (ครั้งที่ 1)  1 ช้อนโต๊ะ- เกลือป่นสำหรับทาตัวปลา (ครั้งที่ 2 ) 1 ช้อนชา- ตะไคร้ทุบพอแตก หั่นท่อนสั้น 2 ต้น- ใบมะกรูดแก่ 3-4 ใบ
- ถั่วตัด 50 กรัม- รากผักชี 2 ช้อนโต๊ะ- กระเทียมไทยแกะเปลือก 3 ช้อนโต๊ะ - พริกขี้หนูสวนเด็ดก้าน 2 ช้อนโต๊ะ- น้ำตาลปี๊บ 3 ช้อนโต๊ะ- น้ำมะนาว 4 ช้อนโต๊ะ- น้ำปลา 3 ช้อนโต๊ะ - น้ำต้มสุก 1 ช้อนโต๊ะ
- ขนมจีนตามชอบ- ผักกาดหอม ผักสลัด โหระพา สะระแหน่ ผักชีฝรั่ง ผักชีไทย ตามชอบ",แคลมาก,โปรตีนกลาง,ไขมันกลาง,คาร์บสูง,"ปลานิล, เกลือ, ตะไคร้, ใบมะกรูดแก่, ถั่วตัด, รากผักชี, กระเทียม, พริกขี้หนูสวน,  น้ำตาลปี๊บ, น้ำมะนาว, น้ำปลา, น้ำต้มสุก, ขนมจีน, ผักกาด, โหระพา",อยากกินอาหารสุขภาพดี ทำมาจากปลา ,มีปลา ผัก เครื่องเขียน อยากทำอาหารที่ดีต่อสุขภาพ แคลน้อย,มีเปลานิล เกลือ ตะไคร้ เอามาทำเมนูอะไรได้บ้าง
ยำมาม่าทรงเครื่อง,"- บะหมี่กึ่งสำเร็จรูป รสต้มยำกุ้งน้ำใส ขนาด 90 กรัม 1 ซอง- หมูสับติดมันเล็กน้อย  200 กรัม- ไส้กรอก 120 กรัม- หมูยอ 120 กรัม
- พริกจินดาตำ/บดหยาบ 4 ช้อนโต๊ะ- น้ำตาลทราย 2 ช้อนโต๊ะ- น้ำปลา 3 ช้อนโต๊ะ- น้ำมะนาว 4 ช้อนโต๊ะ
- เห็ดหูหนู 4-5 ดอก (70 กรัม)- ขึ้นฉ่าย 2 ต้น (30 กรัม)- หอมแขก 2 หัว (80 กรัม)",แคลมาก,โปรตีนกลาง,ไขมันน้อย,คาร์บสูง,"บะหมี่กึ่งสำเร็จรูป, หมูสับติดมัน, ไส้กรอก, หมูยอ, พริกจินดา, น้ำตาลทราย, น้ำปลา, น้ำมะนาว, เห็ดหูหนู, ขึ้นฉ่าย, หอมแขก",มีบะหมี่กึ่ง ไส้กรอก ไข่ นม ชีส ทำอะไรกินดี,มียะหมี่กึ่งทำอะไรกินดี แต่อยากใ้มันพิเศษกว่าปกติ ใส่เครื่องเยอะๆ,มี หมู หุ้ง หมูยอ ทำอะไรกินดี กินคู่กับมาม่า
ข้าวไข่ข้นหมูทอดซอสแกงกะหรี่,"
:: ส่วนผสมและเครื่องปรุง “หมูทอด” ::
- หมูสันนอก หรือหมูสันคอ หั่นหนา 1 ซม. 300 กรัม- เกลือสมุทรป่น 1/8 ช้อนชา- พริกไทยป่น 1/8 ช้อนชา - ไข่ไก่ 1 ฟองใหญ่- แป้งสาลีอเนกประสงค์ 1/2 ถ้วย- เกล็ดขนมปัง 1 ถ้วย- น้ำมันสำหรับทอด
:: ส่วนผสมและเครื่องปรุง “ไข่ข้น”  สำหรับ 1 จาน ::
- ไข่ไก่ 2 ฟอง- นมจืด 3 ช้อนโต๊ะ - ซีอิ๊วขาว 1 ช้อนชา- น้ำมันสำหรับทอด 1 ช้อนโต๊ะ 
:: ส่วนผสมและเครื่องปรุง “ซอสแกงกะหรี่ญี่ปุ่น” ::
- เครื่องแกงกะหรี่ญี่ปุ่นแบบก้อน 80 กรัม- น้ำเปล่า 2 ถ้วย- เกลือป่น นิดหน่อย (ตามชอบ)- พริกไทยป่น นิดหน่อย",แคลมาก,โปรตีนกลาง,ไขมันกลาง,คาร์บสูง,"หมูสันนอก, พริกไทย, ไข่ไก่, แป้งสาลีอเนกประสงค์, เกล็ดขนมปัง, น้ำมัน, ไข่ไก่, นมจืด, ซีอิ๊วขาว, น้ำมัน, เครื่องแกงกะหรี่ญี่ปุ่นแบบก้อน, น้ำเปล่า, เกลือ, พริกไทย",ได้หมูสันนอกมา แล้วมี พริก กระเทียม แกงกะหรี่อีก ทำเมนูอะไรได้บ้าง,มี แครอท หอม หมู เกล็ดขนมปัง อยากกินอาหารอร่อยๆช่วยหน่อย,มีก้อนซุปแกงกะหรี่เหลืออยู่ 
หมี่คลุก,"- น้ำมันพืช 1/2 ถ้วย- กระเทียมสับ 1/2 ถ้วย
- น้ำตาลทราย 1 + 1/2 ช้อนโต๊ะ- น้ำปลา 1 ช้อนโต๊ะ- ซีอิ๊วขาว 1 ช้อนโต๊ะ- ซอสปรุงรส 1 ช้อนโต๊ะ- ซีอิ๊วดำเค็ม 1/2 ช้อนโต๊ะ- น้ำส้มสายชู 3/4 ช้อนโต๊ะ- พริกไทยป่น 1/8 ช้อนชา
- เส้นหมี่แห้ง 100 กรัม- ลูกชิ้นหมู/เนื้อ/ไก่ 30 ลูก หรือตามชอบ- ถั่วงอก 210 กรัม หรือตามชอบ- ถั่วงอก (สำหรับกินดิบ) 180 กรัม หรือตามชอบ   (ถ้าไม่ชอบกินดิบ ก็ไม่ต้องใส่อันนี้) 
- ต้นหอม ผักชีซอย สำหรับโรยหน้า 1/4 ถ้วย- กากหมู ตามชอบ (ถ้ามี)*** สูตรนี้ทำได้ 3 ชามนะคะ
*** พิมลืมถ่ายภาพส่วนผสมรวมทั้งหมดมา ต้องขอโทษด้วยนะคะ  ยังไงดูหน้าตาส่วนผสมแต่ละอย่างได้ในส่วนวิธีการทำเลยค่ะ ^_^",แคลมาก,โปรตีนกลาง,ไขมันกลาง,คาร์บสูง,"น้ำมันพืช, กระเทียม, น้ำตาลทราย, น้ำปลา,  ซีอิ๊วขาว, ซอสปรุงรส, ซีอิ๊วดำเค็ม, น้ำส้มสายชู, พริกไทย, เส้นหมี่แห้ง, ลูกชิ้น, ถั่วงอก",มีเส้นหมี่ ถั่วงอก แล้วเนื้อหมู ทำอะไรกินได้บ้าง,อยากทำหมี่แส่บๆกิน อร่อยๆ ใส่กระเทียมเยอะๆ,มี น้ำปลา กระเทียม น้ำตาลทราย ซอสปรุงรส หมี่ขาว แนะนำเมนูหน่อย
ก๋วยจั๊บญวณ,"
:: ส่วนผสมและเครื่องปรุง ""น้ำซุป""  ::
ซี่โครงหมู  (โครงแก่) หั่นชิ้น 300 กรัม ซี่โครงสำหรับต้มซุป 300 กรัมหัวไชเท้าปอกเปลือก หั่นแว่นหนา 1 ซม. 250 กรัมรากผักชี  8 รากใหญ่กระเทียมไทย 2 ช้อนโต๊ะพริกไทยขาวคั่วให้หอม 1 ช้อนโต๊ะพูนๆน้ำตาลกรวด 1 ช้อนโต๊ะเกลือสมุทรป่น 1 ช้อนโต๊ะ ซีอิ๊วขาว 2 ช้อนโต๊ะ กระเทียมดอง 2 หัวใหญ่น้ำกระเทียมดอง 2 ช้อนโต๊ะ น้ำเปล่า สำหรับต้มน้ำซุป 7 ถ้วย
:: ส่วนผสมและเครื่องปรุง ""หมูบดปรุงรส""  ::
หมูสับติดมันเล็กน้อย 300 กรัมรากผักชี 3 รากใหญ่กระเทียม 1 ช้อนโต๊ะ พริกไทยขาว 1/2 ช้อนชาน้ำเย็นจัด 2 ช้อนโต๊ะ ซีอิ๊วขาว 2 ช้อนโต๊ะ 
:: ส่วนผสมและเครื่องปรุง ""อื่น ๆ""  ::
เส้นก๋วยจั๊บญวณ  400 - 500 กรัม หมูยอ หั่นชิ้นตามชอบ 1 ถ้วยต้นหอมผักชี หั่นหยาบ 1/4 ถ้วยหอมแดงซอย 1/2 ถ้วยน้ำมันสำหรับเจียวหอมแดง 1/2 ถ้วยพริกขี้หนูแห้งป่นหยาบ 1/4 ถ้วยน้ำมันที่ได้จากการเจียวหอม หรือน้ำมันสำหรับผัด 2 ช้อนโต๊ะ 
*** ส่วนผสมตามด้านบน ได้ประมาณ 4 ชาม ตามในภาพนะคะ  
*** หอมแดง + น้ำมัน ใช้สำหรับทำหอมเจียว  และ พริกป่น+น้ำมัน ใช้สำหรับทำพริกผัดน้ำมัน ถ้าใครมี 2 อย่างนี้แล้ว ก็ข้ามไปได้เลยค่ะ
*** เส้นก๋วยจั๊บญวณ พิมใช้แบบเส้นสดที่เป็นเส้นเล็ก / 1 ชามใช้เส้นประมาณ 80 - 100 กรัมนะคะ  ถ้าใครใช้เส้นแบบอื่น ก็ลองกะปริมาณดูตามชอบค่ะ",แคลกลาง,โปรตีนน้อย,ไขมันกลาง,คาร์บกลาง,"ซี่โครงหมู, รากผักชี, พริกไทย, ขาวคั่ว, น้ำตาลกรวด, เกลือสมุทร, ซีอิ๊วขาว, กระเทียมดอง, น้ำกระเทียมดอง, น้ำเปล่า, หมูสับ, รากผักชี, กระเทียม, พริกไทยขาว, น้ำเย็นจัด, ซีอิ๊วขาว,
เส้นก๋วยจั๊บ, หมูยอ, ต้นหอมผักชี, หอมแดงซอย, พริกขี้หนูแห้ง",อยากกินอาหารที่เหมือนเราได้เไปเที่ยว แบบเวียดนามงี้ พอดีมีซี่โครงหมูเหลือไว้อยู่ ,อยากกินอาหารสุขภาพดี กินแล้วอุ่นท้อง ทำมาจากซี่โครงหมู ,มีเส้นก๋วยจั๊บใกล้หมดอายุแล้ว ทำอะไรทานดี
พาสต้าไส้กรอกแฮมอบชีส,"- เนยจืด (สำหรับทำซอส) 3 ช้อนโต๊ะ - แป้งสาลีอเนกประสงค์ 2 ช้อนโต๊ะ- Cooking Cream 350 มิลลิลิตร- น้ำสต๊อกไก่ 350 มิลลิตร- ไข่แดง (ของไข่ไก่) 1 ฟอง- เกลือป่น 1 ช้อนชา- พริกไทยดำป่น 1 ช้อนชา
- เส้นพาสต้า (เพนเน่) 150 กรัม- เนยจืด (สำหรับผัด) 2 ช้อนโต๊ะ- ไส้กรอก BBQ Chunk Sausage เบทาโกร 1 แพ็ค- แฮม BBQ Chunk Ham เบทาโกร 1 ชิ้น - หอมใหญ่สับละเอียด 3 ช้อนโต๊ะ - เห็ดแชมปิญอง 6 ดอก- พาร์เมซานชีส 2 ช้อนโต๊ะ - พาสลีย์สับละเอียด 1 ช้อนโต๊ะ - มอสเซอเรล่าชีส 200 กรัม",แคลมาก,โปรตีนสูง,ไขมันสูง,คาร์บสูง,"เนยจืด, แป้งสาลีอเนกประสงค์, Cooking Cream, น้ำสต๊อกไก่, ไข่แดง,  เกลือ,  พริกไทยดำ, เส้นพาสต้า (เพนเน่), ไส้กรอก BBQ Chunk Sausage, แฮม BBQ Chunk Ham, หอมใหญ่, เห็ดแชมปิญอง, พาร์เมซานชีส,  พาสลีย์, มอสเซอเรล่าชีส",มีเส้นพาสต้า แฮม ชีส เหลือ,"อยากทำเมนูอาหารฝรั่ง ทำมาจาก เส้นพาสต้า (เพนเน่), ไส้กรอก  และซอสต่างๆ",มีชีส เส้นพาสต้า อยากทำอาหารฝรั่ง รสชาตเค็มๆ นัวๆ
ข้าวหน้าหมูซีอิ๊วสไตล์ญี่ปุ่น,"- หมูสไลด์ 450 กรัม  (สันนอก / สันคอ หรือ สามชั้นก็ได้ เลือกที่ชอบ) - หอมใหญ่ซอย 130 กรัม - น้ำมันพืช 2 ช้อนโต๊ะ - ขิงบด 2 ช้อนชา- น้ำตาลทราย 2 ช้อนโต๊ะ - มิริน 1 ช้อนโต๊ะ - โชยุ (ซอสถั่วเหลืองญี่ปุ่น) 4 ช้อนโต๊ะ - สาเก 2 ช้อนโต๊ะ - น้ำซุปปลาแห้ง 1 ถ้วย- งาขาวคั่ว 1 ช้อนโต๊ะ- ต้นหอมซอย 1 ช้อนโต๊ะ 
- ข้าวหอมมะลิแท้ ยโสธร ตราบั้งไฟ หุงสุก 4 + 1/2 ถ้วย  (สำหรับ 3 ที่) - ไข่ออนเซน หรือไข่ต้ม 3 ฟอง 
** สูตรนี้ทำแล้วได้ประมาณ 3 ที่",แคลมาก,โปรตีนกลาง,ไขมันสูง,คาร์บสูง,"หมูสไลด์, หอมใหญ่, น้ำมันพืช, ขิง, น้ำตาลทราย, มิริน, โชยุ, สาเก, น้ำซุปปลาแห้ง, งาขาวคั่ว, ต้นหอมซอย,  ข้าวหอม",มีหมู หอมหัวใหญ่ ไก่ ปลา เห็ด อยากทำอาหารรสชาติญี่ปู่นๆ ช่วยคิดเมนูหน่อย,มี หมู ข้าว ซีอิ้ว เนื้อ โชยุ มิริน ทำอะไรกินได้บ้างรสชาติดี ๆกลมๆ ,อยากทำข้าวหน้าอะไรสักอย่าง แบบญี่ปู่น ๆทำมาจากหมู  ไส้ไข่ดองด้วยได้
ไข่อบมันฝรั่ง กับเบคอน,"- เบคอน 400 กรัม - ไข่ไก่ 6 ฟอง (ถ้าใช้ฟองเล็กอย่างพิม เบอร์ 3-4 ก็ใช้สัก 7 ฟอง) - นมจืด 130 มิลลิลิตร- หอมใหญ่ 1 ลูกเล็ก   - มันฝรั่ง 2 หัว - พริกหวานสีเขียว แดง อย่างละ 1/3 ลูก - กระเทียมจีน 4 กลีบ - ต้นหอม 2 ต้น - พริกไทยดำบด 1 ช้อนชา- เกลือสมุทรป่น 1 ช้อนชา- เชดด้าชีสขูด 1 ถ้วย 
** อ่านวิธีการใช้ช้อนตวง ถ้วยตวง แบบง่าย ๆ ได้ >> ที่นี่ <<",แคลมาก,โปรตีนกลาง,ไขมันกลาง,คาร์บสูง,"เบคอน, ไข่ไก่, นมจืด,  หอมใหญ่, มันฝรั่ง, พริกหวาน,  กระเทียม, ต้นหอม, พริกไทย, เกลือ,เชดด้าชีส",อยากกินอะไรทำง่ายๆ ตอนเช้า มีเบคอน ไข่ อยากกินโปรตีนกลางๆ,อยากทำอาหารเช้าที่เต็มไปด้สยสารอาหาร รสชาติดี ,มีความหิว อยากกินอาหารเช้าเยอะๆ ไข่มาก โปรตีนสูง
Hawaiian Pork Chops,"- เบทาโกรเดลิชสันนอกติดกระดูก (พอร์คชอป) 2 ชิ้น- เกลือป่น 1/2 ช้อนชา - พริกไทยป่น 1/2 ช้อนชา- แป้งสาลีอเนกประสงค์ 1/2 ถ้วย- น้ำมันพืชสำหรับทอด 1 ถ้วย
- น้ำสับปะรด 1 + 3/4 ถ้วย- น้ำเปล่า 3/4 ถ้วย- น้ำตาลทราย 3 ช้อนโต๊ะ- น้ำมะนาว 2 ช้อนชา- แป้งข้าวโพด 1 ช้อนโต๊ะ- น้ำสำหรับละลายแป้งข้าวโพด 2 ช้อนโต๊ะ
- สับปะรด  เลือกแบบที่รสเปรี้ยวหวาน หั่นชิ้นพอคำ 6 ชิ้น- ถั่วแขก 20 ฝัก- ใบผักชีสำหรับตบแต่ง 
*** สูตรนี้สำหรับ 2 ที่",แคลกลาง,โปรตีนกลาง,ไขมันน้อย,คาร์บสูง,"สันนอก, เกลือ, พริกไทย, แป้งสาลีอเนกประสงค์, น้ำมันพืช, น้ำสับปะรด, น้ำเปล่า,  น้ำตาลทราย, น้ำมะนาว, แป้งข้าวโพด
",มีเนื้อสันนอกอยากเอามาทำให้นุ่มขึ้น,มีส้นนอก เกลือ พริกไทย สัปปะรด พริกหวาน ทำอะไรทานได้บ้าง,ทำอาหารที่ไม่เหมือนใหใคร ขอใช้สันนอกเยอะๆๆ หมักมให้นุ่ม
เมี่ยงหมูสามชั้น กับน้ำจิ้มเต้าเจี้ยว,"- เต้าเจี้ยวดำ 1/4 ถ้วย (เต้าเจี้ยวแบบขวด) - กระเทียมไทยแกะเปลือก 3 ช้อนโต๊ะ - พริกขี้หนูสวน เด็ดก้าน 2 ช้อนโต๊ะ - น้ำตาลทราย 2 ช้อนโต๊ะ - น้ำต้มสุก 2 ช้อนโต๊ะ - ซีอิ๊วขาว 1 ช้อนโต๊ะ - น้ำมะนาว 1 ช้อนโต๊ะ - น้ำส้มสายชู 1 ช้อนโต๊ะ 
:: ส่วนผสมและเครื่องปรุงอื่นๆ ::
- หมูสามชั้น มันน้อย ๆ 450 กรัม- เส้นหมี่ขาวอบแห้ง 90 กรัม- ผักกาดหอม  ผักชี  สะระแหน่ โหระพา ผักชีฝรั่ง ตามชอบ ",แคลมาก,โปรตีนกลาง,ไขมันน้อย,คาร์บสูง,"เต้าเจี้ยวดำ, กระเทียม, พริกขี้หนูสวน, น้ำตาลทราย, น้ำต้ม,  ซีอิ๊วขาว,  น้ำมะนาว,  น้ำส้มสายชู, หมูสามชั้น, เส้นหมี่, ผักกาดหอม,  ผักชี, สะระแหน่, โหระพา, ผักชีฝรั่ง ",คุณย่าให้เต้าเจี้ยวดำมา เอามาทำอะไรกินดี,ทำอาหารดีมีประโยชน์ ผักเยอะ หมูดี,อยากกินอะไรก็ได้กับน้ำจิ้มเต้าเจี้ยว
สุกี้หมูกระทะกับน้ำจิ้มสูตรเด็ด," :: ส่วนผสมและเครื่องปรุง “น้ำจิ้มสุกี้สูตรเด็ด” 
- ซอสพริก 600 มิลลิลิตร - พริกจินดา (ไม่เอาเม็ดและไส้พริก) 20 กรัม- เนื้อกระเทียมดอง (ไม่เอาเปลือก) 40 กรัม- น้ำกระเทียมดอง 100 มิลลิลิตร- น้ำส้มสายชูแท้ 35 มิลลิลิตร - น้ำตาลทราย 100 กรัม- เกลือสมุทรป่น ½ ช้อนโต๊ะ - น้ำมันงา 2 ช้อนโต๊ะ - งาขาว 1/4 ถ้วย
:: วัตถุดิบสำหรับปาร์ตี้หมูกระทะ ::
- หมูหมักสูตรหมูกระทะ เบทาโกร - หมูนุ่มน้ำมันงา เบทาโกร- หมูหมักกระเทียมพริกไทยดำ เบทาโกร- ไส้กรอก ลูกชิ้น หมูยอ เต้าหู้ไข่ เต้าหู้ปลา กุ้ง หมึก หอย- วุ้นเส้น บะหมี่หยก เส้นแก้ว - ผักต่าง ๆ เช่น เห็ดหูหนู เห็ดฟาง เห็ดนางฟ้า เห็ดชิเมจิ เห็ดหอม ต้นหอม ขึ้นฉ่าย ฯ- น้ำจิ้มหมูกระทะ สูตรตามด้านบน- อื่น ๆ ตามที่ชอบ",แคลมาก,โปรตีนกลาง,ไขมันสูง,คาร์บสูง,"พริกจินดา, กระเทียมดอง, น้ำกระเทียมดอง, น้ำส้มสายชู, น้ำตาลทราย, เกลือสมุทร, น้ำมันงา, งาขาว, หมู, ไส้กรอก, ลูกชิ้น, หมูยอ, เต้าหู้ไข่, เต้าหู้ปลา, กุ้ง, หมึก, หอย,วุ้นเส้น, บะหมี่, หยก, เส้นแก้ว, เห็ดหูหนู, เห็ดฟาง, เห็ดนางฟ้า, เห็ดชิเมจิ, เห็ดหอม, ต้นหอม, น้ำจิ้ม",อยากกินอาหารที่มีผักเยอะๆรสแซ่บๆ ช่วยย่อย ไม่ได้ถ่านมาหลายวันแล้ว,มีหมี่ ว้นเส้น พริก กระเทียม ทำอะไรได้บ้าง รสชาติดี ผักเยอะๆ,ทำอาหารที่รสชาติดี มี ผัก เส้น หมูเป็นวัตถุดิบหลัก
กุ้งทอดครีมสลัด,"- กุ้งสด แกะเปลือก ผ่าหลัง ดึงเส้นดำออก 10-12 ตัว น้ำหนักรวมประมาณ 300 กรัม- ไข่ขาว (จากไข่ไก่) 1 ฟอง- เกลือป่น 1/2 ช้อนชา- แป้งมัน (สำหรับหมัก)  1 ช้อนโต๊ะ 
- แป้งมัน (สำหรับคลุก) 1/2 ถ้วย- น้ำมันพืช 1 ช้อนโต๊ะ 
- สลัดครีม 4 ช้อนโต๊ะ - มายองเนส 4 ช้อนโต๊ะ - น้ำมะนาว 1 + 1/2 ข้อนโต๊ะ - นมข้นหวาน 2 ช้อนโต๊ะ 
- องุ่นเขียว  และองุ่นแดง  รวมกัน 1 +1/2  ถ้วย- แอ๊ปเปิ้ลเขียว แอ๊ปเปิ้ลแดง หั่นชิ้นพอคำ รวมกัน 1 + 1/2 ถ้วย- มะเขือเทศเชอรี่ 1/2 ถ้วย- กะหล่ำปลีสีขาว และสีม่วง ซอยบางๆ  รวมกัน 1 + 1/2 ถ้วย- ผักกาดหอม ใบสะระแหน่ อย่างละนิดหน่อย",แคลมาก,โปรตีนกลาง,ไขมันสูง,คาร์บสูง,"กุ้งสด,  ไข่ขาว, เกลือป่น, แป้งมัน, น้ำมันพืช, สลัดครีม, มายองเนส,  น้ำมะนาว, นมข้นหวาน, องุ่นเขียว, องุ่นแดง, แอ๊ปเปิ้ลเขียว, แอ๊ปเปิ้ลแดง, มะเขือเทศเชอรี่, กะหล่ำปลี, ผักกาดหอม, ใบสะระแหน่",ทำอาหารให้เด็กทาน มี กุ้ง แป้ง ผัก มายองเนส,มี กุ้ง ไข่ มายองเนส แป้ง อยากทำกุ้งชุบแป้งทอดแต่ขอเวอร์กว่านั้น,อาหารเด็กๆของทอด กับวอสหวานๆมาจากกุ้ง ผักเล็กน้อย
มะกะโรนีอบชีสในหม้อหุงข้าว,"- มะกะโรนีข้องอ (ดิบ) 130 กรัม- น้ำเปล่าสำหรับต้มมะกะโรนี 500 มิลลิลิตร
- เบคอนหั่นชิ้นกว้าง 2 ซม. 300 กรัม  หรือทอดกรอบแล้วประมาณ 3/4 ถ้วย หรือตามชอบ- มอสเซอเรล่าชีส 170 กรัม- เนยจืด 2 ช้อนโต๊ะ - นมสดรสจืด 3/4 ถ้วย- เกลือป่น 3/4 ช้อนชา- พริกไทยดำบดหยาบ 3/4 ช้อนชา- พาสเล่ย์อบแห้ง (สำหรับปรุงรส)  1 ช้อนชา- พาสเล่ย์อบแห้ง (สำหรับแต่งหน้า) 1/2 ช้อนชา",แคลมาก,โปรตีนน้อย,ไขมันกลาง,คาร์บสูง,"มะกะโรนี,  น้ำเปล่า, เบคอน, มอสเซอเรล่าชีส, เนยจืด, นมสด, เกลือ, พริกไทยดำ, พาสเล่ย์",มีเส้นมะกะโรนี ทำอะไรกินดี,มี มักกะโรนี อยากทำอหารง่ายๆ กินง่าย ,mac&cheese
มาม่าหม้อไฟ,"- บะหมี่กึ่งสำเร็จรูปยี่ห้อตามชอบ 2 ซอง- กะหล่ำปลีซอย 2 - 3 ถ้วย- หมูสับ  100 กรัม- หมึกหั่นชิ้นใหญ่ 250 กรัม- กุ้งสด 3 ตัว  ผ่าหลัง ดึงเส้นดำออก แต่ไม่ต้องแกะเปลือก (เพื่อความสวยงาม) - ไส้กรอก 4 ชิ้น- ไข่ไก่ 1 ฟอง- ไข่ปลาริวกิว ตามชอบ (ถ้าไม่มี ไม่ต้องใส่ก็ได้) - ผักชีต้นหอมซอย 3 ช้อนโต๊ะ - พริกจินดาซอย 1 ช้อนโต๊ะ (เพิ่มความเผ็ดร้อน) - มะนาว 1 ลูก หั่นแว่น สำหรับตบแต่ง - น้ำเปล่า 900 - 1000 มิลลิลิตร
** ส่วนผสมทั้งหมด เพื่อนๆ  ปรับเพิ่มลดได้ตามความชอบเลยนะคะ หรือจะใส่อันโน้นไม่ใส่อันนี้ เอาตามที่สะดวกได้เลย  ... ไม่จำเป็นต้องใส่เหมือนพิมก็ได้ค่ะ",แคลมาก,โปรตีนสูง,ไขมันกลาง,คาร์บสูง,"บะหมี่กึ่งสำเร็จรูป, กะหล่ำปลี, หมูสับ, หมึก, กุ้งสด, ไส้กรอก, ไข่ไก่, ไข่ปลาริวกิว, ผักชีต้นหอมซอย, พริกจินดา, มะนาว, น้ำเปล่า",มีมาม่าเหลืออีกแล้ว มีแต่เส้น แล้วก็มี ผัก หมู หมึก กุ้ง ไข่ ทำอะไรก็ได้ที่ไม่เอาต้มยำ,มีมาม่าอยากทำให้เวอร์ พิชิตใจ,หิวมื้อดึก อยากทำอาหารจากมาม่า แต่ใส่เครื่องเยอะๆ
ข้าวเหนียวหมูห่อใบตอง,"- เนื้อหมูหั่นชิ้นพอคำ  250 กรัม- รากผักชี 4 ราก - กระเทียมไทยแกะเปลือก 1 ช้อนโต๊ะ - พริกไทยขาวป่น 1/2 ช้อนชา- ซีอิ๊วขาว 1 ช้อนโต๊ะ - ซอยหอยนางรม 2 ช้อนโต๊ะ - น้ำตาลทราย 1 ช้อนชา- น้ำมันพืช 1 ช้อนโต๊ะ
- ข้าวเหนียวหุงแล้ว 350 กรัม- ไข่ไก่ 1 ฟอง - ซอสปรุงรส 1/2 ช้อนโต๊ะ- พริกไทยป่น  1/2 ช้อนชา 
- ใบตองขนาด 8*6 นิ้ว จำนวน 5 แผ่น- ใบตองขนาด 4*6 นิ้ว จำนวน 5 แผ่น- ไม้กลัด 10 อัน",แคลมาก,โปรตีนกลาง,ไขมันกลาง,คาร์บสูง,"เนื้อหมู, รากผักชี, กระเทียม, พริกไทยขาว, ซีอิ๊วขาว,  ซอยหอยนางรม, น้ำตาลทราย, น้ำมันพืช, ข้าวเหนียว, ไข่ไก่, ซอสปรุงรส, พริกไทย, ใบตอง",อยากกินอาหารชิวๆ ทำง่าย เหมือนไปโรงเรียนตอนเช้า หมู ข้าวเหนียว,มี กุ้มู รากผักชี ใบตอง ข้าวโพด พริกไทย ทำอะไรทานดี,อาหารเร็วๆ ทำจากหมูที่มีในบ้าน
ข้าวอบสามชั้นเห็ดหอม,"- ข้าวหอมมะลิเก่า 2 ถ้วย   - น้ำเปล่า สำหรับหุงข้าว 2 ถ้วย
- น้ำมันสำหรับผัด 3 ช้อนโต๊ะ - หอมแดงซอย 1 ถ้วย- หมูสามชั้น (ไม่เอาหนัง) หั่นเล็ก 300 กรัม- กุ้งแห้งตัวใหญ่แบบไม่มีเปลือก   50 กรัม แช่น้ำจนนุ่ม- เห็ดหอมแห้งแช่น้ำจนนิ้ม หั่นเป็นเส้นยาว 1 ถ้วย
- น้ำมันงา 1 ช้อนโต๊ะ - เกลือสมุทร 1/2 ช้อนโต๊ะ - ซีอิ๊วขาว 3 ช้อนโต๊ะ - ซอสหอยนางรม 3 ช้อนโต๊ะ - น้ำตาลทราย 1 ช้อนโต๊ะ - พริกไทยป่น 1 ช้อนโต๊ะ 
- ต้นหอมผักชีหั่นละเอียด  สำหรับโรยหน้า
** ถ้วย = ถ้วยตวงขนาดมาตรฐาน",แคลมาก,โปรตีนสูง,ไขมันกลาง,คาร์บสูง,"ข้าวหอม, น้ำเปล่า, น้ำมัน, หอมแดงซอย, หมูสามชั้น,กุ้งแห้ง, เห็ดหอมแห้ง, น้ำมันงา, เกลือ, ซีอิ๊วขาว, ซอสหอยนางรม, น้ำตาลทราย, พริกไทย, ต้นหอม",มีเห็ดเยอมากกกกกก ทำอะไรดี,เห็ด ข้าว หมู กุ้ง ,อยากกินข้าวอบที่รสชาติเหมือนคุณยายทำ มีเห็ด หมูสามชั้น
ซุปข้าวไรซ์เบอรี่,- ข้าวไรซ์เบอรี่ (ยังไม่ได้หุง)  1/2 ถ้วย- อกไก่ (ไม่เอาหนัง)  150 - 200 กรัม (ตามความชอบ) - น้ำเปล่าสำหรับต้มอกไก่ 2 + 1/2  ถ้วย - น้ำซุปไก่ 2 ถ้วย - เนยจืด 30 กรัม  (เปลี่ยนเป็นน้ำมันรำข้าว/ถั่วเหลือง/มะกอกแบบ Light ได้)- หอมใหญ่สับละเอียด 1/3 ถ้วย- กระเทียมสับละเอียด 1 ช้อนโต๊ะ- กะทิคั้นสด 1 ถ้วย   หรือ กะทิกล่อง 3/4 ถ้วย + น้ำเปล่า 1/4 ถ้วย- เกลือปน 1 + 1/2 ช้อนชา- พริกไทยดำป่น 1 ช้อนชา (หรือมากน้อยตามชอบ)- เชดด้าชีสขูด 1/4 ถ้วย  (ใส่หรือไม่ใส่ก็ได้) - ต้นหอมซอยเล็กน้อย สำหรับโรยหน้า,แคลมาก,โปรตีนสูง,ไขมันสูง,คาร์บสูง,"ข้าวไรซ์เบอรี่, อกไก่, น้ำเปล่า, น้ำซุปไก่, เนยจืด, หอมใหญ่, กระเทียมสับ, กะทิ, น้ำเปล่า, เกลือ, พริกไทยดำ, เชดด้าชีสขูด, ต้นหอมซอย",มีข้าวไรซ์เบอรรี่ สามารถเอามาทำอะไรได้บ้าง มันแข็งอ่ะ อยากกินอะไรนิ่มๆ ,มีไก่ เนย หอม อยากกินอะไรคล่องคอ,อยากกินซุปที่คล่องคอ สีม่วงๆ ทำมาจากข้าว มีเครื่องเช่นผักต่างไ หอมใหญ่
หมึกยัดไส้ข้าวผัดเขียวหวาน,"- ข้าวสวย (ข้าวสารหอมมะลิ หุงผสมข้าวเหนียว) หรือข้าวญี่ปุ่นหุงสุก  2 ถ้วย- หมึกกล้วย 8 ตัว  น้ำหนักประมาณ  800 กรัม- หมูสับ 100 กรัม- พริกแกงเขียวหวาน 3 ช้อนโต๊ะ - น้ำปลา 3 ช้อนโต๊ะ - น้ำตาลทราย 1 + 1/2 ช้อนโต๊ะ - น้ำมันพืชสำหรับผัด 3 ช้อนโต๊ะ - ใบโหระพาซอยหยาบ 1/2 ถ้วย- ใบมะกรูดซอยละเอียด 1 ช้อนโต๊ะ   (ถ้าชอบกลิ่นใบมะกรูดเยอะๆ  ก็ใส่ไปเลย 2 ช้อนโต๊ะ) 
- พริกชี้ฟ้าแดงซอยเป็นเส้น 1 ช้อนโต๊ะ - ผักชีเล็กน้อย สำหรับตบแต่ง
:: ส่วนผสมและเครื่องปรุง ซอสเขียวหวาน ::
- พริกแกงเขียวหวาน 1 + 1/2 ช้อนโต๊ะ - กะทิ 1 ถ้วย- น้ำปลา 1 ช้อนโต๊ะ - น้ำตาลทราย 1/2 ช้อนโต๊ะ - น้ำมันสำหรับผัด 1 ช้อนโต๊ะ 
 ** สูตรนี้ได้หมึกกล้วยประมาณ 8 ตัว ใครกลัวทานไม่หมด จะทำสักครึ่งสูตร (หมึก 4-5 ตัว) ก็ได้นะคะ",แคลมาก,โปรตีนสูง,ไขมันน้อย,คาร์บสูง,"ข้าวสวย, หมึกกล้วย, หมูสับ, พริกแกง, น้ำปลา, น้ำตาลทราย, น้ำมันพืช, ใบโหระพา, ใบมะกรูด, พริกชี้ฟ้าแดง, ผักชี, พริกแกงเขียวหวาน, กะทิ, น้ำปลา, น้ำตาลทราย",ได้หมูึกกล้วยตัวใหญ่ๆเต็มเลย เอามาทำอะไรดี เมนูที่คนเห็นแล้วว้าว,อยากกินหมึกนัวๆ ไส่ไส้อร่อยๆ,มีผัดเขียวหวานทำอะไรกินดี ขออร่อยๆ
แกงกะหรี่ญี่ปุ่น ไส้กรอกชีส,- ไส้กรอกไก่ ฮอกไกโดมิลกี้ชีส เบทาโกร 2 – 3  แพ็ค- หอมใหญ่หั่นหยาบ 400 กรัม- เนื้อไก่อนามัย เบทาโกร (ส่วนอกไก่)  หั่นชิ้นเล็ก 220 กรัม - แอ๊ปเปิ้ลแดง หั่นชิ้นเล็ก 100 กรัม- น้ำมันสำหรับผัด 4 ช้อนโต๊ะ - น้ำซุปไก่ 3 + 1/2 ถ้วย- เครื่องแกงกะหรี่ญี่ปุ่นสำเร็จรูป ชนิดก้อน 110 กรัม- ซอสมะเขือเทศ 2 ช้อนโต๊ะ - น้ำมันสำหรับทอดไส้กรอก,แคลมาก,โปรตีนน้อย,ไขมันกลาง,คาร์บกลาง,"ไส้กรอกไก่, หอมใหญ่, เนื้อไก่, แอ๊ปเปิ้ลแดง, น้ำมัน, น้ำซุปไก่, แกงกะหรี่ญี่ปุ่น, ซอสมะเขือเทศ, น้ำมัน",มีผงแกงหะหรี่เหลืออยู่จากมื้อก่อนๆ ทำอะไรกินดี  อยากเอาใส่แอปเปิ้ล ด้วย ,ไส้กรอกใกล้จะหมดอายุแล้ว มี หอม ผักกาด คนอร์ ทำอะไรกินดี,ไส้กรอก แกงกะหรี่ หอมใหญ่ เมนูญี่ปู่น  
หม้อไฟปลาจาละเม็ดต้มเผือก,- ปลาจาละเม็ดขาว 500 กรัม- เผือกหอม 1 หัว หนักประมาณ 450 กรัม- เห็ดหอมแห้งดอกใหญ่ 5 ดอก - ผักกาดขาว 1 หัวเล็ก หนักประมาณ 250 กรัม- เส้นหมี่แห้ง 150 กรัม- น้ำซุป 1.5 ลิตร  - ซีอิ๊วขาว 2 ช้อนโต๊ะ - เกลือสมุทร สำหรับเคล้าปลา 1/2  ช้อนชา- เกลือสมุทร สำหรับปรุงรสน้ำซุป 1 + 1/2 ช้อนชา- พริกไทยป่น 1 ช้อนชา- น้ำมันพืช 1/2 ช้อนโต๊ะ - ต้นหอมซอย สำหรับโรยหน้า ตามชอบ ,แคลมาก,โปรตีนกลาง,ไขมันกลาง,คาร์บสูง,"ปลาจาละเม็ด, เผือกหอม, เห็ดหอมแห้ง, ผักกาดขาว,  เส้นหมี่แห้ง,  น้ำซุป, ซีอิ๊วขาว, เกลือ, พริกไทย, น้ำมันพืช, ต้นหอม",ปลาจาละเม็ดทำเมนูอะไรได้บ้าง,ได้ปลาจาละเม็ดมา ทำอะไรรสชาติจัดจ้าน แซ่บถึงเครื่อง,ปลาจาละเม็ด เผือก น้ำหวาน น้ำแดง นม ไก่ หมู อยากกินอาหารเผ็ดๆ มีความหวานจากเผือก
ซูชิไส้กรอกชีส,- ไส้กรอกไก่ เฟรนซ์กาลิคบัตเตอร์ชีส เบทาโกร 2 แพ็ค- ข้าวญี่ปุ่น 125 กรัม- น้ำเปล่าสำหรับหุงข้าว 150 กรัม- น้ำส้มสายชูหมักจากข้าว 20 กรัม- น้ำตาลทราย 25 กรัม- เกลือ 2  กรัม- ซอสทาโกะยากิ 2 ช้อนโต๊ะ - มายองเนส 2 ช้อนโต๊ะ - ไข่กุ้ง 1 ช้อนโต๊ะ- ใบต้นหอมซอย 1 ช้อนโต๊ะ - แผ่นสาหร่ายขนาด 0.25 นิ้ว x 3.5 นิ้ว 16 ชิ้น,แคลมาก,โปรตีนกลาง,ไขมันกลาง,คาร์บสูง,"ไส้กรอกไก่, ข้าวญี่ปุ่น, น้ำเปล่า, น้ำส้มสายชู, น้ำตาลทราย, เกลือ, ซอสทาโกะยากิ, มายองเนส, ไข่กุ้ง, ต้นหอม, แผ่นสาหร่าย",มีไส้กรอกชีส อยากกินเมนูแปลกใหม่,มี ไส้กรอก ข้าวญี่ปู่น อะโวคาโด ไข่ หมี ทำอาหารอะไรดี อยากมห้ใช้ของพวกนี้ให้หมด,อยากกินอะไรแปลกๆ มี ไส้กรอก วาซาบิ ข้าว ทำอะไรกินดี
ข้าวหน้าเนื้อย่างกระเทียม,"- เนื้อวัว 1 ชิ้น หั่นหนาประมาณ 2 ซม. หรือ 1 นิ้ว น้ำหนักประมาณ 200 กรัม  - เกลือป่น 1/2 ช้อนชา- พริกไทยดำบด 1/2 ช้อนชา - กระเทียมทอด 3 ช้อนโต๊ะ หรือตามชอบ - ต้นหอมซอย (สำหรับโรยหน้า) 3 ช้อนโต๊ะ  ตามชอบ - ข้าวสวยหอมมะลิ หรือข้าวสวยญี่ปุ่น 2 ถ้วย หรือตามชอบ
- น้ำปลา 1 ช้อนโต๊ะ - น้ำมะนาว 1 + 1/2  ช้อนโต๊ะ - น้ำตาลทราย 1/2 ช้อนโต๊ะ - พริกขี้หนูแห้งคั่วป่น 1/2  ช้อนโต๊ะ - หอมแดงซอย 1 ช้อนโต๊ะ - ต้นหอมซอย (สำหรับใส่ในน้ำจิ้ม)  1 ช้อนโต๊ะ 
** ในภาพด้านล่าง พิมทำสำหรับ 2 จาน ปริมาณส่วนผสมและเครื่องปรุงทุกอย่างก็จะเป็น 2 เท่าจากในสูตรนะคะ",แคลมาก,โปรตีนกลาง,ไขมันกลาง,คาร์บสูง,"เนื้อวัว, เกลือ, พริกไทยดำ, กระเทียมทอด, ต้นหอม, ข้าวสวย, น้ำปลา, น้ำมะนาว, น้ำตาลทราย, พริกขี้หนูแห้ง, หอมแดงซอย, ต้นหอมซอย",มีเนื้อย่าง ลิ้นย่าง กระเทียม ทำอะไรกินดี,เนื้อ กระเทียม พริกไทย ข้าว เครื่องปรุงต่างๆ อยากทำให้กินง่าย รสชาติเหมือนญี่ปู่น ,เนื้อ กระเทียม ข้าว เกลือ หอมใหญ่  ข้าวสวย รสชาตินัวๆ อร่อยๆ
สปาเกตตี้ผัดพริกกระเทียม,"- เส้นสปาเกตตี้ 200 กรัม  - เกลือสมุทรป่น 1 ช้อนชา (สำหรับต้มเส้น) - น้ำมันสำหรับคลุกเส้น 1 ช้อนโต๊ะ 
- ไส้กรอกเม็กซิกัน ชิโปเล่ ชีส เบทาโกร 2 แพค  (240 กรัม) - กระเทียมกลีบใหญ่ 60 กรัม- พริกขี้หนูแห้ง 10 กรัม- เกลือสมุทรป่น 1 + 1/2 ช้อนชา (สำหรับผัด) - พริกไทยดำป่น 2 ช้อนชา- พาร์สลีย์ 1 ช่อเล็ก ๆ - น้ำมันสำหรับผัด 3 ช้อนโต๊ะ 
** สูตรนี้สำหรับ 4 จานแบบอิ่ม ๆ",แคลมาก,โปรตีนกลาง,ไขมันกลาง,คาร์บสูง,"เส้นสปาเกตตี้, เกลือ, น้ำมัน, ไส้กรอก, กระเทียม, พริกขี้หนู, เกลือสมุทร, พริกไทย, พาร์สลีย์, น้ำมัน",มีเส้นสาปาเกตตี้ อยากทำอาหารพิชิตใจสาว ขอเผ็ดเล็กๆ,อยาทำสปาเก้ตตี้ที่รสชาติดี จัดจ้านมีความไทย ไส่ไส้กรอก,มีพริก กระเทียม เส้น ทำอะไรกินดี 
ข้าวเขียวหวานทอดไส้กรอกชีส,"- ข้าวสวย 500 กรัม  (ใช้ข้าวสารหอมมะลิ หุงผสมข้าวเหนียว อัตราส่วน 60 : 40) - พริกแกงเขียวหวาน 3 ช้อนโต๊ะ - น้ำปลา 2 + ½ ช้อนโต๊ะ - น้ำตาลทราย 1 ช้อนโต๊ะ- ใบมะกรูดอ่อน ซอยละเอียด 2 ช้อนโต๊ะ - น้ำมันสำหรับผัดข้าว 3 ช้อนโต๊ะ - ไส้กรอกรมควัน เบทาโกร 1 แพค- มอสเซอเรล่าชีส 100 กรัม - แป้งสาลีอเนกประสงค์ 1 ถ้วย- ไข่ไก่ 2 ฟอง - เกล็ดขนมปัง 2 ถ้วย- น้ำมันสำหรับทอด 1/2 ลิตร 

:: ส่วนผสมและเครื่องปรุง “ซอสแกงเขียวหวาน” :: 
- หัวกะทิ 1 ถ้วย- พริกแกงเขียวหวาน 1 + ½ ช้อนโต๊ะ - น้ำปลา 1 ช้อนโต๊ะ- น้ำตาลทราย ½ ช้อนโต๊ะ - น้ำมันสำหรับผัด 1 ช้อนโต๊ะ  (ถ้าใช้กะทิสด ไม่ต้องใช้น้ำมัน)  ",แคลมาก,โปรตีนกลาง,ไขมันกลาง,คาร์บสูง," ข้าวสวย, พริกแกงเขียวหวาน, น้ำปลา, น้ำตาลทราย, ใบมะกรูด, น้ำมัน, ไส้กรอก, มอสเซอเรล่าชีส, แป้งสาลีอเนกประสงค์, ไข่ไก่, เกล็ดขนมปัง, น้ำมัน, หัวกะทิ, น้ำปลา, น้ำตาลทราย ",มีพริกแกงเขียวหวานที่เคยตำไว้อยู่อยากรีบเอามาใช้ก่อนที่มันจะหมดอายุอ่ะ กินกับข้าวด้วยได้ไหม,มี ข้าว พริกแกง ชีส พริกแกง ทำอะไรได้บ้าง ขอแปลกๆ,มีไก่ ข้าวสาร น้ำปบา น้ำตาลทราย อยากทำขนมอร่อยๆ 
ข้าวไก่อบขิง,"- ข้าวสารหอมมะลิ 2 ถ้วยตวง- เนื้อไก่หั่นชิ้นพอคำ 400 กรัม - เห็ดหอมแห้ง 35 กรัม แช่น้ำจนนิ่ม แล้วหั่นเป็นเส้น  ได้ประมาณ 1 ถ้วย - ขิงซอย 1 ถ้วย  หนักประมาณ 100 กรัม - เก๋ากี๊ 3 ช้อนโต๊ะ - กระเทียมสับ 2 ช้อนโต๊ะ - น้ำมันสำหรับผัด 3 ช้อนโต๊ะ 
- น้ำซุปไก่ หรือน้ำเปล่า 500 มิลลิลิตร- ซีอิ๊วขาว 3 ช้อนโต๊ะ - เต้าเจี้ยวดำ 3 ช้อนโต๊ะ - เกลือสมุทรป่น 1 ช้อนชา- น้ำมันงา 100% 1 ช้อนโต๊ะ ",แคลมาก,โปรตีนกลาง,ไขมันกลาง,คาร์บสูง,"ข้าวสาร, เนื้อไก่,  เห็ดหอมแห้ง, ขิง, เก๋ากี๊, กระเทียม, น้ำมัน, น้ำซุปไก่, ซีอิ๊วขาว, เต้าเจี้ยวดำ, เกลือ, น้ำมันงา",มีข้าว ไก่ ขิง ทำอะไรกินดีที่ไม่ใช่ข้าวมันไก่,มีขิง ไก่ หมู เห็ด เก๋ากี้ พวกอาหารจีนๆ ทำเมนูอะไรได้บ้าง,ขิง ไก่ อบ กัน จะมีรสชาติอย่างไร
ไก่ผัดเม็ดมะม่วง,"- อกไก่ หรือเนื้อส่วนสะโพกไก่ (ไม่เอาหนัง) หั่นชิ้นพอคำ 400 กรัม- เกลือป่น 1/4 ช้อนชา- พริกไทยป่น 1/4 ช้อนชา- น้ำเปล่า (น้ำเย็น)  1 ช้อนโต๊ะ - แป้งทอดกรอบ (เช่นโกกิ UFM  วังทิพย์) 1/2 ถ้วย- น้ำมันสำหรับทอด 2 ถ้วย
- พริกหวานหั่นเป็นชิ้นสี่เหลี่ยม  200 กรัม- หอมใหญ่  หั่นเป็นชิ้นพอคำ 150 กรัม- เม็ดมะม่วงหิมพานต์ดิบ 80 กรัม  - พริกแห้งเม็ดใหญ่ หั่นท่อนสั้น 20 กรัม
- กระเทียมสับ 2 ช้อนโต๊ะ - น้ำมันสำหรับผัด 2 ช้อนโต๊ะ - ซีอิ๊วขาว 2 + 1/2 ช้อนโต๊ะ - ซอสหอยนางรม 3 ช้อนโต๊ะ - น้ำตาลทราย 2 ช้อนโต๊ะ  (ใครชอบรสหวานนำ เพิ่มน้ำตาลไปอีก 1/2 ช้อนโต๊ะ) - น้ำมันงา 1 ช้อนโต๊ะ 
*** สูตรนี้ทำเสร็จแล้ว จะได้ 1 จานใหญ่ตามในภาพ",แคลมาก,โปรตีนกลาง,ไขมันกลาง,คาร์บสูง,"อกไก่, เกลือ, พริกไทย,  น้ำเปล่า,  แป้งทอดกรอบ,  น้ำมัน, พริกหวาน, หอมใหญ่, เม็ดมะม่วงหิมพานต์, พริกแห้ง, กระเทียม, ซีอิ๊วขาว, ซอสหอย, น้ำตาลทราย, น้ำมันงา",อาหารเด็กๆ รสชาติ หวานๆเค็ม  ผู้ใหญ่กินก็ชอบ ทำมาจากไก่ ,อยากทำอาหารเมนูไก่ทอดอ่ะ ,มี ไก่ แป้งทอดกรอบ น้ำมัน ไข่ เม็ดมะม่วง ทำเมนูอะไรได้บ้าง
ไก่ย่างเสียบไม้ (ไก่แดง),"- เนื้อส่วนสะโพกไก่  หั่นชิ้นพอคำ (ประมาณ 1*1 นิ้ว หนาประมาณ 1 ซม.)  600 กรัม  - รากผักชี หั่นหยาบ 2 ช้อนโต๊ะ - กระเทียมไทยกลีบเล็ก แกะเปลือก 1/4 ถ้วย- พริกไทยขาวแบบเม็ด คั่วให้หอม 1 + 1/2 ช้อนโต๊ะ 
- น้ำตาลมะพร้าว 3 ช้อนโต๊ะ  - น้ำตาลทราย 2 ช้อนโต๊ะ - ซีอิ๊วขาว 2 ช้อนโต๊ะ - น้ำปลา 1 + 1/2 ช้อนโต๊ะ - ซอสปรุงรสฝาเขียว 1 ช้อนโต๊ะ - ซอสหอยนางรม 2 ช้อนโต๊ะ - น้ำมันพืช 2 ช้อนโต๊ะ - น้ำเปล่า 2 ช้อนโต๊ะ - สีผสมอาหารสีแดงส้ม แบบผง 1/8 ช้อนชา- น้ำสำหรับผสมสีให้ละลาย 1 ช้อนโต๊ะ 
- ไม้แหลมสำหรับเสียบไก่ ขนาดยาว 8 นิ้ว
** 1 สูตรทำได้ประมาณ  12-13 ไม้ ขนาดตามในภาพ  /   วันนี้พิมทำดับเบิ้ลสูตร ใช้ส่วนผสมทุกอย่างคูณ 2 ก็จะได้ไก่ประมาณ 24-25 ไม้ นะคะ
** น้ำหนักเนื้อไก่ล้วน ๆ อยู่ที่ 600 กรัม แต่ถ้าชั่งแบบที่ยังมีกระดูกอยู่ที่ประมาณ 700 กรัมนิด ๆ ค่ะ
*** วิธีนึ่งข้าวเหนียวให้นุ่มข้ามคืน  >> https://www.pim.in.th/one-dish-food/1383-steamed-sticky-rice",แคลมาก,โปรตีนกลาง,ไขมันกลาง,คาร์บสูง,"เนื้อส่วนสะโพกไก่, รากผักชี, กระเทียมไทย, พริกไทย, น้ำตาลมะพร้าว, น้ำตาลทราย, ซีอิ๊วขาว, น้ำปลา,  ซอสปรุงรสฝาเขียว, ซอสหอยนางรม, น้ำมันพืช, น้ำเปล่า, สีผสมอาหาร",มีเนื้อสะโพก รากผักชี สามเกลอ อะไรงี้พอทำอะไรได้บ้าง,อยากกินไก่ที่ทำให้นึกถึงความทรงจำในอดีต รด,อยากลองกินไก่รด
ไข่นกกระทาดองซีอิ๊ว,- ไข่นกกระทา 50 ฟอง- โชยุ 3/4 ถ้วย- น้ำต้มสุก (เย็นสนิท)  1 + 1/4 ถ้วย- น้ำตาลทราย 1/4 ถ้วย- น้ำมันงา 2 ช้อนโต๊ะ- งาขาวคั่ว 2 ช้อนโต๊ะ- พริกชี้ฟ้าเขียว แดง ซอยบาง ๆ อย่างละ 1 เม็ด- พริกจินดา ซอยบาง ๆ  5 เม็ด- กระเทียมจีนซอยบาง ๆ 1/4 ถ้วย - ขิงแก่ปอกเปลือกหั่นแว่น 5 ชิ้น- ต้นหอมซอย 1/4 ถ้วย,แคลมาก,โปรตีนกลาง,ไขมันกลาง,คาร์บสูง,"ไข่นกกระทา, โชยุ, น้ำต้มสุก, น้ำตาลทราย, น้ำมันงา, งาขาว,  พริกชี้ฟ้า, พริกจินดา, กระเทียม,  ขิง, ต้นหอม",มีไข่นกกระทาทำอะไรกินดี,มีน้ำดองเหลืออยู่ เอาอะไรมาดองต่ออีกได้บ้าง ,มีโชยุ พริก กระเทียม ไข่  น้ำตาล น้ำปลา
ยำไก่แซ่บ,"- สะโพกไก่เลาะกระดูก 2 ชิ้น (300 - 350 กรัม)  - เกลือป่น 1/4 ช้อนชา- พริกไทยขาวป่น 1/4 ช้อนชา
- แป้งทอดกรอบ (ส่วนที่ 1) 150 กรัม- แป้งทอดกรอบ (ส่วนที่ 2) 150 กรัม- น้ำเย็น 180 กรัม- น้ำมันสำหรับทอดไก่ 
- น้ำมะนาว 4 ช้อนโต๊ะ - น้ำปลา 3 ช้อนโต๊ะ - น้ำตาลทราย 1 ช้อนโต๊ะ - พริกขี้เหนูแห้งคั่วป่น 1 ช้อนโต๊ะ - ข้าวคั่ว 1 ช้อนโต๊ะ 
- ต้นหอมซอย 1 ช้อนโต๊ะ - ผักชีฝรั่งซอย 1 ช้อนโต๊ะ - สะระแหน่เด็ด 1-2 กิ่ง- ผักชีเด็ด 1-2 ก้าน
*** สูตรนี้ทำได้ 1 จานตามภาพ

*** วิธีนึ่งข้าวเหนียวให้นุ่มข้ามคืน  >> https://www.pim.in.th/one-dish-food/1383-steamed-sticky-rice
 
*** วิธีทำข้าวคั่ว >> https://www.pim.in.th/sauce/1428-ground-roasted-rice",แคลมาก,โปรตีนกลาง,ไขมันน้อย,คาร์บสูง,"สะโพกไก่, เกลือ, พริกไทย, แป้งทอดกรอบ, น้ำเย็น, น้ำมัน, น้ำมะนาว, น้ำปลา, น้ำตาลทราย, พริกขี้หนู, ข้าวคั่ว, ต้นหอม, ผักชีฝรั่ง, สะระแหน่, ผักชี",อยากกินยำแซ่บๆ,อยากกินยำที่อร่อยกว่าเคเอฟสี,มีไก่ อยากเอามาทำให้ เผ็ด เปรี้ยว หวาน เค็ม จัดจ้าน
อกไก่ตุ๋นซอสกระเทียม,"- อกไก่ 700 กรัม  - กระเทียมจีนสับ/บดหยาบ 5 ช้อนโต๊ะ - พริกไทยขาวป่น 2 ช้อนชา- ซีอิ๊วขาว 4 ช้อนโต๊ะ - ซีอิ๊วดำเค็ม 1 ช้อนชา- น้ำตาลทราย 1 ช้อนโต๊ะ - เหล้าจีน 2 ช้อนโต๊ะ - เกลือสมุทรป่น 2 ช้อนชา- แป้งข้าวโพด 2 ช้อนโต๊ะ  - น้ำมันสำหรับทอดไก่ 1/4 ถ้วย- น้ำเปล่าประมาณ 350 - 450 มิลลิลิตร- ต้นหอมซอย/ผักชีซอย สำหรับโรยหน้า ปริมาณตามชอบ/ใส่หรือไม่ใส่ก็ได้
*** อกไก่ จะใช้แบบมีหนัง หรือลอกหนังก็ได้นะคะ
*** พิมว่าถ้าใช้เป็นเนื้อไก่ส่วนสะโพก  หั่นชิ้นพอคำ (คำใหญ่หน่อย) ก็น่าจะอร่อยดีน๊า แต่พิมยังไม่เคยลองเลยค่ะ 😅
*** ถ้าไม่มีเหล้าจีน จะไม่ใส่ก็ได้  แต่ใส่แล้วหอมกว่า แถมเหล้าจีนยังช่วยดับกลิ่นคาวได้อีกด้วยนะคะ",แคลกลาง,โปรตีนน้อย,ไขมันน้อย,คาร์บสูง,"อกไก่, กระเทียม, พริกไทยขาว, ซีอิ๊วขาว, ซีอิ๊วดำ, น้ำตาลทราย, เหล้าจีน, เกลือ, แป้งข้าวโพด,  น้ำมัน,  น้ำ, ต้นหอม",มีอกไก่ เอามาทำเมนูที่กินง่าย อร่อย ไขมันน้อย,มีอกไก่อยากทำอาหารอร่อย ๆซอสกระเทียม,"อกไก่, กระเทียม, พริกไทยขาว, ซีอิ๊วขาว, ซีอิ๊วดำ, ทำอะไรกินได้บ้าง"
น่องติดสะโพกไก่ทอดน้ำปลา,"- น่องติดสะโพกไก่ หรือสะโพก หรือน่อง  750 กรัม- น้ำปลา 1 + 1/2 ช้อนโต๊ะ - น้ำเปล่า 2 ช้อนโต๊ะ - น้ำตาลทราย 1/2 ช้อนชา- พริกไทยป่น 1/2 ช้อนชา- แป้งทอดกรอบ 1 + 1/2 ช้อนโต๊ะ  - แป้งข้าวเจ้า 1 + 1/2 ช้อนโต๊ะ - น้ำมันสำหรับทอด 
*** ในภาพส่วนผสม พิมผสมแป้งข้าวเจ้ากับแป้งทอดกรอบรวมไว้ในถ้วยเดียวกันนะคะ 
*** น้ำปลาบางยี่ห้อ เค็มมากกกก โปรดใช้ด้วยความระมัดระวัง ถ้าน้ำปลาใครเค็มจัด ๆ ใช้แค่ 1 ช้อนโต๊ะก็พอค่ะ 
*** ดูวิธีทำน้ำจิ้ม  >>  คลิ๊กที่นี่ <<",แคลกลาง,โปรตีนน้อย,ไขมันน้อย,คาร์บสูง,"สะโพกไก่, น้ำปลา, น้ำ, น้ำตาลทราย,  พริกไทย, แป้งทอดกรอบ, แป้งข้าวเจ้า, น้ำมัน",อยากกินไก่ทอด,เมนูที่เอาไก่ไปทอด แล้วรสชาติเค็มๆหวานๆ,น้่องไก่ต้มน้ำปลารสชาติอย่างไร ลองแนะนำมให้ทำน้อย
ตีนไก่ต้มถั่วลิสง,"- ตีนไก่ 1000 กรัม- น้ำเปล่า 7 ถ้วย- ต้นหอม 3 ต้น - ขิงแก่หั่นแว่นหนาครึ่งเซ็นต์ 5 แว่น  (สำหรับลวกตีนไก่)- เหล้าจีน 2 ช้อนโต๊ะ - ถั่วลิสง 1 ถ้วย- พุทราจีน 10 เม็ด   - ขิงแก่หั่นแว่นหนาครึ่งเซ็นต์ 5 แว่น  (สำหรับต้ม)- รากผักชีทุบพอแตก 4 ราก - น้ำเปล่า 7 ถ้วย- เกลือสมุทรป่น 1 + 1/2 ช้อนโต๊ะ   หรือตามความเค็มที่ชอบ
*** ใครไม่ชอบรสเค็มจากเกลือ จะใช้ซีอิ๊วขาว ซอสปรุงรส หรือเครื่องปรุงรสที่ให้ความเค็มอย่างอื่นแทนได้ค่ะ",แคลน้อย,โปรตีนน้อย,ไขมันน้อย,คาร์บกลาง,"ตีนไก่,  น้ำเปล่า, ต้นหอม, ขิงแก่, เหล้า, ถั่วลิสง, พุทราจีน, ขิง, รากผักชี, เกลือ",เอาตีนไก่ทำอะไรได้บ้าง รสชาติจีนๆ,มีถั่วลิสง ขิง พุทรา ไก่ ทำอะไรดี,ตีนไก่ ถั่วลิงสง ขิง เหล้า พุทรา อยากลองทำเมนูน้ำๆ แบบแนวจีนๆ
ปีกไก่ตุ๋นโค้ก,"- ปีกกลางไก่ 1000 กรัม- กระเทียมจีน ปอกเปลือก ทุบพอแตก 8 กลีบ- ขิงแก่หั่นหนาครึ่งเซนต์ 6 ชิ้น- น้ำมันสำหรับผัด 2 ช้อนโต๊ะ - ซีอิ๊วขาวสำหรับหมักไก่ 1 ช้อนโต๊ะ - ซีอิ๊วขาวสำหรับปรุงรส 2 ช้อนโต๊ะ - เกลือสมุทรป่น 1/2 ช้อนชา- โคคาโคล่า (โค๊ก/เป๊ปซี่) 2 ถ้วย  
** ถ้วย = ถ้วยตวง",แคลน้อย,โปรตีนน้อย,ไขมันน้อย,คาร์บกลาง,"ปีกกลางไก่, กระเทียมจีน, ขิง, น้ำมัน, ซีอิ๊วขาว, เกลือสมุทร, โค๊ก/เป๊ปซี่",มีโค้ก มีไก่ มีไข่ มีปลา มีเห็ด ที่เหลื่อเครื่องปรุงสามัญประจำบ้านครบ ทำเมนูอะไรดี,มีโค้กไม่ค่อยซ่าแล้ว ไก่ หมู น้ำตาล หระเทียม น้ำมัน เครื่องปรุง ซอสต่างๆ ทำอาหารอะไรได้บ้าง,โค้ก กับ ไก่ เอามาต้มกันได้ไหม
ปีกไก่อบผงกะหรี่,"- ปีกบนไก่ 500 กรัม- ผงกะหรี่ 1 ช้อนชา- ซีอิ๊วขาว 1 ช้อนโต๊ะ - ซอสหอยนางรม 1 ช้อนโต๊ะ - ซอสปรุงรส 1/2 ช้อนโต๊ะ - น้ำตาลทราย 2 ช้อนชา- พริกไทยดำป่น 1/2 ช้อนชา- น้ำมันพืช 1 ช้อนโต๊ะ 
*** วันนี้ที่พิมทำ พิมใช้ส่วนผสม 2 เท่าจากสูตร คือใช้ไก่ 1000 กรัมนะคะ",แคลมาก,โปรตีนกลาง,ไขมันสูง,คาร์บสูง,"ปีกบนไก่, ผงกะหรี่, ซีอิ๊วขาว, ซอสหอยนางรม, ซอสปรุงรส, น้ำตาลทราย, พริกไทย, น้ำมันพืช",มีผงกะหรี่เหลืองๆเหลืออยู่จากทำปูพัดผงกะหรี่เราทำเมนูอะไรแทนได้บ้าง,ไก้ปีกไก่มาจากโลตัส ทำอะไรทานดี อยากได้รสชาติใหม่ๆ,ไก่ ผงกะหรี่ ปู หอม ผักกาด ทำอาหารอะไรกินดี
แหนมปีกไก่ทอด,- ปีกกลางไก่ 1000 กรัม- ข้าวเหนียวนึ่ง (พักให้เย็นสนิท) 100 กรัม- กระเทียมโขลก 100 กรัม- เกลือสมุทรป่น 1 + ½ ช้อนโต๊ะ- ตะไคร้ 6 ต้น- ใบมะกรูด 10 ใบ- พริกขี้หนูแห้ง 10 – 20 เม็ด- น้ำมันถั่วเหลือง ตราองุ่น,แคลกลาง,โปรตีนน้อย,ไขมันกลาง,คาร์บกลาง,"ปีกกลางไก่, ข้าวเหนียว, กระเทียม, เกลือ,  ตะไคร้, ใบมะกรูด, พริกขี้หนูแห้ง",เหลือแหนม ทำอะไรทานดี,มีแหนม ปีกไก่ กระเทียม เกลือ ตะไคร้ ใบมะกรูด ทำอะไรกินได้บ้าง,อยากกินอะไรทอดๆ ทำมาจากเนื้อหมูเปรีี้ยวๆ
ไก่ทอดซอสเลมอน,"- อกไก่ 500 กรัม - เลมอน 2 - 3 ลูก  - ไข่ไก่ฟองเล็ก 1 ฟอง- เหล้าจีน 1 ช้อนโต๊ะ - ซีอิ๊วขาว 2 ช้อนโต๊ะ- น้ำมันงา 1 ช้อนชา
- แป้งข้าวโพด (สำหรับคลุกไก่) 1 ถ้วย- เกลือป่น 1/2 ช้อนชา
- น้ำตาลทราย 1/3 ถ้วย + 2 ช้อนโต๊ะ - เกลือป่น 1/2 ช้อนชา- น้ำซุปไก่ 1/4 ถ้วย
- แป้งข้าวโพด 1 ช้อนโต๊ะ- น้ำสำหรับละลายแป้งข้าวโพด 1 ช้อนโต๊ะ 
- งาขาวคั่ว 1 ช้อนโต๊ะ - ต้นหอมซอย 1 ช้อนโต๊ะ - น้ำมันสำหรับทอด 
*** สูตรนี้ ทำแล้วได้ 1 จานตามในภาพ",แคลมาก,โปรตีนกลาง,ไขมันกลาง,คาร์บสูง,"อกไก่, เลมอน, ไข่ไก่,  เหล้าจีน, ซีอิ๊วขาว, น้ำมันงา, แป้งข้าวโพด, เกลือ, น้ำตาลทราย, น้ำซุปไก่, แป้งข้าวโพด, น้ำ, งาขาว, ต้นหอม, น้ำมัน",อยากทำไก่ทอดอร่อยๆ มีซอสเปรี้ยวๆ หวานๆ,เลมอนกำลังออกผล มีเนื้อสัตว์อยู่บ้าง  เหล้า จีน น้ำมันงา สามเกลอ ,อยากกินไก่ทอดแบบเกาหลี มีซอสเปรี้ยวๆ หวานๆ รสชาติดี กิน กับ ไก่ กรอบๆ 
ไก่นึ่งตะไคร้มะนาว,- น่องติดสะโพกไก่ เบทาโกร 3 ชิ้น- ตะไคร้ซอย 4 ช้อนโต๊ะ - กระเทียมสับ 4 ช้อนโต๊ะ- พริกขี้หนูสวนซอย 3 ช้อนโต๊ะ - น้ำมะนาว 4 ช้อนโต๊ะ- น้ำปลา 3 ช้อนโต๊ะ- น้ำตาลทราย 1 ช้อนโต๊ะ- ผักชีเล็กน้อย สำหรับโรยหน้า,แคลกลาง,โปรตีนน้อย,ไขมันน้อย,คาร์บสูง,"น่องติดสะโพกไก่, ตะไคร้, กระเทียม, พริกขี้หนู, น้ำมะนาว, น้ำปลา, น้ำตาลทราย, ผักชี",มีตะไคร้  ใบมะกรูด ไก่  กระเทียม พริกทำเมนูอะไรดีที่ไม่เใช้ต้มนำ,อยากทำไก่ที่รสชาติไทยๆ ,ไก่หอมๆนึ่งกับตะไคร้ รสชาติจะเป็นอย่างไร แนะนำเมนุหน่อย
สะโพกไก่อบพริกไทยดำ,"- สะโพกไก่ 6 ชิ้น (น้ำหนักรวมประมาณ 1200 กรัม) - ขิงสับละเอียด 1 ช้อนโต๊ะ - กระเทียมสับละเอียด 1 ช้อนโต๊ะ - วูสเตอร์ซอส 3 ช้อนโต๊ะ - เกลือป่น 2 ช้อนชา- พริกไทยดำบดหยาบ 1 ช้อนโต๊ะ - น้ำตาลทราย 1/2 ช้อนโต๊ะ- น้ำมะนาว 1 ช้อนโต๊ะ - น้ำมันพืช 2 ช้อนโต๊ะ - ผักชีหั่นหยาบ 1 ช้อนโต๊ะ 
- แครอท 1 หัว- มันฝรั่ง 2 หัว- หน่อไม้ฝรั่ง 250 กรัม- เนยจืด 1 ช้อนโต๊ะ - เกลือป่น 1/4 ช้อนชา- พริกไทยดำบดหยาบ 1/4 ช้อนชา
*** วูสเตอร์ซอส เป็นซอสปรุงรสชนิดนึงที่มีต้นกำเนิดมาจากประเทศอังกฤษค่ะ ตัวซอสจะมีสีน้ำตาลเข้ม รสชาติเปรี้ยว ๆ เค็ม ๆ  และหอมกลิ่นเครื่องเทศที่เป็นเอกลักษณ์มาก ๆ  ซอสอันนี้เอามาใช้งานได้หลากหลาย  เช่น เหยาะบนไข่ดาว ไส้กรอก เบคอน  ใช้ปรุงรสในผัดยากิโซบะ เสต๊กหมู  ซุปมะกะโรนี  น้ำสลัด ทำซอสราดแฮมเบิร์ก  ซอสบาร์บีคิว  ใช้หมักเนื้อ  และอีกมากมายนะคะ   สามารถหาซื้อได้ตามซุปเปอร์มาร์เกตทั่วไป  มีหลากหลายยี่ห้อเช่น ยี่ห้อ Lea & Perines  (จากอังกฤษ)  ยี่ห้อ yamamori (จากญี่ปุ่น)   ยี่ห้อไก่งวง (อันนี้เป็นของไทย)  ..  ในสูตรพิมใช้ของ  yamamori ค่ะ
พิกัดร้านขายวูสเตอร์ซอสใน Shopee & Lazada 

ยี่ห้อ  Lea & Perines  ใน Shopee >>   https://shope.ee/6zkoOEatSTยี่ห้อ  Yamamori  ใน Shopee >>   https://shope.ee/9K8jAYMK14
 
ยี่ห้อ  Lea & Perines  ใน Lazada >>    https://s.lazada.co.th/l.10erยี่ห้อ  Yamamori  ใน Lazada >>  https://s.lazada.co.th/l.10es",แคลมาก,โปรตีนกลาง,ไขมันสูง,คาร์บสูง,"สะโพกไก่, ขิงสับละเอียด, กระเทียม, วูสเตอร์ซอส, เกลือ, พริกไทยดำ, น้ำตาลทราย,  น้ำมะนาว, น้ำมัน, ผักชี, แครอท, มันฝรั่ง, หน่อไม้ฝรั่ง, เนยจืด, เกลือป่น,  พริกไทยดำ",มีสะโพกไก่ใหญ่ๆ ทำอะไรกินได้บ้าง,มีสะโพกไก่ พริกไทยดำ ขิง ซอส เกลือ พริกไทย ,อยากลองกินสะโพกไก่ที่มันยังชุ่มชื่นอยู่ข้างใน และข้าวนอกมีรสชาติพริกไทยดำจางๆ
ไก่โคราชต้มขมิ้น,"- ไก่โคราช เบทาโกร 1 ตัว- น้ำเปล่า 2500 มิลลิลิตร- กระเทียมกลีบใหญ่ แกะเปลือก ทุบพอแตก 8 กลีบ- หอมแดง ปอกเปลือก ทุบพอแตก 8 หัว- ตะไคร้ ทุบพอแตก หั่นท่อนสั้น 2 ต้นอวบ ๆ - ใบมะกรูดฉีก 10 ใบ- ข่ายาว 1 นิ้ว ทุบพอแตก 2 ชิ้น- ขมิ้นชันยาว 1 นิ้ว ทุบพอแตก 5 ชิ้น- ส้มแขก 5 ชิ้น  (สามารถเพิ่มได้ตามความเปรี้ยวที่ชอบ) - เกลือสมุทรป่น 1 ช้อนโต๊ะ 
** ส้มแขก เป็นผลไม้ตากแห้งที่ให้รสเปรี้ยว  มีขายตามร้านขายเครื่องแกงใต้ ใน Lazada/Shopee  ถ้าไม่มี จะไม่ใส่ หรือจะใช้มะขามเปียกแทนก็ได้ แต่ความเปรี้ยวที่ได้ อาจจะต่างไปนิดนึงค่ะ",แคลน้อย,โปรตีนน้อย,ไขมันน้อย,คาร์บกลาง,"ไก่โคราช, น้ำเปล่า, กระเทียม, หอมแดง, ตะไคร้, ใบมะกรูด, ข่า, ขมิ้น, ส้มแขก, เกลือ",มีขมิ้น อยากทำไก่เหลือง,อยากทำอาหารที่ประทับใจชาวโคราช เลยไปซื้อไก่โคราชมา นอกจากนี้เครื่องปรุงเรามีเครื่องอยู่แล้ว แต่คิดไม่ออกว่าจะทำเมนูอะไรดี,"ไก่โคราช, น้ำเปล่า, กระเทียม, หอมแดง"
เครื่องในไก่หมกหม้อ,"- พวงไข่ของไก่ 250 กรัม  (น้ำหนักหลังจากดึงก้อนไขมัน + หั่นเป็นชิ้นแล้ว)- เครื่องในไก่ 250 กรัม    (น้ำหนักหลังจากดึงก้อนไขมัน + หั่นเป็นชิ้นแล้ว)- แกงปลาร้า ""กิมจู"" สูตรเผ็ดมาก 1/2 กระปุก   (ใช้แทนเครื่องแกง ไม่ต้องเสียเวลามานั่งตำ) - พริกขี้หนูแห้งตำหยาบ ๆ 5 เม็ด  - ข่าชิ้นเท่าหัวแม่มือ ทุบพอแตก 1 ชิ้น- ตะไคร้ ทุบพอแตก หั่นท่อนสั้น 1 ต้น- น้ำเปล่า 1 ถ้วย
- น้ำปลาร้า 1 + 1/2 ช้อนโต๊ะ   - น้ำปลา 1/2 ช้อนโต๊ะ - ซอสปรุงรสฝาเขียว 1/2 ช้อนโต๊ะ 
- พริกกะเหรี่ยงเด็ดก้าน 10 เม็ด หรือตามชอบ (ใส่หรือไม่ใส่ก็ได้) - ใบมะกรูดฉีก 3 ใบ- ต้นหอม 2 ต้น หั่นท่อนสั้น 1 นิ้ว - ใบแมงลัก 1/2 ถ้วย  - ผักชีลาวเด็ดท่อน 1/2 ถ้วย 
*** ปริมาณที่พิมทำให้ดู คือ 2 เท่าของสูตรด้านบนนะคะ ถ้าใครจะทำเท่าพิมก็ใช้วัตถุดิบทุกอย่าง X 2 ได้เลยค่ะ
*** พวงไข่ ซื้อได้ตามร้านขายไก่ในตลาดสด หรือซื้อแบบแช่แข็งแพ็คละ 1 กิโลได้ที่แมคโคร
*** แกงปลาร้า กิมจู ซื้อได้ที่ Line / FB / Shopee  นะคะ
ไลน์ https://line.me/R/ti/p/@300bpmwo เพจ กิมจูตำนานแซ่บShopee  https://shopee.co.th/kimjutumnaansab?smtt=0.784482436-1655951706.9Messenger m.me/Kimjutumnaansab/",แคลมาก,โปรตีนสูง,ไขมันกลาง,คาร์บสูง,"พวงไข่ของไก่, เครื่องในไก่, พริกแกง, พริกขี้หนูแห้ง,  ข่า, ตะไคร้, น้ำเปล่า, น้ำปลาร้า, น้ำปลา, ซอสปรุงรสฝาเขียว, พริก, ใบมะกรูด, ต้นหอม, ใบแมงลัก, ผักชีลาว",มีเครื่องในไก่ ทำอะไรได้บ้าง ไม่อยากทิ้งเลย เสียดาย,มีเครื่องในไก่ พริก ขิง ข่า ตะไคร้ ใบมะกรูด อยากจะทำอาหาร,เครื่องในไก่ทำอะไรได้บ้าง ขอให้ทำเปผ้นเมนุกินง่ายๆๆ
ปีกไก่เหล้าแดง,"- ปีกไก่ (ปีกกลาง)  สับครึ่ง  500 กรัม- เกลือป่น 1/8 ช้อนชา- พริกไทยป่น 1/4 ช้อนชา- น้ำมันสำหรับทอดไก่
- น้ำมันสำหรับผัด 2 ช้อนโต๊ะ - รากผักชี โขลก/สับละเอียด 1 ช้อนโต๊ะ  - กระเทียมไทย  โขลก/สับละเอียด 1 + 1/2 ช้อนโต๊ะ   - พริกไทยขาวป่น 1/2 ช้อนชา- น้ำตาลทราย 1 + 1/2 ช้อนโต๊ะ - ซอสพริก 4 ช้อนโต๊ะ - ซอสมะเขือเทศ 4 ช้อนโต๊ะ - ซีอิ๋วดำหวาน 1/4 ช้อนชา (แต่งสี - ไม่มีไม่ต้องใส่ก็ได้) - น้ำเปล่า 5 ช้อนโต๊ะ- เหล้าจีน 1 ช้อนโต๊ะ - ใบกระวาน 2-3 ใบ",แคลมาก,โปรตีนสูง,ไขมันน้อย,คาร์บสูง,"ปีกไก่,  เกลือ, พริกไทย,  น้ำมัน, รากผักชี, กระเทียมไทย, พริกไทยขาว, น้ำตาลทราย, ซอสพริก, ซอสมะเขือเทศ, ซีอิ๋วดำหวาน, น้ำเปล่า, เหล้าจีน, ใบกระวาน ","มี ซอสพริก, ซอสมะเขือเทศ, ซีอิ๋วดำหวาน, น้ำเปล่า, เหล้าจีน, ใบกระวาน  ไก่ หมู ปลา ทำอะไรกินได้บ้าง",มีเหล้า มีไก่ มีรากผักชี มีครก และเศษใจเหลือๆ ทำอะไรกินเพื่อไม่เศร้าไปมากกว่านี้,เอาไก่มาต้มกับเหล้ารสชาตอจะยังไง
ไก่ย่างพริกแห้ง กับแจ่วมะเขือเทศ,"- น่องติดสะโพกไก่ 2 ชิ้น น้ำหนักประมาณ 600 กรัม- พริกขี้หนูแห้ง คั่วพอหอม 10 กรัม- ตะไคร้ซอยบาง ๆ  20 กรัม- กระเทียมไทย 20 กรัม- ใบมะกรูดฉีก 3-4 ใบ 
- น้ำปลาร้า 2 ช้อนโต๊ะ - น้ำปลา 1 ช้อนโต๊ะ - เกลือสมุทรป่น 1/2 ช้อนชา- ซอสหอยนางรม 1 ช้อนโต๊ะ - น้ำตาลทราย  1 ช้อนโต๊ะ - น้ำเปล่า 2 ช้อนโต๊ะ  
** ใครไม่กินปลาร้า เพิ่มน้ำปลา/ซีอิ๊วขาว ไปแทนนะคะ 
** วันนี้พิมใช้น่องติดสะโพก 4 ชิ้น เลยเพิ่มเครื่องปรุงรสทุกอย่างเป็น 2 เท่าค่ะ 

:: ส่วนผสมและเครื่องปรุง ""แจ่วมะเขือเทศปลาร้า"" :: 
- มะเขือเทศสีดา 4 ผล หรือราชินี 8 ผล- พริกจินดาแดง 7 เม็ด- หอมแดง ปอกเปลือก หั่นชิ้นเล็ก 1/4 ถ้วย- กระเทียมไทย แกะเปลือก 1/8  ถ้วย- น้ำปลาร้า 2 ช้อนโต๊ะ- น้ำปลา 1/2 ช้อนโต๊ะ - น้ำมะขามเปียก  1 ช้อนโต๊ะ - น้ำต้มสุก 1 ช้อนโต๊ะ  - ผักชีต้นหอม ซอย อย่างละ 1 ช้อนโต๊ะ 
** ถ้าไม่กินปลาร้า  เพิ่มน้ำปลาไปแทน
** พิมทำแจ่วเป็น 2 เท่าของในสูตร เพราะงั้นส่วนผสมในภาพก็จะดูมากนิดนึงค่ะ",แคลมาก,โปรตีนกลาง,ไขมันน้อย,คาร์บสูง,"น่องติดสะโพกไก่, พริกขี้หนูแห้ง, ตะไคร้ซอย, กระเทียม, ใบมะกรูดฉีก, น้ำปลาร้า, น้ำปลา, เกลือสมุทรป่น, ซอสหอยนางรม, น้ำตาลทราย, น้ำเปล่า, มะเขือเทศสีดา, พริกจินดาแดง,  หอมแดง",มีน้ำปลาร้า ไก่ พริกขี้หนู ตะไคร้ ใบมะกรูดทำอะไรกินดี,อยากจะกินอะไรเผ็ดๆ รสชาติจิ้ดจ้าก และกินกับไก่,อยากกินอาหารแซ่บๆ ไก่ย่างพริกแห้ง กับแจ่วมะเขือเทศ
ไข่ตุ๋นทรงเครื่องทอดกรอบ,"- ไข่ไก่อนามัยเบทาโกร 8 ฟอง- เกลือสมุทร 1/2 ช้อนชา- พริกไทยขาวป่น 1/2 ช้อนชา- น้ำซุป (ไม่เค็ม) หรือน้ำเปล่า 3/4 ถ้วย- ต้นหอมซอย 1 ช้อนโต๊ะ- แครอทสับ 1 ช้อนโต๊ะ- แป้งชุบทอดสำเร็จรูป 1/2 ถ้วย- น้ำเปล่า 1 ช้อนโต๊ะครึ่ง- น้ำมันสำหรับทอด 1/2 ลิตร 
*** เปลี่ยนเครื่องปรุงรสจากเกลือ เป็นน้ำปลา หรือซีอิ๊วขาว/ซอสปรุงรส ได้ตามความชอบ",แคลกลาง,โปรตีนน้อย,ไขมันน้อย,คาร์บกลาง,"ไข่ไก่, เกลือ, พริกไทย,  น้ำซุป, ต้นหอมซอย, แครอทสับ, แป้ง, น้ำเปล่า, น้ำมัน",อยากทำอาหารที่เด็กชอบ มีไข่ กินแล้ว เบาๆ ฟูๆ,มีไข่เยอะมากกกกกก เอามาทำอะไรดี,"น้ำซุป, ต้นหอมซอย, แครอทสับ,แป้ง และไส่ไข่ จะทำได้เมนุอะไร"
ไก่กรอบเกาหลี,":: ส่วนผสมและเครื่องปรุง ""ไก่ทอด"" :: 
- อกไก่ (ไม่เอาหนัง) 500 กรัม - ขิงสับละเอียด 1/2  ช้อนโต๊ะ - กระเทียมสับละเอียด 1/2 ช้อนโต๊ะ - ซอสปรุงรส 1 ช้อนโต๊ะ - เกลือสมุทรป่น 1/8 ช้อนชา
- แป้งทอดกรอบ 1 ถ้วย- น้ำเปล่า 3/4 ถ้วย 
- น้ำมันสำหรับทอด 1/2 ลิตร
:: ส่วนผสมและเครื่องปรุง ""ซอสเคลือบไก่"" :: 
- น้ำมันพืช 1 ช้อนโต๊ะ - น้ำส้มสายชู 1 ช้อนโต๊ะ- โคชูจัง 2 ช้อนโต๊ะ - น้ำผึ้ง 3 ช้อนโต๊ะ- กระเทียมสับ 3 ช้อนโต๊ะ - ซอสมะเขือเทศ 4 ช้อนโต๊ะ - ซอสหอยนางรม 2 ช้อนโต๊ะ - น้ำเปล่า 1/3 ถ้วย 
- งาขาวคั่วสีอ่อน ๆ 1 ช้อนโต๊ะ - ผักชี หรือพาสลีย์ สำหรับโรยหน้า 
** โคชูจัง คือ ซอสพริกสไตล์เกาหลี  ทำมาจากถั่วเหลือง พริกแดง แป้งข้าวเหนียว ฯ ผ่านการหมักบ่ม รสชาติเค็ม เผ็ด หวานนิด ๆ  หาซื้อได้ตามซุปเปอร์มาร์เกตทั่วไป หรือตามร้านค้าออนไลน์ อย่าง Shopee/ Lazada  ก็มีขายค่ะ  
** สูตรนี้ทำแล้วได้ปริมาณค่อนข้างเยอะ กินได้ 3-4 คนแบบอิ่ม ๆ   ถ้าใครคิดว่าจะทำกินแค่คนเดียวสองคน   ให้ทำแค่ครึ่งสูตร โดยลดปริมาณส่วนผสมทุกอย่างลง ใช้แค่เพียงอย่างละครึ่งก็พอนะคะ ",แคลมาก,โปรตีนสูง,ไขมันสูง,คาร์บสูง,"อกไก่,  ขิง, กระเทียม,  ซอสปรุงรส, เกลือ,  แป้งทอดกรอบ, น้ำเปล่า, น้ำมัน, น้ำส้มสายชู, โคชูจัง, น้ำผึ้ง, กระเทียม, ซอสมะเขือเทศ, ซอสหอยนางรม,ผักชี, งาขาว","โคชูจัง, น้ำผึ้ง, กระเทียม, ซอสมะเขือเทศ ไก่ ",มีสะโพกไก่ รากผักชี พริกไทย เครื่องเทศต่างๆ อยากทำไก่ แบบพิเศษไส่ไข่ เหมือนไก่เกาหลี,บ้านมี ไก่ โคชูจัง ซอน เครื่องปรุงหมดแล้ว ทำอะไรทานได้บ้าง
สะโพกไก่ซอสแดง,"สะโพกไก่ 6 ชิ้นใหญ่  (1200 กรัม)รากผักชี 4 ราก ตำ/บด (15 กรัม)กระเทียมไทยกลีบเล็ก ตำ/บด 3 ช้อนโต๊ะ (30 กรัม)พริกไทยขาวป่น 1 ช้อนชาซีอิ๊วขาว 3 ช้อนโต๊ะ ซอสหอยนางรม 2 ช้อนโต๊ะ น้ำมันสำหรับทอดไก่ 1/4 ถ้วย
:: ส่วนผสมและเครื่องปรุงสำหรับทำซอส ::
รากผักชี 4 ราก ตำ/บด (15 กรัม)กระเทียมไทยกลีบเล็ก ตำ/บด  3 ช้อนโต๊ะ (30 กรัม)พริกไทยขาวป่น 1 ช้อนชาขิงแก่หั่นหว่น 5 แว่น (50 กรัม)หอมใหญ่สับ 200 กรัม
ซอสมะเขือเทศ 2/3 ถ้วยซอสพริก 4 ช้อนโต๊ะซีอิ๊วขาว 4 ข้อนโต๊ะ ซอสหอยนางรม 4 ช้อนโต๊ะ น้ำตาลทราย 6 ช้อนโต๊ะ น้ำซุป 3 ถ้วย 
**  สูตรเดิมพิมใช้น้ำตาลทราย 8 ช้อนโต๊ะ แต่สูตรนี้ลดความหวานลงนิดหน่อย เลยใช้แค่ 6 ช้อนโต๊ะ  ถ้าใครทำแล้วชิมแล้วรู้สึกว่าหวานน้อยไป ก็ค่อยเติมน้ำตาลเพิ่มได้ตอนปรุงนะคะ
** ไก่อบซอสแดงสูตรนี้รสหวานอมเปรี้ยวนิด ๆ แทบไม่เผ็ดเลย  ถ้าใครชอบให้มีรสเผ็ดนิด ๆ สามารถลดซอสมะเขือ แล้วเพิ่มซอสพริกได้ค่ะ 
** ความข้นของซอสส่วนนึงขึ้นอยู่กับว่า เราสับ/บดหอมใหญ่ ละเอียดละเอียดมากน้อยแค่ไหน ยิ่งสับละเอียดซอสจะยิ่งข้นง่าย เนื้อซอสจะเนียนเหมือนในภาพ  แต่ถ้าสับหยาบ แบบเห็นหอมใหญ่เป็นชิ้น ๆ  ซอสก็จะเป็นอีก Texture  นึงนะคะ",แคลน้อย,โปรตีนน้อย,ไขมันน้อย,คาร์บกลาง,"สะโพกไก่, รากผักชี , กระเทียมไทย, พริกไทย, ซอสหอยนางรม ,  น้ำมัน, ขิงแก่, หอมใหญ่, ซอสมะเขือเทศ, ซอสพริก, ซีอิ๊วขาว, น้ำตาลทราย, น้ำซุป",มีอกไก่ ซอสหอย อะไรต่างๆ ทำอะไรกินได้บ้าง,มีไก่อยากทำซอสแดงๆทาไก่ จะได้น่ากินมากขึ้น,อยากทำไก่ซอสแดง รสชาติเด้ดทำจากของเหลือในบ้าน เช่น ซอสหอย น้ำปลา รากผักชี
ไก่ทอดหาดใหญ่,"- น่องติดสะโพกชิ้นใหญ่ 4 ชิ้น (น้ำหนักประมาณ 1250 - 1300 กรัม) - ลูกผักชี 1 ช้อนโต๊ะ - ยี่หร่า 1/2 ช้อนโต๊ะ - พริกไทยขาวแบบเม็ด 1/2 ช้อนโต๊ะ - กระเทียมไทย แกะเปลือก 2 ช้อนโต๊ะ - หอมแดงซอย 1/4 ถ้วย
- น้ำปลา 2 ช้อนโต๊ะ - เกลือ 1 ช้อนชา- น้ำตาลทรายไม่ขัดสี 1 ช้อนโต๊ะ 
- แป้งข้าวเจ้า 2 ช้อนโต๊ะ - แป้งทอดกรอบ 2 ช้อนโต๊ะ - น้ำเย็นจัด สำหรับผสมแป้ง 4 ช้อนโต๊ะ 
- หอมแดงซอย (สำหรับทำหอมเจียว) 1 ถ้วย- แป้งทอดกรอบ 1/2 ช้อนโต๊ะ - น้ำมันสำหรับเจียวหอม ทอดไก่ 1 ลิตร",แคลมาก,โปรตีนกลาง,ไขมันน้อย,คาร์บสูง,"น่องติดสะโพกชิ้นใหญ่, ลูกผักชี, ยี่หร่า, พริกไทยขาว, กระเทียมไทย, หอมแดงซอย, น้ำปลา, เกลือ, น้ำตาลทราย, แป้งข้าวเจ้า, แป้งทอดกรอบ, น้ำเย็นจัด, หอมแดงซอย",อยากกินไก่่ทอดหาดใหญ่,มีกระเทียม ลูกผักชี ใบยี่หรา ไก่ หอมเจียว ทำอะไรกินได้บ้าง อยากกินไก่รสชาติไทยๆ เข็มจ้น กรอบนอกนุ่มใน,อยากกินไก่ทอดหาดใหญ่ ที่อร่อยกว่าไก่ทอดหาดใหญ่
ยากิโทริ ไก่ย่างสไตล์ญี่ปุ่น,"- เนื้อไก่ส่วนสะโพก 400 กรัม    (ชั่งเฉพาะเนื้อ ไม่รวมกระดูกนะจ๊ะ) - โชยุ 1 ช้อนโต๊ะ - พริกไทยขาวป่น 1/4 ช้อนชา
- ต้นหอมญี่ปุ่น 2 ต้น 
- ขิงแก่ทุบพอแตก หั่นเป็นเว่น  3  ชิ้น - เหล้าสาเกสำหรับปรุงอาหาร 2 ช้อนโต๊ะ - มิริน 2 ช้อนโต๊ะ - โชยุ 5 ช้อนโต๊ะ - น้ำตาลทรายไม่ขัดสี 5 ช้อนโต๊ะ - น้ำตาลทรายแดง 2 ช้อนโต๊ะ 
** สูตรนี้จะได้ประมาณ 7 ไม้ ตามภาพด้านล่างน๊า",แคลมาก,โปรตีนกลาง,ไขมันน้อย,คาร์บสูง,"เนื้อไก่, โชยุ, พริกไทย, ต้นหอม, ขิง, เหล้า, มิริน, โชยุ, น้ำตาลทราย, น้ำตาลทรายแดง",อยากกินไก่ทอดสไตล์ญี่ปู่นแบบเค็มเบาๆ เสียบไม้ปิ้งอ่ะ,มีเครื่องปรุงแนวอาหารญี่ปู่นอยู่เยอะ โชยุ มิริน สาเก ดาชิ ทำอะไรทานดี ,"เนื้อไก่, โชยุ, พริกไทย, ต้นหอม, ขิง, เหล้า ทำอะไรได้บ้าง"
ปีกไก่ย่างน้ำผึ้ง,ปีกไก่ 1000 กรัมรากผักชีซอย 2 ช้อนโต๊ะกระเทียมไทยกลีบเล็ก  1 ช้อนโต๊ะพริกไทยป่น 1 ช้อนชาน้ำตาลปี๊บ 2 ช้อนโต๊ะน้ำผึ้ง 2 ช้อนโต๊ะนมข้นจืด 2 ช้อนโต๊ะซีอิ๊วดำ 1/2 ช้อนโต๊ะซีอิ๊วขาว 3 ช้อนโต๊ะซอสหอยนางรม 2 ช้อนโต๊ะ,แคลน้อย,โปรตีนน้อย,ไขมันน้อย,คาร์บน้อย,"ปีกไก่, รากผักชี, กระเทียมไทย, พริกไทยป่น, น้ำตาลปี๊บ, น้ำผึ้ง, นมข้นจืด, ซีอิ๊วดำ, ซีอิ๊วขาว, ซอสหอยนางรม",อยากกินไก่อร่อยๆ อบน้ำผึ้ง,มีปีกไก่ อยากทำอาหารรสชาติหวานๆ เค็มๆ ใช้กระเทียมให้หมดด้วบ,"ที่บ้านมี น้ำตาลปี๊บ, น้ำผึ้ง, นมข้นจืด, ไก่  "
ไก่อบขิง,"- เนื้อสะโพกไก่หั่นชิ้นพอคำ  300 กรัม- ไวน์ขาว  1  ช้อนโต๊ะ  - ซอสหอยนางรม 1 ช้อนโต๊ะ - ซีอิ๊วขาว 1 ช้อนโต๊ะ - เกลือสมุทรป่น 1/4 ช้อนชา - น้ำตาลทราย 1/2 ช้อนชา- พริกไทยขาวป่น 1/4  ช้อนชา- ขิงแก่หั่นแว่น 5 แว่น - ต้นหอมหั่นท่อนทั้น 1 นิ้ว 2 ต้น - พริกชี้ฟ้าแดงหั่นเฉียง 1 เม็ด - เห็ดหอมสดดอกใหญ่หั่นสี่ส่วน  4 ดอก
- ผักชีต้นหอมสำหรับแต่งหน้านิดหน่อย (ไม่จำเป็น)",แคลมาก,โปรตีนกลาง,ไขมันน้อย,คาร์บสูง,"เนื้อสะโพกไก่, ไวน์ขาว,  ซอสหอยนางรม,  ซีอิ๊วขาว, เกลือ, น้ำตาลทราย, พริกไทยขาว, ขิงแก่, ต้นหอม, พริกชี้ฟ้าแดง, เห็ดหอม",มีขิงเยอะมากกกกก เอามาทำเมนูอาหารอะไรได้บ้าง,มีขิง ซอสหอย ไก่ ซีอิ้วขาว เกลือ น้ำตาล ทำอะไรกินดี,อยากทำอาหารที่ผู้ใหญ่ชอบกิง ไก่อบขิงจะดีไหม ที่บ้านมี ไก่เยอะมาก อยากเอามาใช้หก่อน
ไข่ดองซีอิ๊วสไตล์เกาหลี,- ไข่ต้มยางมะตูม เบทาโกร 9 ฟอง- โชยุ (ซีอิ๊วญี่ปุ่น) 1 ถ้วย- น้ำต้มสุก (พักให้เย็น) 1 ถ้วย- น้ำตาลทราย 2 ช้อนโต๊ะ- พริกชี้ฟ้าเขียว แดง เหลือง อย่างละ 1-2 เม็ด- ต้นหอม 3 ต้น- กระเทียมกลีบใหญ่ 3 กลีบ - ขิงแก่ปอกเปลือกขนาดเท่านิ้วหัวแม่โป้ง 1 ชิ้น- น้ำมันงา 2 ช้อนโต๊ะ- งาขาวคั่ว 2 ช้อนโต๊ะ,แคลมาก,โปรตีนน้อย,ไขมันกลาง,คาร์บสูง,"ไข่ต้มยางมะตูม, โชยุ, น้ำต้มสุก, น้ำตาลทราย, พริกชี้ฟ้า, ต้นหอม, กระเทียม, ขิงแก่, น้ำมันงา,  งาขาว",มีไข่ต้มไว้ เอามาทำอะไรทาน กลัวบูด,อยากลองทำไข่ ดอง แต่แบบรสชาติกินง่าย แนวเกาหลีๆ,มีไข่เบทาโกรเยอะมาก กินดิบได้ ทำอะไรกินดี
ไก่ทอดเกาหลี,"- ปีกบน หรือปีกกลางไก่ 700  กรัม- เกลือป่น 1/2 ช้อนชา- พริกไทยป่น 1/2 ช้อนชา- น้ำเย็นจัด 1 ช้อนโต๊ะ- แป้งทอดกรอบ 1 ถ้วย- ไข่ไก่ฟองเล็ก  1 ฟอง- น้ำมันพืชสำหรับทาไก่ 1 ช้อนโต๊ะ 
- น้ำมันสำหรับผัด หรือ เนยจืด 1 ช้อนโต๊ะ - กระเทียมสับ 3 ช้อนโต๊ะ - โคชูจัง  (น้ำพริกเกาหลี) 1/4 ถ้วย- น้ำผึ้ง 1/3 ถ้วย- ซอสมะเขือเทศ 1/3 ถ้วย- น้ำส้มสายชู 1 + 1/2 ช้อนโต๊ะ - น้ำเปล่า 1/3 ถ้วย
- งาขาวคั่ว 1  ช้อนโต๊ะ
*** โคชูจัง หรือน้ำพริกเกาหลี  ทำจากพริกแดงสด ถั่วเหลืองหมัก ข้าวเหนียวนึ่ง และซอสถั่วเหลือง ฯ ถ้าอยู่ในเมืองไทย หาซื้อได้ตามซุปเปอร์มาร์เกตทั่วไป  ใน Lazada  และ Shopee ก็มีขายค่ะ  
*** ถ้วย ถ้วยตวง ช้อนโต๊ะ ช้อนตวง อ่านรายละเอียดวิธีการใช้ >> ที่นี่ <<  นะคะ
*** สูตรด้านบน พิมให้ไว้เป็นแนวทางเฉย ๆ ถ้าใครลองเอาไปทำแล้ว ชอบเปรี้ยว หวาน เผ็ด เค็ม มากกว่านี้ ก็เพิ่มลดส่วนผสมได้ตามชอบเลยค่ะ
",แคลมาก,โปรตีนกลาง,ไขมันกลาง,คาร์บสูง,"ปีกบน, เกลือป่น, พริกไทยป่น, น้ำเย็น,  แป้งทอดกรอบ, ไข่ไก่, น้ำมันพืช, เนยจืด, กระเทียม, โคชูจัง, น้ำผึ้ง, ซอสมะเขือเทศ, น้ำส้มสายชู, น้ำเปล่า, งาขาว",อยากกชทำไก่เกาหลี อร่อยกว่าบอนชอน,อยากทำไก่ทอดเกากลี คลุกซอสหวานๆ,ปีกไก่ ผงปาปาริก้า เห็ด น้ำปลา แป้ง น้ำ มีวัตถุดิบพวกนี้ทำอะไรทานได้บ้าง
ไข่ตุ๋นหม้อไฟหมูสับ,"- หมูสับ 150 กรัม- น้ำมันพืช หรือน้ำมันที่ได้จากการเจียวกระทียม 2 ช้อนโต๊ะ  - ซอสปรุงรสฝาเขียว 1 ช้อนชา- พริกไทยขาวป่น 1/4 ช้อนชา
- ไข่ไก่ 6 ฟอง (เบอร์ 2 หรือ 3)- น้ำซุปหรือน้ำเปล่า 2 ถ้วย- น้ำปลา 1 ช้อนโต๊ะ- ซอสปรุงรสฝาเขียว 1/2 ช้อนโต๊ะ- ซอสหอยนางรม 1/2 ช้อนโต๊ะ- พริกไทยป่น 1/2 ช้อนชา
- กระเทียมเจียวใหม่ ๆ  1/4 ถ้วย- ต้นหอมหั่นหยาบ 1 ช้อนโต๊ะ- ผักชีหั่นหยาบ 1 ช้อนโต๊ะ 
** เพื่อให้ทุกคนทำออกมาแล้วรสชาติใกล้เคียงกันกับของพิม  พิมจึงใช้ถ้วยที่เป็นถ้วยตวงมาตรฐาน และช้อนโต๊ะ ช้อนชาที่เป็นช้อนตวงมาตรฐาน (ซึ่งสามารถหาซื้อได้ทั่วไป)  ในการชั่งตวงปริมาณส่วนผสมค่ะ  แต่ .. ไม่จำเป็นว่าทุกคนจะต้องทำเหมือนพิม   ถ้าไม่มีอุปกรณ์พวกนี้ เราก็สามารถกะส่วนผสมเอาคร่าว ๆ ได้  แล้วพอเวลาปรุง ก็ใช้วิธีปรุงไปชิมไปจนกว่าจะได้รสที่ชอบนะคะ 
** ถ้วยตวงและชุดช้อนตวง มีขายตามซุปเปอร์มาร์เกต ร้านขายอุปกรณ์เบเกอรี่  แผนกเครื่องครัว ใน lazada/shopee  ก็มีค่ะ",แคลมาก,โปรตีนกลาง,ไขมันกลาง,คาร์บสูง,"หมูสับ, น้ำมันพืช,  ซอสปรุงรสฝาเขียว, พริกไทย, ไข่ไก่ 6 ฟอง, น้ำซุป,  น้ำปลา, ซอสหอยนางรม,  กระเทียม,  ต้นหอม, ผักชี",ที่ครัวมี หมู ไจ่ เห็ด หอม แครอท ทำอะไรกินได้บ้าง,ไข่ หมู  ซอสปรุงรสฝาเขียว ทำอะไรกินดี ,อยากกินไข่ตุ๋นแซ่บๆ รสชาตเด็ด ใส่มะนาว ไก่ หมู เห็ด เครื่องเยอะๆๆ
ยำไข่ปิ้ง,- ไข่ไก่ 8 ฟอง - กระเทียมสับหยาบ 2 ช้อนโต๊ะ - หอมแดงซอย 1/4 ถ้วย- พริกขี้หนูซอย (พริกจินดา)  2 - 3 ช้อนโต๊ะ  (เผ็ดมาก 3 ช้อน  เผ็ดพอดีๆ  2 ช้อน) - น้ำมะนาว 4 ช้อนโต๊ะ - น้ำปลา 3 ช้อนโต๊ะ - น้ำตาลทราย 1 + 1/2  ช้อนโต๊ะ  (ถ้าชอบหวานมากหน่อย ใส่ไปเลย 2 ช้อนโต๊ะ - ผักชีต้นหอม สำหรับโรยหน้าตามชอบ,แคลกลาง,โปรตีนน้อย,ไขมันน้อย,คาร์บสูง," ไข่ไก่, กระเทียม, หอมแดง, พริกขี้หนู, น้ำมะนาว, น้ำปลา, น้ำตาลทราย",บ้านมี ไข่ไก่ หอมแดง กระเทียม มน ชีส หอมแดง มะนาว น้ำปล่ของพวกนี้สามารถทำอะไรได้บ้าง,ไข่ไก่ ทำอาหารอะไรได้ ที่มีรสชาติจัดจ้าน เปรี้ยว เผ้ด เค็ม หวาน ลงตัว,อยากกินไข่อร่อยๆ มีรส เค็ม เปรี้ยว เผ้ด ถึงเครื่อง 
ไข่พะโล้ผัดแห้ง,"- หมูสามชั้น หั่นชิ้นพอคำ 400 กรัม - ไข่นกกระทาต้มสุกแกะเปลือก 50 ฟอง- เต้าหู้แข็งสีขาว 1/2 ก้อน หั่นชิ้นพอคำ- สามเกลอ 2 ช้อนโต๊ะ - น้ำมันสำหรับผัด 2 ช้อนโต๊ะ - อบเชย 3 ชิ้น- โป๊ยกั๊ก  3 ดอก- ผงพะโล้ 1/2 ช้อนชา- น้ำตาลปี๊บ 90 กรัม- น้ำร้อน 1 ถ้วย- น้ำเปล่า 1 ถ้วย
- ซอยหอยนางรม 2 ช้อนโต๊ะ - ซีอิ๊วขาว 2 ช้อนโต๊ะ - ซอสปรุงรส 1 ช้อนโต๊ะ
** สามเกลอ คือ รากผักชี กระเทียม พริกไทย โขลกรวมกันให้ละเอียด  ซึ่งวันนี้พิมใช้แบบสำเร็จรูป เพราะว่าช่วงนี้หารากผักชีสดแทบไม่ได้เลย  แต่ถ้าใครไม่มีแบบสำเร็จรูป  ก็สามารถตำเองก็ได้ค่ะ  โดยใช้รากผักชี  1 ช้อนโต๊ะ  + กระเทียม 1 ช้อนโต๊ะ + - พริกไทยดำ 1/2 ช้อนโต๊ะ นะคะ 
** เพื่อให้ทุกคนทำออกมาแล้วรสชาติใกล้เคียงกันกับของพิม  พิมจึงใช้ถ้วยที่เป็นถ้วยตวงมาตรฐาน และช้อนโต๊ะ ช้อนชาที่เป็นช้อนตวงมาตรฐาน (ซึ่งสามารถหาซื้อได้ทั่วไป)  ในการชั่งตวงปริมาณส่วนผสมค่ะ  แต่ .. ไม่จำเป็นว่าทุกคนจะต้องทำเหมือนพิม   ถ้าไม่มีอุปกรณ์พวกนี้ เราก็สามารถกะส่วนผสมเอาคร่าว ๆ ได้  แล้วพอเวลาปรุง ก็ใช้วิธีปรุงไปชิมไปจนกว่าจะได้รสที่ชอบนะคะ 
** ถ้วยตวงและชุดช้อนตวง มีขายตามซุปเปอร์มาร์เกต ร้านขายอุปกรณ์เบเกอรี่  แผนกเครื่องครัว ใน lazada/shopee  ก็มีค่ะ",แคลมาก,โปรตีนกลาง,ไขมันน้อย,คาร์บสูง,"หมูสามชั้น, ไข่นกกระทา, เต้าหู้แข็ง, สามเกลอ, น้ำมัน, อบเชย, โป๊ยกั๊ก, ผงพะโล้, น้ำตาลปี๊บ, น้ำร้อน, น้ำเปล่า, ซอยหอยนางรม, ซีอิ๊วขาว, ซอสปรุงรส ",มีหมู ไข่ เต้าหุ้ สามเกลอ อบเชย โป๊ยกัก อยากทำเมนูอร่อยๆ นึกถึงอาม่า,มีหมูสามชั้นเหลือ อยากเอามาใช้ให้หมด อยากกินเมนูหอมๆ ไม่เผ็ด หวานๆ,มีอบเชย โป๊ปกั๊ก น้ำมัน สามเกลอ เครื่องเทศต่างๆ อยากทำอาหารที่อร่อยๆ แห้งๆ กินกับไข่ และหมูสามชั้น
ไก่อบสมุนไพรพริกไทยดำ,"- ไก่สด 1 ตัว  น้ำหนักประมาณ 1.8 - 2 กิโลกรัม- ลูกผักชี 1 ช้อนโต๊ะ - พริกไทยดำ 2 ช้อนโต๊ะ - กระเทียมไทยแกะเปลือก 2 ช้อนโต๊ะ - หอมแดง 3 ช้อนโต๊ะ - รากผักชี 3 ช้อนโต๊ะ - ข่าซอย 1 ช้อนโต๊ะ - ตะไคร้ซอย 1/4 ถ้วย - เกลือสมุทรป่น 1 ช้อนโต๊ะ - น้ำตาลมะพร้าว 1 ช้อนโต๊ะ  - ซีอิ๊วขาว 1 ช้อนโต๊ะ - ซอสปรุงรส 1 ช้อนโต๊ะ - ซอสหอยนางรม 1 ช้อนโต๊ะ - หัวกะทิ 1/2 ถ้วย  (ถ้าใช้กะทิกล่อง เพิ่มน้ำตาลมะพร้าวเป็น  1 + 1/2 ช้อนโต๊ะ)  
*** คำว่าถ้วย ช้อนโต๊ะ ช้อนชา ที่พิมใช้ตามสูตรด้านบน คือ ถ้วยตวงและช้อนตวงแบบมาตรฐาน  ดูรายละเอียดและวิธีการใช้ได้ >> ที่นี่ <<  นะคะ    แต่เพื่อน ๆ ไม่จำเป็นต้องชั่งตวงตามพิมเป๊ะ ๆ  พิมให้รายละเอียดไว้เป็นแนวทางเฉย ๆ  ทุกคนสามารถปรับได้ตามที่มีและตามที่ชอบได้เลยค่ะ",แคลกลาง,โปรตีนกลาง,ไขมันน้อย,คาร์บสูง,"ไก่สด, ลูกผักชี, พริกไทยดำ, กระเทียม, หอมแดง, รากผักชี, ข่า, ตะไคร้, เกลือ, น้ำตาลมะพร้าว, ซีอิ๊วขาว, ซอสปรุงรส,  ซอสหอยนางรม, หัวกะทิ",อยากกินอะไรที่สุขภาพดีหน่อย ทำมาจากไก่ มีสมุนไพร,ไก้่ พริกไทย ลูกผักชี หอมแดง ทำอะไรทานได้บ้าง ผู้ใหญ่ชอบ รสชาติกินง่ายๆ,ไก่สด ลูกผักชี พรอิกไทย ราหผักชี ขิง ข่า ตะไคร้ ใบมะกรุด ทำอะไรกินดี
ไก่โคราช อบเนยพริกไทยดำ,- ไก่โคราช เบทาโกร 1 ตัว- เนยจืดละลาย 50 กรัม- พริกไทยดำคั่วบดหยาบ 1 + 1/2 ช้อนโต๊ะ- น้ำตาลทราย 1 ช้อนโต๊ะ - ซีอิ๊วขาว 2 ช้อนโต๊ะ - ซอสหอยนางรม 2 ช้อนโต๊ะ - เกลือป่น 1 ช้อนชา- น้ำมันงา 1 ช้อนโต๊ะ - น้ำเปล่า 1/4 ถ้วย,แคลมาก,โปรตีนน้อย,ไขมันกลาง,คาร์บสูง,"ไก่โคราช, เนยจืด, พริกไทยดำ, น้ำตาลทราย, ซีอิ๊วขาว , ซอสหอยนางรม,  เกลือป่น,  น้ำมันงา, น้ำเปล่า 1/4 ถ้วย",มีเนย พริกไทย ไก่ ซอสหอย น้ำปลาทำอะไรกินดี ,มีวิธีทำอาหารจากไก่ที่ใช้เนยไหม,มีไก่ อร่อยๆ อยากเอามาทำกับเนย น้ำตาล พริกไทย 
พล่าไก่ฉีก,- อกไก่ฉีก เบทาโกร 2 แพ็ค- หอมแดง 3 หัว- ตะไคร้ 3 ต้น- ใบมะกรูด 3 ใบ- ผักชีใบเลื่อย 4 ใบ- สะระแหน่ 3 กิ่ง- พริกขี้หนูสวน 10 เม็ด หรือ ตามความเผ็ดที่ชอบ- น้ำมะนาว 3 ช้อนโต๊ะ- น้ำปลา 2 ช้อนโต๊ะ - น้ำตาลมะพร้าว 1 + ½ ช้อนโต๊ะ- น้ำพริกเผา 2 ช้อนโต๊ะ,แคลกลาง,โปรตีนกลาง,ไขมันน้อย,คาร์บสูง,"อกไก่, หอมแดง, ตะไคร้, ใบมะกรูด, ผักชี, สะระแหน่, พริกขี้หนูสวน, น้ำมะนาว, น้ำปลา,  น้ำตาลมะพร้าว, น้ำพริกเผา",มีพล่า หอมแดง ตะไคร้ น้ำตาล ไก่ มะกรูด สาระแหน่ แนะนำเมนูหน่อย,อกไก่ หอมแดง ตะไคร้ ใบมะกรูด อาหารรสแส่บๆ กินง่าย ทำเร็ว,อาหารแปลกๆๆ ไก่ กระเทียม หอมแดง ตะไคร้ ใบมะกรุด ขออาหารแซ่บกลางๆ
สะโพกไก่นึ่งเต้าหู้ยี้,- เนื้อสะโพกไก่หั่นชิ้นยาว 350 กรัม - กระเทียมสับ 2 ช้อนโต๊ะ - เต้าหู้ยี้สีขาว 3 ก้อน - น้ำเต้าหู้ยี้ 1 ช้อนโต๊ะ - ซีอิ๊วขาว 1/2 ช้อนโต๊ะ - พริกขี้หนูแห้ง หั่นเฉียง (ไม่เอาเมล็ด) 2 ช้อนโต๊ะ หรือตามความเผ็ดที่ชอบ - แป้งข้าวโพด 1/2 ช้อนโต๊ะ - น้ำเปล่า 30 มิลลิลิตร  - ผักชีซอย 1 ช้อนโต๊ะ,แคลกลาง,โปรตีนกลาง,ไขมันน้อย,คาร์บกลาง,"เนื้อสะโพกไก่, กระเทียม, เต้าหู้, ซีอิ๊วขาว, พริกขี้หนูแห้ง, แป้งข้าวโพด, น้ำเปล่า, ผักชี",เต้าหู้ยี้ ไก่ ทำอะไรได้บ้าง,มีสะโพกไก่ แป้งข้าวโพด กระเทียม แครอท แอปเปิ้ล ข้าวโพด อยากทำอาหารแปลกๆ ใส่เต้าหู้ด้วยได้ไหม,พริกขี้หนุ ไก่ เต้าหู้ แป้งต่างๆ อยากกินไก่นึ่ง
ทอดมันไก่,"- อกไก่ (ไม่เอาหนัง) 500 กรัม- ไข่ไก่ 2 ฟองใหญ่- พริกแกงเผ็ด 75 กรัม (5 ช้อนโต๊ะ) - น้ำปลา 1 ช้อนโต๊ะ - น้ำตาลทราย 1/2 ช้อนโต๊ะ - แป้งข้าวโพด 1 ช้อนโต๊ะ - ถั่วฝักยาวซอย 100 กรัม- ใบมะกรูดอ่อนซอย 2 ช้อนโต๊ะ (5 ใบ) 
- น้ำมันสำหรับทอด ครึ่งลิตร
:: ส่วนผสมและเครื่องปรุง ""น้ำจิ้มทอดมัน"" ::
- น้ำส้มสายชู  180 กรัม  - น้ำตาลทราย 225 กรัม- เกลือสมุทรป่น 1 + 1/2 ช้อนชา - พริกจินดาแดง  20 กรัม - กระเทียมไทย  20 กรัม - ถั่วลิสงคั่วป่น  1/4 ถ้วย หรือตามชอบ- แตงกวาซอย 4 ลูก หรือตามชอบ - ผักชีซอยหยาบ 1 ต้น หรือตามชอบ",แคลมาก,โปรตีนกลาง,ไขมันน้อย,คาร์บสูง,"อกไก่,  ไข่ไก่, พริกแกง, น้ำปลา, น้ำตาลทราย, แป้งข้าวโพด, ถั่วฝักยาว, ใบมะกรูด, น้ำมัน, น้ำส้มสายชู, พริกจินดาแดง, กระเทียม, ถั่วลิสง, แตงกวา, ผักชี",มีพริกแกง กับไก่ สมุนไพรต่างๆ ทำไก่อะไรได้บ้าง,มีไก่ อยากเอามาทำอาหารเผ็ดๆ ใช้พริกแกง น้ำปลา น้ำตาลทราย,มีพริกแกง ไก่ ไข่ เนื้อ ทำอะไรนิ่มๆแซ่บๆ
ไก่ย่างขิงซอสพริกกระเทียม,"- สะโพกไก่ แล่กระดูกออก 2 ชิ้นใหญ่- ขิงสับละเอียด 2 ช้อนโต๊ะ - ซีอิ๊วขาว 2 ช้อนโต๊ะ - เหล้าจีน 1/2 ช้อนโต๊ะ  
:: ส่วนผสมและเครื่องปรุง ""ซอสสำหรับราดไก่"" ::
- ซีอิ๊วขาว 3 ช้อนโต๊ะ - น้ำมันงา 1 + 1/2 ช้อนชา- น้ำตาลทราย 1 + 1/2 ช้อนโต๊ะ - น้ำร้อน 3 ช้อนโต๊ะ - พริกชี้ฟ้าแดงสับเป็นชิ้นเล็ก 2 ช้อนโต๊ะ - พริกจินดาสับเป็นชิ้นเล็ก 1 ช้อนโต๊ะ  - ต้นหอมซอย 2 ช้อนโต๊ะ  - กระเทียมสับละเอียด 1 ช้อนโต๊ะ ",แคลมาก,โปรตีนกลาง,ไขมันกลาง,คาร์บสูง,"สะโพกไก่, ขิง, ซีอิ๊วขาว, เหล้าจีน, น้ำมันงา, น้ำตาลทราย, น้ำร้อน, พริกชี้ฟ้าแดง, พริกจินดา, ต้นหอม, กระเทียม","มี พริกชี้ฟ้าแดง, พริกจินดา, ต้นหอม เหล้า ไก่ ทำอะไรอีสได้บ้าง",ไก่ย่างขิงซอสพริกกระเทียม,"สะโพกไก่, ขิง, ซีอิ๊วขาว, เหล้าจีน ทำอาหารอะไรเพื่อจะได้ลืมหน้าเธอได้สักที"
ไข่ตุ๋นสุกี้ทะเลหม้อไฟ,"- ไข่ไก่อนามัย เบทาโกร เบอร์ 1 จำนวน 5 ฟอง- น้ำซุป (ดูในส่วนของวิธีทำ) 250 มิลลิลิตร- ซอสหอยนางรม 1 ช้อนโต๊ะ - ซีอิ๊วขาว 1 + ¼ ช้อนโต๊ะ - กุ้งสด แกะเปลือก 100 กรัม- หมึกสด หั่นชิ้นพอคำ 70 กรัม- วุ้นเส้นแห้ง 30 กรัม หรือวุ้นเส้นสด 60 กรัม - ผักกาดขาว 50 กรัม- ผักบุ้งจีน 50 กรัม- ขึ้นฉ่าย 10 กรัม- กระเทียมสับ 3 ช้อนโต๊ะ- น้ำมันสำหรับเจียวกระเทียม 3 ช้อนโต๊ะ - น้ำจิ้มสุกี้ ตามชอบ 
** ใครที่ไม่อยากซื้อน้ำจิ้มสุกี้สำเร็จรูป  แต่อยากจะลองทำเอง แนะนำ >> สูตรนี้ <<  เลยจ้า อร่อยแน่นอน",แคลมาก,โปรตีนกลาง,ไขมันกลาง,คาร์บสูง,"ไข่ไก่, ซอสหอยนางรม, ซีอิ๊วขาว, กุ้งสด, หมึกสด, วุ้นเส้นแห้ง, ผักกาดขาว, ผักบุ้ง, ขึ้นฉ่าย, กระเทียม",อยากกินไข่ตู๋นที่ไม่ใช้ไข่ตุ๋น เพราะอร่อยมากๆ มีรสชาติมากกว่า เค็ม หวานเบาลิ้น,อยากกินไข่ตุ๋นเครื่องเต็มไปหมดจะได้กินอิ่มๆ เพราะมี ปู หมึก กุ้ง เต็มไปหมด,ไข่ กุ้ง หมู เห็ด ปู หมึก ทำอะไรกินได้บ้าง
ไก่กรอบราดน้ำปลา,- ปีกบนไก่ S-Pure 1 แพค  (250 กรัม)- ปีกกลางไก่ S-Pure 1 แพค  (250 กรัม)- น้ำปลา (หมักไก่) 1/2  ช้อนโต๊ะ - แป้งทอดกรอบ 1 ช้อนโต๊ะ - กระเทียมสับ 1/4 ถ้วย- น้ำปลา (ซอส) 3 ช้อนโต๊ะ- น้ำตาลปี๊บ 3 ช้อนโต๊ะ- น้ำเปล่า  1/4 ถ้วย- ผักชีหั่นหยาบสำหรับตบแต่ง เล็กน้อย - น้ำมันสำหรับทอด 2 ถ้วย,แคลกลาง,โปรตีนกลาง,ไขมันน้อย,คาร์บสูง,"ปีกไก่, แป้งทอดกรอบ, กระเทียมสับ, น้ำปลา, น้ำตาลปี๊บ, น้ำเปล่า, ผักชี, น้ำมัน",อยากทำเมนูเหมือนร้านชื่อัง ขึ้นด้วย ข ข้าง ลงท้ายด้วย ร์ ไก่ กรอบๆ ข้างในมีความฉ่ำของน้ำ และราดด้วยน้ำปลาหวานๆ,ปีกไก่ แป้ง กระเทียม อยากทำไก่ทอดเค็มๆ,อยากกินไก่ กร้อบ กรอบ เค้ม หวาน ลงตัว มีแป้งชุบทอดเยอะมาก ช่วยคิดเมนูให้ที อยากรีบใช้ให้หมด
ปีกไก่ตุ๋นซีอิ๊วญี่ปุ่น,":: ส่วนผสมและเครื่องปรุง ""ปีกไก่ตุ๋นซีอิ๊วญี่ปุ่น"" ::
- ปีกไก่อวบ ๆ  6 ปีก  - โชยุ 3 ช้อนโต๊ะ - มิริน 3 ช้อนโต๊ะ - สาเก 3 ช้อนโต๊ะ - น้ำตาลทราย 1 ช้อนโต๊ะ - กระเทียมกลีบใหญ่แกะเปลือก 7 กลีบ- พริกไทยขาวป่น  1/4 ช้อนชา- น้ำเปล่า 250 มิลลิลิตร 
** ตามภาพด้านล่าง พิมทำ 2 เท่าจากในสูตรนะคะ เพราะว่าที่บ้านพิมสมาชิกเยอะ  กลัวทำแค่สูตรเดียวจะไม่พอทานค่ะ ^^

 :: ส่วนผสมและเครื่องปรุง ""น้ำจิ้ม ปีกไก่ตุ๋นซีอิ๊วญี่ปุ่น"" ::
- พริกจินดา 7 เม็ด - พริกขี้หนูสวนสีเขียว 5 เม็ด  (ถ้าไม่มี ใช้พริกจินดาเขียว 2 เม็ด)- กระเทียมกลีบใหญ่ 3 กลีบ- น้ำส้มสายชู 2 ช้อนโต๊ะ - น้ำมะนาว 2 ช้อนโต๊ะ- เกลือป่น 1 ช้อนชา 
** ตามภาพด้านล่าง พิมทำน้ำจิ้มเป็น 2 เท่าของสูตรนะคะ",แคลมาก,โปรตีนกลาง,ไขมันน้อย,คาร์บสูง,"ปีกไก่, โชยุ, มิริน, สาเก,  น้ำตาลทราย, กระเทียม, พริกไทย, น้ำเปล่า, พริกจินดา, พริกขี้หนู, กระเทียม, น้ำส้มสายชู, น้ำมะนาว, เกลือป่น ",มีปีกไก่ เอาไปทำอะไรดี เมนูไม่เผ็ด ,ปีกไก่ตุ๋นแบบญี่ปุ่น ,ไก่ทำออกแนวรสญี่ปุ่น หอมโชยุ เคี้ยวง่าย
ไข่ครกสมุนไพร,"- ไข่ไก่ S-Pure 6 ฟอง- ตะไคร้ซอย 3 ช้อนโต๊ะ- ต้นหอมซอย 3 ช้อนโต๊ะ- มะเขือเทศหั่นชิ้นสี่เหลี่ยมเล็ก 3 ช้อนโต๊ะ- หอมแดงซอย 3 ช้อนโต๊ะ- หอมใหญ่หั่นชิ้นสี่เหลี่ยมเล็ก 2 ช้อนโต๊ะ- พริกจินดาซอย 2 ช้อนโต๊ะ หรือตามชอบ- แครอทสับละเอียด 1 ช้อนโต๊ะ 
- พริกไทยป่น 1/2 ช้อนชา- น้ำปลา หรือ ซีอิ๊วขาว 2 ช้อนโต๊ะ - น้ำมันสำหรับทาพิมพ์ 2 ช้อนโต๊ะ",แคลมาก,โปรตีนกลาง,ไขมันสูง,คาร์บสูง,"ไข่ไก่, ตะไคร้, ต้นหอม, มะเขือเทศ, หอมแดง, หอมใหญ่, พริกจินดา, แครอท, พริกไทย, น้ำปลา, ซีอิ๊วขาว",มี ไข้ ตะไคร้ หอม ทำเมนูอะไรดี,มีไข่ มะเขือเทศ หอมแดง ขมิ้น เกลือ อยากทำอาหารอร่อยๆ ,มี ต้นหอม มะเขือเทศ ไข่แดง ผักชี สามเกลอ ไข่ พริกจินดา ทำอะไรทานได้บ้าง 
ไก่อบขมิ้น,- สะโพกไก่ติดน่อง 2 ชิ้น (น้ำหนักประมาณ 700 - 750 กรัม) - ตะไคร้ 2 ต้น ซอยบาง ๆ ได้ประมาณ 3 ช้อนโต๊ะ - กระเทียมไทยแกะเปลือก 2 ช้อนโต๊ะ - หอมแดง 3 หัว ซอยบางๆ ได้ประมาณ 3 ช้อนโต๊ะ - ขมิ้นชันหั่นชิ้นเล็ก 1 ช้อนโต๊ะ - เกลือป่น 1 + 1/2 ช้อนชา- น้ำเปล่าสำหรับปั่นเครื่องหมัก 1/4 ถ้วย- น้ำเปล่าสำหรับใส่ตอนอบไก่ 1/4 ถ้วย- พริกไทยดำบดหยาบ 1/2 ช้อนโต๊ะ - เนยจืด 2 - 3 ช้อนโต๊ะ,แคลมาก,โปรตีนน้อย,ไขมันกลาง,คาร์บสูง,"สะโพกไก่, ตะไคร้, กระเทียมไทย, หอมแดง, ขมิ้น,  เกลือ,  น้ำเปล่า, พริกไทยดำ, เนยจืด",มีขมิ้น ไก่ทำอะไรกินดี ,ขมิ้นเต็มบ้าน ไก่เต็มเมือง ทำอะไรทานดี,มี สะโพกไก่ ตะไคร่ ใบมะหรุด มะนาว ไก่ทอด น้ำมัน แป้ง ข้าว เนย ชีส นม
ไก่ตุ๋นเต้าหู้ปลาเค็ม,- เนื้อส่วนสะโพกไก่ หั่นป็นชิ้นพอคำ 300 กรัม- เต้าหู้แข็งสีขาว หั่นเป็นชิ้นพอคำ 200 กรัม- เห็ดหอมแห้งดอกใหญ่ 4 ดอก แช่น้ำจนนิ่ม แล้วหั่นเป็นเส้น- ขิงแก่  5 แว่น- กระเทียมสับ 1 ช้อนโต๊ะ- น้ำมันพืช  1 ถ้วย- ซอสปลาเค็มสูตรเผ็ด ตราเด็กสมบูรณ์ 4 ช้อนโต๊ะ- ซีอิ๊วขาว สูตร 1 ตราเด็กสมบูรณ์ 2 ช้อนโต๊ะ - น้ำตาลทราย ½ ช้อนชา- น้ำเปล่า หรือ น้ำซุปไก่  500 มิลลิลิตร- พริกขี้หนูสวน (ไม่ต้องบุบ) - ผักชีต้นหอม หั่นหยาบ อย่างละ 1 ช้อนโต๊ะ,แคลมาก,โปรตีนกลาง,ไขมันกลาง,คาร์บสูง,"เนื้อส่วนสะโพกไก่,  เต้าหู้แข็ง, เห็ดหอมแห้ง, ขิงแก่, กระเทียมสับ, น้ำมันพืช, ซีอิ๊วขาว,  น้ำตาลทราย, น้ำเปล่า, น้ำซุปไก่, พริกขี้หนูสวน,  ผักชี",มีเต้าหู้ เห้ด ปลา ไข่ ขิง กระเทียม ทำเมนูอะไรดี,ไก่ เต้าหู้ หมูสับ ปลาเค็ม วัตถุดิบที่ลงตัว ทำอะไรกินดี,อยากกินไก่เค็มๆ แต่อยากให้เค็มจากปลาเค็มมากกว่า ส่วย ไก่ เต้าหู้ เอาไปทให้มันเคี้นยวง่ายๆ เช่นไปตุ๋นอะไรงี้
ไข่ตุ๋นหมูสับ ในหม้อชาบู,- ไข่ไก่เบอร์ 2 จำนวน 2 ฟอง- น้ำซุป 1/2 ถ้วย    - น้ำปลา  1/2 ช้อนชา- ซีอิ๊วขาว  1/2 + 1/4 ช้อนชา- หมูสับละเอียด 40 กรัม- พริกไทยป่น ตามชอบ- ต้นหอม ผักชี ซอยรวมกัน 1 ช้อนโต๊ะ,แคลกลาง,โปรตีนกลาง,ไขมันน้อย,คาร์บสูง," ไข่ไก่เบอร์, น้ำซุป,  น้ำปลา,  ซีอิ๊วขาว,  หมูสับ,  พริกไทย, ต้นหอม, ผักชี",อยากกินเมนูที่ทำมาจากไข่ ใส่หมูสับเยอะเยอะ,อยากทำไข่ตู๋นแบบเบิ้มๆ กินได้ทั้งหมู่บ้าน มีหมูเยอะๆ รสชาติดี โรยพริกไทยเพื่อความลงตัว,มีไข่ไก่เบอร์ 0 อยากทำอาหารเยอะๆ ไซส์ใหญ่ ปรุงรส ด้วยย้ำปลา น้ำซุป หมูสับ พริกไทย
แกงไก่ขมิ้น," :: ส่วนผสมและเครื่องปรุง สำหรับ ""หมักไก่""  ::
- เนื้อส่วนสะโพกไก่ หั่นชิ้นพอคำ  500 กรัม- ขมิ้นผง 1 ช้อนชา- ปาปริก้า  1 ช้อนชา- เกลือสมุทรป่น  1 ช้อนชา- น้ำปลา  1 ช้อนชา- พริกไทย 1/2 ช้อนชา
 :: ส่วนผสมและเครื่องปรุงอื่นๆ  ::
- หอมหัวใหญ่ สับ 1 หัว  (น้ำหนักประมาณ 100 กรัม)- กระเทียมสับ สับ 2 ช้อนโต๊ะ - ขิงแก่ สับละเอียด 1  ช้อนโต๊ะ - มะเขือเทศ ท้อ ลูกใหญ่ หั่นเป็นชิ้น 4 ลูก- ใบกระวาน 3 ใบ- ซอสเผ็ด ยี่ห้อแจ๊สซี่ 3 ช้อนโต๊ะ - เกลือสมุทรป่น 1/2 ช้อนโต๊ะ - พริกไทยป่น  1/2 ช้อนชา- น้ำมันพืช 2 ช้อนโต๊ะ - น้ำเปล่า 1/4 ถ้วย
#ซอสเผ็ดแจ๊สซี่  แบบที่พิมใช้ ซื้อได้ที่ BigC, Makro, MaxValu, Tesco Lotus บริเวณตู้แช่เย็น แถว ๆ ที่แช่พวกเนื้อสัตว์ ผัก ราคาขวดละ 40 กว่าบาทอ่ะค่ะ เป็นคนละแบบกับซอสพริก / ซอสเผ็ดจะเหลวกว่า แต่เผ็ดกว่า  เพราะทำมาจากพริก 100%  ใช้ปรุงรสอาหารที่ต้องการความเผ็ด  เช่น ใส่ในก๋วยเตี๋ยว ใส่ในผัดเผ็ด  ใส่ในต้มยำ  แทนพริกได้เลยค่ะ",แคลมาก,โปรตีนสูง,ไขมันกลาง,คาร์บสูง,"เนื้อส่วนสะโพกไก่, ขมิ้นผง, ปาปริก้า,  เกลือสมุทร,  น้ำปลา, พริกไทย, หอมหัวใหญ่, กระเทียม,  ขิงแก่,  มะเขือเทศ, ท้อ, ใบกระวาน,  ซอสเผ็ด,  เกลือ,  พริกไทย, น้ำมัน, น้ำเปล่า",มีขมิ้น เครื่อปรุงรส ไก่ต่างๆ แนะนำเมนูหน่อยสิ,มีขมิ้นเยอะมาก อยากให้ไก่เป็นวัตถุดิบหลัก แต่เป็นแกงๆ จะได้กินคล่องๆคอ ,อยากทำไก่แกงๆ รสชาติดี กินง่าย แปลกใหม่ ให้ผู้ใหญ่ทาน มีใส่ขมิ้นผง ปาปริก้า น้ำปลา 
ไก่ชุบแป้งทอด (สูตรร้านข้าวแกง),"- อกไก่ 350 กรัม  (มีหนังหรือไม่มีก็ได้) - ซีอิ๊วขาว 1/2 ช้อนโต๊ะ - ซอสปรุงรส 1 ช้อนชา - น้ำตาลทราย 1/2 ช้อนชา- พริกไทยป่น 1/2 ช้อนชา  - แป้งทอดกรอบ (ส่วนที่ 1)  1/4 ถ้วย- แป้งทอดกรอบ (ส่วนที่ 2) 1/3 ถ้วย- น้ำโซดาแช่เย็นจัด 1/3 ถ้วย- น้ำมันสำหรับทอด 1/2 ลิตร 
***  แป้งทอดกรอบ เช่นยี่ห้อ โกกิ อังเคิ้ลบานส์  UFM ",แคลกลาง,โปรตีนน้อย,ไขมันน้อย,คาร์บสูง,"อกไก่,  ซีอิ๊วขาว,  ซอสปรุงรส,  น้ำตาลทราย,  พริกไทย,  แป้งทอดกรอบ, แป้งทอดกรอบ, น้ำโซดา,  น้ำมัน",อกไก่ ซีอิ้วข้าว ซอส น้ำตาล พริกไทย เครื่องปรุงรส ทำอะไรกินดี ,อยากกินอาหารเหมือสูตรร้านข้าวแกงแถวบ้าน,อยากทำไก่ทอด โฮมมี่ๆ นึกถึงบ้าน ทำด้วยของที่มีอยู่ที่บ้านได้ เช่น ใช้แค่ วอสหอย เหลือ พริกไทย กระเทียม น้ำตาล น้ำปลา
ไก่กรอบ ซอสเผ็ด - ซอสส้ม,"- เนื้อส่วนสะโพกไก่ หั่นชิ้นใหญ่ (ประมาณว่าชิ้นนึงทานได้ 2-3 คำ)   400 กรัม- ซอสกระเทียม ยี่ห้อแจ๊สซี่  3 ช้อนโต๊ะ - ซอสหมักหมูนุ่ม สูตร 1 ยี่ห้อวิกกี้ 2 ช้อนโต๊ะ - พริกไทยป่น 1/2 ช้อนชา- แป้งทอดกรอบ 1 ถ้วย- น้ำมันพืชสำหรับทอดไก่ 2 ถ้วย
- มายองเนส  2 ช้อนโต๊ะ - ซอสเผ็ด ยี่ห้อแจ๊สซี่ 3 ช้อนโต๊ะ  หรือมากน้อยตามความเผ็ดที่ชอบ- ซอสส้ม ยี่ห้อแจ๊สซี่ 3 ช้อนโต๊ะ หรือมากน้อยตามรสเปรี้ยวหวานที่ชอบ
*** ซอสหมักหมูนุ่ม วิกกี้  ซอสกระเทียม ซอสเผ็ด  ซอสส้ม แจ๊สซี่ แบบที่พิมใช้  ซื้อได้ที่ BigC, Makro, MaxValu, Tesco Lotus บริเวณตู้แช่เย็น แถว ๆ ที่แช่พวกเนื้อสัตว์ ผัก ราคาขวดละประมาณ 40 กว่าบาท   หรือจะสั่งซื้อ >> ที่นี่ << ก็ได้อ่ะค่ะ",แคลกลาง,โปรตีนกลาง,ไขมันน้อย,คาร์บสูง,"เนื้อส่วนสะโพกไก่, ซอสกระเทียม, ซอสหมักหมูนุ่ม,  พริกไทยป่น, แป้งทอดกรอบ, น้ำมัน, มายองเนส, ซอสเผ็ด",มีซอสเป็ด ซอสส้ม เอามาทำเมนูอะไรใดได้บ้าง ที่ใช้ทั้งสองอย่างนี้,ไก่อร่อยๆ กรอบๆ ซอสนัวๆ,อยากทำอาหารรสชาติดี เริ่ดๆ ใส่ซอสเยอะๆ 
ไก่พันตะไคร้,"- อกไก่บด 500 กรัม- ตะไคร้ซอย 2 ช้อนโต๊ะ  (2 ต้น) - ข่าซอย 1 ช้อนโต๊ะ - กระเทียมไทย กลีบเล็ก 1 ช้อนโต๊ะ - หอมแดงซอย 3 ช้อนโต๊ะ  (3 หัว) - ใบมะกรูดซอย 1 ช้อนโต๊ะ - พริกจินดา เด็ดก้าน 10 เม็ด - ขมิ้นผง 1 + 1/2  ช้อนชา- ไข่ไก่ 1 ฟอง  (เบอร์ 3) - หัวกะทิ 1 ช้อนโต๊ะ - น้ำปลา  1 + 1/2 ช้อนโต๊ะ - น้ำตาลทราย 1 ช้อนชา
- ตะไคร้ 10 -12 ต้น
*** สูตรด้านบน ได้ประมาณ 11-12  อัน
*** อ่านคำอธิบาย วิธีใช้ ""ถ้วย ถ้วยตวง ช้อนตวง ช้อนโต๊ะ ช้อนชา"" ได้ >>> ที่นี่ <<<   นะคะ",แคลมาก,โปรตีนกลาง,ไขมันน้อย,คาร์บสูง,"อกไก่,  ตะไคร้,  ข่า,  กระเทียม, หอมแดง, ใบมะกรูด, พริกจินดา, ขมิ้น, ไข่ไก่, หัวกะทิ, น้ำปลา, น้ำตาลทราย, ตะไคร้ ",อยากได้เมนูไทย ๆ ที่หอมเครื่องสมุนไพร แล้วใช้หัวกะทิด้วย มีอะไรแนะนำไหมคะ,ในตู้เย็นมีอกไก่ ไข่ไก่ หัวกะทิ น้ำปลา น้ำตาลทราย แล้วก็พริกจินดา ทำอะไรกินดีที่เผ็ด ๆ หอม ๆ,อยากกินอาหารอร่อยๆ ทำมาจากไก่ ตะไคร้ มะกรูด แต่ไม่เอาต้มยำ
ต้มแซ่บไก่บ้าน,- ไก่บ้าน พร้อมเครื่องใน  สับเป็นชิ้นพอคำ   600 กรัม- ข่า หั่นเป็นแว่นหนาครึ่งเซ็นต์  10 ชิ้น- ตะไคร้หั่นท่อนสั้น 4 ต้นใหญ่ๆ- ใบมะกรูดฉีก  8 ใบ- น้ำปลาร้า 3 ช้อนโต๊ะ - น้ำเปล่า  4 ถ้วย- ข้าวคั่ว 2 ช้อนโต๊ะ - พริกขี้หนูแห้งคั่วป่น 2 ช้อนโต๊ะ (หรือมากน้อยกว่านี้ ตามชอบ) - ต้นหอมซอย 2 ช้อนโต๊ะ - ผักชีฝรั่งซอย 2 ช้อนโต๊ะ - ใบผักแพวซอย 1/2 ถ้วย,แคลกลาง,โปรตีนกลาง,ไขมันน้อย,คาร์บสูง,"ไก่, ข่า, ตะไคร้, ใบมะกรูด, น้ำปลาร้า, น้ำเปล่า, ข้าวคั่ว, พริกขี้หนู,  ต้นหอม, ผักชี, ใบผัก",มีไก่ ข่า ตะไคร้ ใบมะกรูด น้ำปลาร้า กับพริกขี้หนู ทำอาหารอีสานอะไรแซ่บ ๆ,มีวัตถุดิบแนวสมุนไพรอีสานกับน้ำปลาร้า ทำอะไรกินดี ,ในครัวมีข้าวคั่ว พริกขี้หนู น้ำปลาร้า ผักชี ต้นหอม แนะนำเมนูหน่อย
ปีกไก่ทอดยำแซ่บ,- ปีกไก่  300 กรัม  - น้ำปลา สำหรับหมักไก่ 1 ช้อนโต๊ะ - ขิงอ่อนซอย 2 ช้อนโต๊ะ - ตะไคร้ซอย 2 ช้อนโต๊ะ - หอมแดงซอย 2 ช้อนโต๊ะ - ใบมะกรูดซอย 1 ช้อนโต๊ะ - น้ำมะนาว  2 + 1/2 ช้อนโต๊ะ - น้ำปลา สำหรับปรุงน้ำยำ  1 + 1/2 ช้อนโต๊ะ - น้ำตาลทราย 1 ช้อนโต๊ะ   - พริกขี้หนูเม็ดใหญ่สีแดง (พริกจินดา) ซอย  1 ช้อนโต๊ะ   หรือตามความเผ็ดที่ชอบ,แคลกลาง,โปรตีนกลาง,ไขมันน้อย,คาร์บสูง," ปีกไก่, น้ำปลา,  ขิง, ตะไคร้, หอมแดง, ใบมะกรูด, น้ำมะนาว, น้ำปลา, น้ำตาลทราย พริกขี้หนู",มีปีกไก่ น้ำปลา ขิง ตะไคร้ หอมแดง ใบมะกรูด น้ำมะนาว พริกขี้หนู แนะนำอาหารหน่อย,อยากได้ทอดๆ รสชาติจัดจ้าน ใช้ปีกไก่กับสมุนไพร ขิง ตะไคร้ ใบมะกรูด แล้วก็มีน้ำมะนาว น้ำปลา น้ำตาล พริกขี้หนูด้วย,อยากกิินอาหารที่ได้โปรตีนกลางๆ ทำมาจากไก่ รสชาติดี อร่อย
เกี๊ยวไข่,":: ส่วนผสมและเครื่องปรุง ""เกี๊ยวไข่"" ::
- หมูสับติดมันเล็กน้อย 150 กรัม- รากผักชีหั่นละเอียด 1/2 ช้อนโต๊ะ - พริกไทยป่น 1/4 ช้อนชา- ซอสหมักหมูนุ่ม วิกกี้ 2 ช้อนโต๊ะ  (เลือกใช้เป็นสูตร 1 แบบดั้งเดิม  หรือสูตร 2 กระเทียมพริกไทย .. ก็ได้) - ซอสกระเทียม แจ๊สซี่ 1 ช้อนโตีะ 
- ไข่ไก่ 4 ฟอง- ผักชี สำหรับตบแต่งจาน 2 ก้าน- กระเทียมเจียว 1-2 ช้อนโต๊ะ  (ตามความชอบ) 
:: ส่วนผสมและเครื่องปรุง ""น้ำจิ้ม"" ::
- ซอสส้ม แจ๊สซี่ 2 ช้อนโต๊ะ - ซอสเผ็ด แจ๊สซี่ 1 ช้อนโต๊ะ  (ถ้าชอบเผ็ดมากกว่านี้ ใส่เพิ่มได้) - น้ำตาลทราย 1 ช้อนโต๊ะ - น้ำส้มสายชู 1/2 ช้อนโต๊ะ - น้ำเปล่า 1/2 ช้อนโต๊ะ - งาขาวคั่ว 1 ช้อนโต๊ะ  (บดให้แตกนิด ๆ)
""ถ้วย""  ""ช้อนชา""  ""ช้อนโต๊ะ""  คืออะไร  อ่านวิธีใช้ได้ >> ที่นี่ << 
ซอสกระเทียม ซอสเผ็ด  ซอสส้ม ยี่ห้อแจ๊สซี่ ซื้อได้ที่ BigC, Makro, MaxValu, Tesco Lotus บริเวณตู้แช่เย็น แถว ๆ ที่แช่พวกเนื้อสัตว์ ผัก  ส่วนซอสหมักหมูนุ่ม วิกกี้  ที่เซเว่นมีขายค่ะ",แคลมาก,โปรตีนกลาง,ไขมันน้อย,คาร์บสูง,"หมูสับ, รากผักชี, พริกไทย, ซอสหมักหมู,  ซอสกระเทียม, ไข่ไก่, กระเทียมเจียว, ซอสส้ม,  ซอสเผ็ด, น้ำตาลทราย, น้ำส้มสายชู, น้ำเปล่า, งาขาว",อยากกิน หมูสับ ไข่ ทอด กรอบ ห่อแป้ง,อยากทำเมนูที่ใช้หมูสับ รากผักชี ไข่ไก่ ซอสกระเทียม ซอสเผ็ด น้ำตาล น้ำส้มสายชู ,ในตู้เย็น มี แป้ง หมู สามเกลอ ทำอะไรกินดี
อกไก่อบซอสกระเทียม,"- อกไก่ติดหนัง 2 ชิ้น น้ำหนักประมาณ 600 กรัม- เต้าเจี้ยวดำบด  4 ช้อนโต๊ะ - กระเทียมกลับใหญ่ สับหยาบ 2   ช้อนโต๊ะ  - ซอสเผ็ด แจ๊สซี่ 2 ข้อนโต๊ะ- ซอสกระเทียม แจ๊สซี่ 2 ช้อนโต๊ะ - น้ำตาลทราย 1/2 ช้อนโต๊ะ - น้ำมันพืช 1/2 ช้อนโต๊ะ 
- บร๊อคโคลี่ และแครอท หั่นชิ้นพอคำ มากน้อยตามชอบ  
** ซอสส้ม ซอสเผ็ด แจ๊สซี่  หาซื้อได้ที่ BigC, Makro, MaxValu, Tesco Lotus บริเวณ ""ตู้แช่เย็น"" แถว ๆ ที่แช่พวกเนื้อสัตว์ ผัก  ราคาขวดละประมาณ 40 กว่าบาทนะคะ

:: ส่วนผสมและเครื่องปรุงน้ำจิ้ม ::
- ซอสกระเทียม แจ๊สซี่ 3 ช้อนโต๊ะ- ซอสเผ็ด แจ๊สซี่ 1/2 ช้อนโต๊ะ - น้ำมะนาว 1 ช้อนโต๊ะ - น้ำตาลทราย 1 ช้อนโต๊ะ - ผักชี หั่นละเอียด 1 ช้อนโต๊ะ",แคลมาก,โปรตีนกลาง,ไขมันกลาง,คาร์บสูง,"อกไก่ติดหนัง, เต้าเจี้ยว, กระเทียม, ซอสเผ็ด , ซอสกระเทียม,  น้ำตาลทราย, น้ำมันพืช, บร๊อคโคลี่, แครอท",อยากกินไก่ซอสกระเทียม ,มี เต้าเจี้ยว กระเทียม อกไก่ ทำอะไรกินได้บ้าง,ทำอาหารไซส์ใหญ่กินกันทั้งครอบครัว มีส่วนผสมจาก ไก่ หระเทียม ซอสเผ็ด น้ำมะนาว เต้าเจี้ยว นม กะทิ พริกแกง พอจะทำอะไรได้บ้าง
อกไก่ย่างตะไคร้,"- อกไก่หั่นชิ้นพอคำ 500 กรัม- ตะไคร้ซอย  4 ต้น - ข่าแก่หั่นแว่นบางๆ 10 ชิ้น- กระเทียมกลีบเล็ก 1 ช้อนโต๊ะ - รากผักชีหั่น 1 ช้อนโต๊ะ - พริกไทยดำป่น 1/2 ช้อนโต๊ะ- ขมิ้นผง 1 + 1/2 ช้อนชา
- ซอสกระเทียม แจ๊สซี่ 4 ช้อนโต๊ะ - ซอสเผ็ด แจ๊สซี่  2 ช้อนโต๊ะ - น้ำตาลทราย 1 + 1/2 ช้อนโต๊ะ - เกลือสมุทรป่น 1 ช้อนชา- นมข้นจืด 3 ช้อนโต๊ะ 
""ถ้วย""  ""ช้อนชา""  ""ช้อนโต๊ะ""  คืออะไร  อ่านวิธีใช้ได้ >> ที่นี่ << 
ซอสกระเทียม ซอสเผ็ด ยี่ห้อแจ๊สซี่ ซื้อได้ที่ BigC, Makro, MaxValu, Tesco Lotus บริเวณตู้แช่เย็น แถว ๆ ที่แช่พวกเนื้อสัตว์ ผัก ราคาขวดละประมาณ 40 กว่าบาท",แคลมาก,โปรตีนกลาง,ไขมันน้อย,คาร์บสูง,"อกไก่,  ตะไคร้,  ข่าแก่, กระเทียม, รากผักชี, พริกไทย, ขมิ้น, ซอสกระเทียม, ซอสเผ็ด, น้ำตาลทราย, เกลือ, นมข้นจืด ",มีตะไคร้้เหลืออีกแล้ว แต่อยากให้ทำเป็นเมนุอื่นที่อร่อยๆ ทำจากอกไก่,อยากกินไก่ที่ย่างกับตะไคร้,มีอกไก่ ตะไคร้ ใบมะกรูด หอมแดง ขมิ้น ซอสกระเทียม รสชาติดีๆ
ต้มยำตีนไก่ (หม้อหุงข้าว),"- ตีนไก่ (ตัดเล็บแล้ว) 650 กรัม- น้ำเปล่า  2  ลิตร- ตะไคร้ 3 ต้น ทุบพอแตก หั่นท่อนสั้น - ข่า ยาว 1.5 นิ้ว ทุบพอแตก หั่นเป็นชิ้นใหญ่- ใบมะกรูด 4 ใบใหญ่  ฉีกเป็นชิ้น- เกลือป่น 1/2 ช้อนชา
:: เครื่องปรุงรสต่อ 1 ชามใหญ่  (สูตรนี้ได้ประมาณ 2 ชาม)  :: 
- น้ำมะนาว 3 ช้อนโต๊ะ - น้ำปลา 2 ช้อนโต๊ะ - พริกขี้หนูสวนทุบพอแตก 2 ช้อนโต๊ะ - ผักชี หั่นหยาบ 1 ช้อนโต๊ะ",แคลน้อย,โปรตีนน้อย,ไขมันน้อย,คาร์บกลาง,"ตีนไก่, น้ำเปล่า, ตะไคร้, ข่า, ใบมะกรูด, เกลือ, น้ำมะนาว, น้ำปลา, พริกขี้หนู, ผักชี",อยากทำอาหารที่ใช้แค่หม้อหุงข้าว,มีตีนไก่ ตะไคร้ ใบมะกรูด ทำอะไรกินดี ขอทำง่ายๆ ทำจากหม้อหุงข้าวไรงี้,อยากทำ ไก่เป็นแกง กินแล้วสะใจ เปรี้ยวถึง เผ็ดถึง เค็มถึง ทำอะไรกินดี
ไก่ทอดซอสกระเทียมสไปซี่,"- ปีกบน 14 ปีก (ประมาณ 600  - 650 กรัม)- เกลือสมุทรป่น 1/4 ช้อนชา- พริกไทยป่น 1/4 ช้อนชา- แป้งทอดกรอบ  1/3 ถ้วย
- กระเทียมสับ 1/4 ถ้วย- น้ำมันสำหรับทอดไก่ และเจียวกระเทียม  2 ถ้วย หรือมากน้อยกว่านี้ ตามขนาดกระทะที่ใช้ทอด
- น้ำมันสำหรับผัด 1 ช้อนโต๊ะ - น้ำพริกเผา 1 ช้อนโต๊ะพูน ๆ - ซอสกระเทียม แจ๊สซี่ 3  ช้อนโต๊ะ - ซอสเผ็ด แจ๊สซี่ 2 ช้อนโต๊ะ - น้ำตาลทราย 2 ช้อนโต๊ะ - น้ำเปล่า 2 ช้อนโต๊ะ  
*** ซอสกระเทียม ซอสเผ็ด ยี่ห้อแจ๊สซี่ ซื้อได้ที่ BigC, Makro, MaxValu, Tesco Lotus บริเวณตู้แช่เย็น แถว ๆ ที่แช่พวกเนื้อสัตว์ ผัก ราคาขวดละประมาณ 40 กว่าบาท
*** ""ถ้วย""  ""ช้อนชา""  ""ช้อนโต๊ะ""  คืออะไร  อ่านวิธีใช้ได้ >> ที่นี่ <<",แคลมาก,โปรตีนกลาง,ไขมันน้อย,คาร์บสูง,"ปีกบน, เกลือ, พริกไทย, แป้ง, กระเทียม, น้ำมัน, น้ำพริกเผา, ซอสกระเทียม, ซอสเผ็ด, น้ำตาลทราย, น้ำเปล่า",มีไก่ทอดซอสกระเทียม แต่อยากให้รสชาติเผ้ดมากขึ้น,อยากทานอะไรเผ็ดๆ กระเทียม เกลือ น้ำมันพริก แบบรสชาติเข้าเส้นไก่ ,มีปีกบน เกลือ กระเทียม พริกไทย น้ำพริกเผา ซอสต่างๆ อยากทำไก่รสชาตินัวๆ
แกงไก่ใส่ฟัก แบบอิสาน,- ไก่บ้าน สับเป็นชิ้นติดกระดูก 300 กรัม   (ถ้าไม่มีไก่บ้าน ใช้เป็นไก่เหนียว หรือไก่ทั่วไปได้)- ฟักอ่อน หั่นชิ้นพอคำ  400 กรัม- ตะไคร้ซอย 1/4 ถ้วย- หอมแดง  5 หัว- ใบแมงลัก 1 ถ้วย + 1/2 ถ้วย- ใบมะกรูดฉีก 5 ใบ- พริกชี้ฟ้าแดงหั่้นเฉียง 1 เม็ด  (ไว้แต่งสีให้สวย) - ซอสเผ็ด แจ๊สซี่ 3 ช้อนโต๊ะ - น้ำปลาร้าต้มสุก  3 ช้อนโต๊ะ- น้ำปลา 2 ช้อนโต๊ะ- น้ำเปล่า 650  มิลลิลิตร,แคลกลาง,โปรตีนกลาง,ไขมันน้อย,คาร์บสูง,"ไก่บ้าน, ฟักอ่อน, ตะไคร้, หอมแดง, ใบแมงลัก, ใบมะกรูดฉีก, ซอสเผ็ด, น้ำปลาร้า, น้ำปลา, น้ำเปล่า",อยากกินแกงที่เหมือนมาจากอีสาน หวานจากฟัก ใส่ไก่เยอะๆ,อยากกินแกงที่นึกถึงอีสาน มีฟักให้ความหวาน ตะไคร้ให้ความลงตัว,มีฟัก ไก่ ตะไคร้ ใบแมงลัก ใบมะกรูด มะนาว ฝัก ทำอาหารอะไรดี
ไก่กรอบซอสสุกี้,"- ปีกไก่บน  750 กรัม - เกลือสมุทรป่น ½ ช้อนชา- พริกไทยป่น 1 ช้อนชา- แป้งชุบทอด (แป้งทอดกรอบ) 1 ถ้วย- น้ำมันสำหรับทอด  ปริมาณพอท่วมไก่- กระเทียมสับ  ½  ถ้วย- พริกจินดาซอย 2 ช้อนโต๊ะ - น้ำมันสำหรับผัด 2 ช้อนโต๊ะ - น้ำจิ้มสุกี้ยากี้สูตรกวางตุ้ง ตราเด็กสมบูรณ์  1 ถ้วย- ซอสหอยนางรมสูตรเข้มข้น ตราเด็กสมบูรณ์ 2 ช้อนโต๊ะ- ซีอิ๊วขาวสูตร 1 ตราเด็กสมบูรณ์ 1 ช้อนโต๊ะ- น้ำตาลทราย 1 ช้อนโต๊ะ - น้ำมะนาว 1 ช้อนโต๊ะ - น้ำเปล่า 2 ช้อนโต๊ะ - งาขาวตั่ว 1 ช้อนโต๊ะ  
*** คำว่า ถ้วย = ถ้วยตวง / ช้อนชา =  ช้อนตวงแบบช้อนชา / ช้อนโต๊ะ = ช้อนตวงแบบช้อนโต๊ะ   ทั้งหมดสามารถอ่านรายละเอียดและวิธีการใช้งานแบบคร่าว ๆ ได้  >> ที่นี่ << นะคะ   เหตุผลที่พิมใช้ถ้วยตวงช้อนตวงแบบนี้เพราะมันมีความมาตรฐาน  ไม่ว่าใครทำก็จะได้รสชาติที่เหมือนหรือใกล้เคียงกันอ่ะค่ะ ^_^  แต่ถ้าหากใครไม่สะดวก จะใช้วิธีกะปริมาณเอาก็ได้ค่า",แคลมาก,โปรตีนกลาง,ไขมันกลาง,คาร์บสูง,"ปีกไก่, เกลือสมุทร, พริกไทย, แป้งชุบทอด, น้ำมัน, กระเทียม, พริกจินดา, น้ำมัน, น้ำจิ้ม, ซอสหอยนางรม, ซีอิ๊วขาว, น้ำตาลทราย,  น้ำมะนาว, น้ำเปล่า, งาขาว","ทำอะไรได้บ้าง ปีกไก่, เกลือสมุทร, พริกไทย, แป้งชุบทอด",มี ไก่ พริกไทย แป้งชุบทอด ทำเมนูอะไรได้บ้าง,อยากกินไก่ทอด แต่วอสไม่เหมือนใคร รสชาติดี ถึงใจ นัว เค็ม เปรี้ยว
ไข่ยัดไส้หมูสับซอสส้ม,- ไข่ไก่ 3 - 4 ฟอง- หมูสับ 150 กรัม    (ใช้เป็นกุ้งสับ หรือไก่สับ แทนได้)- หอมใหญ่ หั่นชิ้นเล็ก  1/2 ถ้วย- ข้าวโพดอ่อน หั่นชิ้นเล็ก  1/2 ถ้วย- มะเขือเทศ หั่นชิ้นเล็ก 1/2 ถ้วย- แครอท หั่นชิ้นเล็ก (เล็กกว่าผักอย่างอื่น) 1/4 ถ้วย- ต้นหอมซอย 2 ชัอนโต๊ะ - ซอสส้ม ยี่ห้อแจ๊สซี่ 3 + 1/2 ช้อนโต๊ะ- ซอสหอยนางรม 1 ช้อนโต๊ะ- ซีอิ๊วขาว 2 ช้อนโต๊ะ - น้ำตาลทราย 1 ช้อนโต๊ะ - กระเทียมสับ 1 ช้อนโต๊ะ- น้ำมัน สำหรับผัด 2 ช้อนโต๊ะ- น้ำมัน สำหรับทอดไข่ 1/2 ช้อนโต๊ะ ,แคลมาก,โปรตีนกลาง,ไขมันน้อย,คาร์บสูง,"ไข่ไก่, หมูสับ,  หอมใหญ่, ข้าวโพดอ่อน, มะเขือเทศ, แครอท, ต้นหอมซอย, ซอสส้ม, ซอสหอยนางรม, ซีอิ๊วขาว, น้ำตาลทราย,  กระเทียม, น้ำมัน","ที่บ้านมี หมูสับ,  หอมใหญ่, ข้าวโพดอ่อน, มะเขือเทศ, แครอท, ต้นหอม",มีไข่ไก่ หมูสับ และซอสส้ม อยากทำเมนูไข่ยัดไส้รสชาติดี,สูตรไข่ยัดไส้หมูสับกับซอสส้มแบบง่าย ๆ ใช้วัตถุดิบไม่เยอะ
อกเป็ดอบซอสส้ม,"- อกเป็ด หนักชิ้นละประมาณ 200 กรัม จำนวน 2 ชิ้น- เกลือป่น 1/8 ช้อนชา- พริกไทยดำป่น 1/4 ช้อนชา - น้ำมันสำหรับทอดเป็ด  2 ช้อนโต๊ะ
- ซอสส้ม ยี่ห้อแจ๊สซี่  5 ช้อนโต๊ะ - ซอสเผ็ด ยี่ห้อแจ๊สซี่ 1/2 ช้อนโต๊ะ - น้ำเปล่า 3 ช้อนโต๊ะ - น้ำตาลทราย 1 ช้อนโต๊ะ - กระเทียมกลีบใหญ่ ทุบพอแตก 2 กลีบ- ใบกระวาน 2 ใบ",แคลมาก,โปรตีนกลาง,ไขมันน้อย,คาร์บสูง,"อกเป็ด, เกลือป่น, พริกไทยดำ, น้ำมัน, ซอสเผ็ด, น้ำเปล่า, น้ำตาลทราย, กระเทียม, ใบกระวาน",อยากกินอกเป็ด ทำเมนูอร่อยๆ,มีอกเป็ด กระเทียม ใบกระวาน น้ำมัน น้ำตาล น้ำเปล่า ซอสเผ็ด อยากทำเมนูเป็ดรสจัดกลิ่นหอม,อยากกินเป็ดนิ่มๆ หอมๆ ทำอย่างไร
ขาไก่ตุ๋นเห็ดหอม,- ขาไก่ 1000 กรัม- น้ำมันพืช สำหรับทอดขาไก่ 2 ถ้วย- กระเทียมจีนแกะเปลือก 10 กลีบ- ซีอิ๊วขาวสูตร 1 ตราเด็กสมบูรณ์ 4 ช้อนโต๊ะ - ซอสหอยนางรมสูตรเข้มข้น ตราเด็กสมบูรณ์ 4 ช้อนโต๊ะ - ซอสปรุงรสฝาเขียว ตราเด็กสมบูรณ์ 4 ช้อนโต๊ะ - ซีอิ๊วดำ ตราเด็กสมบูรณ์ 1 ช้อนชา- น้ำจิ้มซีฟู้ดส์ ตราเด็กสมบูรณ์ ตามชอบ- น้ำตาลทราย 2 ช้อนโต๊ะ - น้ำตาลปี๊บ 2 ช้อนโต๊ะ - น้ำเปล่า 3 + ½ ลิตร - ผักชีสำหรับตกแต่ง เล็กน้อย,แคลมาก,โปรตีนน้อย,ไขมันกลาง,คาร์บสูง,"ขาไก่, น้ำมันพืช, กระเทียม, ซีอิ๊วขาว, ซอสหอยนางรม, ซอสปรุงรสฝาเขียว, ซีอิ๊วดำ, น้ำตาลทราย, น้ำตาล, น้ำเปล่า, ผักชี",มีขาไก่ เห็ดหอม ทำอะไรกินได้บ้าง,ทำขาไก่ตุ๋นซีอิ๊วหอมหวาน เคล็ดลับนุ่มละมุน,สูตรไก่รสเด้ด หอมถึงใจ เพราะใส่เห็ดหอม
ซี่โครงหมูเปรี้ยวหวานผักกาดดอง,"- ซี่โครงหมู 1000 กรัม  (อ่อนหรือแก่ก็ได้) - ผักกาดดองเค็ม ฮั่วน่ำฉ่าย ตรานกพิราบ 3 กระป๋อง- ขิงแก่ 35 กรัม หั่นแว่น- โคนต้นหอม 5 ต้น- เหล้าจีน 2 ช้อนโต๊ะ- น้ำเปล่า (ส่วนที่ 1) 1.5 ลิตร - น้ำมันพืช 2 ช้อนโต๊ะ - น้ำตาลทราย 5 ช้อนโต๊ะ- น้ำส้มสายชู 5 ช้อนโต๊ะ- ซีอิ๊วขาว 1 ช้อนโต๊ะ- ซอสหอยนางรม 1 ช้อนโต๊ะ - เกลือป่น 1/2 ช้อนชา- เต้าหู้ยี้สีแดง 1 ก้อน- น้ำเต้าหู้ยี้ 1 ช้อนโต๊ะ- น้ำเปล่า (ส่วนที่ 2) 600 มิลลิลิตร
- งาขาวคั่ว 2 ช้อนโต๊ะ- ต้นหอมซอย 3 ช้อนโต๊ะ",แคลมาก,โปรตีนกลาง,ไขมันกลาง,คาร์บสูง,"ซี่โครงหมู, ผักกาดดอง, ขิง, เหล้าจีน, น้ำเปล่า, น้ำมันพืช, น้ำตาลทราย, น้ำส้มสายชู, ซีอิ๊วขาว, เกลือป่น, เต้าหู้, น้ำเต้าหู้ยี้, น้ำเปล่า, งาขาวคั่ว,  ต้นหอม",มีผักกาดดองเหลืออยู่ ขิง หมูด้วย,มีซี่โครงหมู ผักกาดดอง เต้าหู้ยี้ เหล้าจีน อยากตุ๋นซี่โครงหมูให้นุ่ม,สูตรซี่โครงหมูตุ๋นน้ำเต้าหู้ยี้ใส่ผักกาดดอง งาขาวคั่วโรยหน้
คอหมูย่าง+น้ำจิ้มแจ่ว,":: ส่วนผสมและเครื่องปรุง ""คอหมูย่าง"" ::
- คอหมู 1000 กรัม- รากผักชี 1 ช้อนโต๊ะ - กระเทียม 3 ช้อนโต๊ะ - พริกไทยขาว (เม็ด) 1 ช้อนโต๊ะ 
- น้ำตาลมะพร้าว (น้ำตาลปี๊บ) 1 ช้อนโต๊ะ - ซีอิ๊วขาว 1 ช้อนโต๊ะ - น้ำปลา 1 ช้อนโต๊ะ - ซอสปรุงรส 2 ช้อนโต๊ะ - ซอสหอยนางรม 2 ช้อนโต๊ะ  

:: ส่วนผสมและเครื่องปรุง ""น้ำจิ้มแจ่ว"" ::
- น้ำมะนาว 3 ช้อนโต๊ะ - น้ำปลา 3 ช้อนโต๊ะ - น้ำตาลทราย 2 ช้อนชา- พริกขี้หนูแห้งคั่วป่น  1  + 1/2 ช้อนโต๊ะ - ข้าวคั่ว 1 ช้อนโต๊ะ - ต้นหอมซอย 2 ช้อนโต๊ะ - หอมแดงซอย 2 ช้อนโต๊ะ
",แคลมาก,โปรตีนกลาง,ไขมันน้อย,คาร์บสูง,"คอหมู, รากผักชี, กระเทียม, พริกไทยขาว, น้ำตาลมะพร้าว, ซีอิ๊วขาว, น้ำปลา, ซอสปรุงรส, ซอสหอยนางรม, น้ำมะนาว, น้ำปลา, น้ำตาลทราย, พริกขี้หนู, ข้าวคั่ว, ต้นหอม, หอมแดง
",อยากทำอาหารอร่อยๆกินกับส้มตำ,มีคอหมู น้ำจิ้ม สูตรเด็ดแนะนำไหม,อยากกินอาการอีสานรสจัด ทำจากหมู
พริกหยวกยัดไส้หมูสับย่าง,"- พริกหยวกเม็ดอ้วน ๆ  12 - 15 เม็ด  (หนักประมาณ 360 - 400 กรัม) - หมูสับติดมัน 400 กรัม - รากผักชีหั่นละเอียด 2 ช้อนโต๊ะ - กระเทียมไทยแกะเปลือก 3 ช้อนโต๊ะ - พริกไทยขาวป่น 1.5 ช้อนชา  - หอมใหญ่สับละเอียด 50 กรัม- แครอทสับละเอียด 20 กรัม (อันนี้จะใส่หรือไม่ใส่ก็ได้) - ซีอิ๊วขาว 2 ช้อนโต๊ะ - ซอสหอยนางรม 2 ช้อนโต๊ะ - น้ำเย็นจัด 3 ช้อนโต๊ะ 
***  ตามสูตรนี้ จำนวนชิ้นที่ทำได้ขึ้นกับความอ้วนของพริก และปริมาณหมูที่ยัดใส่ในพริกนะคะ  แต่ปกติก็ประมาณ 12 - 14 ชิ้น
*** ถ้าหาพริกหยวกเม็ดอ้วนไม่ได้  ใช้เป็นพริกหนุ่มสีขาว หรือพริกหนุ่มสีเขียวแทนได้ค่ะ  
*** เปลี่ยนจากหมูสับเป็นไก่สับได้",แคลมาก,โปรตีนกลาง,ไขมันน้อย,คาร์บสูง,"พริกหยวก, หมูสับ, รากผักชี, กระเทียมไทย, พริกไทย, หอมใหญ่, แครอท, ซีอิ๊วขาว, ซอสหอยนางรม, น้ำเย็น",อยากกินลูกชิ้น แปลกๆ ,สูตรพริกหยวกยัดไส้หมูสับย่าง หอมเครื่องเท,มีพริกหยวกทำอะไรกินได้บ้าง ขอให้แบบรสชาติเค็มจัดๆ
ลูกชิ้นหมูกระเทียมพริกไทย,"- ลูกชิ้นหมู ตราหมูดี 1 แพ็ค  (120 กรัม)  - กระเทียมสับ 2 ช้อนโต๊ะ - รากผักชีสับละเอียด 1/2 ช้อนโต๊ะ - ซีอิ๊วขาว 1/2 ช้อนโต๊ะ - ซอสปรุงรส 1/2 ช้อนโต๊ะ - ซอสหอย 1/2 ช้อนโต๊ะ - น้ำตาลทราย 1/2 ช้อนชา- พริกไทย 1/4 ช้อนชา- ซีอิ๊วดำนิดหน่อย สำหรับแต่งสี  (ใส่หรือไม่ใส่ก็ได้) - น้ำเปล่า 2 ช้อนโต๊ะ - น้ำมันพืช 2 ช้อนโต๊ะ 
- ผักชีหั่นหยาบ สำหรับโรยหน้า 1 ช้อนโต๊ะ 
** สูตรด้านบนสำหรับ 1 ที่  แต่ว่าวันนี้พิมทำสำหรับกินหลายคน เลยทำรวดเดียว 3 สูตรค่ะ",แคลมาก,โปรตีนกลาง,ไขมันกลาง,คาร์บสูง,"ลูกชิ้นหมู, กระเทียม, รากผักชี, ซีอิ๊วขาว, ซอสปรุงรส, ซอสหอย, น้ำตาลทราย, พริกไทย, ซีอิ๊วดำ, น้ำเปล่า, น้ำมันพืช",มีลูกชิ้นหมูเหลืออยู่อยากเอามาต่อยอดให้มีรรสชาติจัดจ้านมากขึ้น ใส่เครื่องปรุงต้างๆ สามเกลอ อะไรงี้ดีไหม ,วิธีทำน้ำจิ้มลูกชิ้นหมูรสเด็ดใช้ซีอิ๊วดำ น้ำตาลทราย น้ำปลา,อยากกินอาหารรสกลมกล่อมด้วยกระเทียมและรากผักชี
ไส้กรอกผัดซอสมะเขือเทศ,"- ไส้กรอกหมูหรือไก่ 500 กรัม- หอมใหญ่หั่น 200 กรัม- กระเทียมสับ 2 ช้อนโต๊ะ - น้ำมันสำหรับผัด 2 ช้อนโต๊ะ - ซอสมะเขือเทศ 1/2 ถ้วย- ซอสพริก 1/4 ถ้วย- น้ำตาลทราย  2 + 1/2 ช้อนโต๊ะ - ซีอิ๊วขาว 1 + 1/2 ช้อนโต๊ะ - ซอสหอยนางรม 1 ช้อนโต๊ะ - น้ำเปล่า 1/4 ถ้วย- พริกไทยป่น 1/2 ช้อนชา- ใบต้นหอมซอย 1 ช้อนโต๊ะหรือตามที่ชอบ  
** สูตรนี้ทำเสร็จแล้วได้ปริมาณตามที่เห็นในกระทะเลยนะคะ  กินได้ประมาณ 3 คน  ถ้าใครกลัวตามสูตรแล้วกินไม่หมด  จะทำแค่ครึ่งสูตร (ใช้ส่วนผสมทุกอย่างครึ่งนึง) ก็ได้ค่ะ",แคลกลาง,โปรตีนน้อย,ไขมันน้อย,คาร์บสูง,"ไส้กรอกหมู, หอมใหญ่, กระเทียม, น้ำมัน, ซอสมะเขือเทศ, ซอสพริก,  น้ำตาลทราย, ซีอิ๊วขาว, ซอสหอยนางรม, น้ำเปล่า, พริกไทย, ใบต้นหอม",มีไส้กรอก หอมหัวใหญ่ มะเขือเทศ ในตู้เย็น ทำอะไรกินได้บ้าง อยาใก้ใช้วัตถุดิบพวกนี้ให้หมด,มีไส้กรอกหมู หอมใหญ่ น้ำมัน ซอสปรุงรส อยากทำไส้กรอกผัดน้ำมันหอม ๆ,ไส้กรอก หอมใหญ่ ผักคอส ทำอะไรได้บ้าง รสชาติดี 
หมูย่างปลาร้า-แจ่วมะเขือเทศ,"- สันคอหมูหั่นเป็นเส้น 1000 กรัม- น้ำปลาร้าเติมไทย 3 ช้อนโต๊ะ- น้ำปลา 2  ช้อนโต๊ะ- ซอสหอยนางรม 2 ช้อนโต๊ะ- น้ำตาลทราย 2 ช้อนชา- น้ำมันพืช 2 ช้อนโต๊ะ 
** ถ้าเสียบหมูขนาดไม้ตามในภาพ  หมู 1000 กรัม จะได้ประมาณ 25 ไม้   แต่ถ้าใครกลัวว่าทำแล้วจะกินไม่หมด  เพราะเยอะไป  จะทำแค่ครึ่งเดียวก็ได้  โดยใช้ส่วนผสมอย่างละครึ่งนะคะ  
** วิธีนึ่งข้าวเหนียวนุ่มข้ามคืน คลิ๊กดูได้ที่นี่ค่ะ  >> https://www.pim.in.th/one-dish-food/1383-steamed-sticky-rice  
** ถ้าต้องการข้าวเหนียวนึ่งแบบข้าวเหนียวำ ให้ใช้ข้าวเหนียวดำ 1 ส่วน ผสมกับข้าวเหนียวขาว 3 ส่วนนะคะ ",แคลมาก,โปรตีนน้อย,ไขมันกลาง,คาร์บสูง,"สันคอหมู, น้ำปลาร้า, น้ำปลา, ซอสหอยนางรม, น้ำตาลทราย, น้ำมันพืช ",มีสันคอหมู น้ำปลาร้า หอมแดง แนะนำเมนูที่มาจากโซนอีสานหน่อยได้ไหม ,มีสันคอหมู น้ำปลาร้า ซอสหอยนางรม อยากทำหมูผัดรสแซ่บ,อยากทำสันคอหมูรสแส่บ ทำอะไรกินดี 
ไส้หมูพะโล้,"- ไส้หมู (ไส้ใหญ่)  2000 กรัม- รากผักชีหั่นหยาบ 1 + 1//2 ช้อนโต๊ะ - กระเทียมไทยแกะเปลือก 2 ช้อนโต๊ะ - พริกไทยดำแบบเม็ด คั่วให้หอม  1 ช้อนโต๊ะ 
- ไข่เป็ดต้มสุก แกะเปลือก 10 ฟอง- รากผักชีรากใหญ่ ๆ 4 ราก - โป๊ยกั๊ก 7 ดอก - อบเชยยาว 1.5 นิ้ว 7 ชิ้น (ถ้าเป็นอบเชยแบบที่ค่อนข้างหนา ให้ใช้สัก 5 ชิ้นก็พอ) - ผงพะโล้ 1 ช้อนโต๊ะ - น้ำตาลมะพร้าว/น้ำตาลปี๊บ 190 กรัม  (ถ้าชอบหวานนำเค็ม เพิ่มเป็น 220 กรัม) - ซีอิ๊วขาว  90 กรัม- ซอสปรุงรส 60 กรัม- ซีอิ๊วดำเค็ม 5 กรัม- ซอสหอยนางรม 25 กรัม- เกลือสมุทร 1 ช้อนชา- น้ำมันพืช 2 ช้อนโต๊ะ - น้ำร้อน 1 ถ้วย- น้ำเปล่า 8 ถ้วย 
***  จากสูตรพิมใช้ไส้หมู 2000 กรัม  ทำเสร็จแล้วจะได้ปริมาณตามในภาพที่ 13   ซึ่งก็ค่อนข้างเยอะ กินได้หลายคนเลยค่ะ   ถ้าใครกลัวว่าทำแล้วจะเยอะไปกินไม่หมด  จะใช้ไส้หมูแค่ 1000 กรัม และลดส่วนผสมทุกอย่างลงเหลือครึ่งนึงก็ได้นะคะ",แคลมาก,โปรตีนกลาง,ไขมันกลาง,คาร์บสูง,"ไส้หมู, รากผักชี, กระเทียมไทย, พริกไทยดำ, ไข่เป็ดต้มสุก, รากผักชี, โป๊ยกั๊ก, อบเชย, ผงพะโล้, น้ำตาลมะพร้าว, ซีอิ๊วขาว, ซอสปรุงรส, ซีอิ๊วดำเค็ม, ซอสหอยนางรม, เกลือสมุทร, น้ำมันพืช, น้ำร้อน, น้ำเปล่า",มีไส้หมู กับเครื่องเทศพะโล้ที่เคยเหลือไว้ทำอะไรได้บ้าง,มีไข่เป็ดต้มสุก น้ำมันพืช ซอสหอยนางรม หมู จะทำอะไรไ้บ้าง อยาหใ้เป็นเมนูแกงๆ,มีไส้หมู รากผักชี โป๊ยกั๊ก อบเชย ผงพะโล้ อยากตุ๋นในน้ำซอสเข้มข้นแบบหวานเค็ม
เบคอนพันไส้กรอกซอสน้ำตก,"- ไส้กรอกคอกเทลรมควัน 250 กรัม  - เบคอนแบบชิ้นยาว เท่ากับจำนวนชิ้นไส้กรอก หาร 2  (เช่นสมมติว่าไส้กรอก 10 ชิ้น ก็ใช้เบคอนแบบชิ้นยาว 5 ชิ้น) - น้ำมันสำหรับทอด 
- พริกขี้หนูแห้งคั่วป่น ½ ช้อนโต๊ะ - ข้าวคั่ว ½ ช้อนโต๊ะ- น้ำมะนาว 2 + ½ ช้อนโต๊ะ- น้ำปลา 2 ช้อนโต๊ะ- น้ำตาลทราย 1 ช้อนชา- น้ำต้มสุก 1 ช้อนโต๊ะ - หอมแดง หั่นสี่เหลี่ยมเต๋าเล็ก 3 ช้อนโต๊ะ- ต้นหอมซอย 1 ช้อนโต๊ะ- ผักชีฝรั่งซอย 1 ช้อนโต๊ะ- ใบสะระแหน่ ¼ ถ้วย- พริกขี้หนูแห้งทอด  (ตามชอบ) 
- ผักสด เช่น แตงกวา โหระพา  ถั่วฝักยาว  ผักกาดขาว ผักสลัด ตามชอบ 
- ไม้จิ้มฟันปลายแหลม (ตามจำนวนไส้กรอก)",แคลมาก,โปรตีนกลาง,ไขมันสูง,คาร์บสูง,"ไส้กรอก, เบคอน, น้ำมันสำหรับทอด, พริกขี้หนู, ข้าวคั่ว, น้ำมะนาว, น้ำปลา, น้ำตาลทราย, น้ำต้มสุก, หอมแดง, ต้นหอมซอย,  ผักชีฝรั่ง, ใบสะระแหน่,พริกขี้หนู",มีเบคอน ไส้กรอก น้ำมัน อยากทำเมนูแปลกๆที่เพิ่มรสชาติ ขอเมนูที่ทำให้ได้รสชาตจัดจ้านหน่อย,มีไส้กรอก เบคอน น้ำปลา น้ำมะนาว พริกขี้หนู ข้าวคั่ว ทำเมนูรสแซ่บได้อย่างไร,เมนูใส่ไส้กรอก เบคอน น้ำมันทอดกับเครื่องปรุงเผ็ดเปรี้ยวหวาน สไตล์อีสาน รสชาติกำลังดี
ห่อหมกหมูสับ,"- หมูสับติดมัน 450 กรัม- หัวกะทิ 450 กรัม- พริกแกงเผ็ด 100 กรัม- ไข่ไก่ เบอร์สอง 2 ฟอง  (พิมใช้เบอร์ 4 เลยใส่ไป 3 ฟอง) - กระชายโขลกละเอียด 2 ช้อนโต๊ะ - ใบมะกรูดซอย  1 + 1/2 ช้อนโต๊ะ - น้ำปลา 2 ช้อนโต๊ะ - น้ำตาลทราย 1 ช้อนโต๊ะ    - ผักกาดขาวหั่นฝอย 300 กรัม 
- หัวกะทิ  150 กรัม- แป้งสาลีอเนกประสงค์ 1 ช้อนชา 
- พริกชี้ฟ้าแดงหั่นเป็นเส้น สำหรับแต่งหน้า 1 เม็ด - ใบมะกรูดซอย สำหรับแต่งหน้า 2 ช้อนโต๊ะ 
- กระทงใบตอง หรือภาชนะสำหรับใส่ห่อหมกนึ่งตามที่ชอบ ",แคลมาก,โปรตีนกลาง,ไขมันน้อย,คาร์บสูง,"หมูสับติดมัน, หัวกะทิ,  พริกแกง, ไข่ไก่, กระชาย, ใบมะกรูด, น้ำปลา, น้ำตาลทราย, ผักกาดขาว, หัวกะทิ, แป้งสาลีอเนกประสงค์",มีหมูสับ พริกแกง ไข่ กระชาย หอมแดง พริกชี้ฟ้า ปลา ทำอะไรได้บ้าง ,เมนูที่ใช้หมูสับติดมัน หัวกะทิ พริกแกง ไข่ไก่ ผักกาดขาว และแป้งสาลีทำได้อย่างไร,ห่อหมกที่ทำจากหมูสับ มันทำได้ใช่ไหม
แหนมหมูสามชั้น,"- หมูสามชั้นหั่นชิ้นกว้าง*ยาวประมาณ  3 * 2 ซม. 1000 กรัม- ข้าวเหนียวนึ่งสุก 100 กรัม- กระเทียมไทยกลีบเล็ก โขลกหยาบ ๆ 100 กรัม- เกลือสมุทรป่น 1.5 ช้อนโต๊ะ - พริกไทยป่น 1 ช้อนโต๊ะ - น้ำตาลทราย 1 ช้อนโต๊ะ 
- แป้งทอดกรอบ 3 ช้อนโต๊ะ - น้ำมันสำหรับทอด 1/2 ลิตร
** สูตรนี้ ได้แหนมหมูสามชั้นประมาณ 4 ถุงแบบในภาพ (ดูภาพในส่วนของวิธีทำ)  ใครที่กลัวว่าทำแล้วจะกินไม่ทัน จะทำแค่ครึ่งสูตร (ใช้ส่วนผสมทุกอย่างครึ่งนึง) ก็ได้นะคะ",แคลมาก,โปรตีนกลาง,ไขมันน้อย,คาร์บสูง,"หมูสามชั้น, ข้าวเหนียว, กระเทียมไทย, เกลือสมุทรป่น, พริกไทย,  น้ำตาลทราย, แป้งทอดกรอบ, น้ำมัน",ได้หมูสามชั้นชิ้นใหญ่ๆมา อยากเอามาทำอาหารที่ไม่ใช่หมูกรอบ,มีหมูสามชั้น อยากลองเอามาอาหารที่เปรี้ยวๆ ,สามชั้นชิ้นเบิ้ม ทำอะไรได้ี เบื่อทอดแล้ว อ้วน
หมูทอดสามรส (เปรี้ยวหวาน),":: ส่วนผสมและเครื่องปรุง ""หมูทอด"" ::
- หมูสันนอก หั่นชิ้นสี่เหลี่ยม 1.5 X 1.5 ซม. 400 กรัม- ไข่ไก่เบอร์หนึ่ง 1/2 ฟอง หรือเบอร์สี่ 1 ฟอง- ซีอิ๊วขาว 2 ช้อนโต๊ะ - เหล้าจีน 1/2 ช้อนโต๊ะ - น้ำมันพืช 1 ช้อนชา
- แป้งข้าวโพด 1/2 ถ้วย- น้ำมันสำหรับทอด 1 - 2 ถ้วย (ขึ้นกับขนาดกระทะ)
 
:: ส่วนผสมและเครื่องปรุง ""ซอสสามรสเปรี้ยวหวาน"" ::
- ซอสมะเขือเทศ 6 ช้อนโต๊ะ - ซอสพริก 2 ช้อนโต๊ะ - น้ำตาลทราย 3 ช้อนโต๊ะ - น้ำส้มสายชู 2 ช้อนโต๊ะ - น้ำปลา 1 ช้อนชา- พริกไทยขาวป่น 1/4 ช้อนชา- น้ำเปล่า 100 มิลลิลิตร
- งาขาวคั่ว 1 ช้อนโต๊ะ - ใบต้นหอมซอย 1 ช้อนโต๊ะ ",แคลมาก,โปรตีนกลาง,ไขมันกลาง,คาร์บสูง,"หมูสันนอก, ไข่ไก่, ซีอิ๊วขาว, เหล้าจีน,  น้ำมันพืช, แป้งข้าวโพด, น้ำมัน, ซอสมะเขือเทศ, ซอสพริก, น้ำตาลทราย, น้ำส้ม, น้ำปลา, พริกไทย, น้ำเปล่า, งาขาวคั่ว, ใบต้นหอม",มีหมูสันนอก ไข่ไก่ เหล้า แป้ง อยาทำอาหารอร่อยๆ เด็กชอบกิน ,หมู มาทำรสชาติเปรียวๆ หวานๆ ,อยากทำอะไรอร่อยๆ เปรี้ยวๆ หวานๆ รสชาตถึงเครื่อง ทำมาจากหมู
หมูสามชั้นคั่วพริกน้ำปลา,- หมูสันนอก หั่นชิ้นสี่เหลี่ยม 1.5 X 1.5 ซม. 400 กรัม- ไข่ไก่เบอร์หนึ่ง 1/2 ฟอง หรือเบอร์สี่ 1 ฟอง- ซีอิ๊วขาว 2 ช้อนโต๊ะ - เหล้าจีน 1/2 ช้อนโต๊ะ - น้ำมันพืช 1 ช้อนชา,แคลกลาง,โปรตีนน้อย,ไขมันกลาง,คาร์บกลาง,"หมูสามชั้น, น้ำปลา, น้ำตาลทราย, น้ำปล่า, พริกขี้หนู",อยากกินอาหารที่เป็นเมนูโปรดจ๊ะจ๋า,มีหมูสามชั้น อยากเอามาทำอาหารที่ชูรสชาติของหมูสามชั้น และใช้เครื่องปรุงน้อย,หมูสามชั้นรสชาติดี ปรุงรสด้วยน้ำปลา น้ำตาลทราย พริกขี้หนู ทำเมนูอะไรที่ได้แบบนี้
หมูสับปลาเค็มทอด สูตรหมูนุ่ม,- แป้งข้าวโพด 1/2 ถ้วย- น้ำมันสำหรับทอด 1 - 2 ถ้วย (ขึ้นกับขนาดกระทะ),แคลน้อย,โปรตีนน้อย,ไขมันน้อย,คาร์บน้อย,"หมูสับ, ปลาอินทรีเค็ม, รากผักชี, กระเทียมไทย, พริกไทย,  ซอสหอยนางรม,  ซีอิ๊วขาว, น้ำตาลทราย,  ไข่ไก่,  แป้งสาลี,  น้ำมัน, มะนาว, ผักชี, หอมแดง",เหลือปลาเค็มเยอะมากๆๆ คุณแม่ซื้อมากินกับข้าวต้ม แต่เราอยากทำให้รสชาติมันดีกว่านั้นสามารถทำอะไรได้บ้าง,มีปลาเค็ม หมูสับ บ๊วย ข้าว หมูหยอ อยากทำอาหารจีนๆ ,หมู ปลาเค็ม รากผักชี กระเทียม พริกไทยดำ ซอสหอย ทำอาหารอะไรขอรสชาตินุ่มลึก กินง่าย ถ่ายคล่อง
ซี่โครงหมูตุ๋นมะระเต้าเจี้ยว," ซี่โครงหมู 1000 กรัม  หั่นเป็นท่อนสั้นๆ มะระจีน 1000 กรัม
รากผักชีบดหรือสับละเอียด 2 ช้อนโต๊ะ กระเทียมสับหยาบ 1/4 ถ้วยเต้าเจี้ยวดำ แบบเม็ด 1/2 ถ้วยเต้าเจี้ยวดำ แบบละเอียด 1/4 ถ้วยซีอิ๊วขาว 2 ช้อนโต๊ะ ซีอิ๊วดำเค็ม 1 ช้อนชาน้ำตาล 2 ช้อนโต๊ะ  ซอสหอยนางรม 2 ช้อนโต๊ะ น้ำซุปกระดูกหมู หรือน้ำเปล่า 1300 มิลลิลิตรน้ำมันพืชสำหรับทอด 1/4 ถ้วยน้ำมันพืชสำหรับผัด 2 ช้อนโต๊ะ 
** ส่วนผสมตามสูตรด้านบนนี้ เมื่อทำเสร็จแล้วจะได้ซี่โครงหมูตุ๋นมะระ ประมาณ 2 เท่าของในภาพด้านบน  ซึ่งพิมว่าเหมาะกับการกินสัก 4-5 คน  เพราะงั้นถ้าใครคิดว่าเยอะเกินไป ทำสักครึ่งสูตรก็พอนะคะ  
** รสชาติของเมนูนี้จะเข้มมากหรือน้อย ขึ้นกับปริมาณน้ำที่เหลือหลังจากที่ตุ๋นเสร็จ แต่จากสัดส่วนของเครื่องปรุง จะออกเค็มนำ แต่ไม่มาก แล้วก็หวานปลายค่ะ  ",แคลน้อย,โปรตีนน้อย,ไขมันน้อย,คาร์บน้อย,"ซี่โครงหมู, มะระจีน, รากผักชี,  กระเทียมสับ, เต้าเจี้ยว, ซีอิ๊วขาว, ซีอิ๊วดำเค็ม, น้ำตาล,  ซอสหอยนางรม, น้ำซุปกระดูกหมู, น้ำมันพืช",อาหารที่คนแก่ชอบกิน คล่องคอ รสชาติขมๆ มะระ ,แกงนิ่มๆ คล่องคอ ผู้ใหญ่ชอบทาน ขมนิดๆจากมะระ และใส่หมู,อยากกินอาการนัวๆ ผู้ใหญ่ชอบกิน รสชาติขมนุ่มลึก ใช้มะระ รากผักชี กระเทียม 
คะน้าหมูกรอบ,- คะน้าหั่นชิ้นพอคำ 250 กรัม (น้ำหนักเฉพาะส่วนที่กินได้) - หมูกรอบหั่นชิ้นพอคำ 150 กรัม - ซอสหอยนางรม 2 ช้อนโต๊ะ - ซีอิ๊วขาว 1 ช้อนโต๊ะ - เต้าเจี้ยว 1 ช้อนโต๊ะ - น้ำตาลทราย 1/2 ช้อนชา- น้ำซุป 1/4 ถ้วย- กระเทียมทุบ สับหยาบ 2 ชต.- พริกจินดาแดง สับหยาบ 3 เม็ด (ใส่หรือไม่ใส่ก็ได้ ตามความชอบ)- น้ำมันพืช 2 ชต.,แคลมาก,โปรตีนกลาง,ไขมันกลาง,คาร์บสูง,"คะน้า, หมูกรอบ, ซอสหอยนางรม,  ซีอิ๊วขาว, เต้าเจี้ยว, น้ำตาลทราย, น้ำซุป, กระเทียม, พริกจินดา, น้ำมันพืช",มีหมูกรอบทำเหลือไว้จากมื้อที่แล้ว อยากเอามาทำอาหารที่กินคล่องๆ มีผัก,อยากกินหมูกรอบ แต่เฮลตี้ด้วยการใส่ผัก,อยากทำอาหารที่ี่กินง่ายเด็กๆชอบ มีผัก โปรตีนจากหมู 
หมูตุ๋นสามเกลอ,"
:: ส่วนผสมและเครื่องปรุง “หมูตุ๋น” ::
- สันนอกหมู เบทาโกร 500 - 600 กรัม- รากผักชี 10 ราก- กระเทียมไทยกลีบเล็ก 2 ช้อนโต๊ะ - พริกไทยขาวป่น 1 ช้อนชา- ซีอิ๊วขาว 1  ช้อนโต๊ะ - ซอสปรุงรส 1/2 ช้อนโต๊ะ- ซอสหอยนางรม 4 ช้อนโต๊ะ- น้ำตาลทราย 1 ช้อนโต๊ะ - น้ำมันพืช 1.5 ช้อนโต๊ะ- เหล้าจีน  1/2 ช้อนโต๊ะ- น้ำซุปหรือน้ำเปล่า 2 ถ้วย ถึง 2 + 1/2 ถ้วย- คะน้า หรือกวางตุ้ง 3-4 ต้น 

:: ส่วนผสมและเครื่องปรุง “น้ำจิ้มหมูตุ๋น” ::
- พริกจินดา 10 เม็ด- กระเทียมไทยกลีบเล็ก 10 กลีบ- น้ำส้มสายชู 75 มิลลิลิตร- เกลือป่น 1/8 ช้อนชา ",แคลมาก,โปรตีนกลาง,ไขมันกลาง,คาร์บสูง,"สันนอกหมู, รากผักชี, กระเทียมไทย, พริกไทย, ซีอิ๊วขาว, ซอสปรุงรส, ซอสหอยนางรม, น้ำตาลทราย, น้ำมันพืช, เหล้าจีน, น้ำซุป, คะน้า, กวางตุ้ง, พริกจินดา, กระเทียมไทย, น้ำส้มสายชู, เกลือป่น",มีสันนอกหมู ทำอะไรได้บ้าง อยากได้รสชาติกลมกล่อม อร่อยๆ คล่องคอ,มีหมูตุ๋น ใส่สามเกลอที่เคยทำเหลือไว้,หมู่ตู๋นเพื่อนหมูเด้ง อาหารดีๆ รสชาติอร่อย ปรุงรสก้วยสามเหลอ เพื่อเพิ่มคามเป็นไทยในเมนุอาหาร
อ่อมซี่โครงหมู,"- ซี่โครงหมู (อ่อนหรือแก่ก็ได้) 1000 กรัม    - แกงปลาร้า ""กิมจู"" สูตรเผ็ดมาก 1/2 กระปุก (ใช้แทนพริกแกง)  - พริกขี้หนูจินดาตำหยาบ  30 กรัม  - น้ำปลาร้า 4 ช้อนโต๊ะ- น้ำปลา 3 ช้อนโต๊ะ - น้ำเปล่า 9 ถ้วย- มะเขือเปราะ ผ่าสี่ 9 ลูก  (250 กรัม) - เห็ดชิเมจิ 1 แพ็ค    - ต้นหอม หั่นท่อนสั้น 80 กรัม- ใบแมงลักเด็ด 40 กรัม- ผักชีลาวเด็ดท่อน 40 กรัม",แคลกลาง,โปรตีนกลาง,ไขมันน้อย,คาร์บสูง,"ซี่โครงหมู, ปลาร้า, พริกขี้หนูจินดา, น้ำปลาร้า, น้ำปลา, น้ำเปล่า, มะเขือเปราะ, เห็ดชิเมจิ, ใบแมงลัก, ผักชีลาว","มี ซี่โครงหมู, ปลาร้า, พริกขี้หนูจินดา, น้ำปลาร้า อีสอะไรได้บ้าง",มีปลาร้า น้ำเปล่า ซี่โครงหมู ทำอะไรกินได้บ้าง,ปลาร้าเอามาปรุงรสอาหารได้บ้าง ให้มีความนัว เค็ม เผ็ดจากพริกจินดา 
ซี่โครงหมูเปรี้ยวหวาน สไตล์จีน,"- ซี่โครงหมู 1000 กรัม- ขิงแก่ หั่นแว่น 7 แว่น- โคนต้นหอม (ยาว 3-4 นิ้ว) 5 ต้น- เหล้าจีน 2 ช้อนโต๊ะ 
- น้ำมันพืช 2 ช้อนโต๊ะ - น้ำตาลทราย 5 ช้อนโต๊ะ - น้ำส้มสายชู (แบบหมัก) 4 ช้อนโต๊ะ- ซีอิ๊วขาว  2 ช้อนโต๊ะ - ซอสหอยนางรม 2 ช้อนโต๊ะ - เกลือป่น 1 + 1/2 ช้อนชา - เต้าหู้ยี้สีแดง 1 ก้อน - น้ำเต้าหู้ยี้ 1 ช้อนโต๊ะ - น้ำเปล่า 700 มิลลิลิตร
- งาขาวคั่ว 1  ช้อนโต๊ะ  (ถ้าชอบงาเยอะๆ  ใส่เพิ่มอีก 1 ช้อนโต๊ะ) - ต้นหอมซอย (เฉพาะส่วนใบเขียวๆ) 2 ช้อนโต๊ะ",แคลมาก,โปรตีนกลาง,ไขมันกลาง,คาร์บสูง,"ซี่โครงหมู, ขิงแก่, ต้นหอม, เหล้าจีน, น้ำมันพืช, น้ำตาลทราย,  น้ำส้มสายชู, ซีอิ๊วขาว,  ซอสหอยนางรม, เกลือ, เต้าหู้ยี้สีแดง, น้ำเต้าหู้ยี้,  น้ำเปล่า, งาขาว, ต้นหอม",อยากกินอาหารสุไตล์จีน ทำมาจากซี่โครงหมู ขิง เหล้าจีน,ขิงแก่ ต้นหอม ซี่โครงหมูเหลือจากวันก่อนทำเมนุอะไรดี,ซี่โครงหมูจปรุงรสเปรี้ยวหวาน เค็มเป็ก ต้มด้วยเหล้าจีน นำ้มันพืช น้ำปลา 
หมูตุ๋นโชยุ,"- หมูสามชั้น หรือกระดูกอ่อนหมู 1000 กรัม - เกลือป่น 1/2 ช้อนชา- น้ำเปล่า 1.5 ลิตร
- หอมใหญ่ หั่นแว่นบาง 100 กรัม- ขิงแก่หั่นแว่น 35 กรัม- กระเทียมจีนกลีบใหญ่ ทุบพอแตก 20 กรัม- พริกจินดาแห้ง 5 เม็ด   (ถ้าชอบให้มีรสเผ็ดนิด ๆ ให้หั่นครึ่งเม็ด) 
- โชยุ 6 ช้อนโต๊ะ - น้ำตาลทราย 5 ช้อนโต๊ะ - สาเก 2 ช้อนโต๊ะ (ไม่ใส่ก็ได้) - น้ำซุปปลาแห้ง หรือ น้ำซุปสาหร่าย หรือน้ำเปล่า  1 + 1/2 ถ้วย
- ต้นหอมซอย ขิงอ่อนซอยสำหรับโรยหน้า ตามชอบ
*** 1 สูตรที่แล้วได้ปริมาณเท่ากับ 1จานในภาพกับอีกนิดหน่อย",แคลกลาง,โปรตีนกลาง,ไขมันน้อย,คาร์บสูง,"หมูสามชั้น, เกลือ, น้ำเปล่า, หอมใหญ่,  ขิง,  กระเทียมจีน, พริกจินดา, โชยุ, น้ำตาลทราย, สาเก, น้ำซุปปลาแห้ง, น้ำซุปสาหร่าย, น้ำเปล่า",อยากกินหมูรสชาติเหมือนญี่ปู่น เบาๆ ใช้ โชยุ หอมใหญ่ กระเทียมนิดหน่อย,อยากทำอาหารแนวญี่ปู่น ใส่โชยุ หมู ผักต่างๆ,ทำอาหารอร่อยๆ รสชาติดี กินง่าย คล่องคอ หมู โชยุ 
หมูปั้นก้อนทอดกระเทียม,"- หมูบด/สับติดมัน  500 กรัม- กระเทียมไทยกลีบเล็ก แกะเปลือก 3 ช้อนโต๊ะ - พริกไทยดำบดละเอียด 1/2 ช้อนโต๊ะ - รากผักชี (ตัดให้ติดส่วนต้นมาด้วยสัก 3 นิ้ว) 3 รากใหญ่  - ซีอิ๊วขาว 3 ช้อนโต๊ะ- เกลือสมุทรป่น 1/2 ช้อนชา- น้ำตาลทราย 1/2 ช้อนโต๊ะ - วุ้นเส้นหั่นท่อนสั้น 1 ซม. 100 กรัม- ไข่ไก่ (เบอร์ 1) 1 ฟอง- น้ำเย็นจัด 2 ช้อนโต๊ะ 
- แป้งข้าวเจ้า 4 ช้อนโต๊ะ - น้ำเย็นจัด 3 ช้อนโต๊ะ
- น้ำมันสำหรับทอดหมู ครึ่ง - 1 ลิตร",แคลมาก,โปรตีนกลาง,ไขมันสูง,คาร์บสูง,"หมูบด, กระเทียมไทย, พริกไทยดำ, รากผักชี, ซีอิ๊วขาว, เกลือ, น้ำตาลทราย, วุ้นเส้น, ไข่ไก่, น้ำเย็นจัด,  แป้งข้าวเจ้า,  น้ำเย็น, น้ำมัน",อยากทำเมนูหมูบดใส่วุ้นเส้น ปรุงรสแบบไทย ๆ มีไข่ แป้งข้าวเจ้า น้ำมัน พร้อมเลย จะทำอะไรดี?,มีหมูบดกับวุ้นเส้น ปรุงรสได้ครบทั้งกระเทียม พริกไทย ซีอิ๊ว ไข่ อยากทำของกินง่าย ๆ ที่กินกับข้าวได้ จะทำอะไรดี,ในครัวมีหมูบด วุ้นเส้น ไข่ แป้งข้าวเจ้า ซีอิ๊วขาว กระเทียม พริกไทย อยากทำอะไรแนวทอด ๆ หรือปั้น ๆ แบบลูกกลม ๆ เด็กๆชอบ
หมูทอดสอดไส้ชีส,- สะโพกหมู เบทาโกร Delish Pork 1 แพ็ค- มอสเซอเรล่าชีส 1 ก้อน - เกลือป่น ¼ ช้อนชา- พริกไทยป่น ¼ ช้อนชา- แป้งสาลีอเนกประสงค์ ½ ถ้วย- เกล็ดขนมปัง 1 ถ้วย- ไข่ไก่ 1 ฟอง- พริกแกงเขียวหวาน 2 ช้อนโต๊ะ - หัวกะทิ 1 ถ้วย- น้ำปลา ½ ช้อนโต๊ะ- น้ำตาลทราย ½ ช้อนโต๊ะ - เม็ดถั่วลันเตา ¼ ถ้วย - ซอสทงคัตสึ ตามชอบ- กะหล่ำปลีซอย ตามชอบ- น้ำมันสำหรับทอดหมู ½ ลิตร,แคลมาก,โปรตีนสูง,ไขมันสูง,คาร์บสูง,"สะโพกหมู, มอสเซอเรล่าชีส, เกลือ, พริกไทย,  แป้งสาลีอเนกประสงค์, เกล็ดขนมปัง,  ไข่ไก่, พริกแกงเขียวหวาน, หัวกะทิ, น้ำปลา, น้ำตาลทราย, เม็ดถั่วลันเตา, ซอสทงคัตสึ, กะหล่ำ, น้ำมัน",ทำอาหารที่เด็กๆชอบกิน ตอนนี้มีชีส หมู ไก่ ปลา แป้ง เกล็ดขนมปัง ไข่ นม และวอสปรุงีส เครื่องปรุงต่างๆ,อยากกินหมูทอดธรรมดาที่ไม่ธรรมดา,มีชีส และหมูเราเอามาทำเมนูรวมกันได้ไหม
คากิตุ๋น,"- คากิ สับเป็นท่อน 1500 กรัม- เครื่องตุ๋นหมู  สำหรับหมู 2 กก. 1 ชุด - กระเทียมจีนทุบพอแตก 5 กลีบ- โคนต้นหอม 10 ต้น  (40 กรัม) - ขิงแก่ 8 แว่น  (60 กรัม) - พริกชี้ฟ้าหั่นเฉียง 2 เม็ด  (30 กรัม) - น้ำตาลกรวด / น้ำตาลทรายไม่ขัดสี 2 ช้อนโต๊ะ - ซีอิ๊วขาว 1/4 ถ้วย + 2 ช้อนโต๊ะ - ซีอิ๊วดำเค็ม 1/2 ช้อนโต๊ะ  <----- ใครชอบสีเข้มกว่าของพิม จะใส่มากกว่านี้ก็ได้ - น้ำเปล่า 2.5 ลิตร
*** เครื่องตุ๋นหมูที่พิมใช้มีข่าอบแห้ง 10 กรัม อบเชยยาว 2 นิ้ว 1 ชิ้น โป๊ยกั๊ก 1 ดอก หญ้าหอม 1 ชช. พริกไทยเม็ด  และเครื่องเทศเล็ก ๆ น้อย ๆ รวมกันอีก 7 กรัมนะคะ",แคลกลาง,โปรตีนกลาง,ไขมันน้อย,คาร์บสูง,"คากิ, เครื่องตุ๋นหมู, กระเทียมจีน, โคนต้นหอม, ขิง, พริกชี้ฟ้า, น้ำตาลกรวด, ซีอิ๊วขาว,  ซีอิ๊วดำเค็ม ",อยากทำอาหารไขมันน้อย  มีขิง กระเทียมจีน ซีอิ๊ว น้ำตาลกรวด เครื่องตุ๋นครบ ทำยังไงดี,ในครัวมีคากิ ซีอิ๊วดำ ซีอิ๊วขาว เครื่องตุ๋น ขิง กระเทียม อยากทำเมนูตุ๋นแบบจีนรสเข้มข้น จะเริ่มยังไงดี,มีคากิ เครื่องตุ๋นหมู ซีอิ๊วขาว ซีอิ๊วดำ ขิง กระเทียม น้ำตาลกรวด
ห่อหมกหมู,"- ทอดมันหมู เบทาโกร 1 แพ็ค- ไข่ไก่ 1 ฟอง- น้ำปลา 3 ช้อนโต๊ะ - หัวกะทิ 1 ถ้วย- ใบมะกรูดซอย 1 ช้อนโต๊ะ 
:: ส่วนผสมสำหรับแต่งหน้าห่อหมก ::
- ใบมะกรูดซอย 1 ช้อนโต๊ะ - พริกชี้ฟ้าแดงหั่นเป็นเส้น 1/2 เม็ด- ใบโหระพาลวก 1 ถ้วย  (หรือตามชอบ)
:: ส่วนผสมสำหรับทำกะทิแต่งหน้า :: 
- หัวกะทิ 1/2 ถ้วย- แป้งสาลี 1/2 ช้อนชา ",แคลมาก,โปรตีนกลาง,ไขมันกลาง,คาร์บกลาง,"ทอดมันหมู, ไข่ไก่, น้ำปลา,  หัวกะทิ, ใบมะกรูด, พริกชี้ฟ้าแดง, ใบโหระพา, หัวกะทิ, แป้งสาลี",ทอดมันหมูเหลือเยอะ อยากเอามาทำเมนูอื่นต่อ มีไข่ หัวกะทิ แป้งสาลี ใบโหระพาด้วย จะทำอะไรดี,มีวัตถุดิบแบบทอดมันหมู ไข่ หัวกะทิ พริกชี้ฟ้าแดง ใบมะกรูด อยากทำเมนูอะไรดี,หัวกะทิ พริกชี้ฟ้า ใบมะกรูด ไข่ แป้งสาลี อยากทำเมนูรสจัด ๆ เผ็ด ลึก
หมูสับนึ่งทรงเครื่อง 3 แบบ,"- หมูสับละเอียดติดมัน 500 กรัม  - กระเทียมจีนสับละเอียด 1/4 ถ้วย- ต้นหอมซอย 1/4 ถ้วย- ซีอิ๊วขาว 3 ช้อนโต๊ะ - เกลือป่น 1/2 ช้อนชา- พริกไทยป่น 1 ช้อนชา- แป้งข้าวโพด 1 ช้อนโต๊ะ   (ไม่ใส่ก็ได้ ถ้าใส่จะทำให้หมูเกาะตัวกันได้ดีมากขึ้น) - น้ำมันงา 1 ช้อนโต๊ะ 
- ไข่แดงเค็ม (ดิบ) 4 ฟอง- ผักกาดดองกระป๋อง สับหยาบ 1/2 ถ้วย- เต้าหู้นิ่ม 1/2 ถ้วย
** ส่วนผสมตามสูตร จะได้หมูนึ่งทรงเครื่อง 3 ถ้วยตามด้านบน ใครที่อยากทำน้อยกว่านี้ ก็ลดปริมาณส่วนผสมลงตามสัดส่วนนะคะ",แคลมาก,โปรตีนกลาง,ไขมันกลาง,คาร์บสูง,"หมูสับ, กระเทียม, ต้นหอม, ซีอิ๊วขาว, เกลือ, พริกไทย, แป้ง,  น้ำมันงา, ไข่แดงเค็มดิบ, ผักกาดดอง, เต้าหู้",มีหมูสับ เต้าหู้ ผักกาดดอง ไข่แดงเค็ม กระเทียม ต้นหอม จะทำเมนูจีน ๆ เค็ม ๆ กลมกล่อมได้ไหม,ในครัวมีไข่แดงเค็มดิบ หมูสับ เต้าหู้ ผักกาดดอง กระเทียม น้ำมันงา อยากทำเมนูตุ๋นหรือผัดแบบจีน ๆ ได้ไหม,มีหมูสับ ผักกาดดอง เต้าหู้ ไข่แดงเค็ม น้ำมันงา อยากทำอะไรเค็มนัว ๆ กินกับข้าวร้อน ๆ ได้บ้าง
สตูซี่โครงหมูกับไวน์แดง,"- ซี่โครงหมู (โครงอ่อน) หั่นท่อนสั้น 1000 กรัม- แป้งสาลีอเนกประสงค์ 1 ถ้วย- เนยจืด 6 ช้อนโต๊ะ 
- หอมใหญ่ หั่นเป็นชิ้น 100 กรัม- กระเทียมกลีบใหญ่ สับหยาบ 30 กรัม- มะเขือเทศ หั่นเป็นชิ้น 300 กรัม- เซเลอรี่ หั่นเป็นท่อนสั้น 100 กรัม- แครอท หั่นเป็นชิ้น 200 กรัม- Tomato Paste 2 ช้อนโต๊ะ - Red Wine 800 มิลลลิตร- น้ำสต๊อกหมู 400 มิลลิลิตร- เห็ดแชมปิญอง (พิมใช้แบบกระป๋อง) 250 กรัม - ไทม์แห้ง 1 ช้อนโต๊ะ - ใบกระวาน 3 ใบ- เกลือ 1 ช้อนโต๊ะ - น้ำตาล 1 ช้อนโต๊ะ  (หรือไม่ใส่ก็ได้)  
** ไวน์แดง ซื้อได้ตามซุปเปอร์มาร์เกต หรือในห้างนะคะ  จะซื้อแบบที่เป็น Cooking Wine  (ไวน์สำหรับทำอาหาร)  หรือแบบใช้สำหรับดื่มโดยเฉพาะก็ได้ แต่แบบหลังก็จะราคาสูงหน่อยค่ะ  / ถ้าใครไม่อยากใช้ไวน์แดง เปลี่ยนเป็นน้ำซุปทั้งหมดได้นะคะ แต่ว่ารสก็จะต่างจากที่พิมทำประมาณนึง  และอาจจะต้องผัดให้ Tomato Paste  ขึ้นสีน้ำตาลมากสักหน่อย ไม่งั้นสีสตูจะไม่สวยค่ะ 
** ไทม์แห้ง เป็นสมุนไพรฝรั่งชนิดนึง มีขายเป็นขวด/ซอง ตามซุปเปอร์มาร์เกต ราคาหลักสิบบาทนะคะ 
** Tomato paste คือ ซอสมะเขือเทศชนิดเข้มข้น เป็นซอสมะเขือเทศที่ได้จากเนื้อมะเขือเทศบด ไม่มีการปรุงรสใด ๆ ใช้เพื่อเพิ่มรสเปรี้ยวกลมกล่อมให้กับสตูค่ะ 
** เห็ดแชมปิญอง หาซื้อได้ตามซุปเปอร์มาร์เกตทั่วไป  มีทั้งแบบสด (อยู่ตรงตู้แช่ผักสด)  และแบบกระป๋อง (อยู่โซนผักกระป๋อง)  เลือกใช้แบบไหนก็ได้นะคะ ",แคลมาก,โปรตีนสูง,ไขมันกลาง,คาร์บสูง,"โครงหมู, แป้งสาลีอเนกประสงค์,  หอมใหญ่, กระเทียม, มะเขือเทศ, เซเลอรี่, แครอท, Tomato Paste, Red Wine, น้ำสต๊อกหมู, เห็ดแชมปิญอง, ไทม์, ใบกระวาน, เกลือ, น้ำตาล",อยากทำเมนูตุ๋นๆๆ เพราะที่บ้านมีโครงหมูใส่ไวน์แดง เห็ดแชมปิญอง หอมใหญ่ มะเขือเทศ กับเครื่องเทศอย่างไทม์ ใบกระวาน,อยากทำซุปหรือตุ๋นเนื้อหมูแบบยุโรป มีโครงหมู ไวน์แดง เห็ดแชมปิญอง มะเขือเทศ เซเลอรี่ ,มีโครงหมูไวน์แดง Tomato Paste ไทม์ ใบกระวาน หอมใหญ่ แครอท เซเลอรี่ อยากทำเมนูตุ๋นเคี่ยวเข้มข้น แนะนำหน่อยครับ
หมูสับทอดปลาเค็ม,"- หมูสับติดมัน 400 กรัม- ปลาอินทรีเค็ม 80 กรัม- กระเทียมไทยกลีบเล็ก 1 + 1/2 ช้อนโต๊ะ - รากผักชี 1 + 1/2 ช้อนโต๊ะ - พริกไทยป่น 1 ช้อนชา- ไข่ไก่ 1 ฟอง- แป้งทอดกรอบ 1 ช้อนโต๊ะ 
- หอมแดงซอย พริกขี้หนูซอย - มะนาวหั่นเป็นชิ้น ตามความชอบ
*** ถ้าซื้อปลาอินทรีเค็มแพคสำเร็จรูปแบบพิม  ไม่ว่าจะยี่ห้ออะไร  ลองชั่งน้ำหนักดูก่อนเอามาใช้นะคะ เพราะบางยี่ห้อน้ำหนักเกินจากหน้าซองไปเยอะเลย  คือมันดีสำหรับเรา 555 แต่ว่าถ้าเอามาใช้ทั้งหมด อาจจะทำให้หมูเค็มเกินได้ค่ะ
*** ใครที่ไม่ชอบกลิ่นรสพริกไทยหนัก ๆ ลดพริกไทยจาก 1 ช้อนชา เหลือ 1/2 ช้อนชาได้นะคะ",แคลกลาง,โปรตีนกลาง,ไขมันน้อย,คาร์บสูง,"หมูสับติดมัน, ปลาอินทรีเค็ม, กระเทียมไทย, รากผักชี, พริกไทยป่น, ไข่ไก่, แป้งทอดกรอบ, หอมแดง, พริกขี้หนู, มะนาว",อยากทำเมนูหมูสับผสมปลาอินทรีเค็ม มีพริกขี้หนู มะนาว หอมแดง กระเทียม  ,อยากเอาหมูสับ ปลาเค็ม สมุนไพร ต่างๆ ไปทำเมนูที่กอนกัยข้าวร้อนๆ,มีหมูสับติดมัน ปลาอินทรีเค็ม พริกขี้หนู มะนาว ไข่ แป้งทอดกรอบ
เคาหยก (สามชั้นตุ๋นผักกาดแห้ง),- หมูสามชั้น (เลือกที่ชั้นไขมันมันน้อยๆ)  650 กรัม- ผักกาดแห้ง (แบบในภาพ)  500 กรัม- รากผักชี 2 ช้อนโต๊ะ - กระเทียม 2 ช้อนโต๊ะ - พริกไทยขาวป่น 1 ช้อนชา- พริกชี้ฟ้าแดงสับหยาบ (ไม่เอาเมล็ด) 1 เม็ด - ซีอิ๊วขาว 2 ช้อนโต๊ะ - ซอสปรุงรส 2 ช้อนโต๊ะ- ซอสหอยนางรม 2 ช้อนโต๊ะ- ซีอิ๊วดำหวาน 2 ช้อนโต๊ะ  - น้ำตาลกรวด/น้ำตาลทราย 4 ช้อนโต๊ธ - น้ำมันงา 1 ช้อนโต๊ะ - เหล้าจีน 2 ช้อนโต๊ะ - น้ำซุป 2 - 2.5 ลิตร- น้ำมัน 2 ช้อนโต๊ะ,แคลมาก,โปรตีนกลาง,ไขมันสูง,คาร์บสูง,"หมูสามชั้น, ผักกาดแห้ง, รากผักชี, กระเทียม, พริกไทย, พริกชี้ฟ้าแดง, ซีอิ๊วขาว, ซอสปรุงรส,  ซอสหอยนางรม,  ซีอิ๊วดำหวาน,  น้ำตาลกรวด,  น้ำมันงา, เหล้าจีน,  น้ำซุป, น้ำมัน",“มีหมูสามชั้น ผักกาดแห้ง รากผักชี กระเทียม พริกไทย ซีอิ๊วขาว ซอสหอยนางรม เหล้าจีน น้ำตาลกรวด อยากทำเมนูตุ๋น,มีหมูสามชั้นกับเครื่องปรุงแนวจีนครบ อยากทำเมนูหมูสามชั้น,มี ผักกาด พริก กระเทียม หมู แนะนำเมนูหน่อย
สามชั้นทอดหม่าล่า,":: ส่วนผสมและเครื่องปรุง ""สามชั้นทอดหม่าล่า"" ::
- สามชั้น 450 กรัม แล่เอาหนังออก เหลือประมาณ 400 กรัม- ผงหม่าล่า 2 ช้อนโต๊ะ - ซีอิ๊วขาว 1 ช้อนโต๊ะ - น้ำมันงา 1/2 ช้อนโต๊ะ - แป้งทอดกรอบ 2 ช้อนโต๊ะ - น้ำเย็นจัด 2 ช้อนโต๊ะ 

:: ส่วนผสมและเครื่องปรุง ""น้ำจิ้มหม่าล่า"" ::
- ผงหม่าล่า 1 ช้อนโต๊ะ - น้ำมะนาว 3 ช้อนโต๊ะ - น้ำปลา 1   ช้อนโต๊ะ - น้ำตาลทราย 1/2 ช้อนโต๊ะ - ผักชีซอย 2 ช้อนโต๊ะ ",แคลมาก,โปรตีนน้อย,ไขมันกลาง,คาร์บสูง,"สามชั้น, ผงหม่าล่า,  ซีอิ๊วขาว,  น้ำมันงา, แป้งทอดกรอบ, น้ำเย็นจัด, ผงหม่าล่า, น้ำมะนาว,  น้ำปลา, น้ำตาลทราย,  ผักชี",มีหมูสามชั้น ผงหม่าล่า ซีอิ๊วขาว น้ำมันงา แป้งทอดกรอบ อยากทำเมนูหมูทอดรสเผ็ดแซ่บ ๆ,อยากทำหมูสามชั้นทอดกรอบใส่ผงหม่าล่า,มีหมูสามชั้น ผงหม่าล่า น้ำปลา น้ำมะนาว แป้งทอดกรอบ น้ำเย็นจัด อยากทำเมนูทอด รสชาติจัด
ซี่โครงหมูตุ๋นกิมจิ,"- ซี่โครงอ่อน (หมู) 1000 กรัม- กิมจิผักกาดขาว 600 กรัม- โคชูจัง 50 กรัม- กระเทียมกลีบใหญ่ 50 กรัม- ไวน์ข้าว  60 กรัม)- น้ำตาลทราย 1 ช้อนโต๊ะ - เกลือสมุทรป่น 1/2 ช้อนโต๊ะ - น้ำมันงา 1 ช้อนโต๊ะ - หอมใหญ่หั่นบาง ๆ  100 กรัม- น้ำเปล่า 1000 - 1200 มิลลิลิตร
- ต้นกระเทียมซอยบาง ๆ (สำหรับโรยหน้า) 50 กรัม  
** ฤดูนี้พิมหาต้นกระเทียมไม่ได้ เลยใช้ต้นหอมต้นอวบ ๆ แทน
** ไวน์ข้าว เป็นเครื่องปรุงรสอาหารชนิดนึงหมักจากข้าว ปกติแล้วจะไม่มีรสหวาน แต่มีบางยี่ห้อที่หวานเล็กน้อย  ถ้าไม่มีหรือหาไม่ได้ ในเมนูนี้ให้ไช้ไวน์ขาวหรือน้ำเปล่าแทนนะคะ 
** โคชูจัง หาซื้อได้ตามซุปเปอร์มาร์เกตทั่วไป  อยู่ตรงตู้แช่เย็น เมื่อเปิดใช้แล้ว ถ้าใช้ไม่หมด ต้องเก็บไว้ในตู้เย็นด้วยจ้า",แคลมาก,โปรตีนกลาง,ไขมันกลาง,คาร์บสูง,"ซี่โครงอ่อน, กิมจิผักกาดขาว, โคชูจัง, กระเทียม,ไวน์ข้าว, น้ำตาลทราย, เกลือ, น้ำมันงา,  หอมใหญ่, น้ำเปล่า, กระเทียม",ในครัวมีซี่โครงอ่อน กิมจิ โคชูจัง ไวน์ข้าว หอมใหญ่ กระเทียม น้ำตาล น้ำมันงา อยากได้เมนูเกาหลีรสเผ็ด ๆ หวาน ๆ,อยากทำเมนูซี่โครงอ่อนตุ๋นกับกิมจิผักกาดขาว โคชูจัง น้ำตาล น้ำมันงา กินกับข้าวสวยร้อนๆ,มีซี่โครงอ่อน กิมจิผักกาดขาว โคชูจัง กระเทียม ไวน์ข้าว อยากทำเมนูเกาหลีเผ็ด ๆ รสเข้มข้น
สตูว์หมู ในหม้อหุงข้าว,"- หมูสันคอ 400 กรัม   หั่นเป็นชิ้นขนาด 1 * 1 นิ้ว  (แต่วันนี้พิมใช้หมูสันนอกแทน) -- มันฝรั่ง หั่นชิ้นพอคำ 300 กรัม- แครอท หั่นชิ้นพอคำ 200 กรัม- หอมใหญ่ หั่นชิ้นพอคำ 200 กรัม- มะเขือเทศท้อ ลอกผิว + แคะเมล็ดออก หั่นชิ้นพอคำ 3 ลูกใหญ่- กระเทียมแกะเปลือกสับหยาบ 1 ช้อนโต๊ะ 
- เนยจืด 2 ช้อนโต๊ะ - น้ำมันมะกอก หรือน้ำมันพืช 2 ช้อนโต๊ะ
- ไทม์แห้ง 1/2 ช้อนชา- เสจแห้ง 1/2 ช้อนชา  - พริกไทยดำคั่วบดหยาบ 1/2 ช้อนชา- เกลือสมุทร 2 ช้อนโต๊ะ - วูสเตอร์ซอส 1 + 1/2 ช้อนโต๊ะ - ซอสมะเขือเทศ 3/4 ถ้วย- ซอสพริก 3 ช้อนโต๊ะ - น้ำซุป (ถ้าไม่มีใช้น้ำเปล่า) 5 ถ้วย",แคลมาก,โปรตีนกลาง,ไขมันสูง,คาร์บสูง,"หมูสันคอ, มันฝรั่ง, แครอท, หอมใหญ่,  มะเขือเทศ, กระเทียม, เนยจืด, น้ำมันมะกอก, น้ำมัน, เสจ, พริกไทยดำ,  เกลือสมุทร,  วูสเตอร์ซอส,  ซอสมะเขือเทศ,  ซอสพริก, น้ำซุป",อยากทำหมูสันคอตุ๋นใส่มันฝรั่ง แครอท กับซอสมะเขือเทศ วูสเตอร์ซอส และเครื่องเทศอย่างเสจ พริกไทยดำ,อยากทำสตูว์หมูสันคอใส่มันฝรั่ง แครอท ซอสมะเขือเทศ วูสเตอร์ซอส เครื่องเทศ,มีหมูสันคอ มันฝรั่ง แครอท หอมใหญ่ น้ำมัน เนย ซอสมะเขือเทศ ซอสพริก แนะนำเมนูที่ใช้วัตถุดิบพวกนี้หน่อยครับ
หมูสับผัดพริกเสฉวน,"- หมูบดอนามัย เบทาโกร 250 กรัม - เต้าหู้แข็งหั่นชิ้นสี่เหลี่ยมเล็ก 170 กรัม- น้ำมันพืช 1 ช้อนโต๊ะ - น้ำมันงา 1 ช้อนโต๊ะ - ขิงสับ 1 ช้อนโต๊ะ - กระเทียมสับ 1 ช้อนโต๊ะ - ซอสพริกเสฉวน 3 ช้อนโต๊ะ- น้ำตาล 1 ช้อนโต๊ะ - ซีอิ๊วขาว 2 ช้อนโต๊ะ - น้ำซุป 350 มิลลิลิตร- แป้งมัน 2 ช้อนโต๊ะ - น้ำเปล่าสำหรับละลายแป้ง 2 ช้อนโต๊ะ - ต้นหอมซอย 1/4 ถ้วย
- ไข่ไก่ 4 ฟอง- ซีอิ๊วขาว 1 ช้อนโต๊ะ- น้ำมันสำหรับทอดไข่ 3 ช้อนโต๊ะ",แคลมาก,โปรตีนกลาง,ไขมันสูง,คาร์บสูง,"หมูบด, เต้าหู้, น้ำมัน, น้ำมันงา, ขิง, กระเทียม, ซอสพริกเสฉวน, น้ำตาล, ซีอิ๊วขาว,  น้ำซุป,  แป้งมัน,  น้ำเปล่า,  ต้นหอม, ไข่ไก่, ซีอิ๊วขาว",มีหมูบด เต้าหู้ ขิง กระเทียม ซอสพริกเสฉวน น้ำมันงา ซีอิ๊วขาว น้ำซุป อยากทำเมนูรส เปรี้ยวเผ็ด,มีหมูบดเต้าหู้ ขิง กระเทียม ซอสพริกเสฉวน น้ำตาล ซีอิ๊วขาว แป้งมัน น้ำซุป ต้นหอม ไข่ไก่ อยากทำเมนูง่าย ๆ,ในครัวมีหมูบด เต้าหู้ ขิง น้ำมัน น้ำมันงา ซีอิ๊วขาว น้ำซุป แป้งมัน ไข่ไก่ 
ไส้กรอกพันเบคอนซอสน้ำตก (เบทาโกร),"- ไส้กรอกคอกเทลรมควันคลาสสิค ตราเบทาโกร ขนาด 130 กรัม 2 แพ็ค- เบคอน ตราเบทาโกร ขนาด 150 กรัม 1 แพ็ค- น้ำมันสำหรับทอด 
- พริกขี้หนูแห้งคั่วป่น ½ ช้อนโต๊ะ - ข้าวคั่ว ½ ช้อนโต๊ะ- น้ำมะนาว 2 + ½ ช้อนโต๊ะ- น้ำปลา 2 ช้อนโต๊ะ- น้ำตาลทราย 1 ช้อนชา- หอมแดง หั่นสี่เหลี่ยมเต๋าเล็ก 3 ช้อนโต๊ะ- ต้นหอมซอย 1 ช้อนโต๊ะ- ผักชีฝรั่งซอย 1 ช้อนโต๊ะ- ใบสะระแหน่ ¼ ถ้วย- พริกขี้หนูแห้งทอด  (ตามชอบ) 
- ผักสด เช่น แตงกวา โหระพา  ถั่วฝักยาว  ผักกาดขาว ผักสลัด ตามชอบ 
*** ไส้กรอกรมควัน และเบคอนของเบทาโกร ซื้อได้ที่เบทาโกรช๊อป และซุปเปอร์มาร์เกตทั่วไปเลยนะคะ",แคลมาก,โปรตีนกลาง,ไขมันกลาง,คาร์บสูง,"ไส้กรอก, เบคอน, น้ำมัน, พริกขี้หนู, ข้าวคั่ว, น้ำมะนาว, น้ำปลา, น้ำตาลทราย, หอมแดง, ต้นหอม,  ผักชีฝรั่ง, ใบสะระแหน่, พริกขี้หนูแห้ง",อยากทำเมนที่ใช้ไส้กรอกเยอะๆพริกขี้หนูแห้ง ข้าวคั่ว น้ำมะนาว น้ำปลา น้ำตาล หอมแดง ต้นหอม ผักชีฝรั่ง,มีเบคอนเหลือ อยากลองเอามาทำเมนูอะไรที่มันเผ็ดๆ ,มีไส้กรอก เบคอน น้ำปลา น้ำตาล พริกขี้หนูแห้ง น้ำมะนาว ข้าวคั่ว หอมแดง ต้นหอม อยากทำเมนูยำรสจัดจ้าน
บาร์บีคิวซี่โครงหมูอบชีส,"- ซี่โครงหมู (อ่อน)  700 - 800 กรัม- ซอสบาร์บีคิว  400 มิลลิลิตร  - มอสเซอเรล่าชีสขูด หรือหั่นเป็นแท่งเล็กๆ  200 กรัม- ออริกาโน่ 1/2 ช้อนโต๊ะ - ไทม์แห้ง 1/2 ช้อนโต๊ะ - น้ำเปล่า 500 มิลลิลิตร- น้ำมันสำหรับทอดซี่โครง 1/4 ถ้วย
** ถ้าใช้ซอสบาร์บีคิวแบบสำเร็จรูป  ให้เลือกยี่ห้อที่ชอบนะคะ  หรืถ้าจะทำเองก็ให้เลือกสูตรที่ชอบค่ะ  แต่ถ้ายังนึกไม่ออกว่าจะใช้สูตรไหนดี แนะนำซอส >> สูตรนี้ << นะคะ  ^_^ 
** ออริกาโน่แห้ง กับ ไทม์แห้ง เป็นสมุนไพรฝรั่ง ช่วยเพิ่มกลิ่นหอมให้กับเมนูนี้ หาซื้อได้ตามซุปเปอร์มาร์เกตทั่วไปค่ะ",แคลน้อย,โปรตีนน้อย,ไขมันน้อย,คาร์บกลาง,"ซี่โครงหมู, ซอสบาร์บีคิว, มอสเซอเรล่าชีสขูด,  ออริกาโน่,  ไทม์แห้ง, น้ำเปล่า,  น้ำมัน",มีซี่โครงหมู มอสเซอเรล่าชีส ซอสบาร์บีคิว เครื่องเทศอย่างออริกาโน่ ไทม์ อยากทำเมนูปิ้งย่าง,ในครัวมีซี่โครงหมู ซอสบาร์บีคิว ชีส ทำอะไรได้บ้าง,อยากทำอาหารที่แชร์กับเพื่อนได้ มี หมู ซอส กระเทียม สัปปะรด ชีส เครื่องปรุงต่างๆ
หมูแดดเดียว แบบอิสาน,"- คอหมู หรือ สันคอ 500 กรัม- ข้าวเหนียวนึ่ง 80 กรัม- กระเทียมไทยกลีบเล็ก (ไม่ต้องแกะเปลือก)  25 กรัม- น้ำปลา 2 ช้อนชา- ซอยหอยนางรม 15 กรัม- เกลือสมุทร 5 กรัม - น้ำตาลทราย 10 กรัม 
*** ในภาพส่วนผสมด้านล่าง มีถ้วยน้ำปลาเกินมา 1 ถ้วยนะคะ -*-",แคลกลาง,โปรตีนน้อย,ไขมันน้อย,คาร์บสูง,"คอหมู, ข้าวเหนียว, กระเทียม, น้ำปลา, ซอยหอยนางรม, เกลือสมุทร, น้ำตาลทราย ",มีคอหมู ข้าวเหนียว กระเทียม น้ำปลา สามเกลอ แครอท กล้วย ช็อค อัลมอนด์ อยากทำเมนูหมูย่างหรือเมนูข้าวเหนียวหมูได้ไหม,มีคอหมู น้ำปลา ซอสหอยนางรม ข้าวเหนียว กระเทียม เกลือ น้ำตาล  ไก่ หมี หมู หนู ,วัตถุดิบในบ้านมีเยอะมาก สัคอนอก สันใน เนื้อ ไก่ วัว หมู อยากทำอาหารเมนูรสชาติดีๆ จากวัตถุดิบพวกนี้หน่อย 
หมูทอดขมิ้น,"- สันคอหมู 500 กรัม- กระเทียมไทยกลีบเล็ก 1/2 ถ้วย- ขมิ้นชัน ปอกเปลือก หั่นชิ้นเล็ก 2 ช้อนโต๊ะ - พริกไทยดำบด 1/2  ช้อนชา - เกลือสมุทรป่น  1 + 1/2  ช้อนชา- น้ำโซดา 1/4 ถ้วย- แป้งทอดกรอบ 3 ช้อนโต๊ะ - น้ำมันสำหรับทอด   พอท่วมหมู
- แตงกวา  ผักชี หรือผักสดอื่น ๆ ล้าง หั่น แล้วแช่เย็นไว้กินคู่กับหมู
:: ส่วนผสมและเครื่องปรุง  ""น้ำจิ้ม"" ::
- น้ำมะนาว 4 ช้อนโต๊ะ - น้ำปลา 3 ช้อนโต๊ะ - น้ำตาลทราย 1 ช้อนโต๊ะ - พริกขี้หนูแห้งคั่วป่น 1 ช้อนโต๊ะ - ผักชีหั่นละเอียด 2 ช้อนโต๊ะ ",แคลมาก,โปรตีนกลาง,ไขมันสูง,คาร์บสูง,"สันคอหมู, กระเทียมไทย, ขมิ้น, พริกไทยดำ, เกลือสมุทร, น้ำโซดา, แป้งทอดกรอบ, น้ำมัน, น้ำมะนาว, น้ำปลา, พริกขี้หนูแห้ง, ผักชี",มีสันคอหมู ขมิ้น กระเทียม พริกไทยดำ น้ำมะนาว น้ำปลา จะทำเมนูทอดได้ไหม,อยากทำหมูทอดกรอบสไตล์ไทย ใช้สันคอหมู ขมิ้น น้ำโซดา แป้งทอดกรอบ น้ำมะนาว น้ำปลา พริกขี้หนูแห้,มีสันคอหมู ขมิ้น กระเทียม แป้งทอดกรอบ น้ำโซดา น้ำปลา น้ำมะนาว ผักชี อยากทำเมนูทอดกรอบแซ่บ ๆ
พะแนงไส้กรอก,- ไส้กรอกเยอรมัน เบคอนชีส เบทาโกร 2 แพค - พริกแกงพะแนง 50 กรัม- กะทิ 300 มิลลิลิตร- น้ำปลา 1 ช้อนโต๊ะ - น้ำตาลปี๊บ 1 ช้อนโต๊ะ - เกลือป่น 1/8 ช้อนชา - ถั่วลิสงคั่วป่น  2 ช้อนโต๊ะ - มะเขือพวงเด็ดก้าน ¼ ถ้วย  - พริกชี้ฟ้าแดง หั่นเป็นเส้น ½ เม็ด - ใบมะกรูดซอย 3 ใบ,แคลกลาง,โปรตีนกลาง,ไขมันน้อย,คาร์บสูง,"ไส้กรอกเยอรมัน, เบคอนชีส, พริกแกงพะแนง, กะทิ, น้ำปลา, น้ำตาลปี๊บ, เกลือ,  ถั่วลิสง,  มะเขือพวง, พริกชี้ฟ้า, ใบมะกรูด",มีไส้กรอกเยอรมัน เบคอนชีส พริกแกงพะแนง กะทิ น้ำปลา น้ำตาลปี๊บ อยากทำเมนูพะแนงหรือแกงรสจัดได้ไหม,ในครัวมีไส้กรอกเยอรมัน เบคอนชีส พริกแกงพะแนง กะทิ น้ำปลา,มีไส้กรอกเยอรมัน เบคอนชีส กะทิ พริกแกงพะแนง
หมูสวรรค์,- สะโพกหมู แล่เป็นชิ้นบาง  500 กรัม- น้ำตาลทราย 65 กรัม- น้ำตาลปี๊บ  50 กรัม- ซีอิ๊วขาว 1 ช้อนโต๊ะ - เกลือสมุทรป่น 1 ช้อนชา - น้ำเปล่า 2 ช้อนโต๊ะ - ลูกผักชีคั่ว บดหยาบ 1/4 ถ้วย- ยี่หร่าคั่ว บดละเอียด 1/2 ช้อนชา- กระเทียมไทย สับละเอียด 1 ช้อนโต๊ะ - น้ำมันพืช 1 ช้อนโต๊ะ,แคลมาก,โปรตีนน้อย,ไขมันกลาง,คาร์บสูง,"สะโพกหมู, น้ำตาลทราย, น้ำตาลปี๊บ, ซีอิ๊วขาว, เกลือ, น้ำเปล่า, ลูกผักชี, ยี่หร่า, กระเทียมไทย, สับละเอียด, น้ำมันพืช",อยากทำเมนูหมูใช้สะโพกหมู ลูกผักชี ยี่หร่า กระเทียม น้ำตาลปี๊บ ซีอิ๊วขา,อยากทำเมนูสะโพกหมูตุ๋นหรือหมูหมักใส่เครื่องเทศลูกผักชี ยี่หร่า กระเทียม น้ำตาลปี๊บ ซีอิ๊วขาว,อยากทำเมนู รสชาติ หวานๆ เค็มๆ ทำมาจากหมู รสชาติอร่อยๆ
ห่อหมกไส้กรอกชีส,"- เนื้อปลากะพงหั่นชิ้นเล็ก 400 กรัม- ไส้กรอกชีสคลาสสิค เบทาโกร 3 แพค  - พริกแกงแดง 150 กรัม- หัวกะทิ 4 ถ้วย- ไข่เป็ด 1 ฟอง- กระชายบด 2 ช้อนโต๊ะ - แป้งข้าวเจ้า 1 ช้อนโต๊ะ - น้ำปลา 4 ช้อนโต๊ะ  (ประมาณน้ำปลา อาจจะใส่มากหรือน้อยกว่านี้ ขึ้นกับความเค็มของพริกแกงที่ใช้) - น้ำตาลปี๊บ 1 ช้อนโต๊ะ - ใบโหระพาเด็ด 300 กรัม- ใบมะกรูดซอยละเอียด  1 ช้อนโต๊ะ 
:: ส่วนผสมและเครื่องปรุง “สำหรับแต่งหน้าห่อหมก”  ::
- หัวกะทิ 1/2 ถ้วย- แป้งข้าวเจ้า 1/2 ช้อนโต๊ะ - ใบมะกรูดซอยละเอียด  1 ช้อนโต๊ะ - พริกชี้ฟ้าแดงหั่นเฉียง 1 เม็ด",แคลมาก,โปรตีนกลาง,ไขมันน้อย,คาร์บสูง,"ปลากะพง, ไส้กรอกชีสคลาสสิค, พริกแกงแดง, หัวกะทิ, ไข่เป็ด, กระชาย, แป้งข้าวเจ้า,  น้ำปลา, น้ำตาลปี๊บ, ใบโหระพา, ใบมะกรูด, หัวกะทิ, แป้งข้าวเจ้า,  ใบมะกรูด, พริกชี้ฟ้าแดง",อยากทำอาหารที่ใส่ปลากะพงและไส้กรอกชีส คล้ายแกงเผ็ด มีหัวกะทิ ใบมะกรูด ใบโหระพา กระชาย,มีปลากะพง ไส้กรอกชีส พริกแกงแดง หัวกะทิ  นม หมู ไก่ หอม กะปิ ทำอะไรกินได้บ้าง,ช่วยแนะนำเมนูที่ใช้ พริกแกง ปลา ไส้กรอก ชีส ไก่ 
สามชั้นผัดกะปิ,- หมูสามชั้น หั่นเป็นชิ้นพอคำ  350 กรัม  (ไม่ต้องตัดส่วนที่เป็นหนังทิ้ง) ฅ- ตะไคร้ซอย 1/4 ถ้วย  (ประมาณ 2 ต้นใหญ่ ๆ)- หอมแดงซอย 2 ช้อนโต๊ะ   (ประมาณ 2 หัว) - พริกขี้หนูสวน สีเขียวผสมแดง   30 เม็ด   - ใบมะกรูดฉีก 5 ใบ- กะปิ 3 ช้อนโต๊ะ - น้ำตาลปี๊บ 1 ช้อนโต๊ะ - น้ำเปล่า 1/2 ถ้วย- น้ำมันสำหรับผัด 2-3 ช้อนโต๊ะ,แคลกลาง,โปรตีนกลาง,ไขมันน้อย,คาร์บสูง,"หมูสามชั้น, ตะไคร้, หอมแดง, พริกขี้หนูสวน, ใบมะกรูด, กะปิ, น้ำตาลปี๊บ, น้ำเปล่า, น้ำมัน",มีกะปิ สามชั้น ชีส นม แครอท แกง พริก กระเทียม ทำเมนูอะไรได้บ้าง,สามชั้น เคย หอมแดง พริก ขอเมนูเผ็ดๆ,อาหารเผ็ดๆทำมาจากสามชั้น สะตอ พริก ใบมะกรุด
แคบหมูผัดเม็ดมะม่วงหิมพานต์,"- แคบหมู ""ศิราณี"" แบบไร้มัน หรือติดมันก็ได้  1 + 1/2 ถ้วย- หอมใหญ่หั่นชิ้น   1/2 หัวใหญ่- เห็ดฟาง ดอกขนาดกลาง (ดอกตูม) ผ่าครึ่ง  1 ถ้วย- เม็ดมะม่วงหิมพานต์ทอด 1/2 ถ้วย- พริกชี้ฟ้าแห้งทอด 1/2 ถ้วย- ต้นหอมหั่นท่อนสั้น 1 นิ้ว 2 ต้น  (ใช้เฉพาะส่วนที่เป็นใบสีเขียว)- พริกชี้ฟ้าแดง ซอยเป็นเส้น 1 เม็ดใหญ่
- ซีอิ๊วขาว 1 ช้อนโต๊ะ - ซอสหอยนางรม  2 ช้อนโต๊ะ  - น้ำตาลทราย  1 + 1/4 ช้อนโต๊ะ - น้ำมันงา 1/2 ช้อนโต๊ะ - กระเทียมไทยกลีบเล็กสับหยาบ ๆ 1 ช้อนโต๊ะ - น้ำมันสำหรับผัด 2 ช้อนโต๊ะ",แคลมาก,โปรตีนกลาง,ไขมันสูง,คาร์บสูง,"แคบหมู, หอมใหญ่, เห็ดฟาง, เม็ดมะม่วงหิมพานต์, พริกชี้ฟ้า,  ต้นหอม, พริกชี้ฟ้าแดง, ซีอิ๊วขาว, ซอสหอย, น้ำตาลทราย, น้ำมันงา, กระเทียม, น้ำมัน",อยากเอาแคบหมูมาทำอาหาร ใส่เม็ดมะม่วง หอมใหญ่ เห็ด พริก ทำอะไรได้บ้าง,แคบหมู แคบหมี ได้มา ทำอะไรกินดี อยากให้มีรสชาติจัดจ้าน,เมล็ดมะม่วงหิมพานต์ทำอะไรกินได้บ้าง 
ซี่โครงหมูตุ๋นซอสกระเทียม,"- ซี่โครงอ่อน (หมู)  700 กรัม สับเป็นชิ้นยาวประมาณ 3 นิ้ว  กว้างประมาณ 1 นิ้ว- กระเทียมจีนสับ 1/3 ถ้วย- ซอสกระเทียม แจ๊สซี่  6 ช้อนโต๊ะ - ซอสหอยนางรม 4 ช้อนโต๊ะ - เกลือป่น 1/2 ช้อนชา- พริกไทยป่น 1/2 ช้อนชา - น้ำตาลทราย 2 ช้อนชา- น้ำมันพืช  (พิมใช้น้ำมันรำข้าว) 1/2 ช้อนโต๊ะ - น้ำเปล่า  1000 มิลลิลิตร 
** อ่านคำอธิบาย วิธีใช้ ""ถ้วย ถ้วยตวง ช้อนตวง ช้อนโต๊ะ ช้อนชา"" ได้ >>> ที่นี่ <<<   นะคะ
** เปลี่ยนจากซี่โครงหมู เป็นไก่ส่วนสะโพกได้ ถ้าชอบ ^_^
** ซอสกระเทียมของแจ๊สซี่ ซื้อได้ที่ BigC, Makro, MaxValu, Lotus บริเวณ ""ตู้แช่เย็น"" แผนกอาหารสด  ขวดละ 40 กว่าบาทค่ะ",แคลมาก,โปรตีนกลาง,ไขมันกลาง,คาร์บสูง," ซี่โครงอ่อน, กระเทียม, ซอสกระเทียม, ซอสหอยนางรม, เกลือ, พริกไทย, น้ำตาลทราย, น้ำมันพืช, น้ำเปล่า",อยากเอาซี่โครงมาตุ๋น แต่อยากให้มีรสชาติจัดจ้านหลากหลายทำอะไรกินดี,มีซี่โครงหมูเยอะ อยากทำเมนูตุ๋นที่หอมกระเทียมแบบซอสเข้มข้น ตุ๋นจนนุ่ม,อยากทำซี่โครงหมูตุ๋นซอสกระเทียมแบบกินกับข้าวสวยร้อน ๆ
หมูย่างผัดพริกกระเทียม,"- สันคอหมู / สันนอกหมู / สะโพกหมู  300 กรัม  แล่เป็นชิ้นหนา 1 ซม. - ซอสหมักหมูนุ่ม สูตร 2 (กระเทียมพริกไทย) ตราวิกกี้   5 ช้อนโต๊ะ 
- กระเทียมสับ 1/2 ถ้วย- พริกจินดาซอย 1/4 ถ้วย - รากผักชีซอย 1/2  ช้อนโต๊ะ - ต้นหอมซอย 1/4 ถ้วย- เกลือสมุทรป่น 1/2 ช้อนชา- ซอสกระเทียม ตราแจ๊สซี่ 2 + 1/2 ช้อนโต๊ะ - น้ำมันสำหรับผัด 2 ช้อนโต๊ะ  
*** ถ้วย ในที่นี้หมายถึง ถ้วยตวงนะคะ    อ่านรายละเอียดเกี่ยวกับการใช้ช้อนตวง ถ้วยตวงแบบคร่าวๆ  ได้   >> ที่นี่ <<  ค่ะ
*** ซอสหมักหมูนุ่มวิกกี้  ซอสกระเทียมแจ๊สซี่  ซื้อได้ในเซเว่น และตามซุปเปอร์มาร์เกตทั่วไป  เช่น   Max value, Big C, Macro   ตรงตู้แช่ของสดนะคะ",แคลกลาง,โปรตีนกลาง,ไขมันน้อย,คาร์บกลาง,"สันคอหมู, ซอสหมักหมูนุ่ม,  กระเทียมสับ, พริกจินดา, รากผักชี,  ต้นหอม, เกลือ, ซอสกระเทียม, น้ำมัน",สันคอหมู ผงปรุงหมักหมูนุ่ม กระเทียม พริก สามเกลอ แนะนำเมนูหน่อย,ในครัวมีหมูย่าง กระเทียม พริก น้ำปลา น้ำตาล อยากทำหมูย่างผัดพริกกระเทียมรสจัด ๆ,มีหมูย่างเหลือ อยากเอามาผัดกับพริกกระเทียมแบบแห้ง ๆ เผ็ดนิด หอมกระเทียมเจียว
หมูฝอย,"- หมูสะโพก 500 กรัม- น้ำตาลทรายขาว  150 กรัม- เกลือป่น 2 ช้อนชา   - หอมแดงซอย 1 ถ้วย- น้ำมันพืช 1 + 1/2 ลิตร 
*** ถ้าไม่ทานหมู ก็ใช้ #อกไก่ไม่เอาหนัง  หรือใช้เป็น #เนื้อวัว แทนได้ค่ะ 
*** เกลือที่ใช้เป็นเกลือสมุทรป่น ไม่ใช่เกลือไอโอดีนที่เค็มจัด ๆ นะคะ *** หอมแดงซอย ถ้าหาได้ พิมแนะนำให้ใช้เป็นหอมแดงไทย เพราะมีความหอมหวานมากกว่าหอมแดงประเภทอื่น",แคลกลาง,โปรตีนน้อย,ไขมันกลาง,คาร์บกลาง,"หมูสะโพก, น้ำตาลทรายขาว, เกลือป่น,  หอมแดง, น้ำมันพืช",มี หมู น้ำตาล เกลือ ทำเมนูอะไรดี ขอมให้หมูรสชาติหวานๆ,มีหมูสะโพก น้ำตาล เกลือ หอมแดง น้ำมัน อยากทำให้หมูมีรสชาติหวาน ,อยากลองทำเมนูหมูคั่วๆใส่หอมแดง กินกับข้าวเหนียวร้อน  น่าจะอร่อย
ข้าวผัดกากหมู,"- ข้าวสวยหอมมะลิ 2 + 1/2 ถ้วย- กระเทียมโขลก 2 ช้อนโต๊ะ - รากผักชีโขลก 1/2 ช้อนโต๊ะ - พริกขี้หนูสวนซอย  2 ช้อนโต๊ะ   (หรือตามความเผ็ดที่ชอบ)- กากหมู  1/2  ถ้วย  - น้ำปลา 1 ช้อนโต๊ะ - ซอสปรุงรส 1/2 ช้อนโต๊ะ - น้ำตาลทราย 1/2 ช้อนชา- ผักชีหั่นหยาบ  ๆ  2 ช้อนโต๊ะ - น้ำมันหมู  2 ช้อนโต๊ะ 
*** คำว่า ถ้วย = ถ้วยตวง / ช้อนชา =  ช้อนตวงแบบช้อนชา / ช้อนโต๊ะ = ช้อนตวงแบบช้อนโต๊ะ   ทั้งหมดสามารถอ่านรายละเอียดและวิธีการใช้งานแบบคร่าว ๆ ได้  >> ที่นี่ << นะคะ 
*** ได้ประมาณ 2 จานตามในภาพด้านบน",แคลมาก,โปรตีนกลาง,ไขมันสูง,คาร์บสูง,"ข้าวสวย,  กระเทียม, รากผักชี, พริกขี้หนู, กากหมู, น้ำปลา, ซอสปรุงรส, น้ำตาลทราย, ผักชี, น้ำมันหมู",อยากกิน ข้าวผัด ใส่ อะไรกรอบๆ รสชาติ นัวๆ เค็ม สามเกลอ กระเทียม,อยากทำข้าวผัดหอม ๆ แบบบ้าน ๆ มีข้าวสวย กากหมู กระเทียม รากผักชี ,อยากกินกากหมูเยอะ ทำเมนูอะไรจะได้กินกากหมูเยอะๆ
ซี่โครงหมูอบพริกไทยดำ,"- ซี่โครงอ่อน สับเป็นชิ้น  1000 กรัม  - เนยจืด 2 ช้อนโต๊ะ- กระเทียมกลีบใหญ่สับ  2 ช้อนโต๊ะ - หอมใหญ่สับ  1/4 ถ้วย- มัสตาร์ดผง 1/2  ช้อนโต๊ะ - พริกไทยดำป่น  2 ช้อนโต๊ะ- พริกไทยดำเม็ด (ไว้แต่งหน้าตอนตักใส่ชาม)  1 ช้อนโต๊ะ- ปาปริก้า 1/2 ช้อนโต๊ะ - ซอสมะเขือเทศ  1/4 ถ้วย- น้ำซุปกระดูกหมู หรือน้ำเปล่า  5  ถ้้วย- น้ำตาลทราย  1 +1/2 ช้อนโต๊ะ   (ถ้าชอบหวานนิดๆ  ใส่ 2 ช้อนโต๊ะ) - เกลือป่น 1 - 2  ช้อนโต๊ะ   
** ในส่วนของเกลือ พิมไม่แน่ใจว่าตัวเองใส่ไป 1 หรือ 2 ช้อนโต๊ะ  เพราะกระดาษจดโดนน้ำ ตัวเลขเลยเลือน  เพราะนั้นเพื่อน ๆ ลองใส่ไปช้อนเดียวก่อนนะคะ ถ้าชิมแล้วไม่เค็ม ค่อยเพิ่มไปอีกสัก 1/2 ช้อน หรือ 1 ช้อนอ่ะค่ะ
** สามารถเติมน้ำตาลเพิ่มได้ ถ้าชอบหวานกว่านี้ แต่ไม่ควรเกิน 2 ช้อนโต๊ะ
** เนย กับ มาการีน เป็นคนละอย่างกันนะคะ
** ถ้าไม่มีมัสตาร์ดผง ใช้แบบครีมได้ แต่ขอให้เป็นมัสตาร์ดเพียว ๆ  ไม่ใช่มัสตาร์ดที่ปรุงรสแล้ว อย่าง ดิจองมัสตาร์ด เยลโล่มัสตาร์ด่ะ",แคลมาก,โปรตีนกลาง,ไขมันกลาง,คาร์บสูง,"ซี่โครงอ่อน, เนยจืด, กระเทียม, หอมใหญ่, มัสตาร์ด, พริกไทยดำ, ปาปริก้า, ซอสมะเขือเทศ, น้ำซุปกระดูกหมู, น้ำตาลทราย, เกลือ",มีหมู พริกไทย เนย มัสตาร์ด พริกไทย ,สูตรซี่โครงอร่อยๆ ,อยากกิินหมูเผ็ดๆ นุ่มลึก ด้วย พริกไทย ทำเมนูแบบใด
หมูตุ๋นปลาอินทรีเค็ม,- หมูสามชั้น หรือหมูสันคอ  500 กรัม หั่นชิ้นใหญ่กว่าหัวแม่มือสักหน่อยนึง- ซอสหมักหมูนุ่ม วิกกี้  3 ช้อนโต๊ะ - ปลาอินทรีเค็มหอม ทอด 1 ชิ้น  (40 กรัม) - ขิงแก่หั่นเป็นแว่น  5 ชิ้น- กระเทียมสับ  2 ช้อนโต๊ะ - ซอสกระเทียม แจ๊สซี่ 2 ช้อนโต๊ะ - ซีอิ๊วขาว 2 ช้อนโต๊ะ - น้ำตาลทราย 1 ช้อนชา- น้ำมันพืช 1 ช้อนโต๊ะ - พริกไทยป่น 1/2 ช้อนชา- น้ำเปล่า 1 ลิตร  ,แคลมาก,โปรตีนกลาง,ไขมันกลาง,คาร์บสูง,"หมูสาม, ปลาอินทรีเค็มหอม, ขิงแก่, กระเทียม, ซอสกระเทียม, ซีอิ๊วขาว, น้ำตาลทราย, น้ำมันพืช, พริกไทย, น้ำเปล่า","ทำอาหารอะไรดี จาก หมูสาม, ปลาอินทรีเค็มหอม, ขิงแก่, กระเทียม ","ซี่โครงอ่อน, เนยจืด, กระเทียม, หอมใหญ่, มัสตาร์ด, พริกไทยดำ, ปาปริก้า, ซอสมะเขือเทศ",มี หมู ปลาอินรีย์เค็ม อยากเอามาทำอาหาร ที่กินได้นานๆ ใส่กระเทียมด้วยน่าจะดีนะ
ยำหมูสับทอดปลาเค็ม,- หมูสับ 300 กรัม- ซอสปลาเค็ม ตราเด็กสมบูรณ์ 2 ช้อนโต๊ะ- ซีอิ๊วขาว ตราเด็กสมบูรณ์ 2 ช้อนโต๊ะ- แป้งทอดกรอบ ½ ถ้วย- พริกขี้หนูสวนซอย 1 ช้อนโต๊ะ- ต้นหอมซอย 1 ช้อนโต๊ะ- ผักชีซอย 1 ช้อนโต๊ะ- หอมแดงซอย 2 ช้อนโต๊ะ- มะนาว 1-2 ลูก- น้ำมันสำหรับทอด 1-2 ถ้วย,แคลกลาง,โปรตีนกลาง,ไขมันน้อย,คาร์บสูง,"หมูสับ, ซอสปลาเค็ม, ซีอิ๊วขาว, แป้งทอดกรอบ, พริกขี้หนู, ต้นหอม, ผักชี, หอมแดง, มะนาว, น้ำมัน",อยากกินยำแส่บๆ จาก ปลาเค็ม หมูสับ แป้ง พริก กระเทียม,อยากกินยำ เค็มๆ มีโปรตีนกลางๆ,มี ปลาเค็มเหลือเยอะมากกกกก กระเทียม หอมแดง มะนาว น้ำปลา หาเมนูให้ทำหน่อย ของรสชาติแซ่บๆ
พริกหยวกยัดไส้หมูสับทรงเครื่อง,"- พริกหยวก 7 - 10 เม็ด - หมูสับติดมันเล็กน้อย  200 กรัม- รากผักชีโขลก 2 ช้อนชา- ซอสหมักหมูนุ่ม วิกกี้ สูตร1 2 ช้อนโต๊ะ - ซอสกระเทียม แจ๊สซี่  1 ช้อนโต๊ะ 
- กระเทียมสับหยาบ  3 ช้อนโต๊ะ - น้ำมันสำหรับผัด 2 ช้อนโต๊ะ - น้ำซุป 100 มิลลิิลิตร  - ซอสกระเทียม ตราแจ๊สซี่ 2  ช้อนโต๊ะ - ซอสเผ็ด ตราแจ๊สซี่ 2 ช้อนโต๊ะ - ซอสหอยนางรม 2 ช้อนโต๊ะ - น้ำตาลทราย 1/2 ช้อนชา- น้ำมันงา 1 ช้อนชา- เหล้าจีน 1 ช้อนโต๊ะ  
- พริกชี่้ฟ้าแดงซอย 1 ช้อนโต๊ะ - ใบต้นหอมซอย 1 ช้อนโต๊ะ 
*** ซอสหมักหมูนุ่ม วิกกี้  ซอสกระเทียม ซอสเผ็ด แจ๊สซี่ แบบที่พิมใช้  ซื้อได้ที่ BigC, Makro, MaxValu, Tesco Lotus บริเวณตู้แช่เย็น แถว ๆ ที่แช่พวกเนื้อสัตว์ ผัก ราคาขวดละประมาณ 40 กว่าบาท   หรือจะสั่งซื้อ >> ที่นี่ << ก็ได้อ่ะค่ะ",แคลมาก,โปรตีนกลาง,ไขมันกลาง,คาร์บสูง,"พริกหยวก, หมูสับ, รากผักชี, ซอสหมัก, ซอสกระเทียม, กระเทียม, น้ำมัน, น้ำซุป, ซอสกระเทียม, ซอสเผ็ด, ซอสหอยนางรม, น้ำตาลทราย, น้ำมันงาม เหล้าจีน, พริกชี้ฟ้า",พริกหยวกใหญ่มากกกก เอามาทำอะไรกินดี,มีพริกหยวกทำอะไรกินดี ,มีหมูสับเหลือเยอะมาก แต่มีหลายส่วนผสมกัน เลยออยากลองไปทำกับอะไรบางอย่าง เอาไปกินกับอะไรดี
ตับผัดกระเทียมพริกไทย,"- ตับหมู หั่นเป็นชิ้นหนาประมาณ 1/2 ซม. 250 กรัม- นมข้นจืด หรือ นมจืด  1/2 ถ้วย- กระเทียมสับ 1/3 ถ้วย- พริกไทยดำคั่วป่น 1/2 ช้อนชา (หมัก)- พริกไทยดำคั่วป่น 1/2 ช้อนชา (ไว้โรยหน้า / ถ้าไม่ชอบกลิ่นพริกไทยมาก ไม่ต้องใส่ในส่วนนี้ก็ได้) - ซีอิ๊วขาว 1 + 1/2 ช้อนโต๊ะ- ซอสปรุงรส 1/2 ช้อนโต๊ะ- ซอสหอยนางรม 1 + 1/2 ช้อนโต๊ะ- น้ำตาลทราย 1/2 ช้อนชา- น้ำมัน  3 ช้อนโต๊ะ - ผักชีหั่นหยาบ 1 ต้นเล็กๆ 
ถ้วย = ถ้วยตวงมาตรฐาน   ส่วน ช้อนโต๊ะ-ช้อนชา = ช้อนตวงมาตรฐาน  เพื่อน ๆ สามารถอ่านรายละเอียด  สถานที่ซื้อ และวิธีการใช้ช้อนตวง ถ้วยตวง ได้ >> ที่นี่ << ค่ะ",แคลมาก,โปรตีนน้อย,ไขมันกลาง,คาร์บสูง,"ตับหมู, นมจืด, กระเทียม, พริกไทย, ซีอิ๊วขาว, ซอสปรุงรส,  ซอสหอยนางรม, น้ำตาลทราย, น้ำมัน, ผักชี",มี ตับ หมู กระเทียม พริกไทย แนะนำหน่อย,ตับ นม กระเทียม พริกไทย ซอสปรุงรส อยากจะทำเมนูอร่อยๆ เค็มๆ มัน ๆ ,มีตับเต็มไปหมด อยากเอามาทำอาหารที่ช่วยให้กินง่ายขึ้น
ซี่โครงหมูตุ๋นมะพร้าวอ่อนเห็ดหอม,"- ซี่โครงอ่อน (หมู) หั่นเป็นชิ้นยาวประมาณ 1.5 นิ้ว  1000 กรัม- เนื้อมะพร้าวอ่อน  หั่นเป็นเส้นกว้างประมาณ 1 ซม. 1 ถ้วย- น้ำมะพร้าวอ่อน 2 1/2 - 3 ถ้วย   (ปริมาณที่ใช้ ขึ้นกับเวลาที่ตุ๋น) - เห็ดหอมแห้งดอกใหญ่  แช่น้ำจนนิ่ม แล้วหั่นเป็นเส้น  1  ถ้วย- แปะก๊วยต้มสุก   1/3 ถ้วย- ซอสมะเขือเทศ  6 ช้อนโต๊ะ- น้ำตาลทรายแดง 5 ช้อนโต๊ะ   (อาจจะใช้น้อยกว่านี้ ขึ้นกับความหวานหอมของน้ำมะพร้าว) - ซีอิ๊วขาว 4 ช้อนโต๊ะ - เกลือสมุทรป่น 1 ช้อนชา 
***  สูตรนี้ทำแล้วได้ปริมาณ 4 ชามตามในภาพด้านบน  ถ้าต้องการทำน้อยลง ก็ลดปริมาณส่วนผสมแต่ละอย่างลง ให้เหลือสักอย่างละครึ่งนึงก็ได้นะคะ  เช่น โครงหมูเหลือ 500 กรัม  มะพร้าวอ่อนเหลือ 1/2 ถ้วย  ซอสมะเขือเทศเหลือ 3 ช้อนโต๊ะ อย่างนี้อ่ะค่ะ",แคลกลาง,โปรตีนน้อย,ไขมันน้อย,คาร์บสูง,"ซี่โครงหมู, เนื้อมะพร้าวอ่อน, น้ำมะพร้าวอ่อน, เห็ดหอมแห้ง, แปะก๊วย, ซอสมะเขือเทศ, น้ำตาลทรายแดง, ซีอิ๊วขาว, เกลือ ",ได้มะพร้าวมา อยากเอาทำอาหารคาว ใส่หมูด้วยจะได้อร่อยๆ,มีซี่โครงหมู มะพร้าวอ่อน เห็ดหอม แปะก๊วย อยากตุ๋นให้น้ำซุปหวานหอม ทำเมนูอะไรดี, อยากทำซี่โครงหมูตุ๋นเห็ดหอม น้ำมะพร้าว พอจะทำได้ไหม
เมี่ยงหมูย่าง,"
:: ส่วนผสมและเครื่องปรุง  ""หมูหมัก"" ::
- สันคอหมู 300 กรัม- ซีอิ๊วขาว 1 ช้อนโต๊ะ- ซอสปรุงรส 1 ช้อนโต๊ะ- น้ำมันหอย 2 ช้อนดต๊ะ- น้ำตาลทรายขาว 1/2 ช้อนโต๊ะ- พริกขี้หนูแห้งคั่วป่น 1/2 ช้อนโต๊ะ
:: ส่วนผสมและเครื่องปรุง  ""ไก่หมัก"" ::
- เนื้อสะโพกไก่ 300 กรัม- เกลือป่น 1/2 ช้อนโต๊ะ- ซีอิ๊วขาว 1 ช้อนชา- ซอสหอย 1/2 ช้อนโต๊ะ- น้ำมันงา 1 ช้อนชา
สำหรับไก่หมัก เพื่อน ๆ จะหมักแบบหมูหมักตามสูตรด้านบนก็ได้  หรือจะหมักแบบในสูตร ไก่หมัก ก็ได้ ขึ้นกับว่าชอบรสชาติแบบไหนและรสจัดขนาดไหนนะคะ  (แบบหมูหมัก รสจัด มีเผ็ดนิดๆ  แบบไก่หมัก รสเบา ๆ) 
เพื่อน ๆ ที่ไม่ทานไก่ อาจจะใช้หมูอย่างเดียว หรือเพื่อน ๆ ที่ไม่ทานหมู อาจจะใช้ไก่อย่างเดียวก็ได้ค่ะ
หมึก ในภาพด้านล่าง พิมไม่ได้ทำอะไรเลยค่ะ แค่ล้างทำความสะอาด แล้วหั่นเป็นชิ้นเฉยๆ  ก็ย่างได้เลยนะคะ  หรือใครจะคลุกซีอิ๊วดำสักนิดพอให้สีเข้ม ๆ ก็ได้เหมือนกันค่ะ 
เรื่องการตวง .. ในที่นี้ ถ้วย = ถ้วยตวงแบบมาตรฐาน    ช้อนโต๊ะ/หรือช้อนชา = ช้อนตวงแบบมาตรฐาน  เพื่อน ๆ สามารถอ่านรายละเอียดและวิธีการใช้ได้  >> ที่นี่ << นะคะ

 :: ส่วนผสมและเครื่องปรุง ""น้ำจิ้มแจ่ว""  และอื่นๆ  ::
- น้ำมะขามเปียกคั้นแบบข้นๆ 2 ช้อนโต๊ะ - น้ำตาลปี๊บ 3 ช้อนโต๊ะ- น้ำปลา 3 + 1/2 ช้อนโต๊ะ- น้ำมะนาว 1 ช้อนโต๊ะ- พริกขี้หนูแห้งคั่วป่น 1/2 ช้อนโต๊ะ หรือมากน้อยตามความเผ็ดที่ชอบ 
- ผักสลด ผักสลัด  เช่น  ผักกาดหอมเขียว แดง  ผักกาดคอส บัตเตอร์เฮด เรดคอรัล กรีนคอรัล (ที่เป็นใบ ๆ สามารถเอามาห่อหมูได้) มากน้อยตามชอบ- กะหล่ำปลี 1 หัว ใหญ่เล็กตามชอบ",แคลมาก,โปรตีนกลาง,ไขมันกลาง,คาร์บสูง,"สันคอหมู, ซีอิ๊วขาว, ซอสปรุงรส, น้ำมันหอย, น้ำตาลทรายขาว, พริกขี้หนูแห้ง, เนื้อสะโพกไก่, เกลือป่น, ซีอิ๊วขาว, ซอสหอย, น้ำมันงา, น้ำมะขามเปียก, น้ำตาล, น้ำปลา, น้ำมะนาว",มี สันคอ ซอสปรุงรส เครื่องปรุง กระเทียม ผัก พริก ทำอะไรได้บ้าง,อยากทำอาหารที่เฮลตี้  สันคอหมู ใส่ซอสปรุงรสอย่างทั่วถึง,มีมะพร้าว หมู ซอสปรุง เครื่องปรุงครบ ทำอาหารอะไร
หมูกรอบ สูตรหนังฟูกรอบ,- หมูสามชั้น 1 ชิ้น น้ำหนัก 800 กรัม- เกลือสมุทรป่น 4 ช้อนโต๊ะ - น้ำส้มสายชู ตราเด็กสมบูรณ์ (ส่วนที่ 1) 2 ช้อนโต๊ะ- น้ำส้มสายชู ตราเด็กสมบูรณ์ (ส่วนที่ 2) 2 ช้อนโต๊ะ - น้ำเปล่า 2 ลิตร- น้ำมันสำหรับทอดหมู 1 - 2 ลิตร- ซีอิ๊วดำ สูตร 1 ตราเด็กสมบูรณ์ มากน้อยตามชอบ,แคลมาก,โปรตีนน้อย,ไขมันสูง,คาร์บน้อย,"หมูสามชั้น, เกลือสมุทร, น้ำส้มสายชู, น้ำส้มสายชู, น้ำเปล่า, น้ำมัน, ซี้อิ้วดำ",อยากเอาสามชั้น มาทำอาหาร อะไรดี ขอแบบกรอบกร้อบ กินที่กรุงเทพ กรอบไปถึงเชียงใหม่,หมูสามชั้น น้ำส้มสายชู เกลือ ทำอย่างไร ให้ กรอบฟู ,มีหมูสามชั้น ทำเมนูอะไรดี
วุ้นเส้นผัดแหนมไข่เค็ม,"- วุ้นเส้นสด 1 + ½ ถ้วย- แหนมสไลซ์ พร้อมทาน สุทธิลักษณ์1 ซอง- ไข่เค็ม 2 ฟอง (แกะเปลือกออก แล้วผ่าแต่ละฟองเป็น 4 ส่วน) - ไข่ไก่ 2 ฟอง- ชะอมเด็ด 2/3 ถ้วย- กระเทียมสับ 1 ช้อนโต๊ะ- พริกขี้หนูเม็ดใหญ่สีแดง หั่นเฉียง 5 - 10 เม็ด (ตามความเผ็ดที่ชอบ) - ซอสหอยนางรม 1 ช้อนโต๊ะ- ซีอิ๊วขาว 1 ช้อนโต๊ะ - น้ำมันสำหรับผัด 3 ช้อนโต๊ะ- น้ำซุป 3 ช้อนต๊ะ
รายละเอียดเกี่ยวกับถ้วยตวง (ถ้วย = ถ้วยตวง)  ช้อนตวง (ช้อนโต๊ะ ช้อนชา) อ่านได้ >> ที่นี่ << นะคะ",แคลกลาง,โปรตีนกลาง,ไขมันน้อย,คาร์บสูง,"วุ้นเส้น, แหนม, ไข่เค็ม, ไข่ไก่, ชะอมเด็ด, กระเทียม, พริกขี้หนู, ซอสหอยนางรม, ซีอิ๊วขาว, น้ำมัน",มีวุ้นเส้น อยากเอามาทำอาหารรสชาติ เค็มๆ นัวๆ เปรี้ยวๆจากแหนม,มีไข่ วุ้นเส้น แหนม ทำอาหารอะไรดี อร่อยๆ ทำง่าย,วุ้นเส้น ทำอาหารอะไรที่อร่อย นัว เปรี้ยวถึง จากแหมไรงี้ แถมไขมันน้อย ดีต่อสุขภาพ
หมูทอดสามรส,"- สันนอกหมู หั่นชิ้นสี่เหลี่ยมพอคำ 300 กรัม- ซอสหมักหมูนุ่ม สูตร 1 วิกกี้ 3 ช้อนโต๊ะ- แป้งทอดกรอบ 1/2 ถ้วย- ซอสส้ม แจ๊สซี่ 3 ช้อนโต๊ะ- ซอสเผ็ด แจ๊สซี่ 1 ช้อนโต๊ะ  - น้ำปลา  1/4 ช้อนชา- น้ำส้มสายชู 1 ช้อนโต๊ะ - น้ำตาลทราย 2 ช้อนโต๊ะ- พริกไทยป่น 1/4 ช้อนชา - น้ำเปล่า 1/4 ถ้วย- งาขาวคั่ว 1 ช้อนโต๊ะ - น้ำมันสำหรับทอด 1/2 - 1 ถ้วย
*** ซอสส้ม ซอสเผ็ด ยี่ห้อแจ๊สซี่ (ขวดละ 40 กว่าบาท) / ซอสหมักหมูนุ่ม ยี่ห้อวิกกี้ (ประมาณ 20-21 บาท)  ซื้อได้ที่ BigC, Makro, MaxValu, Lotus และ TOPS บางสาขา บริเวณ ""ตู้แช่เย็น"" แผนกอาหารสดค่ะ 
*** รายละเอียดการตวง วิธีการใช้ช้อนตวง ถ้วยตวง ช้อนโต๊ะ ช้อนชา อ่านได้ >> ที่นี่ <<",แคลมาก,โปรตีนกลาง,ไขมันกลาง,คาร์บสูง,"สันนอกหมู, ซอสหมักหมูนุ่ม, แป้งทอดกรอบ, ซอสส้ม, ซอสเผ็ด, น้ำปลา, น้ำส้มสายชู, น้ำตาลทราย, พริกไทย, น้ำเปล่า, งาขาวคั่ว, น้ำมัน",มี สันนอกหมู และซอสต่างๆ ทำอะไรกินได้บ้าง,มีสันนอกหมู ซอสหมักหมูนุ่ม กระเทียม นม กะทิ น้ำผึ้ง อยากทำเมนูกลมกล่อมๆ ,มีสามชั้น สันนอก ซอสหมักหมู แป้งทดอ ซอสเผ็ด แนะนำเมนูที่ใช้วัตถุดิบพวกนี้ครบให้หมดหน่อย
ต้มจับฉ่าย สูตรใส่เต้าเจี้ยวเห็ดหอม,- ซี่โครงหมูสับเป็นชิ้น 500 กรัม- เต้าหู้แข็งสีขาว 1 ก้อน- กวางตุ้ง 300 กรัม- กะหล่ำปลี 400 กรัม- ผักโขม 300 กรัม- ขึ้นฉ่าย 100 กรัม- หัวไชเท้า 400 กรัม- เห็ดหอมแห้งดอกใหญ่ 6 ดอก- รากผักชี 5 รากใหญ่- กระเทียมไทยกลีบเล็ก 4 ช้อนโต๊ะ- พริกไทยป่น 1 ช้อนชา- เต้าเจี้ยวเห็ดหอม ตราเด็กสมบูรณ์ 5 ช้อนโต๊ะ- ซีอิ๊วขาวเห็ดหอม ตราเด็กสมบูรณ์ 4 ช้อนโต๊ะ- ซอสหอยนางรม สูตรเข้มข้น ตราเด็กสมบูรณ์ 3 ช้อนโต๊ะ - ซอสปรุงรสฝาเขียว ตราเด็กสมบูรณ์ 2 ช้อนโต๊ะ - ซีอิ๊วดำฉลากส้ม ตราเด็กสมบูรณ์ ตามชอบ- น้ำมันพืชสำหรับผัด 2 - 3 ช้อนโต๊ะ- น้ำมันพืชสำหรับทอดเต้าหู้ ½ ถ้วย- น้ำเปล่า 4 ลิตร,แคลมาก,โปรตีนกลาง,ไขมันกลาง,คาร์บสูง,"ซี่โครงหมู, เต้าหู้แข็ง, กวางตุ้ง, กะหล่ำปลี, ผักโขม, ขึ้นฉ่าย, หัวไชเท้า,  เห็ดหอมแห้ง, รากผักชี, กระเทียมไทย, พริกไทย, เต้าเจี้ยว, ซอสหอยนางรม, ซอสปรุงรสฝาเขียว, ซีอิ๊วดำ, น้ำมัน, น้ำเปล่า",อยากทำอาหารที่ผู้ใหญ่ชอบทาน น้ำๆคล่องคอ ผักเยอะๆ มีชี่โครงหมูด้วย,อยากทำจับฉ่าย สีใส ใส่เต้าเจี้ยวเพื่อความเค็มใ พอจะมีสูตรไหม,มีผักเยอะมาก กลัวจะเสีย อยากเอามาทำเมนุที่ใส่ผักเยอะๆ ไม่เผ็ด
เนื้อย่างเสียบไม้ เตาถ่าน,"
:: ส่วนผสมและเครื่องปรุง สูตรที่ 1 (ลูกผักชี) ::
- เนื้อวัวหั่นชิ้นพอคำ  300 กรัม - ลูกผักชีคั่ว 1/2 ช้อนโต๊ะ - พริกไทยขาวคั่ว 1/2 ช้อนโต๊ะ - กระเทียมไทยแกะเปลือก 2 ช้อนโต๊ะ - รากผักชีหั่น 1 ช้อนโต๊ะ - น้ำตาลมะพร้าว 1/2 ช้อนโต๊ะ - ซีอิ๊วขาว 1 ช้อนโต๊ะ - ซอสปรุงรส 1/2 ช้อนโต๊ะ - เกลือสมุทรป่น 1/2 ช้อนชา- ซอสหอยนางรม 1 ช้อนโต๊ะ - น้ำมันพืช 1 ช้อนโต๊ะ ** พิมชอบกลิ่นลูกผักชีหนัก ๆ เลยใส่ไป 1 ช้อนโต๊ะ

:: ส่วนผสมและเครื่องปรุง สูตรที่ 2 (หม่าล่า) ::
- เนื้อวัวหั่นชิ้นพอคำ  300 กรัม - ผงหมาล่า 1.5 ช้อนโต๊ะ - ซีอิ๊วขาว 1 ช้อนโต๊ะ - น้ำมันงา 1/2 ช้อนโต๊ะ - น้ำมันพืช 1/2 ช้อนโต๊ะ - แป้งทอดกรอบ 1/2 ช้อนโต๊ะ- น้ำเปล่า 1 ช้อนโต๊ะ ",แคลมาก,โปรตีนกลาง,ไขมันสูง,คาร์บสูง,"เนื้อวัว, ลูกผักชี, พริกไทยขาว, กระเทียมไทย, รากผักชี, น้ำตาลมะพร้าว,  ซีอิ๊วขาว,  ซอสปรุงรส,  เกลือ, ซอสหอยนางรม, น้ำมันพืช, ผงหมาล่า, น้ำมันงา, น้ำมัน, แป้งทอดกรอบ, น้ำ",มีเนื้อ สมุนไพร อยากเอามาย่าง ทำแบบไหน,มีเนื้อ ปรุงแล้ว หมักแล้ว ทำอะไรต่อดี อยากใช้เนื้อให้หมดเลย,มี เนื้อ ถ่าน เครื่องปรุง ทำอาหารแคมปปิ้งกับเพื่อนๆ
ซุปเนื้อตุ๋น,"- เนื้อสันคอ 1000 กรัม- พริกไทยดำ 1 ช้อนโต๊ะ - กระเทียมไทย  2 ช้อนโต๊ะ - รากผักชี 5 รากใหญ่- อบเชย 4-5 ชิ้น- โป๊ยกั๊ก 6-7 ดอก- ขิงแก่ทุบพอแตก 1 ชิ้นขนาดเท่านิ้วโป้ง- เกลือสมุทรป่น 1 ช้อนโต๊ะ - น้ำปลาดี 2 ช้อนโต๊ะ - น้ำเปล่า 12 ถ้วย
- หอมใหญ่ผ่า 4 ส่วน 3 ลูก- มะเขือเทศท้อผ่า 4 ส่วน 5 ลูก - ขึ้นฉ่ายหั่นหยาบ 1/2 ถ้วย- หอมเจียว 1/2 ถ้วย- พริกขี้หนูสวนทุบพอแตก ตามความเผ็ดที่ชอบ- น้ำมะนาว   น้ำปลา สำหรับปรุงรสแต่ละชาม",แคลมาก,โปรตีนกลาง,ไขมันกลาง,คาร์บสูง,"เนื้อสันคอ, พริกไทย, กระเทียม, รากผักชี, อบเชย, โป๊ยกั๊ก, ขิง, เกลือ, น้ำปลา, น้ำเปล่า, หอมใหญ่, มะเขือเทศ, ขึ้นฉ่าย, หอมเจียว, พริกขี้หนูสวน,  น้ำมะนาว, น้ำปลา",อยากกินอะไรอุ่นๆ ทำมาจากเนื้อ ใส่โป๊ยกั๊ก ขิง กระเทียม รสชาติอร่อยๆ ,มีเนื้อสันคอ พริกไทย กระเทียม อบเชย แครอท หอมใหญ่ เนย ทำอาหารอระไรที่ไม่ต้องเคี้ยวเยอะ,อยากเอาเนื้อที่เหนียวๆ มาทำให้หายเหนียวแบบเคี้ยวง่ายมากขึ้น
มัสมั่นเนื้อ,"- เนื้อวัวส่วนพื้นท้อง 1000 กรัม- พริกแกงมัสมั่น 200 กรัม- ลูกกระวานคั่ว 6 ลูก- มันเทศ ปอกเปลือกหั่นชิ้น 600 กรัม- หอมใหญ่ ปอกเปลือก ผ่าสี่ส่วน 200 กรัม- ถั่วลิสงคั่ว (ไม่มีเปลือก) 80 กรัม- หัวกะทิ 1 + 1/2 ถ้วย- หางกะทิ 5 ถ้วย- น้ำมะขามเปียก 100 กรัม- น้ำตาลมะพร้าว 200 กรัม- น้ำปลา 1 ช้อนโต๊ะ - เกลือป่น 1/2 ช้อนโต๊ะ 
** ถ้วย = ถ้วยตวงมาตรฐานที่มีขายตามร้านขายเครื่องครัวทั่วไป / ช้อนโต๊ะ = ช้อนโต๊ะที่อยู่ในชุดช้อนตวง  /  ช้อนชา = ช้อนชาที่อยู่ในชุดช้อนตวง",แคลมาก,โปรตีนน้อย,ไขมันน้อย,คาร์บสูง,"เนื้อวัว, พริกแกงมัสมั่น, ลูกกระวาน, มันเทศ, หอมใหญ่, ถั่วลิสงคั่ว,  หัวกะทิ, หางกะทิ, น้ำมะขามเปียก, น้ำตาลมะพร้าว, น้ำปลา, เกลือป่น ",มีเนื้อวัว พริกแกง หอมใหญ่ แครอท มันเทศ ทำอะไรกินได้บ้าง อยากกินเป็นแกงเผ็ดๆๆ,อยากกินมัสมั่นเนื้อ,พริกแกง เนื้อ ลูกกระวาน หอมแดง เครื่องเทศ ทำแกงที่รสดี อร่อยจัด
ลาบเนื้อทอด,- เนื้อออสเตรเลียแองกัส แมคโดนัลด์ 3 ชิ้น (450 กรัม) - ต้นหอมซอย 3 ช้อนโต๊ะ - ผักชีฝรั่งซอย 3 ช้อนโต๊ะ- หอมแดงซอย ¼ ถ้วย- ใบมะกรูดซอย 1 + ½ ช้อนโต๊ะ- พริกขี้หนูแห้งคั่วป่น 1 ช้อนโต๊ะ- ข้าวคั่ว 2 ช้อนโต๊ะ- น้ำมะนาว 2 + ½ ช้อนโต๊ะ - น้ำปลา 2 ช้อนโต๊ะ - ไข่ขาว ¼ ถ้วย- แป้งทอดกรอบ 2 ช้อนโต๊ะ - ผักสดสำหรับกินคู่กับลาบ ตามชอบ,แคลกลาง,โปรตีนกลาง,ไขมันน้อย,คาร์บสูง,"เนื้อออสเตรเลีย, ต้นหอม, ผักชีฝรั่ง, หอมแดง, ใบมะกรูด, พริกขี้หนูแห้ง, ข้าวคั่ว, น้ำมะนาว, น้ำปลา,  ไข่ขาว, แป้งทอดกรอบ, ผักสด",มีเนื้อ ต้นหอม หอมแดง ใบมะกรูด มะนาว ทำอะไรกินได้บ้าง อยากทำอาหารแซ่บๆ รสชาติอีสานๆ,เนื้อออส ต้นหอม ผักชี หอมแดง ใบมะหกรูด ทำอะไรกินได้บ้าง อร่อยๆ ทอดๆ รสถึงเครื่อง,อยากกินอะไรทอดๆ แต่ได้รสชาติของอีสาน กรอบนอก นุ่มใน มี เนื้อ ต้นหอม หอมแดง ใบมะกรุด พริกขี้หนู ทำอะไรกินดี
เห็ดผัดเนยกระเทียม,- เห็ดชิเมจิ / เห็ดหิมะ  250 กรัม - เนยจืด 1 ช้อนโต๊ะ - น้ำมันพืช 1/2 ช้อนโต๊ะ - กระเทียมจีนซอยบาง ๆ 2 ช้อนโต๊ะ - โชยุ 1 + 1/2 ช้อนโต๊ะ - ซอสหอยนางรม 1/2 ช้อนโต๊ะ - งาขาว งาดำคั่วรวมกัน 1 ช้อนชา- ต้นหอมซอย 1 ช้อนโต๊ะ,แคลมาก,โปรตีนน้อย,ไขมันกลาง,คาร์บกลาง,"เห็ดชิเมจิ, เนยจืด, น้ำมัน,  กระเทียมจีน, โชยุ,  ซอสหอยนางรม, งาขาว, ต้นหอม",มีเห็ด เนย ชีส กระเทียม โชยุ พริกหวาน พริกไทย  มิริน ทำอาหารที่รสชาติดี ไม่เผ็ด รสที่เด็กๆชอบกิน,เห็ดทำเมนูอะไรได้บ้าง เด็กๆชอบกินกัน เค็มๆ หวานๆ มันๆ,เห็ด เนย นำ้มัน โชยุ ซอสหอย ทำเมนูอะไรดี
เห็ดออรินจิผัดพริกแห้ง,":: ส่วนผสมและเครื่องปรุง ""เห็ดออรินจิทอด"" ::
- เห็ดออรินจิ 300 กรัม - พริกไทยป่น 1/2 ช้อนชา- ซอสหอยนางรม 1 ช้อนโต๊ะ - น้ำเปล่า 50 มิลลิลิตร- แป้งข้าวโพด 3 ช้อนโต๊ะ - น้ำมันสำหรับทอด เล็กน้อย 

:: ส่วนผสมและเครื่องปรุง ""เห็ดออรินจิผัดพริกแห้ง"" ::
- เห็ดออรินจิ ที่ทอดไว้แล้วตามสูตรด้านบน- พริกแห้งเม็ดใหญ่หั่นท่อนสั้น 1/2 ถ้วย  (ประมาณ 6-7 เม็ด) - กระเทียมสับ 2 ช้อนโต๊ะ - น้ำมันสำหรับผัด 2 ช้อนโต๊ะ - ซอสหอยนางรม  1 ช้อนโต๊ะ - ซีอิ๊วขาว 1 ช้อนโต๊ะ - น้ำเปล่า 2 ช้อนโต๊ะ - น้ำมันงา 1 ช้อนชา- ถั่วลิสงทอด 1/4 ถ้วย- ต้นหอมซอย 2 ช้อนโต๊ะ 
*** คำว่าถ้วย ช้อนโต๊ะ ช้อนชา ที่พิมใช้ตามสูตรด้านบน คือ ถ้วยตวงและช้อนตวงแบบมาตรฐาน  ดูรายละเอียดและวิธีการใช้ได้ >> ที่นี่ <<  นะคะ    แต่เพื่อน ๆ ไม่จำเป็นต้องชั่งตวงตามพิมเป๊ะ ๆ  พิมให้รายละเอียดไว้เป็นแนวทางเฉย ๆ  ทุกคนสามารถปรับได้ตามที่มีและตามที่ชอบได้เลยค่ะ",แคลมาก,โปรตีนน้อย,ไขมันกลาง,คาร์บสูง,"เห็ดออรินจิ, พริกไทย, ซอสหอยนางรม,  น้ำเปล่า,  แป้งข้าวโพด, น้ำมัน, พริก, กระเทียม, น้ำมัน, ซีอิ๊วขาว, น้ำเปล่า, น้ำมันงา, ถั่วลิสง, ต้นหอม",มี เห็ด พริกไทย แป้ง พริกชี้ฟ้า น้ำมัน แนะนำเมนุหน่อย ททำอะไรได้บ้าง,มีเห็ดอยากเอามาทำให้รสชาติจัดจ้าน เผ็ด เค็ม เนย ถึง,อยากกินเห็ด เผ้ดๆ
แกงหน่อไม้ใส่เห็ด (อิสาน),"- ใบย่านาง 20 ใบ- น้ำเปล่า 3 ถ้วย
- หอมแดง 5 หัว (60 กรัม) - พริกกะเหรี่ยง 25-30 เม็ด (20 กรัม)- ตะไคร้ 3 ต้นใหญ่- หน่อไม้ต้มสุก หั่นชิ้นพอคำ 170 กรัม- ฟักทอง 120 กรัม- เห็ดหลาย ๆ อย่าง รวมกัน 160 กรัม  (เช่น ออรินจิ เห็ดฟาง เห็ดนางฟ้า เห็ดชิเมจิ เห็ดเข็มทอง ฯ) - เห็ดหูหนู 110 กรัม- ชะอมเด็ด 30 กรัม- ใบแมงลัก 30 กรัม
- น้ำปลาร้า 1/2 ถ้วย- น้ำปลา 2 ช้อนโต๊ะ - ข้าวเหนียว (ดิบ) 2 ช้อนโต๊ะ - พริกกะเหรี่ยง สำหรับโรยหน้าตามชอบ",แคลมาก,โปรตีนสูง,ไขมันน้อย,คาร์บสูง,"ใบย่านาง, น้ำเปล่า, หอมแดง, พริก, ตะไคร้, หน่อไม้, ฟักทอง, เห็ด,  ชะอมเด็ด, ใบแมงลัก, น้ำปลาร้า, น้ำปลา, ข้าวเหนียว",มีใบย่านาง หอมแดง หน่อไม้ ฟักทอง ตะไคร้ ทำอะไรกินดี,หน่อไม้ ใบย่านาง หอมแดง หัวหอม แป้ง ทำอะไร,หน่อไม้ ทำแกง รสชาติ อีสาน 
เต้าหู้ทอดราดซอสพริกเซี่ยงไฮ้,"- เต้าหู้แข็ง 1 แผ่น - น้ำมันสำหรับผัด 1 ช้อนโต๊ะ - ซอสพริกเซี่ยงไฮ้ (น้ำจิ้มกุ้ยหลิน) 1 ช้อนโต๊ะพูนๆ - กระเทียมสับ 1 ช้อนโตีะ - พริกชี้ฟ้าแดงสับละเอียด 1 ช้อนโต๊ะ (ไม่เอาเมล็ดและไส้)- พริกจินดาซอยละเอียด 2 เม็ด  (ถ้าไม่ชอบเผ็ด ก็ไม่ต้องใส่) - ซีอิ๊วขาว 1/2  ช้อนโต๊ะ - ซอสหอยนางรม 1/2 ช้อนโต๊ะ - น้ำตาลทราย 1/2 ช้อนโต๊ะ - น้ำซุป/น้ำเปล่า 50 มิลลิลิตร- ต้นหอม ผักชีซอย รวมกัน 1 ช้อนโต๊ะ 
** พิมทำ 2 เท่าของสูตร (ใช้ส่วนผสมทุกอย่าง คูณ 2)   ก็จะได้อาหารที่สำเร็จแล้ว ประมาณ 1.5  เท่าของจานในภาพด้านบนนะคะ",แคลมาก,โปรตีนกลาง,ไขมันน้อย,คาร์บสูง,"เต้าหู้แข็ง, น้ำมัน,  ซอสพริก, กระเทียม, พริกชี้ฟ้า, พริกจินดา,  ซีอิ๊วขาว, ซอสหอยนางรม,  น้ำตาลทราย, น้ำซุป, ต้นหอม, ผักชี",มีเต้าหู้ อยากทำอาหารสไตล์จีน ใส่ กระเทียม และพริกเยอะๆเผ็ดชาๆ,มีเต้าหู้ อยากเอามาทำอะไรเผ็ดๆ เยื่อเต้าหู้ขาว,มี เต้าหู้ ขอทำให้เผ้ดๆ 
เห็ดหอมคั่วซีอิ๊ว,"- เห็ดหอมแห้ง 200 กรัม- ซีอิ๊วขาวเห็ดหอม 3 ช้อนโต๊ะ  (ถ้ากินเจ ก็ใช้แบบเจ / ถ้าชอบเค็มมากหน่อย ก็ใช้สัก 4 ช้อนโต๊ะ)  - ซอสเห็ดหอม 3 ช้อนโต๊ะ  (ถ้าไม่มีก็ใช้ซอสหอยนางรม) - น้ำตาลทราย 1/4 ช้อนชา- พริกไทยป่นหยาบ 1 ช้อนโต๊ะ - พริกขี้หนูแห้งคั่วป่น 1 ช้อนโต๊ะ  (ใส่หรือไม่ใส่ก็ได้ ตามชอบ) - ต้นหอมซอย 1/4 ถ้วย (ใส่หรือไม่ใส่ก็ได้ ตามชอบ / ถ้ากินเจ ไม่ต้องใส่)
** ถ้าชอบกลิ่นของซอสปรุงรส เช่น ซอสปรุงรสฝาเขียว ก็สามารถใช้แทนซีอิ๊วขาว หรือใช้ผสมกับซีอิ๊วขาวได้  เช่น จาก ซีอิ๊วขาว 3 ช้อนโต๊ะ ก็อาจจะใช้เป็นซีอิ๊วขาว 2 ช้อน  และซอสปรุงรสฝาเขียว 1 ช้อนนะคะ",แคลกลาง,โปรตีนน้อย,ไขมันน้อย,คาร์บสูง,"เห็ดหอม, ซีอิ๊วขาว, ซอสเห็ดหอม, น้ำตาลทราย, พริกไทย, พริกขี้หนู, ต้นหอม",มีเห็็ดหอม อยากเอามทำเมนุกินกับข้าว รสชาติเค็มๆ,มีเห็ดหอม ซีอิ้ว น้ำตาล ขอทำอาหารที่ทำง่าย แป๊ปเดียวเสร็จ,เห็ดหอม เค็มๆ จาก พริก กระเทียม น้ำตาล
เห็ดอบสมุนไพร,"- เห็ดฟาง  1 ถ้วย  (ผ่าแต่ละดอกเป็น 4  ส่วน)- เห็ดชิเมจิ 1 ถ้วย  (ตัดโคนทิ้ง) - เห็ดนางฟ้า  1 ถ้วย  (ดอกเล็กไม่ต้องทำอะไร  ถ้าเป็นดอกใหญ่ ฉีกเป็น 2-3 ชิ้น)- เห็ดออรินจิ 1 ถ้วย (หั่นเป็นชิ้นพอคำ)  - เห็ดหูหนู 1/2 ถ้วย  (หั่นเป็นชิ้นพอคำ)  - ใบโหระพา  1/2  ถ้วย- ใบมะกรูดฉีกเป็นชิ้นเล็ก ๆ 5 ใบ- ตะไคร้ หั่นเฉียงบาง ๆ 1 ต้นใหญ่- ข่าอ่อนซอยบาง ๆ  2 ช้อนโต๊ะ - กระเทียมไทยกลีบเล็ก ทุบพอแตก 2 ช้อนโต๊ะ - หอมแดงปอกเปลือก ซอยบาง ๆ 5 หัว- พริกจินดา โขลกพอแหลก 20 เม็ด (หรือตามความเผ็ดที่ชอบ / ถ้าชอบเผ็ดมากอาจจะใช้เป็นพริกกะเหรี่ยง หรือพริกขี้หนูสวนแทนก็ได้) - ซีอิ๊วขาว หรือน้ำปลา 1 ช้อนโต๊ะ - เกลือสมุทรป่น 1 ช้อนชา 
*** เห็ดที่ใช้ อาจจะไม่ต้องใช้เหมือนที่พิมบอกเป๊ะๆ  ถ้าชอบเห็ดหูหนู อาจจะใส่เห็ดหูหนูมากขึ้น แล้วลดเห็ดอื่นลง  หรือว่าถ้าไม่ชอบเห็ดฟาง  อาจจะไม่ใส่เห็ดฟาง แล้วไปเพิ่มเห็ดอื่นแทนได้ได้
*** ใช้ใบแมงลัก แทนใบโหระพาได้",แคลกลาง,โปรตีนกลาง,ไขมันน้อย,คาร์บสูง,"เห็ดฟาง,  เห็ดชิเมจิ, เห็ดนางฟ้า, เห็ดออรินจิ 1 ถ้วย, เห็ดหูหนู, ใบโหระพา, ใบมะกรูด, ข่าอ่อน, กระเทียมไทย, หอมแดง, พริกจินดา",มี เห็ด สมุนไพรเหลือเยอะมากจาก การทำพะโล้ ,มีสมุนไพร เห็ด ต่างๆมากมาย พริกไทย ทำอะไรกินดี,อยากกิน เห้ด อร่อยๆ จากซอสต่างที่มีในบ้าน และหอมออโร่มาสมุนไพร
วุ้นกะทิ (มะพร้าว) ใบเตย,":: ส่วนผสมและเครื่องปรุง ""วุ้นกะทิ""  :: 
- น้ำมะพร้าวอ่อน (ถ้าใครไม่มีก็ใช้น้ำลอยดอกมะลิ/น้ำเปล่า) 260 กรัม- ผงวุ้น 1 ช้อนโต๊ะ - น้ำตาลทรายขาว 140 กรัม- เกลือป่น 1/2 ช้อนชา- หัวกะทิ 500 กรัม
 
:: ส่วนผสมและเครื่องปรุง ""วุ้นใบเตย""  :: 
น้ำเปล่า 1000 กรัมผงวุ้น 1 + 1/2 ช้อนโต๊ะ น้ำตาลทราย 220 กรัมเกลือป่น 1/2 ช้อนชาน้ำใบเตยคั้น 300 กรัม
** น้ำใบเตยคั้น 300 กรัม ได้มาจากใบเตย  70 กรัมปั่นรวมกับน้ำเปล่า 330 กรัมจนละเอียด แล้วกรองเอาแต่น้ำให้ได้ 300 กรัม  ",แคลกลาง,โปรตีนน้อย,ไขมันกลาง,คาร์บกลาง,"น้ำมะพร้าวอ่อน, ผงวุ้น, น้ำตาลทรายขาว, เกลือป่น, หัวกะทิ,  น้ำเปล่า, ผงวุ้น, น้ำตาลทราย, เกลือป่น, ใบเตย",ทำขนมรสชาติอร่อยๆ กินง่ายๆ  ทำจากใบเตย นิ่มๆ เด้งๆ ,มีวุ้นกะทิ ใบเตย มะพร้าว  เกบบือ นม กะทิ นมข้นหวาน อยากทำของหวานเย็น ๆ หอม ๆ แบบไทย ๆ,ในครัวมีวุ้น ใบเตย มะพร้าว ทำเมนูที่กินง่ายๆ เย็นๆ ชื่นใจ 
เต้าหู้งาดำฟรุ๊ตสลัด,"- น้ำเต้าหู้ผสมงาดำ โทฟุซัง 3 ขวด (960 มิลลิลิตร)- ผงวุ้น 2 ช้อนชา
- น้ำตาลทราย 1/2 ถ้วย- น้ำเปล่า 125 มิลลิลิตร- ใบเตยล้างสะอาด มัดเป็นปม 2 ใบ- แคนตาลูปสีส้ม หั่นชิ้นเล็ก 1/2 ถ้วย- แก้วมังกรสีขาว หั่นชิ้นเล็ก 1/2 ถ้วย- สับปะรด หั่นชิ้นเล็ก 1/2 ถ้วย- องุ่นแดงไร้เมล็ด 1/2 ถ้วย- องุ่นเขียวไร้เมล็ด 1/2 ถ้วย
** สามารถใช้ผลไม้อย่างอื่นแทนผลไม้ในสูตรได้ เช่น มะละกอห่าม ฝรั่ง ลำไย ลิ้นจี่ ลูกตาล   ขนุน สตรอเบอรี่ สาลี่ ฯ",แคลกลาง,โปรตีนน้อย,ไขมันน้อย,คาร์บสูง,"น้ำเต้าหู้ผสมงาดำ, ผงวุ้น, น้ำตาลทราย, น้ำเปล่า, ใบเตย, แคนตาลูป, แก้วมังกรสีขาว, สับปะรด, องุ่นแดง, องุ่นเขียว",มีน้ำเต้าหู้ ผงวุ้น น้ำกะทิ น้ำลอยดอกมะลิ อยากทำขนมหวาน,อยากทำวุ้นน้ำเต้าหู้งาดำใส่ผลไม้รวมแบบคลีน ๆ หน่อย,มีน้ำเต้าหู้งาดำ ผงวุ้น ใบเตย กับผลไม้สดหลายอย่าง อยากทำของหวานเย็น ๆ กินแล้วสดชื่น
บัวลอยแก้วฟักทอง-มันม่วง,"- แป้งมัน 220 กรัม (แบ่งเป็น 2 ส่วน) - ฟักทองปอกเปลือก หั่นชิ้นเล็ก 120 กรัม (ใช้ฟักทองทั้งเปลือก+ไส้ ประมาณ 200- 220 กรัม) - มันม่วงปอกเปลือก หั่นชิ้นเล็ก 120 กรัม  (ใช้มันม่วงทั้งเปลือกเม็ด ประมาณ 140-150 กรัม) - น้ำร้อนจัด สำหรับนวดแป้งฟักทอง 80 กรัม- น้ำร้อนจัด สำหรับนวดแป้งมันม่วง 70 กรัม
- กะทิ 800 กรัม- น้ำตาลทรายขาว 270 กรัม- เกลือสมุทรป่น 1 ช้อนชา- ใบเตยล้างสะอาด มัดรวมกัน 4 ใบ- มะพร้าวอ่อนหั่นชิ้นพอคำ 200 กรัม- งาขาวคั่ว บุบพอแตกนิด ๆ 1/4 ถ้วย หรือตามชอบ",แคลมาก,โปรตีนน้อย,ไขมันกลาง,คาร์บสูง,"แป้งมัน, ฟักทอง,  มันม่วง, น้ำร้อน, กะทิ, น้ำตาลทรายขาว, เกลือ, ใบเตย, มะพร้าวอ่อน, งาขาว",มีแป้งมัน แป้งข้าวเหนียวเหลือเยอะมาก อยากเอามาทำขนมแบบเด้งๆ ยืดๆ ,อยากทำขนมฟักทองกับมันม่วงแบบใส่กะทิ เนื้อนุ่ม ๆ โรยงาขาว,ในครัวมีวัตถุดิบ ฟักทอง มันม่วง กะทิ ทำอะไรกินดี
ขนมบ้าบิ่นหน้ากรอบ,"มะพร้าวทึนทึกขูดขาว  หรือขูดเป็นเส้นละเอียด 500 กรัมแป้งข้าวเหนียว (ร่อน)   110 กรัมแป้งข้าวเจ้า (ร่อน) 35 กรัมน้ำตาลทรายขาว 440 กรัมไข่เป็ดฟองเล็ก 1 ฟองน้ำลอยดอกมะลิ 85 กรัม
*** ถ้าไม่มีมะพร้าวทึนทึก ใช้เป็นมะพร้าวแก่ขูดขาวก็ได้ แต่ว่ารสสัมผัสของขนมในส่วนของมะพร้าวก็จะแข็งกว่าใช้ทึนทึกนะคะ",แคลน้อย,โปรตีนน้อย,ไขมันน้อย,คาร์บน้อย,"มะพร้าว, แป้งข้าวเหนียว, แป้งข้าวเจ้า, น้ำตาลทรายขาว, ไข่เป็ด, น้ำลอยดอกมะลิ",มี มะพร้าว แป้งต่างๆ  น้ำตาล อยากทำขนม,อยากกินของหวานจากแป้งข้าวเหนียว มะพร้าว ไข่เป็ด น้ำลอยดอกมะลิ ,ที่บ้านมีมะพร้าว ไข่เป็ด แป้งข้าวเจ้า แป้งข้าวเหนียว อยากของกินเล่น
ถั่วกวน สูตรโบราณ,"- ถั่วเขียวเราะเปลือก 300 กรัม- มะพร้าวทึนทึกขูดฝอย 100 กรัม- กะทิ 800 กรัม- น้ำตาลทรายขาว 300 กรัม- เกลือ 3/4 ช้อนชา 
- ใบเตยล้างสะอาด 3-4 ใบ  - เทียนอบ    - ทองเปลวแบบกินได้  
** สูตรนี้ ทำได้ประมาณ 50 ชิ้น  ชิ้นละ 23-25 กรัม 
** สูตรนี้ไม่หวานมาก แต่ถ้าชอบหวานน้อย ให้ลดน้ำตาลลงเหลือ 250 กรัม หรือถ้าใครชอบหวานมากกว่านี้ ก็เพิ่มน้ำตาลได้ค่ะ 
 ** ถ้าไม่ชอบกลิ่นเทียนอบ จะไม่ใช่เทียนอบก็ได้นะคะ หรือถ้าชอบกลิ่นเทียนอบ แต่ไม่มีเทียนอบ จะใช้เป็นกะทิอบควันเทียนก็ได้อยู่ค่ะ",แคลกลาง,โปรตีนน้อย,ไขมันน้อย,คาร์บสูง,"ถั่วเขียว,  มะพร้าว, กะทิ, น้ำตาลทรายขาว,  เกลือ, ใบเตย",มีถั่วเขียว กะทิ ไข่ หมู น้ำตาล กะทิ ,ในครัวมีถั่วเขียว น้ำตาล กะทิ ใบเตย จะทำขนมไทยอะไรดีที่ง่ายและอร่อย,ถั่วเขียว นำ้ตาล น้ำ ทำอะไรกินได้บ้าง
ลูกตาลในน้ำเชื่อมคาราเมล,"ลูกตาลอ่อน 1500 กรัมน้ำตาลทรายขาว 400 กรัมน้ำตาลทรายไม่ขัดสี 150 กรัมน้ำเปล่าส่วนแรก 500 กรัมน้ำเปล่าส่วนที่สอง 1200 กรัมใบเตยแก่ ๆ ล้างสะอาด มัดปม 4 ใบ
** สูตรนี้ได้ประมาณ 13 ถ้วยแบบในภาพ  ถ้าใครอยากทำน้อยกว่านี้ ก็ลดปริมาณส่วนผสมลงค่ะ",แคลน้อย,โปรตีนน้อย,ไขมันน้อย,คาร์บน้อย,"ลูกตาลอ่อน, น้ำตาลทรายขาว, น้ำตาลทรายไม่ขัดสี, น้ำเปล่า",อยากกินลูกตาล แต่เอามาทำเมนูใหม่ๆ ,อยากทำลูกตาลลอยแก้วใส่น้ำเชื่อมหอมหวานไม่ข้นมาก,ลูกตาลทำขนมอะไรได้บ้าง รสชาติดีๆกินง่าย
ทองม้วนสดใบเตย-อัญชัน,"- แป้งมัน 150 กรัม- แป้งข้าวเจ้า 25 กรัม - แป้งสาลีอเนกประสงค์ 25 กรัม- เกลือป่น 1/2 ช้อนชา- น้ำตาลมะพร้าว 120 กรัม- น้ำตาลทราย 60 กรัม- ไข่ไก่ 1 ฟอง (เบอร์ 2)- หัวกะทิ 380 กรัม- น้ำใบเตยเข้มๆ  15 กรัม- น้ำอัญชันเข้ม ๆ 15 กรัม- งาดำคั่ว 2 ช้อนโต๊ะ - มะพร้าวอ่อนหั่นเส้น 200 กรัม
- น้ำมันมะพร้าวเล็กน้อย  สำหรับทากระทะ  ถ้าไม่มีก็ไม่ต้องใช้ค่ะ 
*** ตามสูตรด้านบน ได้ขนมประมาณ 35-40 ชิ้น ขึ้นกับขนาดและความหนาบาง 
*** ใครที่อยากกินทองม้วนสดที่ให้ความรู้สึกคล้ายกินขนมรวมมิตรน้ำกะทิ  ให้เพิ่มขนุนหั่นเส้นบาง ๆ กับเมล็ดข้าวโพดต้มสุกลงไป แล้วลดมะพร้าวอ่อนลงสักนิดนึง ก็จะได้ทองม้วนสดฟิลขนมรวมมิตรน้ำกะทินะคะ",แคลมาก,โปรตีนกลาง,ไขมันสูง,คาร์บสูง,"แป้งมัน, แป้งข้าวเจ้า, แป้งสาลีอเนกประสงค์, เกลือ, น้ำตาลมะพร้าว, น้ำตาลทราย,  ไข่ไก่, หัวกะทิ, น้ำใบเตย, น้ำอัญชัน, งาดำ,  มะพร้าวอ่อน",ทำขนมที่มีความเป็นไทบ หอมกลิ่นใบเตย มีเนื้อมะพร้าว,ในครัวมีแป้งหลายชนิด น้ำตาลมะพร้าว น้ำตาลทราย ไข่กะทิ น้ำใบเตย น้ำอัญชัน ทำอะไรกินได้บ้างงง,อยากทำขนมที่ หวานมันกลมกล่อม มีแป้ง น้ำตาลมะำร้าว น้ำลอยดอกมะลิ อัญชัน
ขนมฟักทองฟู,"

:: ส่วนผสม “แป้งเชื้อ” ::
- แป้งเค้ก (ไม่ต้องร่อน)  25 กรัม - กะทิ 50 กรัม- ยีสต์  (Instant Dry Yeast) 5 กรัม
:: ส่วนผสม ""ตัวขนม” ::
- ฟักทอง (ดิบ) ปอกเปลือก หั่นชิ้นเล็ก 150 กรัม- กะทิ 150 กรัม- เกลือป่น 1/2 ช้อนชา- แป้งเค้ก 200 กรัม- ผงฟู 1/2 ช้อนชา- ไข่ไก่ (เบอร์ 1) 1 ฟอง- น้ำตาลทรายขาว 210 กรัม
** ถ้าไม่ใช่ฟักทอง จะใช้เป็นมันม่วง เผือก มันแครอท ก็ได้นะคะ ",แคลกลาง,โปรตีนน้อย,ไขมันน้อย,คาร์บสูง,"แป้งเค้ก, กะทิ,  ฟักทอง,  กะทิ, เกลือ, แป้งเค้ก, ผงฟู, ไข่ไก่, น้ำตาลทรายขาว",ขนมนิ่มๆ ฟูๆ รสชาติไทยๆ ทำมาจากฟักทอง กะทิ แป้งเค้ก, ฟักทอง กะทิ แป้งเค้ก ไข่ไก่ น้ำตาล จากวัตถุดิบที่มี ทำอะไรกิน,อยากทำขนมอบ มาจาก แป้ง ข้าวโพด ฟักทอง
วอฟเฟิลขนมกล้วย,"- กล้วยน้ำว้าสุกงอม 500 กรัม- แป้งข้าวเจ้า 100 กรัม- แป้งมัน 60 กรัม- แป้งท้าว 10 กรัม (ถ้าไม่มี ใส่แป้งมันแทน) - น้ำตาลมะพร้าว 150 กรัม  (เลือกแบบนิ่ม ๆ ขยำให้ละลายได้ง่าย) - เกลือสมุทรป่น 1/2 ช้อนโต๊ะ - หัวกะทิข้น ๆ 300 กรัม- มะพร้าวอ่อนหั่นเป็นเส้น 250 กรัม- น้ำใบเตยคั้นข้น ๆ  1 ช้อนโต๊ะ (ใส่หรือไม่ใส่ก็ได้) 
- น้ำมันมะพร้าวสำหรับทาพิมพ์ 1/4 ถ้วย
** สูตรนี้เป็นสูตรที่ใส่แป้งน้อย น้ำตาลน้อย  แต่ใส่กล้วยเยอะ   เพราะนั้นตัวขนมจะออกมานุ่ม หวานไม่มาก ไม่เค็ม ใครกินแล้วรู้สึกว่ายังไม่ใช่   ก็เพิ่มแป้งน้ำตาลได้ตามที่ชอบเลยนะคะ",แคลกลาง,โปรตีนน้อย,ไขมันน้อย,คาร์บกลาง,"กล้วย, แป้งข้าวเจ้า, แป้งมัน, แป้งท้าว,  น้ำตาลมะพร้าว, เกลือ,  หัวกะทิ, มะพร้าวอ่อน, น้ำใบเตย",มีกล้วยเต็มตู้เย็นเลย ทำเมนูอะไรได้บ้าง,อยากกินขนมที่ทำมาจากกล้วย,แป้ง กล้วย น้ำตาล เกลือ ทำอะไรได้บ้าง ขนมอร่อยๆ
ข้าวแต๋นน้ำแตงโม (โรยน้ำตาล),":: ส่วนผสม ""ข้าวแต๋น"" ::
- ข้าวเหนียวดิบ 2 ถ้วยตวง- น้ำแตงโมล้วนๆ 2/3 ถ้วยตวง- น้ำตาลทรายไม่ขัดสี หรือน้ำตาลอ้อยธรรมชาติ 1 ช้อนโต๊ะ- เกลือสมุทรป่น 1 ช้อนชา 
:: ส่วนผสม “น้ำตาลเคี่ยว” ::
- น้ำตาลอ้อยธรรมชาติ  1 + ½ ถ้วย- น้ำตาลปี๊บ 1 + ½ ถ้วย- น้ำเปล่า 3 ช้อนโต๊ะ
***  ถ้าไม่มีน้ำตาลอ้อย ใช้น้ำตาลปี๊บแทนได้เลย ในอัตราส่วนเดียวกัน แล้วเพิ่มน้ำเปล่าไปอีกเท่านึงนะคะ ",แคลกลาง,โปรตีนน้อย,ไขมันน้อย,คาร์บสูง,"ข้าวเหนียวดิบ,  น้ำแตงโม, น้ำตาลทรายไม่ขัดสี, เกลือ, น้ำตาลอ้อย,  น้ำตาลปี๊บ, น้ำเปล่า ",มี ข้าวเหนียวดิบ น้ำแตงโม น้ำตาลทราย  ทำอะไรกินได้บ้าง,อยากกินขนมหวาน ทำจากแตงโม น้ำจาล, มีอะไรกรอบๆ ที่ทำมาจากข้าวเป็นขนม
ข้าวต้มน้ำวุ้น,"- ข้าวเหนียว 500 กรัม- น้ำใบเตยคั้นข้น ๆ  1/4 ถ้วย
- ใบตองกว้าง 4 ซม. ยาวประมาณ 25  ซม. 75 - 80 ชิ้น- ไม้กลัด 75 - 80 ชิ้น
- น้ำตาลทราย 500 กรัม- น้ำเปล่า หรือน้ำลอยดอกมะลิ  400 กรัม- ใบเตยล้างสะอาด มัดรวมกัน 3 ใบ   (ถ้าใช้น้ำลอยดอกมะลิก็ไม่ต้องใช้ใบเตย) - ขนุนหวานๆ 200 กรัม
** สูตรนี้ได้ตัวข้าวต้มประมาณ 75 - 80 ตัว 
** สัดส่วนน้ำคั้นจากใบเตยที่พิมใช้คือ ใบเตย 40 กรัม น้ำเปล่า 100 กรัม ปั่นรวมกันให้ละเอียด แล้วกรองด้วยผ้าขาวบางทบ 2-3 ชั้น เก็บไว้แต่น้ำใบเตยค่ะ",แคลกลาง,โปรตีนน้อย,ไขมันน้อย,คาร์บสูง,"ข้าวเหนียว, น้ำใบเตย, ใบตอง, น้ำตาลทราย, น้ำเปล่า, ใบเตย",มี ข้าวเหนียว ใบเตย  น้ำตาลทราย อยากทำขนมหวาน พิชิตใจแฟนเก่า,มีข้าว น้ำตาล ใบเตย ทำอะไรกินได้บ้าง,ใบตอง ใบเตย ข้าวเหนียว แป้งมัน ทำอะไรกินได้บ้าง
หม้อแกงไข่ไก่,"- ไข่ไก่เบทาโกร 10 ฟอง- น้ำตาลมะพร้าว 320 กรัม- หัวกะทิ 350 กรัม- แป้งสาลีอเนกประสงค์ 50 กรัม- น้ำมันหอมเจียว 30 กรัม- เกลือป่น 1/16 ช้อนชา- ใบเตย 3 ใบ ตัดเป็นท่อนยาวประมาณ 1 คืบ
- หอมแดงซอย 50 กรัม- น้ำมันสำหรับเจียวหอมแดง 1/2 ถ้วย",แคลมาก,โปรตีนน้อย,ไขมันกลาง,คาร์บสูง,"ไข่ไก่, น้ำตาลมะพร้าว, หัวกะทิ, แป้งสาลีอเนกประสงค์, น้ำมันหอมเจียว, เกลือป่น,  ใบเตย, หอมแดง, น้ำมัน",มี ไข่ไก่ กะทิ น้ำลอยดอกมะลิ แป้ง หอมใหญ่ แครอท ผัก ทำขนมอะไรได้บ้า,มีไข่ไก่ น้ำตาลมะพร้าว ทำอะไรกินดี ,ขนมหม้อแกง อร่อย เด็ด โยนมาสักสูตรสิ
ขนมขี้หนู (ขนมทราย),"- แป้งข้าวเจ้า 400 กรัม (แป้งเก่า) - กะทิข้นปานกลาง อบควันเทียน 260 กรัม- น้ำลอยดอกมะลิ 300 กรัม (หรือน้ำเปล่า + หยดกลิ่นมะลิ) - น้ำตาลทรายขาว 330 กรัม- น้ำอัญชัน 25 กรัม- น้ำใบเตย 25 กรัม- สีผสมอาหารตามที่ชอบ 2-3 หยด (พิมใช้สีม่วง) 
- มะพร้าวทึนทึกขูดเส้น 150 กรัม- เกลือสมุทรป่น 1/3 ช้อนชา
- เทียนอบ  (ถ้าไม่ใช้กะทิอบควันเทียน ให้ใช้กะทิ + เทียนอบ) 
** ได้ประมาณ 18 ถุงตามในภาพด้านบน",แคลมาก,โปรตีนน้อย,ไขมันกลาง,คาร์บสูง,"แป้งข้าวเจ้า,  กะทิ, น้ำลอยดอกมะลิ, น้ำตาลทรายขาว, น้ำอัญชัน, น้ำใบเตย,  สีผสมอาหาร, มะพร้าว, เกลือ",แป้งข้าวเหนียว ไข่ไก่ กะทิ น้ำตาลทราย แนะนำเมนูขนมหวานหน่อย,อยากกินขนมจากแป้งข้าวเหนียว หนึบๆ สีชมพู ใส่ถั่ว,"แป้งข้าวเจ้า,  กะทิ, น้ำลอยดอกมะลิ, น้ำตาลทรายขาว, น้ำอัญชัน"
กะลอจี๊,"- แป้งข้าวเหนียว  300 กรัม  (แบ่งเป็น 2 ส่วน ๆ ละ 150 กรัม สำหรับสีชมพู และสีขาว) - แป้งมัน 20 กรัม (แบ่งเป็น 2 ส่วน ๆ ละ 10 กรัม) - น้ำเปล่า 260 มิลิลิตร (แบ่งเป็น 2 ส่วน ๆ ละ 130 มิลลิลิตร) - สีผสมอาหารสีชมพู 
- ถั่วลิสงคั่ว เอาเปลือกออก 90 กรัม- งาขาว (ดิบ)  40 กรัม- งาดำ  (ดิบ)  30 กรัม- น้ำตาลทราย 210 กรัม- เกลือป่น 1/2 ช้อนชา
*** ถ้าใครทำสีเดียว ก็ลดส่วนผสมทั้งหมดลง ใช้แค่อย่างละครึ่ง",แคลกลาง,โปรตีนน้อย,ไขมันน้อย,คาร์บสูง,"แป้งข้าวเหนียว, แป้งมัน, น้ำเปล่า, สีผสมอาหารสีชมพู, ถั่วลิสงคั่ว, งาขาว, งาดำ, น้ำตาลทราย, เกลือ",ขนมโปรดจจ,อยากกินขนมที่นึกถึงวันวาน แป้งข้าวเหนียวทอด  คลุก งา น้ำตาล,อยากกินอะไรหนึบๆ กรอบนอกนุ่มใน รสชาติดี หวาน กินง่าย ทำมาจากแป้งข้าวเหนียว
ข้าวเหนียวมูนกลอย,"- ข้าวเหนียวเขี้ยวงู 250 กรัม- กลอยสด 250 กรัม- หัวกะทิ 325 กรัม - น้ำตาลทรายขาว 200 กรัม- เกลือสมุทรป่น 10 กรัม- มะพร้าวทึนทึกขูดเป็นเส้น 150 กรัม
- น้ำตาลทราย 150 กรัม- งาขาว 75 กรัม
- กะทิ 350 กรัม- แป้งข้าวเจ้า 10 กรัม- เกลือสมุทรป่น 4 กรัม
*** ส่วนผสมตามสูตร ทำเสร็จแล้วจะได้ข้าวเหนียวมูนกลอย ประมาณ 9 กล่องแบบในภาพ",แคลมาก,โปรตีนกลาง,ไขมันกลาง,คาร์บสูง,"ข้าวเหนียว,  กลอยสด,  หัวกะทิ, น้ำตาลทรายขาว, เกลือ, มะพร้าว, น้ำตาลทราย,  งาขาว, กะทิ, แป้งข้าวเจ้า, เกลือ",มีข้าวเหนียว กลอยสด หัวกะทิ น้ำตาล มะพร้าว งาขาว อยากทำขนมไทยหวานมันแบบดั้งเดิมได้ไหม,ในครัวมีกลอยสด ข้าวเหนียว หัวกะทิ น้ำตาลทรายขาว มะพร้าว จะทำขนมหวานแบบไทย ๆ อะไรได้บ้าง,มีข้าวเหนียว กลอยสด กะทิ น้ำตาลทราย มะพร้าว แป้งข้าวเจ้า อยากทำขนมหวานพื้นบ้านนุ่ม ๆ หอมมัน คาร์บสูงงงงง
สาคูบัวลอยกะทิสด,"

:: ส่วนผสม “น้ำเชื่อม” ::
- น้ำตาลทรายขาว 1 + 1/2 ถ้วย- น้ำเปล่า 1 ถ้วย- ใบเตยล้างสะอาดมัดรวมกัน 3 ใบ 
:: ส่วนผสม “สาคูสีเขียว” ::
- สาคูเม็ดเล็กสีขาว 1/2 ถ้วยตวง- น้ำเดือดจัด 1/4 ถ้วยตวง - น้ำใบเตยคั้น 3 ช้อนโต๊ะ 
:: ส่วนผสม “สาคูฟ้า-น้ำเงิน” ::
- สาคูเม็ดเล็กสีขาว 1/2 ถ้วยตวง- น้ำเดือดจัด 1/4 ถ้วยตวง - น้ำอัญชัน 3 ช้อนโต๊ะ 
- กะทิอบควันเทียน 4 ถ้วย- มันเทศเชื่อม 1/2 ถ้วย- มะพร้าวอ่อน หั่นเส้น 1/2 ถ้วย- ขนุนฉีก 1/2 ถ้วย- ข้าวโพดต้มสุก 1/2 ถ้วย ",แคลมาก,โปรตีนน้อย,ไขมันกลาง,คาร์บสูง,"น้ำตาลทรายขาว, น้ำเปล่า, ใบเตย, สาคูเม็ดเล็กสีขาว, น้ำเดือด, น้ำใบเตย, น้ำเดือดจัด, น้ำอัญชัน, กะทิอบควันเทียน, มันเทศ, มะพร้าวอ่อน, ขนุนฉีก, ข้าวโพด",มีสาคูเม็ดเล็ก น้ำใบเตย น้ำอัญชัน กะทิอบควันเทียน น้ำตาล มะพร้าวอ่อน อยากทำเมนูขนมไทย,อยากทำขนมหวานที่ใช้สาคูเยอะๆ เหลือเต็มตุ้เย้นเลย,ในครัวมีมันเทศ มะพร้าวอ่อน สาคู น้ำใบเตย น้ำอัญชัน น้ำตาล กะทิ ทำขนมที่หอมหวาน
ขนมจากมะพร้าวอ่อน,"- แป้งข้าวเหนียวขาว 150 กรัม- แป้งข้าวเหนียวดำ 100 กรัม- มะพร้าวทึนทึกขูดเป็นเส้น 100 กรัม- มะพร้าวอ่อนหั่นเส้น 50 กรัม- หัวกะทิ 120 กรัม- น้ำมะพร้าวอ่อน 120 กรัม- น้ำตาลมะพร้าว 70 กรัม- น้ำตาลทรายขาว 50 กรัม- เกลือสมุทรป่น 1/2 ช้อนชา
- ใบจาก 40 - 45 ใบ- ไม้กลัด 60 - 70 อัน 
*** ตามสูตรด้านบน ทำได้ประมาณ 20 อันแบบในภาพ",แคลกลาง,โปรตีนน้อย,ไขมันน้อย,คาร์บสูง,"แป้งข้าวเหนียว, แป้งข้าวเหนียวดำ, มะพร้าว,  มะพร้าวอ่อน, หัวกะทิ, น้ำมะพร้าวอ่อน, น้ำตาลมะพร้าว, น้ำตาลทรายขาว, เกลือ",มีแป้งข้าวเหนียว แป้งข้าวเหนียวดำ มะพร้าว หัวกะทิ น้ำตาลมะพร้าว แนะนำเมนูขนมหวาน,ในครัวมีแป้งข้าวเหนียว มะพร้าวอ่อน น้ำตาลทราย เกลือ หัวกะทิ อยากทำขนมไทยนุ่ม ๆ หวานมันเค็มกำลังดี,มีแป้งข้าวเหนียว มะพร้าว น้ำมะพร้าวอ่อน หัวกะทิ น้ำตาล เกลือ
วุ้นสังขยาใบเตย,"
 :: ส่วนผสมและเครื่องปรุง ""วุ้นใบเตย"" ::
- ใบเตยหั่น 15 กรัม  - น้ำเปล่า  600 มิลลิลิตร- น้ำตาลทรายขาว 170 กรัม- วุ้นผง 1 ช้อนโต๊ะ 
 :: ส่วนผสมและเครื่องปรุง ""วุ้นสังขยา"" ::
- กะทิ 250 มิลลิลิตร- ไข่ไก่ 3 ฟอง (เบอร์ 2) - น้ำตาลมะพร้าว 200 กรัม- ใบเตย ล้างสะอาด หั่นท่อนสั้น 5 ใบ
- น้ำเปล่า 250 มิลลิลิตร- วุ้นผง 1 ช้อนโต๊ะ ",แคลกลาง,โปรตีนน้อย,ไขมันน้อย,คาร์บกลาง,"ใบเตยหั่น, น้ำเปล่า, น้ำตาลทรายขาว, วุ้นผง, กะทิ, ไข่ไก่, น้ำตาลมะพร้าว, ใบเตย,  น้ำเปล่า, วุ้นผง",อยากทำวุ้นใบเตยผสมกะทิแบบนุ่ม ๆ ใช้ไข่ไก่ ใบเตย วุ้นผง น้ำตาลทรายขาว และน้ำตาลมะพร้าว,มีวุ้นผง ใบเตย กะทิ ไข่ไก่ น้ำตาล อยากทำวุ้น หอม อร่อย ,มี ใบเตยทำขนมอะไรได้บ้าง ขอขนมที่แคลน้อยๆ
ข้าวต้มจิ้ม,"- ข้าวเหนียวเขี้ยวงู (ดิบ) 1000 กรัม- กล้วยน้ำว้าสุก แต่ไม่งอม 13  ลูก- น้ำคั้นจากใบเตย 700 กรัม
- มะพร้าวทึนทึก 1 ลูก  หรือมะพร้าวทึนทึกขูดเป็นเส้น 200 กรัม - เกลือสมุทรป่น 1/3 ช้อนชา
- งาขาว 100 กรัม- น้ำตาล 300 กรัม
- ใบตองขนาดกว้าง 8 นิ้ว  และกว้าง 10 นิ้ว อย่างละ 13 แผ่น - ตอก 26 เส้น  (ถ้าไม่มีตอก ใช้เชือกยาว 30 ซม. แทน) 
** ข้าวต้มจิ้มสูตรของที่บ้านพิมไม่ใส่ถั่วดำต้มสุก  แต่ถ้าใครจะใส่ก็ได้นะคะ  
** สูตรนี้ พิมทำได้ประมาณ 13 มัด  แต่บางคนอาจจะทำได้มากหรือน้อยกว่าพิม ขึ้นกับว่าทำมัดเล็กมัดใหญ่  แต่ถ้าใครกลัวว่าทำตามสูตรแล้วมันจะเยอะไป  สามารถลดทอนส่วนผสมใช้แค่อย่างละครึ่งก็ได้  ก็จะได้ข้าวต้มประมาณ 6-7 มัดค่ะ
** น้ำคั้นใบเตย 700 กรัม พิมใช้ใบเตยหั่นหยาบ 100 กรัม ปั่นรวมกับน้ำ 700 กรัมจนใบเตยละเอียด แล้วกรองเอาไว้แต่น้ำใบเตยนะคะ",แคลกลาง,โปรตีนน้อย,ไขมันน้อย,คาร์บสูง,"ข้าวเหนียวเขี้ยวงู, กล้วยน้ำว้าสุก, น้ำคั้นจากใบเตย, มะพร้าว,  เกลือ, งาขาว, น้ำตาล, ใบตอง",อยากเอาข้าวเหนียวมาทำขนมหวาน ข้าวเหนียวใกล้บูดแล้ว,มีีข้าวเหนียว กล้วย ผงวุ้น ทำขนมอะไรดี,อยากเอาข้าวเหนียว กล้วย ใบเตย มาทำขนมหวาน ทำอะไรดี 
วุ้นกะทิฟักทอง มันม่วง,"
:: ส่วนผสมและเครื่องปรุง ""วุ้นกะทิมันม่วง"" ::
- มันม่วง 200 กรัม  (ชั่งน้ำหนักทั้งหัว)- หัวกะทิ 250 มิลลิลิตร- น้ำเปล่า 250 มิลิลิตร- ผงวุ้น 1 ช้อนโต๊ะ - น้ำตาลทราย 120 กรัม- เกลือป่น 1/4 ช้อนชา
:: ส่วนผสมและเครื่องปรุง ""วุ้นกะทิฟักทอง"" ::
- ฟักทอง 250 กรัม  (ชั่งน้ำหนักทั้งเปลือก ไม่เอาไส้)- หัวกะทิ 250 มิลลิลิตร- น้ำเปล่า 250 มิลิลิตร- ผงวุ้น 1 ช้อนโต๊ะ - น้ำตาลทราย 120 กรัม- เกลือป่น 1/4 ช้อนชา
",แคลกลาง,โปรตีนน้อย,ไขมันน้อย,คาร์บกลาง,"มันม่วง, หัวกะทิ, น้ำเปล่า, ผงวุ้น,  น้ำตาลทราย, เกลือป่น, ฟักทอง, หัวกะทิ, น้ำเปล่า, ผงวุ้น,  น้ำตาลทราย, เกลือ",มีมันม่วง กะทิ ผงวุ้นเหลือจากทำวุ้นสังขยา ใยเตย ทำเมนุอะไรได้บ้าง,"ที่บ้านมี มันม่วง, หัวกะทิ, น้ำเปล่า, ผงวุ้น,  น้ำตาลทราย, ฟักทอง ",อยากกินข้นมจากมันม่วง
ขนมกล้วยจี่,"- กล้วยน้ำว้าแบบสุกงอม ปอกเปลือก หั่นชิ้นเล็ก 500 กรัม- แป้งข้าวเจ้า 100 กรัม- แป้งข้าวเหนียว 100  ปรัม- แป้งมัน 50 กรัม- น้ำตาลทรายไม่ขัดสี  180 - 200 กรัม - เกลือสมุทรป่น 1 + 1/2 ช้อนชา- หัวกะทิ 170  กรัม- มะพร้าวทึนทึกขูดเส้น 330 กรัม
** ปริมาณน้ำตาลที่ใส่ในขนมชนิดนี้ ขึ้นกับความหวานของกล้วยด้วย ตอนแรกใส่ไป 180 กรัมก่อน แล้วพอผสมเสร็จ ทดลองปิ้งชนิดชิ้นนึง ถ้าไม่หวานค่อยเติมน้ำตาลที่เหลือลงไปนะคะ ",แคลกลาง,โปรตีนน้อย,ไขมันน้อย,คาร์บสูง,"กล้วย, แป้งข้าวเจ้า, แป้งข้าวเหนียว, แป้งมัน, น้ำตาลทราย, เกลือ, หัวกะทิ, มะพร้าว",มี กล้วย แป้ง น้ำตาล ไข่ เกลือ ,ทำขนมจากกล้วย ขอให้แบบใช้กล้วยเยอะไ หวานน้อย ไขมันน้อย,มีแป้งข้าวเหนียว กล้วย กะทิ ทำขนมอะไรดี กินสนุกๆ เนื้อ หนึบหนับ
ขนมผกากรอง,":: ส่วนผสม “แป้งขนม” ::
- แป้งเค้ก 210 กรัม- หัวกะทิอบควันเทียน  250 มิลลิลิตร- น้ำตาลทรายขาว มิตรผล 60 กรัม
:: ส่วนผสม “ไส้ขนม” ::
- ถั่วเขียวเลาะเปลือก (ถั่วทอง)  100   กรัม- หัวกะทิ 280 มิลลิลิตร- น้ำตาลอ้อยธรรมชาติ มิตรผล 125 กรัม- เกลือป่น ¼ ช้อนชา ",แคลกลาง,โปรตีนน้อย,ไขมันน้อย,คาร์บสูง,"แป้งเค้ก, หัวกะทิ, น้ำตาลทรายขาว, ถั่วเขียวเลาะเปลือก, หัวกะทิ, น้ำตาลอ้อยธรรมชาติ, เกลือ",ในครัวมีแป้งเค้ก ถั่วเขียวเลาะเปลือก หัวกะทิ น้ำตาล เกลือ อยากได้เมนูขนม ทำสนุก,มีแป้งเค้ก หัวกะทิ ถั่วเขียว น้ำตาลอ้อย เกลือ ทำชนมไทย ,มีถั่วเขียว แป้งเค้ก หัวกะทิ ทำขนมอะไรได้บ้าง
ขนมต้มอัญชัน,":: ส่วนผสมและเครื่องปรุง ""ไส้ขนม"" :: 
- มะพร้าวทึนทึกขูดเส้น 420 กรัม- น้ำตาลมะพร้าว 250 กรัม- น้ำลอยดอกมะลิ หรือน้ำมะพร้าวอ่อน หรือน้ำเปล่า 30 กรัม
*** ไส้ขนม 1 สูตร ถ้าปั้นลูกละ 7 - 9 กรัม จะได้ประมาณ 30 - 35 ลูก   

:: ส่วนผสมและเครื่องปรุง ""แป้งขนม+อื่นๆ"" :: 
- แป้งข้าวเหนียว 225 กรัม- น้ำคั้นจากดอกอัญชัน (ใช้นวดแป้ง) 200 -250 กรัม 
- มะพร้าวทึนทึกขูด 150 กรัม- เกลือสมุทรป่น 1/3 ช้อนชา  
*** ปริมาณน้ำที่ใช้นวดแป้ง ปกติพิมใช้ประมาณ 200 กรัม แต่บางทีก็ใช้มากกว่า/น้อยกว่านิดหน่อย ขึ้นกับความใหม่เก่าของแป้ง และความชื้นที่มีอยู่ในแป้งนะคะ 
*** ถ้าไม่ใช่น้ำอัญชัน จะใช้เป็นน้ำใบเตย (ได้ขนมต้มสีเขียว)  น้ำมะพร้าวอ่อน/น้ำกะทิ (ได้ขนมต้มสีขาว)   น้ำผสมขมิ้น (ได้ขนมต้มสีเหลือง)  น้ำผสมน้ำหวานเฮลบลูบอยด์ (ได้ขนมต้มสีชมพู)   หรือน้ำต้มแก่นฝาง (ได้ขนมต้มสีแดง",แคลมาก,โปรตีนน้อย,ไขมันกลาง,คาร์บกลาง,"มะพร้าว, น้ำตาลมะพร้าว, น้ำลอยดอกมะลิ, แป้งข้าวเหนียว, น้ำคั้นจากดอกอัญชัน, มะพร้าว,  เกลือ",มี มะพร้าว แป้ง อัญชัน ไก่ หมู ผักชี สามเหลอ อยากทำเมนูขนมหวานอ่ะ ,ที่บ้านมีอัญชันเยอะมาก พอดีเพิ่งออกดอก อยากเอามาทำขนม รสชาติไทยๆ ประทับใจผัว,ดอกอัญชัน แป้งข้าวเหนีบว ใบเตย กะทิ น้ำลอยดอกมะลิ เกลือ มะพร้าวอ่อน ทำขนมอะไรได้  รสชาติหอมหวาน มัน
กล้วยน้ำว้าเชื่อม (หม้อหุงข้าว),"- กล้วยน้ำว้าเปลือกสีเหลืองอมเขียวเล็กน้อย 1 หวี  ขนาดประมาณในภาพด้านล่าง- น้ำตาลมะพร้าว  250 กรัม- น้ำตาลทรายไม่ขัดสี  230 กรัม- น้ำเปล่า 4 + 1/2 ถ้วย- น้ำมะนาว 1 ช้อนโต๊ะ - ใบเตย 3 ใบ ล้างสะอาด มัดรวมกัน
- น้ำปูนใส สำหรับแช่กล้วย 1.5 ลิตร
- หัวกะทิ 350 มิลลิลิตร- แป้งอเนกประสงค์ 1 ช้อนโต๊ะ - เกลือสมุทรป่น 1 ช้อนชา",แคลกลาง,โปรตีนน้อย,ไขมันน้อย,คาร์บสูง,"กล้วย, น้ำตาลมะพร้าว, น้ำตาลทรายไม่ขัดสี, น้ำเปล่า, น้ำมะนาว, ใบเตย, น้ำปูนใส, หัวกะทิ, แป้งอเนกประสงค์, เกลือ",มีกล้วย น้ำตาลมะพร้าว ใบเตย หัวกะทิ น้ำปูนใส อยากทำขนมไทย ทำง่ายๆ ,มี กล้วย อยากทำขนมไทยง่ายๆ ใช้หม้อหุงข้าว,ในครัวมีกล้วย แป้งอเนกประสงค์ หัวกะทิ น้ำตาลมะพร้าว น้ำมะนาว ใบเตย อยากได้เมนูกล้วยหวาน ๆ หอม ๆ
ขนมดอกโสน,"- ดอกโสนที่รูดเอาก้านออกแล้ว 300 กรัม- แป้งข้าวเจ้า 500 กรัม- หัวกะทิ หรือน้ำลอยดอกมะลิ สำหรับหมักแป้ง 1 + 1/4 ถ้วย  
- น้ำลอยดอกมะลิ สำหรับทำน้ำเชื่อม 1 ถ้วย- เกลือสมุทรป่น 2 ช้อนชา- น้ำตาลมะพร้าว 300 กรัม- มะพร้าวทึนทึกขูด สำหรับโรยหน้าขนม 250 กรัม
*** ดอกโสนทั้งก้าน 500 กรัม (ครึ่งกิโล)  รูดเอาเฉพาะดอก จะได้ดอกประมาณ 450-470 กรัม",แคลมาก,โปรตีนน้อย,ไขมันน้อย,คาร์บสูง," ดอกโสน, แป้งข้าวเจ้า,  น้ำลอยดอกมะลิ, เกลือส, น้ำตาลมะพร้าว,  มะพร้าว",อยากทำขนมนึ่งหรือขนมไทยโบราณที่ใช้แป้งข้าวเจ้า น้ำลอยดอกมะลิ น้ำตาลมะพร้าว และมะพร้าวขูด,มีดอกโสนทำเมนูอะไรกินดี ,ในครัวมีดอกไม้ แป้งข้าวเจ้า น้ำตาลมะพร้าว น้ำลอยดอกมะลิ มะพร้าว อยากได้เมนูขนม
กล้วยไข่บวดชีมะพร้าวอ่อน,- กล้วยไข่สุก แต่ไม่สุกมาก 1 หวี  หรือประมาณ 15 ผล- กะทิ 500 มิลลิลิตร  (หรือกะทิกล่อง 350 มิลลิลิตร + น้ำมะพร้าว 150 มิลลิลิตร) - น้ำตาลทรายขาว  250 กรัม- เกลือสมุทรป่น 1 + 1/4 ช้อนชา - มะพร้าวอ่อน หั่นเป็นเส้น 1 ถ้วย- ใบเตยล้างสะอาดมัดรวมกัน 3 ใบ,แคลน้อย,โปรตีนน้อย,ไขมันน้อย,คาร์บกลาง,"กล้วยไข่สุก, น้ำตาลทรายขาว,  เกลือส,  มะพร้าวอ่อน, ใบเตย",มีกล้วยไข่สุก ใบเตย น้ำตาล มะพร้าวอ่อน แนะนำเมนูขนมหน่อย,มีใบเตย กล้วยไข่ มะพร้าวอ่อน น้ำตาลทราย เกลือ อยากทำเมนูกล้วยหอม ๆ หวานน้อยกินเล่นได้,อยากทำขนมกล้วยนึ่ง หอมกลิ่นใบเตย โรยมะพร้าวอ่อน ใช้กล้วยไข่ น้ำตาล เกลือ
ข้าวเหนียวมูนอัญชันมะม่วง,"
:: ส่วนผสม “ข้าวเหนียวมูนอัญชัน” ::
- ข้าวเหนียวเขี้ยวงู คัดพิเศษ 100% ตราไก่แจ้ 1000 กรัม- น้ำเปล่าสำหรับแช่ข้าวเหนียว 3 ถ้วย- น้ำอัญชันสำหรับแช่ข้าวเหนียว 2 เฉดสี (เข้มกับอ่อน) อย่างละ 3 ถ้วย
- หัวกะทิ 650 กรัม  (จากมะพร้าวขูดขาว 1000 กรัม)- น้ำตาลทรายขาว 400 กรัม  - เกลือสมุทรป่น 20 กรัม - ใบเตย 3 ใบ ล้างสะอาด มัดรวมกัน
- สารส้ม 1 ก้อน สำหรับขัดข้าวเหนียว- มะม่วงสุกตามชอบ  - ถั่วทองทอดตามชอบ
** ถ้าชอบหวานมาก เพิ่มน้ำตาลอีก 100 กรัม

:: ส่วนผสม “กะทิสำหรับราดหน้าข้าวเหนียวมูน” ::
- หัวกะทิ 300 กรัม- แป้งข้าวเจ้า 10 กรัม- น้ำตาลทราย 20 กรัม- เกลือสมุทรป่น 5 กรัม
*** กะทิสำหรับราดหน้าข้าวเหนียวมูนมะม่วง จะออกรสหวานนำนิดนึง  ถ้าใครไม่ชอบ ไม่ต้องใส่น้ำตาลได้ค่ะ",แคลมาก,โปรตีนกลาง,ไขมันน้อย,คาร์บสูง,"ข้าวเหนียว, น้ำเปล่า, น้ำอัญชัน, หัวกะทิ, น้ำตาลทรายขาว, เกลือ, ใบเตย, สารส้ม,  มะม่วง,  ถั่วทองทอด,  หัวกะทิ, แป้งข้าวเจ้า, น้ำตาลทราย,เกลือ",ในครัวมีข้าวเหนียว น้ำอัญชัน หัวกะทิ น้ำตาล ใบเตย มะม่วง ถั่วทอง อยากได้เมนูขนมไทยหวานเย็นหรือข้าวเหนียวกะทิ,มี มะม่วง ข้าวเหนียว กะทิ ทำอะไรกินได้บ้าง,อยากกินข้าวเหนียวมะม่วง มีสูตรเด้ดแนะนำไหม
กล้วยทับราดน้ำกะทิมะพร้าวอ่อน,"- กล้วยน้ำว้าห่าม 2 หวีใหญ่- หัวกะทิ  2 ถ้วย  - น้ำตาลปี๊บ 370 กรัม- เกลือป่น 1 + 1/4  ช้อนชา- เนยจืด  2  ช้อนโต๊ะ- มะพร้าวอ่อน หั่นเส้น  1/2 ถ้วย- ใบเตยหอม 3 ใบ ล้างสะอาด มัดเป็นปม
*** สูตรนี้เป็นสูตรที่ใส่เฉพาะน้ำตาลปี๊บอย่างเดียว ไม่ใส่น้ำตาลทรายนะคะ",แคลกลาง,โปรตีนน้อย,ไขมันกลาง,คาร์บกลาง,"กล้วยน้ำ, หัวกะทิ, น้ำตาลปี๊บ,  เกลือป่น, เนยจืด, มะพร้าวอ่อน, ใบเตย",มีกล้วย มะพร้าวอ่อน เนย น้ำตาล ใบเตย ทำอะไรกินดี ,กล้วย มะพร้าวอ่อน กะทิ น้ำตาล แนะนำเมนูหน่อย,อยากกินเกลือ กล้วย มะพร้าวอ่อน ทำอะไรกินได้บ้าง
มันเชื่อม  (มันเทศ),"
 :: ส่วนผสม  ""มันเชื่อม"" ::
- มันเทศ  1500  กรัม  (1.5 กิโล) - น้ำตาลทรายขาว 1000 กรัม   - น้ำลอยดอกมะลิ หรือน้ำเปล่า 1000 กรัม   (1 กิโล) - มะนาว 1 ลูก  (คั้นเอาแต่น้ำ)- น้ำปูนใส  2  ลิตร 
 :: ส่วนผสม  ""กะทิสำหรับราดหน้า"" ::
- หัวกะทิ  1 ถ้วย  (250 มิลลิตร)- แป้งข้าวเจ้า 1 ช้อนโต๊ะ- เกลือป่น  1/2 ช้อนชา 
",แคลกลาง,โปรตีนน้อย,ไขมันน้อย,คาร์บกลาง,"มันเทศ, น้ำตาลทรายขาว, น้ำลอยดอกมะลิ, มะนาว, น้ำปูนใส ,หัวกะทิ, แป้งข้าวเจ้า, เกลือป่น",มี มันเทศ น้ำลอยดอกมะลิ มะนาว ทำอะไรกินได้บ้าง,อยากเอามันมาทำอะไรกินก้ได้ แต่เอามาทำ เพราะมีมันเยอะมาก,อยากลองเอามันเทศทำขนมหวาน ทำอะไรกินดี ขอเมนูที่กินง่าย
บัวลอยแก้วอัญชัน,- แป้งมัน 1 ถ้วย- น้ำเปล่า 1/2 ถ้วย- ดอกอัญชันสด 20-25 ดอก- มะพร้าวอ่อนหั่นเป็นเส้น 1/2 ถ้วย (แต่ที่พิมใช้ในวันนี้ ไม่ค่อยอ่อนเท่าไหร่นะคะ)  - หัวกะทิ  100 ml- กะทิ 300 ml- น้ำตาลทรายขาว 3/4  ถ้วย ถึง 1  ถ้วย (ชอบหวานใส่ 1 ถ้วย ชอบหวานน้อยใส่ 3/4 ถ้วย)- เกลือป่น 1/2 ช้อนชา- ใบเตยล้างสะอาดมัดรวมกัน  3 ใบ- เม็ดข้าวโพดต้มสุก 1/3 ถ้วย (ปกติพิมจะใส่ถ้วย แต่วันนี้ไม่มี เลยไม่ได้ใส่อ่ะค่ะ) ,แคลกลาง,โปรตีนน้อย,ไขมันน้อย,คาร์บสูง,"แป้งมัน, น้ำเปล่า, ดอกอัญชัน, มะพร้าวอ่อน, หัวกะทิ, กะทิ, น้ำตาลทรายขาว, เกลือป่น, ใบเตย, เม็ดข้าวโพด",อยากกินบัวลอยอร่อยๆ ,อยากทำขนมไทยนุ่ม ๆ แบบลอดช่องหรือแป้งเหนียวน้ำกะทิ ใช้ดอกอัญชัน ใบเตย และกะทิหอมมัน,อยากทำขนมไทยสีฟ้าจากอัญชัน ใส่กะทิ หวานเค็มนิด ๆ ใช้แป้งมัน ข้าวโพด และมะพร้าวอ่อน
มันสำปะหลังปิ้งราดน้ำกะทิ,"- มันสำปะหลังพันธุ์ 5 นาที 1 - 1.5  กิโล  (เลือกที่หัวไม่อ้วนมาก) - หัวกะทิ 1 + 1/2 ถ้วย (คั้นจากมะพร้าวขูด 500 กรัม)- น้ำตาลปี๊บ 200 กรัม- น้ำตาลทราย 100 กรัม- เกลือสมุทรป่น 1 ช้อนชา- เนยจืด 1 ช้อนโต๊ะ- สีผสมอาหารสีเหลืองเลมอน เล็กน้อย (ถ้าต้องการให้น้ำกะทิมีสีเหลืองอ่อน)
** สีของกะทิ ขึ้นอยู่กับสีของน้ำตาลปี๊บเป็นหลัก **",แคลมาก,โปรตีนน้อย,ไขมันกลาง,คาร์บสูง,"มันสำปะหลัง, หัวกะทิ, น้ำตาลปี๊บ, น้ำตาลทราย, เกลือสมุทรป่น, เนยจืด, สีผสมอาหาร","มี มันสำปะหลัง, หัวกะทิ, น้ำตาลปี๊บ, น้ำตาลทราย นม เกลือ ผักชี สามเกลอ ไก่ หมู เนย ชีส ผัก ทำอะไรกินได้บ้าง",ในครัวมีมันสำปะหลัง หัวกะทิ น้ำตาลปี๊บ เนย เกลือ สีผสมอาหาร อยากทำเมนูขนมหวานไทยง่าย ๆ เนื้อนุ่มหอมหวาน,มีมันสำปะหลัง หัวกะทิ น้ำตาลปี๊บ เนยจืด เกลือ อยากทำขนมไทยมันสำปะหลังหอมกะทินุ่ม ๆ ได้ไหม
แกงบวดมันรวมมิตร,- มันเทศ และเผือกหั่นเป็นชิ้นพอคำ  300 กรัม- กะทิ 1 + 1/2 ถ้วย- หัวกะทิ 1/2 ถ้วย- เกลือป่น 1 ช้อนชา- น้ำตาลปี๊บ 130 กรัม- น้ำตาลทราย 50 กรัม - ใบเตยล้างสะอาด 2-3 ใบ มัดรวมกันให้เรียบร้อย,แคลกลาง,โปรตีนน้อย,ไขมันน้อย,คาร์บสูง,"มันเทศ, เผือก, กะทิ, หัวกะทิ, เกลือป่น,  น้ำตาลปี๊บ, น้ำตาลทราย, ใบเตย","หัวกะทิ, เกลือป่น, มันเทศ, เผือก, กะทิ",อยากทำบวชมันหรือบวชเผือก หวานหอมใบเตย ใช้น้ำตาลปี๊บ กะทิ และหัวกะทิ,อยากทำบวชมันหรือบวชเผือก หวานหอมใบเตย ใช้น้ำตาลปี๊บ กะทิ และหัวกะทิ
วุ้นน้ำส้ม-นมสด,":: ส่วนผสม ""วุ้นนมสด""  ::
- นมสดรสจืด 450  มิลลิลิตร- น้ำเปล่า 150 มิลลิลิตร- ผงวุ้น 2 ช้อนชา- น้ำตาลทรายขาว 120 กรัม - เกลือสมุทรป่น 1/8 ช้อนชา
:: ส่วนผสม ""วุ้นน้ำส้มคั้น"" ::
- น้ำส้มคั้นสด 450  มิลลิลิตร  (ได้จากส้มสายน้ำผึ้ง ประมาณ 10 ลูก) - ผงวุ้น 2 ช้อนชา- น้ำตาลทรายขาว  (ใส่แล้วชิม เอาตามความหวานที่ชอบ แต่พิมไม่ได้ใส่เพ่ิม)  ",แคลกลาง,โปรตีนน้อย,ไขมันกลาง,คาร์บกลาง,"นมสด, น้ำเปล่า, ผงวุ้น, น้ำตาลทรายขาว, เกลือสมุทร,  น้ำส้ม, ผงวุ้น, น้ำตาลทรายขาว ",มีผงวุ้น ทำอะไรกินดี ใี น้ำส้ม นม น้ำเปล่า ซุปไก่ เห็ด ทำอะไรก้ได้ที่กินได้ง่ายๆ,มีนมสด น้ำเปล่า ผงวุ้น น้ำตาลทราย น้ำส้ม เกลือ อยากทำวุ้นเย็น ๆ รสเปรี้ยวหวานสดชื่นได้ไหม?,อยากทำวุ้นเจลลี่รสน้ำส้ม หวานเปรี้ยว ใช้นมสด ผงวุ้น น้ำตาล น้ำส้ม
ลอดช่องสิงคโปร์,"
:: ส่วนผสม :: 
- ตัวลอดช่องสิงคโปร์  ตามสูตรด้านล่าง- น้ำเชื่อม ตามสูตรด้านล่าง- ขนุนสุกหั่นเป็นชิ้นยาว 1 ถ้วย- กะทิอัมพวา 2 กล่อง- น้ำแข็งบดละเอียด 

:: ส่วนผสม ""น้ำเชื่อม"" :: 
- น้ำตาลทรายขาว 2 ถ้วย- น้ำลอยดอกมะลิ 1 ถ้วย- ใบเตยหอม  5 ใบ มัดรวมกัน
 
:: ส่วนผสม ""ตัวลอดช่อง"" :: 
- แป้งมัน 1/2 ถ้วย- แป้งข้าวเจ้า  2 + 1/2  ช้อนโต๊ะ - น้ำใบเตยคั้น 1/3 ถ้วย",แคลกลาง,โปรตีนน้อย,ไขมันน้อย,คาร์บสูง," น้ำตาลทรายขาว, น้ำลอยดอกมะลิ, ใบเตย, แป้งมัน, แป้งข้าวเจ้า, น้ำใบเตยคั้น ",อยากทำขนมแปลกๆพิชิตใจผู้ชายสิงค์โปร สีเขียวๆจากใบเตย,อยากทำขนมไทยนุ่มหนึบ หอมใบเตย ใช้แป้งมัน แป้งข้าวเจ้า น้ำใบเตย น้ำตาล น้ำลอยดอกมะลิ,ในครัวมีแป้งมัน แป้งข้าวเจ้า ใบเตย น้ำลอยดอกมะลิ น้ำตาล 
ขนมหม้อแกงเผือก,"- ไข่เป็ด 10 ฟอง  - กะทิอัมพวา 2 ขวด  (ขวดละ 250 มิลลิลิตร) - น้ำตาลมะพร้าว 550 กรัม- เผือกนึ่งสุก 200 - 250 กรัม     (ใช้เผือกดิบน้ำหนักเท่าเผือกสุก) - แป้งข้าวเจ้า  2  + 1/2 ช้อนโต๊ะ - ใบเตยหอม ใบใหญ่  5 ใบ  หั่นเป็นท่อนสั้น- หอมแดงปอกเปลือก ซอยบาง ๆ  1 + 1/2 ถ้วย- น้ำมันสำหรับเจียวหอมแดง 1 ถ้วย
***  ส่วนผสมตามด้านบน จะทำขนมหม้อแกงออกมาได้ 5 ถาด  ตามในภาพ  หากใครต้องการขนมน้อยกว่านี้  หรืออยากจะลองเทสต์สูตรดู  ก็อาจจะทำสักครึ่งสูตรได้นะคะ",แคลกลาง,โปรตีนน้อย,ไขมันกลาง,คาร์บกลาง,"ไข่เป็ด, กะทิ, น้ำตาล,  เผือก, แป้งข้าวเจ้า, ใบเตยหอม,หอมแดง, น้ำมัน",มี เผือก ไจ่เป็ด กะทิ น้ำตาล หอมแดง ผักชี แนะนำเมนุ ,ในตู้เย็นมีเผือก ไข่เป็ด กะทิ น้ำตาล แป้งข้าวเจ้า ใบเตย อยากทำขนม,ในครัวมีเผือก กะทิ น้ำตาล ไข่เป็ด หอมแดง แป้งข้าวเจ้า อยากทำขนมไทยหวานหอมมันแบบดั้งเดิม
ขนมมัน,- เนื้อมันสำปะหลังพันธุ์ห้านาที ขูดฝอย 800 กรัม  (ได้จากมันหัวใหญ่ หนักประมาณ 1 กิโลกว่าๆ) - น้ำตาลทรายขาว 400 กรัม (ถ้าชอบหวานมาก เพิ่มไปอีก 100 กรัม) - น้ำเปล่า หรือน้ำลอยดอกมะลิ หรือน้ำมะพร้าวอ่อน  1 ถ้วยตวง- ใบเตยหอม 5 ใบ- มะพร้าวทึนทึก 1 ลูกใหญ่- เกลือป่นเล็กน้อย,แคลกลาง,โปรตีนน้อย,ไขมันน้อย,คาร์บกลาง,"มันสำปะหลัง, น้ำตาลทรายขาว, น้ำเปล่า, ใบเตย, มะพร้าว, เกลือ",มี มันสำปะหลัง น้ำตาล น้ำเปล่า ใบเตย ใบเตย หอมแดง เกลือ ทำอะไรกินดี,ในครัวมีมันสำปะหลัง มะพร้าว น้ำตาล ใบเตย เกลือ น้ำเปล่า อยากทำขนมไทยง่าย ๆ หวานมันหอมใบเตย,อยากทำอะไรก็ได้จากมันสำปะหลัง โรยมะพร้าวขูด หวานเค็มนิด ๆ แบบขนมไทยโบราณ
พุดดิ้งมะพร้าวอ่อน,"
 :: ส่วนผสม ""พุดดิ้ง"" ::
- น้ำมะพร้าวอ่อน  (จากมะพร้าวน้ำหอม)    225  มิลลิลิตร- กะทิอัมพวา  225  มิลลิลิตร- น้ำตาลทรายขาว  40   กรัม- ผงวุ้น  1 ช้อนชา- มะพร้าวอ่อนหั่นเป็นเส้น หรือเป็นชิ้นบาง  150 กรัม

 :: ส่วนผสม ""น้ำราดพุดดิ้ง"" ::
- น้ำมะพร้าวอ่อน (จากมะพร้าวน้ำหอม) 100 มิลลิลิตร- น้ำตาลทรายขาว 100  กรัม- กะทิอัมพวา 200  กรัม",แคลน้อย,โปรตีนน้อย,ไขมันน้อย,คาร์บกลาง,"น้ำมะพร้าวอ่อน, กะทิ, น้ำตาลทรายขาว, ผงวุ้น, มะพร้าวอ่อน, น้ำมะพร้าวอ่อน, น้ำตาลทรายขาว",อยากกินขนมดึ่งๆ เด้งๆ หอมมัน มะพร้าว,ขนมหวานโปรดของจจในครัวมีแป้ง น้ำดอกไม้ ใบเตย ดอกอัญชัน กะทิ งาขาว น้ำตาล อยากทำขนมไทยเ,อยากเอามะพร้าวมาทำขนมที่อร่อยที่สุดในโลก
ครองแครงน้ำกะทิ (ครองแครงแก้ว),"
:: ส่วนผสม ""ตัวครองครองสีน้ำเงิน"" ::
- แป้งมัน  1 ถ้วย- แป้งข้าวเจ้า 1/3 ถ้วย- น้ำเปล่า  2/3 ถ้วย- ดอกอัญชันซ้อนสีน้ำเงิน แบบสด 20 ดอก 
:: ส่วนผสม ""ตัวครองครองสีฟ้า"" ::
- แป้งมัน  1 ถ้วย- แป้งข้าวเจ้า 1/3 ถ้วย- น้ำเปล่า  2/3 ถ้วย- ดอกอัญชันซ้อนสีน้ำเงิน แบบสด 10 ดอก
:: ส่วนผสมอื่นๆ ::
- กะทิอัมพวา  3 กล่อง- น้ำลอยดอกมะลิ 1 ถ้วย- น้ำตาลทราย 1 + 1/4 ถ้วย- เกลือป่น 1 ช้อนชา- งาขาวคั่ว  1/4 ถ้วย หรือมากน้อยตามชอบ - ใบเตยหอม 3 ใบ
- แป้งมัน (ใช้เป็นแป้งนวล)  1/2 ถ้วย
** ถ้วย = ถ้วยตวง    /  วิธีการใช้ถ้วยตวง ช้อนตวง  >> คลิ๊กที่นี่ <<
** ถ้าต้องการให้ตัวครองแครงเป็นสีเขียว  ให้ใช้น้ำคั้นใบเตยแทนน้ำเปล่า + ดอกอัญชัน
** ถ้าต้องการให้ตัวครองแครงเป็นสีขาว  ไม่ต้องใช้ดอกอัญชัน  แต่ให้ใช้น้ำลอยดอกมะลิแทนน้ำเปล่า 
",แคลกลาง,โปรตีนน้อย,ไขมันน้อย,คาร์บสูง,"แป้งมัน, แป้งข้าวเจ้า, น้ำเปล่า,  ดอกอัญชัน,  กะทิ, น้ำลอยดอกมะลิ, น้ำตาลทราย, เกลือป่น, งาขาวคั่ว, ใบเตย",มี แป้งมัน ข้าวเจ้า น้ำเปล่า ดอกอัญชัน น้ำลอยดอกมะลิ ไข่ กะทิ ทำอาหารอะไร,ในครัวมีแป้ง น้ำดอกไม้ ใบเตย ดอกอัญชัน กะทิ งาขาว น้ำตาล อยากทำขนมไทยเ,มีแป้งมัน แป้งข้าวเจ้า ดอกอัญชัน กะทิ น้ำตาล ใบเตย น้ำลอยดอกมะลิ  ทำอะไรอีสดี
ข้าวเหนียวแก้ว 3 สี,"

:: ส่วนผสม ""ข้าวเหนียวแก้วใบเตย (สีเขียว)""  ::
- ข้าวเหนียวเขี้ยวงู     3/4 ถ้วย- กะทิอัมพวา  1/2  ถ้วย- น้ำตาลทราย 1/2 ถ้วย - น้ำคั้นจากใบเตย 1  ช้อนโต๊ะ - น้ำปูนใส  1/2 ช้อนโต๊ะ - เกลือสมุทรป่น 1/8 ชช.
:: ส่วนผสม ""ข้าวเหนียวแก้วสีส้ม""  ::
- ข้าวเหนียวเขี้ยวงู (ข้าวเก่า)   3/4 ถ้วย- กะทิอัมพวา  1/2  ถ้วย- น้ำตาลทราย 1/2 ถ้วย - น้ำต้มบีทรูท 1  ช้อนโต๊ะ - น้ำปูนใส  1/2 ช้อนโต๊ะ - เกลือสมุทรป่น 1/8 ชช.
:: ส่วนผสม ""ข้าวเหนียวแก้วอัญชัน (สีฟ้า)""  ::
- ข้าวเหนียวเขี้ยวงู (ข้าวเก่า)   3/4 ถ้วย- กะทิอัมพวา  1/2  ถ้วย- น้ำตาลทราย 1/2 ถ้วย - น้ำต้มอัญชัน  1  ช้อนโต๊ะ - น้ำปูนใส  1/2 ช้อนโต๊ะ - เกลือสมุทรป่น 1/8 ชช.
- งาขาวคั่ว สำหรับข้าวเหนียวแก้วแต่ละสีอย่างละ  2 ช้อนโต๊ะ 
** ถ้วย ถ้วยตวง ช้อนตวง ช้อนชา ช้อนโต๊ะ  ดูรายละเอียด วิธีการใช้ ได้ >> ที่นี่ <<  ",แคลมาก,โปรตีนน้อย,ไขมันกลาง,คาร์บสูง,"ข้าวเหนียวเขี้ยวงู, กะทิ, น้ำตาลทราย,  น้ำใบเตย, น้ำปูนใส, เกลือ, ข้าวเหนียวเขี้ยวงู, น้ำต้มบีทรูท, น้ำปูนใส, เกลือ, กะทิอัมพวา, น้ำตาลทราย, น้ำต้มอัญชัน, น้ำปูนใส",ในบ้านมีข้าวเหนียวเยอะมาก คุณย่าทำมาให้ อยากเอามาทำอะไรสักอย่าง จะได้กินได้ไม่เบื่อ,อยากทำข้าวเหนียวให้เป็นสีธรรมชาติจากใบเตย อัญชัน บีทรูท ราดกะทิ หอมหวานมัน,มีข้าวเหนียวเขี้ยวงู กะทิ น้ำตาล น้ำใบเตย น้ำอัญชัน น้ำบีทรูท อยากทำข้าวเหนียวสามสีหวานมันแบบไทย ๆ
วุ้นกะทิซาหริ่ม,- วุ้นผง 1 + 1/2  ช้อนโต๊ะ   (ถ้าชอบวุ้นนิ่มหน่อย ให้ลดวุ้นผงเหลือ 1 + 1/4 ช้อนโต๊ะ) - กะทิอัมพวา 3 กล่อง- น้ำลอยดอกมะลิ 400 มิลลิลิตร - น้ำตาลทรายขาว 1 + 1/4 ถ้วย- เกลือป่น 1 ช้อนชา- แป้งข้าวเจ้า 1 ช้อนโต๊ะ- เส้นซาหริ่ม สีชมพู สีเขียว รวมกันประมาณ 1/2 - 1 ถ้วย (ใส่มากน้อยตามชอบ),แคลน้อย,โปรตีนน้อย,ไขมันน้อย,คาร์บกลาง,"วุ้นผง, กะทิอัมพวา, น้ำลอยดอกมะลิ, น้ำตาลทรายขาว, เกลือป่น, แป้งข้าวเจ้า, เส้นซาหริ่ม",มีวุ้น น้ำลอยดอกมะลิ กะทิ น้ำตาล เกลือ มิริน ทำอะไรได้บ้าง,มีเส้นซ่าหริ่ม กะทิ วุ้นผง น้ำลอยดอกมะลิ น้ำตาล เกลือ อยากทำเมนูที่เย็น ๆ กินแล้วสดชื่น,ในครัวมีวุ้นผง แป้งข้าวเจ้า กะทิ เส้นซ่าหริ่ม น้ำลอยดอกมะลิ อยากทำขนมไทยแนววุ้นนุ่มหอม หวานมันสดชื่น
ขนมไข่นกกระทา,"- มันเทศ ทั้งหัวประมาณ 700-800 กรัม - แป้งมัน 150 กรัม- แป้งท้าวยายม่อม 50 กรัม- แป้งสาลีอเนกประสงค์ 30 กรัม- น้ำตาลทราย  130 กรัม- ผงฟู 1 ช้อนชา- เกลือสมุทรป่น  1/2 ช้อนชา
ถ้วย = ถ้วยตวงมาตรฐาน   ส่วน ช้อนโต๊ะ-ช้อนชา = ช้อนตวงมาตรฐาน  เพื่อน ๆ สามารถอ่านรายละเอียด  สถานที่ซื้อ และวิธีการใช้ช้อนตวง ถ้วยตวง ได้ >> ที่นี่ << ค่ะ",แคลกลาง,โปรตีนน้อย,ไขมันน้อย,คาร์บสูง,"มันเทศ, แป้งมัน, แป้งท้าวยายม่อม, แป้งสาลีอเนกประสงค์, น้ำตาลทราย, ผงฟู, เกลือสมุทรป่น ","มันเทศ, แป้งมัน, แป้งสาลีอเนกประสงค์, น้ำตาลทราย, ผงวิเศษที่ทำให้แป้งฟูขึ้น",มีมันเทศ แป้งมัน แป้งท้าว แป้งสาลี น้ำตาล ผงฟู เกลือ อยากทำขนมทอดๆ กรอบๆ ,ในครัวมีมันเทศ แป้งมัน แป้งท้าว แป้งสาลี ผงฟู น้ำตาล เกลือ ทำอะไรก็ได้ที่รสชาติอร่อยๆ หวานๆ 
กล้วยทับราดน้ำกะทิ,"- กล้วยน้ำว้าห่าม 2 หวี (หวีละประมาณ 15 ลูก) - หัวกะทิ  1 + 1/2 ถ้วย  (คั้นจากมะพร้าวขูด 500 กรัม)- น้ำตาลปี๊บ 200 กรัม- น้ำตาลทราย 100 กรัม- เกลือป่น 1 ช้อนชา- เนยจืด  1 ช้อนโต๊ะ
** เกลือที่พิมใช้ในสูตรอาหารสูตรขนม ทุกสูตรในเวบครัวบ้านพิม เป็นเกลือป่นธรรมดาที่ซองละ 1-2 บาทอ่ะค่ะ ยกเว้นแต่ว่าถ้าสูตรไหน ใช้เกลืออย่างอื่นก็จะหมายเหุตเอาไว้นะคะ ** 
** สีของกะทิ ขึ้นอยู่กับสีของน้ำตาลปี๊บเป็นหลัก **",แคลมาก,โปรตีนน้อย,ไขมันกลาง,คาร์บสูง,"กล้วย, หัวกะทิ, น้ำตาลปี๊บ, น้ำตาลทราย, เกลือ, เนย",อยากเอากล้วยมาทำขนมที่อยู่กับเราได้นานๆ ,มีกล้วย หัวกะทิ น้ำตาลปี๊บ เนย เกลือ อยากทำกล้วยบวชชีหรือขนมกล้วยหวานมันหอม ๆ ได้ไหม,นครัวมีกล้วย หัวกะทิ น้ำตาลปี๊บ น้ำตาลทราย เกลือ เนย อยากทำขนมไทยจากกล้วย หวานมันนุ่มละมุน
กล้วยแขก  (กล้วยทอด),"- แป้งข้าวเจ้า 250 กรัม - แป้งข้าวโพด 25 กรัม- น้ำตาลทรายขาว 150 กรัม- เกลือป่น 1/2 ช้อนโต๊ะ- ผงฟู 1 + 1/2 ช้อนโต๊ะ - มะพร้าวขูดขาว  200 กรัม- งาขาว  (ไม่ต้องคั่ว)  50 กรัม- หัวกะทิ 270 มิลลิลิตร- น้ำปูนใส 100 มิลลิลิตร- กล้วยน้ำว้า  ที่เปลือกเหลืองแกมเขียว  1 หวี (ประมาณ 15 ลูกใหญ่) - เผือก มันเทศ   เช่น มันไข่ มันแครอท มันม่วง  น้ำหนักรวมกันประมาณ 1000 กรัม
- น้ำมันสำหรับทอด  
** คำว่า ถ้วย หมายถึง ถ้วยตวง  / วิธีใช้ถ้วยตวง ช้อนตวง (ช้อนโต๊ะ ช้อนชา)  ดูได้ >> ที่นี่ <<  
** สูตรนี้ทำได้เยอะ  ถ้าใครอยากลองทำดูก่อน หรือกินแค่ 2-3 คน  ทำสักครึ่งสูตรก็พอค่ะ",แคลกลาง,โปรตีนน้อย,ไขมันน้อย,คาร์บสูง,"แป้งข้าวเจ้า, แป้งข้าวโพด, น้ำตาลทรายขาว, เกลือป่น,  ผงฟู,  มะพร้าวขูดขาว, งาขาว, หัวกะทิ, น้ำปูนใส , เผือก",หิวกล้วยทอด ,อยากทำขนมที่ได้รสชาติหวานๆมาจากกล้วย กรอบนอก นุ่มใน,อยากเอากล้วยมาทำขนมอร่อยๆ เอามาทอด ไม่อมน้ำมันมาก กินง่าย 
สาคูเปียกมะพร้าวอ่อน,- สาคูเม็ดเล็ก 1 ถ้วย- น้ำมะพร้าวอ่อน  (มะพร้าวน้ำหอม) 2 ถ้วย- น้ำลอยดอกมะลิ 1 ถ้วย- น้ำตาลทรายขาว 1 + 1/4 ถ้วย- น้ำใบเตยคั้น 3 ชต.- ข้าวโพดเหลืองต้มสุก ฝานเอาแต่เม็ด 1/2 ถ้วย- เผือกหั่นชิ้นสี่เหลี่ยมเล็ก ต้มสุก  1/2 ถ้วย- มะพร้าวอ่อน หั่นเป็นเส้น  1/2 ถ้วย- ใบเตยล้างสะอาดมัดรวมกัน 3 ใบ- กะทิอัมพวา 1 กล่อง- แป้งสาลีอเนกประสงค์ 1 ชช.- เกลือสมุทรป่น 1/2 ชช.,แคลกลาง,โปรตีนน้อย,ไขมันน้อย,คาร์บสูง,"สาคูเม็ดเล็ก, น้ำมะพร้าวอ่อน, น้ำลอยดอกมะลิ, น้ำตาลทรายขาว, น้ำใบเตย,  ข้าวโพด,  เผือก, มะพร้าวอ่อน, ใบเตย, กะทิ, แป้งสาลีอเนกประสงค์, เกลือ",มีสาคูอีกแล้ว ใส่มะพร้าวอ่อน  รสชาติอร่อยๆ,มีสาคูเม็ดเล็ก น้ำมะพร้าวอ่อน น้ำใบเตย ข้าวโพด เผือก กะทิ อยากทำขนมไทยหวานเย็นอย่างสาคูเปียกหรือรวมมิตรได้ไหม,ที่บ้านมีสาคู มะพร้าว อัญชัน ทำขนมอะไรดี
ขนมต้มขาวใบเตย,":: ส่วนผสม ""ไส้ขนมต้ม"" :: 
- มะพร้าวทึนทึกขูดขาว  2 ถ้วย- น้ำตาลปี๊บมิตรผล 200 กรัม   (พิมแนะนำน้ำตาลปี๊บยี่ห้อนี้นะคะ เพราะว่าสะอาด แล้วก็หอม หวาน รสชาตินุ่มนวลมากค่ะ) - น้ำลอยดอกมะลิ 1/3 ถ้วย

:: ส่วนผสม ""แป้งขนมต้ม"" :: 
- แป้งข้าวเหนียว 2  ถ้วย + 1 ชต.- น้ำคั้นจากใบเตย 1/3 ถ้วย   (ใช้ใบเตย 5-6 ใบ ปั่นรวมกับน้ำ 1/3 ถ้วยจนใบเตยละเอียด คั้นเอาแต่น้ำ)- หัวกะทิ 1/3 ถ้วย

:: ส่วนผสม ""มะพร้าวสำหรับคลุก"" :: 
- มะพร้าวทึนทึกขูดเป็นเส้น 1 ถ้วย- เกลือป่น 1/2 ชช.- ใบเตย  (สำหรับใส่ในน้ำต้มแป้ง)  4-5 ใบมัดรวมกัน",แคลกลาง,โปรตีนน้อย,ไขมันน้อย,คาร์บกลาง," มะพร้าว, น้ำตาลปี๊บ, น้ำลอยดอกมะลิ, แป้งข้าวเหนียว, น้ำใบเตย, หัวกะทิ, เกลือ, ใบเตย",มีมะพร้าว น้ำตาล น้ำลอยดอกมะลิ แป้ง ใบเตย ทำขนมประทับใจผู้คน,ในครัวมีมะพร้าว น้ำใบเตย น้ำตาลปี๊บ แป้งข้าวเหนียว หัวกะทิ เกลือ อยากทำขนมเทียนหรือขนมหอม ๆ แบบไทยโบราณ,มีมะพร้าว น้ำตาลปี๊บ แป้งข้าวเหนียว น้ำใบเตย หัวกะทิ อยากทำขนมเหนียวไส้มะพร้าวหรือบัวลอยใบเตยได้ไหม
มันสำปะหลังเชื่อม,":: ส่วนผสม ""มันเชื่อม"" ::
- มันสำปะหลัง (พันธุ์ห้านาที)  1500 กรัม- น้ำตาลทรายขาวมิตรผล  4 ถ้วย   (เหตุผลที่เลือกใช้น้ำตาลทรายยี่ห้อนี้ เพราะว่าสะอาด  และไม่มีสิ่งแปลกปลอมเจือปนมาด้วยค่ะ) - น้ำลอยดอกมะลิ 8-10 ถ้วย
ถ้วย = ถ้วยตวงชต. = ช้อนโต๊ะชช. = ช้อนชา

:: ส่วนผสม ""หัวกะทิสำหรับราดมันเชื่อม"" ::
- หัวกะทิ 1 + 3/4 ถ้วย- แป้งข้าวโพด 3/4 ชต. - เกลือป่น 1/2 ชช.",แคลน้อย,โปรตีนน้อย,ไขมันน้อย,คาร์บกลาง,"มันสำปะหลัง, น้ำตาลทรายขาว, น้ำลอยดอกมะลิ, หัวกะทิ,  แป้งข้าวโพด, เกลือ",มีมันสะปะหลัง อยากเอามทพอะไรให้มันหวานๆ,มีมัน อยากเอามาเชื่อม ,"มีพวกนนี้ มันสำปะหลัง, น้ำตาลทรายขาว, น้ำลอยดอกมะลิ,ทำอะไรกินดี"
ขนมเผือกมะพร้าวอ่อน,- แป้งข้าวเจ้า 1/2 ถ้วยตวง- แป้งมัน 2 ชต.- แป้งท้าว 1 + 1/2 ชต.- เผือกนึ่งสุก 1 ถ้วย- หัวกะทิข้นๆ 1/2 ถ้วย- น้ำตาลทราย 1/2 ถ้วย  (ถ้าชอบหวานมาก + อีก 2 ชต.) - เกลือทะเลป่น 1/8 ชช.  - มะพร้าวทึนทึกขูดฝอย 1/3 ถ้วย- มะพร้าวอ่อน 1/3 ถ้วย,แคลกลาง,โปรตีนน้อย,ไขมันน้อย,คาร์บสูง,"แป้งข้าวเจ้า,  แป้งมัน, แป้งท้าว,  เผือก, หัวกะทิ, น้ำตาลทราย, เกลือ,  มะพร้าว, มะพร้าวอ่อน ",มีเผือก แป้งท้าวยายม่อม แป้งข้าวเจ้า กะทิ แป้ง ทำอะไรกินได้บ้าง,เผือก มะพร้าวอ่อน เป็นของคู่กัน มีอยู่มากมาย แนะนำเมนูอาหารหน่อย,"อยากกินอาหารที่ทำจาก แป้งข้าวเจ้า,  แป้งมัน, แป้งท้าว,  เผือก, หัวกะทิ"
ขนมไข่ปลา ฉบับสุพรรณ,- แป้งข้าวเหนียว 250 กรัม- แป้งข้าวเจ้า 50 กรัม- เนื้อตาล 150 กรัม- น้ำมะพร้าวอ่อน  หรือ น้ำกะทิ 3/4 ถ้วยตวง  <--- อาจจะต้องใส่มากหรือน้อยกว่านี้อีกนิดหน่อยขึ้นกับความชื้นของแป้งที่ใช้ด้วยค่ะ- เกลือป่น 1/2 ชช.- น้ำตาลทราย 500 กรัม- น้ำ 2 + 1/2 ถ้วย- มะพร้าวทึนทึก 1/2 ซีก,แคลมาก,โปรตีนน้อย,ไขมันกลาง,คาร์บสูง,"แป้งข้าวเหนียว, แป้งข้าวเจ้า, เนื้อตาล, น้ำมะพร้าวอ่อน, น้ำกะทิ, เกลือป่น, น้ำตาลทราย, น้ำ",มีแป้งข้าวเหนียว แป้งต่างๆที่ใช้ทำอาหาร แนะนำ้เมนุหน่อยสิ,มีแป้ง มะพร้าว กะทิ ทำอะไร,"แนะนำเมนูจากวัตถุดิบพวกนี้แป้งข้าวเหนียว, แป้งข้าวเจ้า, เนื้อตาล, น้ำมะพร้าวอ่อน, น้ำกะทิ"
อโวคาโดน้ำกะทิ,- อโวคาโด 2 ผล- กะทิอัมพวา 1 กล่อง- น้ำตาลมะพร้าว 100 กรัม- เกลือป่น 1/2 ชช.- ใบเตยล้างสะอาด มัดรวมกัน 3 ใบ,แคลน้อย,โปรตีนน้อย,ไขมันน้อย,คาร์บน้อย," อโวคาโด, กะทิอัมพวา,  น้ำตาลมะพร้าว, เกลือป่น, ใบเตย",ได้้อะโวคาโดมาจากตาก อยากเอามาทำขนมที่ไม่เหมือนเดิม,อะโวคาโด นัวๆ อยากเอามาทำขนม ไม่ปั่น,อยากินผลไม้ในน้ำกะทิ
ขนมชักหน้า (ขนมน้ำดอกไม้),- แป้งข้าวเจ้า 55 กรัม- แป้งมันสำปะหลัง 20 กรัม- น้ำลอยดอกมะลิ 185 มิลลิลิตร - น้ำตาลทราย 50 กรัม- สีผสมอาหาร สีละ 1-3 หยด ตามความเข้มของสีขนมที่ชอบ,แคลน้อย,โปรตีนน้อย,ไขมันน้อย,คาร์บกลาง," แป้งข้าวเจ้า, แป้งมันสำปะหลัง,  น้ำลอยดอกมะลิ, น้ำตาลทราย, สีผสมอาหาร",มี แป้ง น้ำลอยดอกมะลิ ดอกไม้ ทำอะไรกินได้บ้าง,มีแป้ง น้ำลอยดอกมะลิ ทำอะไรกินดี,อยากกินขนมแปลก ทำมาจาก แป้ง ดอกไม้ต่างๆ
เต้าส่วน,"- ถั่วเขียวเราะเปลือก (ถั่วทอง) นึ่งสุก  300 กรัม- น้ำตาลทรายขาว 1 ถ้วย (ถ้าชอบหวานน้อย ใช้ 3/4 ถ้วย)- น้ำเปล่า 2 + 1/2 ถ้วย- แป้งมัน 1 + 1/2 ชต.- แป้งท้าว 1 + 1/2 ชต.- น้ำสำหรับละลายแป้ง 2 ชต.- ใบเตย 3 ใบ ล้างสะอาด มัดให้เรียบร้อย- หัวกะทิข้นๆ 1 ถ้วย- เกลือสมุทรป่น 1 ชต.
ดูวิธีนึ่งถั่วทอง >> ที่นี่ << นะคะ",แคลมาก,โปรตีนน้อย,ไขมันกลาง,คาร์บสูง,"ถั่วเขียว, น้ำตาลทรายขาว, น้ำเปล่า, แป้งมัน,  แป้งท้าว, น้ำ, ใบเตย, หัวกะทิ, เกลือ",ถั่วเขียว น้ำตาลทราย แป้งอเนกประสงค์ แนะนำเมนุนัวๆ,หิวอะไรร้อนๆ ทำมาจากถั่ว ,อยากทำขนมจาก ถั่วเขียว น้ำตาลทรายขาว
ขนมถั่วแปบสีรุ้ง,"- แป้งข้าวเหนียวขาว 500 กรัม- ถั่วเขียวซีก (ถั่วทอง)  500 - 600 กรัม  ........ (ถ้าปั้นถั่วแปบตัวอ้วนๆ ใช้ถั่ว 600 กรัม ถ้าปั้นผอมนิดนึง 500 กรัม)- มะพร้าวทึนทึก 1 ลูกใหญ่- เกลือป่น 1 1/2  - 2 ชช.
- น้ำมะพร้าวอ่อนน้ำหอม  - น้ำคั้นใบเตย - น้ำคั้นจากแครอท - น้ำคั้นจากฟักทอง - น้ำหวานเฮลบลูบอยด์สีแดง - น้ำดอกอัญชัน - น้ำดอกอัญชันผสมมะนาวเล็กน้อยพอให้เปลี่ยนสี
(น้ำที่ใช้ อย่างละประมาณ 1/4 ถ้วย กับอีกราวๆ 1 ชต.)
- งาขาวคั่ว- น้ำตาลทรายขาวเม็ดเล็ก
- ใบเตยแก่ๆ 4-5 ใบ
วิธีทำขนมถั่วแปบอย่างละเอียดดูได้จากใน  ""ขนมถั่วแปบจากแป้งข้าวเหนียวดำ"" นะคะ",แคลมาก,โปรตีนน้อย,ไขมันสูง,คาร์บสูง,"แป้งข้าวเหนียวขาว, ถั่วเขียวซีก, น้ำมะพร้าวอ่อนน้ำหอม, น้ำคั้นใบเตย, น้ำคั้นจากแครอท, น้ำคั้นจากฟักทอง, น้ำหวานเฮลบลูบอยด์สีแดง,  น้ำดอกอัญชัน, งาขาว, น้ำตาลทรายขาว, ใบเตย",ขนมที่เด็กๆชอบกินแต่ให้กลิ่นของความเป้นไทย ทำมาจากถั่วเขียว แป้งข้าวเหนียว,มีแป้งข้าวเหนียว ถั่ว น้ำคั้นใบเตย ทำเมนูอะไรดี อร่อยๆ หอม,ขนมสีน่ารักๆ ทำมาจากถั่ว คลุกงาน น้ำตาล เทกเจอร์ หนึบๆ
สังขยาฟักทอง,- ไข่เป็ดใบใหญ่ 5 ใบ- หัวกะทิข้น ๆ 1 ถ้วย- น้ำตาลปี๊บ (น้ำตาลมะพร้าว) 3/4 ถ้วย หรือถ้าชอบหวานก็ใส่ 1 ถ้วย  (แต่พิมว่ามันหวานไปนะคะ)- เกลือป่นนิดหน่อย- ฟักทองปอกเปลือกหั่นเป็นชิ้นเล็กๆ 2 ถ้วย- ใบเตยแก่ ๆ  5 ใบ,แคลน้อย,โปรตีนน้อย,ไขมันน้อย,คาร์บกลาง,"ไข่เป็ด, หัวกะทิ, น้ำตาลปี๊บ, เกลือ, ฟักทอง,ใบเตย",มีไข่ ฟักทอง ใบเตย ส้ม องุ่น ชาเขียว ทำเมนูอะไรได้บ้าง,อยากกินสังขนาฟักทอง,ขนมนัวๆ ไทยๆ ทำมาจาก ไข่และกะทิ
ต้มถั่วเขียวกับลำไยแห้ง,"- ถั่วเขียว 250 กรัม- ลำไยแห้งสีทอง 1 ถ้วย- น้ำเปล่า  8 + 1/2 ถ้วย- มิตรผลโกลด์ หรือน้ำตาลทรายขาว  หรือน้ำตาลทรายแดง 1 + 1/2 ถ้วย- ใบเตยแก่ ๆ ล้างสะอาด 2 ใบมัดเป็นปมรวมกัน
- รายละเอียดเกี่ยวกับการตวง  ถ้วยคืออะไร ถ้วยตวง  ชต. ชช.  ช้อนตวงคืออะไร  วิธีการใช้ถ้วยตวง ช้อนตวง >> คลิ๊กที่นี่ <<    - ปริมาณตอนทำเสร็จแล้ว ค่อนข้างเยอะ กินกันได้เป็นครอบครัวใหญ่  หากทำกินกัน 2-3 คน แนะนำว่าลดส่วนผสมทุกอย่างลงครึ่งนึง จะดีกว่าค่ะ ^^ ",แคลน้อย,โปรตีนน้อย,ไขมันน้อย,คาร์บกลาง,"ถั่วเขียว, ลำไยแห้ง, น้ำเปล่า, น้ำตาลทรายขาว, น้ำตาลทรายแดง, ใบเตย",มีถั่วเขียว ลำไยแห้ง น้ำตาลทราย ใบเตย น้ำเปล่า อยากทำขนมไทย แบบง่าย ๆ ได้ไหม,ในครัวมีลำไยแห้ง ถั่วเขียว น้ำตาล ใบเตย น้ำเปล่า อยากทำเมนูหวาน ๆ แบบไทยที่ไม่ต้องใช้แป้ง,อยากทำขนมหวานแคลน้อย กินแล้วดีต่อสุขภาพ แต่น้าตาลเยอะนะ5555
วุ้นสลับสี,":: ส่วนผสม ""วุ้นสี"" ::
- วุ้นผง 3/4 ชต.   (ถ้าชอบให้แข็งนิดนึง เพิ่มเป็น 1 ชต.)- น้ำลอยดอกมะลิ 3 ถ้วย- น้ำตาลทราย 1 ถ้วย   (สูตรนี้จะหวานไม่มาก  ถ้าชอบหวานมาก อาจจะเพิ่มน้ำตาลเป็น 1 + 1/4 ถ้วย ก็ได้ค่ะ) - สีผสมอาหารตามชอบ  (พิมใช้สีเขียวแอ๊ปเปิ้ล สีม่วง และสีแดงสตรอเบอรี่ แบบสีน้ำ) 
- รายละเอียดเกี่ยวกับการตวง  ถ้วยคืออะไร ถ้วยตวง  ชต. ชช.  ช้อนตวงคืออะไร  วิธีการใช้ถ้วยตวง ช้อนตวง >> คลิ๊กที่นี่ <<   

:: ส่วนผสม ""วุ้นกะทิ"" ::
- วุ้นผง 1.5 ชต.- น้ำลอยดอกมะลิ 2 ถ้วย- น้ำตาลทราย 1/3 ถ้วย- หัวกะทิ 2.5 ถ้วย- เกลือป่น 1/2 ชต.- แป้งข้าวเจ้า 3/4 ชต.",แคลน้อย,โปรตีนน้อย,ไขมันน้อย,คาร์บกลาง,"วุ้นผง, น้ำลอยดอกมะลิ, น้ำตาลทราย, สีผสมอาหาร, วุ้นผง, น้ำลอยดอกมะลิ, น้ำตาลทราย, หัวกะทิ, เกลือป่น, แป้งข้าวเจ้า",อยากทำขนมน่ารักๆ ให้ลูกสาว ทำง่าย ทำจากผงวุ้น สีผสมอาหาร น้ำต่างๆ,อยากกินวุ้นๆเท่ๆ สลับสีกัน,"วุ้นผง, น้ำลอยดอกมะลิ, น้ำตาลทราย, สีผสมอาหาร, แนะนำเมนุหน่อย"
ขนมกล้วย และขนมฟักทอง สูตรทำขาย,":: ส่วนผสมและวัตถุดิบขนมกล้วย ::
- กล้วยน้ำว้าสุกงอม 2.5 กก. (ไม่รวมเปลือก) / ฟักทองนึ่งสุกแล้ว 2.5 กก.  (ไม่รวมเปลือก) - แป้งข้าวเจ้า 4 ขีด - แป้งมัน 1.5 ขีด- แป้งท้าว 0.5 ขีด- น้ำตาลปี๊บแท้ อย่างดี 500 - 600 กรัม- น้ำตาลทราย 100 - 150 กรัม- มะพร้าวอ่อนขูดหรือหั่นชิ้นเล็ก 2 ถ้วย- เกลือป่นธรรมดา ไม่ใช่ไอโดดีน ประมาณ 3 ชต. ...... (อันนี้ไม่ได้ตวงอีกแหละค่ะ อาศัยผสมแล้วชิมเอา ไว้คราวหน้าจะตวงมาให้อีกที)- หัวกะทิ  .... (อันนี้พิมไม่เคยชั่งหรือตวงเลยค่ะ อาศัยกะเอาด้วยความเคยชิน  ถ้าจำไม่ผิด น่าจะไม่เกิน 3 ถ้วย แต่เท่าไหร่ไม่แน่ใจ / ขนมกล้วยใช้หัวกะทิมากกว่าขนมฟักทอง)
- มะพร้าวทึนทึกขูดด้วยมือแมว ไว้สำหรับโรยหน้า 1 ลูกใหญ่ เคล้าด้วยเกลือป่นเล็กน้อย พอให้มีรสเค็มปะแหล่มๆ",แคลกลาง,โปรตีนน้อย,ไขมันน้อย,คาร์บสูง,"กล้วยน้ำว้า, ฟักทอง, แป้งข้าวเจ้า, แป้งมัน, แป้งท้าว, น้ำตาลปี๊บ, น้ำตาลทราย, มะพร้าวอ่อนขูด, เกลือป่นธรรมดา",มีกล้วยน้ำว้า ฟักทอง แป้งข้าวเจ้า แป้งมัน แป้งท้าว น้ำตาลปี๊บ น้ำตาลทราย มะพร้าวอ่อนขูด อยากทำขนมไทยเหนียวนุ่มแบบไหนได้บ้าง,ในครัวมีกล้วยน้ำว้า ฟักทอง แป้งข้าวเจ้า แป้งมัน น้ำตาล น้ำตาลปี๊บ มะพร้าวอ่อน เกลื,มีฟักทอง กล้วยน้ำว้า แป้งข้าวเจ้า แป้งมัน แป้งท้าว น้ำตาลปี๊บ มะพร้าวอ่อนขูด อยากทำเมนูขนมหวานแบบไทย ๆ นุ่ม ๆ หอมมัน
สาคูน้ำนมข้าวโพด,":: ส่วนผสม ::
- สาคูเม็ดเล็ก  1 ถ้วย- น้ำร้อนจัด 1/2 ถ้วย + 2 ชต.- ข้าวโพดหวาน (ดิบ)  ฝานเอาแต่เนื้อ  320 กรัม หรือประมาณ 2 ฝักกลางๆ- น้ำเปล่า  1 + 3/4 ถ้วย- น้ำตาลทรายขาว 1/4  ถ้วย + 1/8  ถ้วย- เกลือป่น 1/8  ชช.- ใบเตยหอม 3-5 ใบ
เพิ่มเติม  รายละเอียดเกี่ยวกับการตวง  ถ้วยคืออะไร ถ้วยตวง  ชต. ชช.  ช้อนตวงคืออะไร  วิธีการใช้ถ้วยตวง ช้อนตวง >> คลิ๊กที่นี่ <<
........ แต่นิดนึงค่ะ  เพื่อนๆ ดูส่วนผสมด้านบนแล้วมาดูรูปส่วนผสมด้านล่างอาจจะงงนะคะ  ว่าทำไมข้างบนมีข้าวโพดหวาน น้ำตาล  แต่ทำไมในภาพด้านล่างไม่มี ....... คืออย่างนี้ค่ะ  พิมแอบเบลอนิดนึง คือพิมลืมถ่ายรูปตอนก่อนทำนมข้าวโพดค่ะ  พอทำเสร็จออกมาเป็นรูปร่างแล้วถึงนึกถึง - -""  เพราะงั้นในภาพด้านล่าง  น้ำสีเหลืองในถ้วยคือนมข้าวโพดที่พิมทำเสร็จเรียบร้อยแล้ว  ซึ่งพิมจะอธิบายวิธีการทำอีกทีในส่วนของขั้นตอนการทำ   แต่ส่วนผสมโดยรวมทั้งหมดที่ใช้คือตามรายละเอียด้านบนนะคะ ....... หวังว่าจะไม่งงเน๊าะ ^_^
 ",แคลน้อย,โปรตีนน้อย,ไขมันน้อย,คาร์บกลาง,"สาคูเม็ดเล็ก, น้ำร้อนจัด, ข้าวโพดหวาน, น้ำเปล่า, น้ำตาลทรายขาว, เกลือป่น, ใบเตยหอม ",ทำขนมไขมันน้อย เฮลตี้ มาจากข้าวโพด,อยากทำขนมสาคูเนื้อนุ่มใส่ข้าวโพดหวาน รสหวานกลมกล่อมหอมใบเตย,มีสาคูเม็ดเล็ก ใบเตย น้ำร้อน น้ำตาลทราย เกลือ อยากทำขนมไทยง่าย ๆ หวานหอมกินคลายร้อน
มินิโดนัทแฟนซี,":: ส่วนผสม ""มินิโดนัท"" :: 
- ไข่ไก่เบอร์หนึ่ง 4 ฟอง- น้ำตาลทราย 200 กรัม- นมจืด 100 กรัม- น้ำมันรำข้าว 90 กรัม- เกลือป่น 1/2 ช้อนชา- แป้งเค้ก 210 กรัม- ผงฟู 1 ช้อนโต๊ะ- กลิ่นวนิลา 1/4 ช้อนชา- กลิ่นวนิลาบัตเตอร์ 1/4 ช้อนชา  (ถ้าไม่มี ใช้กลิ่นวนิลาอย่างเดียวก็ได้) 
*** สูตรนี้ถ้าทำด้วยเครื่องทำโดนัท Fry King จะได้ประมาณ 45 ชิ้น",แคลมาก,โปรตีนน้อย,ไขมันสูง,คาร์บสูง,"ไข่ไก่, น้ำตาลทราย,  นมจืด, น้ำมันรำข้าว, เกลือป่น, แป้งเค้ก, ผงฟู, กลิ่นวนิลา, กลิ่นวนิลาบัตเตอร์",มีไข่ไก่ แป้งเค้ก น้ำตาล นมจืด น้ำมันรำข้าว ผงฟู กลิ่นวนิลา อยากทำเบเกอรี่ นุ่ม ๆ หอมกลิ่นวนิลาได้ไหม,ในครัวมีไข่ไก่ แป้งเค้ก นม น้ำตาล เกลือ ผงฟู กลิ่นวนิลา อยากทำขนมอบเนื้อนุ่มฟู หวานกำลังดี, อยากทำขนมอบง่าย ๆ หอมหวาน
คัพเค้กทูน่าหยองน้ำพริกเผา,":: ส่วนผสม “คัพเค้ก” ::
- แป้งสาลีสำหรับทำเค้ก (แป้งเค้ก)  120 กรัม- น้ำตาลทรายขาวป่น (ส่วนที่ 1)  85 กรัม- ผงฟู 1 + 1/4 ช้อนชา- เกลือป่น 1/2  ช้อนชา- ไข่ไก่ 4 ฟอง (พิมใช้เบอร์ 2) - น้ำมันพืช (น้ำมันคาโนล่า หรือน้ำมันรำข้าว) 60 กรัม- นมสดรสจืด 90 กรัม- น้ำตาลทรายขาวป่น (ส่วนที่ 2) 85 กรัม- ครีมออฟทาร์ทาร์ 1/4 ช้อนชา
***  ตามสูตรนี้จะได้คัพเค้กแบบในภาพ 16 ชิ้น  หรือประมาณเค้ก 3 ปอนด์  

:: ส่วนผสม “ทูน่าหยองน้ำพริกเผา” ::
- น้ำพริกเผา 75 กรัม  (เลือกแบบที่ไม่เค็ม)- มายองเนส 100 กรัม  (เลือกยี่ห้อที่ออกรสหวานเปรี้ยว ไม่เค็ม) - ปลาทูน่าหยอง  สูตรดั้งเดิม  TOONE 1 ซองหรือตามชอบ ",แคลมาก,โปรตีนกลาง,ไขมันกลาง,คาร์บสูง,"แป้งสาลี,  น้ำตาลทรายขาว, ผงฟู, เกลือป่น, ไข่ไก่, น้ำมันพืช, นมสดรสจืด, น้ำตาลทรายขาว, ครีมออฟทาร์ทาร์, น้ำพริกเผา,  มายองเนส 100 กรัม, ปลาทูน่าหยอง",อยากทำขนมอบที่ผสมรสเผ็ด ใช้แป้งสาลี น้ำพริกเผา ไข่ มายองเนส ปลาทูน่าหยอง,มีส่วนผสมแป้งสาลี ผงฟู ไข่ไก่ น้ำตาล มายองเนส น้ำพริกเผา ปลาทูน่าหยอง,มีแป้งสาลี ผงฟู ไข่ นมสด น้ำตาล หมูหยอง น้ำมันพืช อยากทำขนมอบนุ่มๆ ที่คนจีนชอบกินกัน
เค้กกล้วยหอมจิ๋ว,"- แป้งสาลีอเนกประสงค์ 180 กรัม- เบคกิ้งโซดา 3/4 ช้อนชา- ผงฟู 1/2 ช้อนชา- เกลือป่น 1/2 ช้อนชา- น้ำตาลทรายป่น 200 กรัม
- ไข่ไก่ 2 ฟอง  (พิมใช้เบอร์ 2) - น้ำมันรำข้าว 160 กรัม   หรือน้ำมันรำข้าว 80 กรัม + เนยละลาย 80 กรัม- กลิ่นวนิลา 1 ช้อนชา
- กล้วยหอมสุกงอม 200 กรัม- นมสดรสจืด 100 กรัม 
- เม็ดมะม่วงอบสุก บดละเอียด/หยาบตามชอบ  สำหรับโรยหน้าเค้ก
*** เอากล้วยหอมที่สุกงอมแล้ว ปอกเปลือกกล้วยออก  เก็บใส่กล่องแช่ตู้เย็นไว้คืนนึงก่อนนำมาใช้ เพื่อเป็นการบ่มกล้วย จะทำให้เค้กมีกลิ่นหอมของกล้วยมากขึ้นค่ะ
*** วันนี้พิมทำทีเดียว 2 สูตรครึ่ง เลยใช้ไข่ 5 ฟอง แต่ 1 สูตรคือใช้ไข่ 2 ฟอง เบอร์ 1 หรือเบอร์ 2 ก็ได้นะคะ",แคลมาก,โปรตีนสูง,ไขมันกลาง,คาร์บสูง,"แป้งสาลีอเนกประสงค์, เบคกิ้งโซดา,  ผงฟู, เกลือ, น้ำตาลทราย, ไข่ไก่, น้ำมันรำข้าว, เนยละลาย, กลิ่นวนิลา, กล้วยหอม, นมสด, เม็ดมะม่วง",ในครัวมีกล้วยหอม แป้งสาลี เบคกิ้งโซดา ผงฟู ไข่ นมสด เนยละลาย น้ำตาล เม็ดมะม่วง อยากทำขนมอบกลิ่นวนิลาหอม ๆ,อยากทำเค้กกล้วยหอมใส่เม็ดมะม่วงกรุบ ๆ ใช้แป้งสาลี น้ำตาล ไข่ เนย น้ำมันรำข้าว กลิ่นวนิลา,มีแป้งสาลี ผงฟู เบคกิ้งโซดา ไข่ น้ำตาล น้ำมันรำข้าว เนยละลาย กลิ่นวนิลา กล้วยหอม นมสด เม็ดมะม่วง อยากทำเมนูเค้กกล้วยอบง่าย ๆ
คุ๊กกี้ข้าวโอ๊ตกล้วยน้ำว้า,"- กล้วยน้ำว้าสุกงอม 4 ลูกอ้วนๆ - ข้าวโอ๊ต  75 กรัม- เม็ดมะม่วงหิมพานต์อบสุก 30 กรัม- อัลมอนด์สไลซ์  ไม่ต้องอบ 30 กรัม- เมล็ดฟักทอง ไม่ต้องอบ 30 กรัม- ลูกเกด  35 กรัม- งาขาว งาดำคั่ว รวมกัน 15 กรัม- น้ำตาลทรายแดง 2 ช้อนโต๊ะ - เกลือป่นเล็กน้อย
*** สำหรับลูกเกด  ชั่งน้ำหนักแล้วเอาไปแช่น้ำอุ่นสัก 5 นาที  เทใส่กระชอนพักให้สะเด็ดน้ำ แล้วค่อยนำมาใช้ค่ะ
*** 1 สูตรได้ 15 ชิ้นตามภาพ / วันนี้พิมทำเบิ้ล 2 สูตรนะคะ  😊😊",แคลมาก,โปรตีนกลาง,ไขมันน้อย,คาร์บสูง,"กล้วย, ข้าวโอ๊ต, เม็ดมะม่วงหิมพานต์อบสุก, อัลมอนด์สไลซ์, เมล็ดฟักทอง, ลูกเกด, งาขาว, งาดำ, น้ำตาลทรายแดง, เกลือป่น",มีกล้วย ข้าวโอ๊ต เมล็ดฟักทอง ลูกเกด ทำอะไรได้บ้าง เฮลตี้ๆ ไขมันน้อย ,ในครัวมีกล้วย ข้าวโอ๊ต ลูกเกด ถั่วหลากชนิด น้ำตาลทรายแดง เกลือ อยากทำเมนูขนมสุขภาพหรือของว่างกรุบกรอบ,มีข้าวโอ๊ต กล้วย ลูกเกด ถั่วต่าง ๆ น้ำตาลทรายแดง เกลือ อยากทำขนมธัญพืชดีต่อสุขภาพ
มินิครัวซองต์,"- แป้งพายชั้น 1 แพ็ค (12 แผ่น ๆ ละ 50 กรัม) - ไข่ไก่ครึ่งฟอง เบอร์อะไรก็ได้- นมสด 1 ช้อนโต๊ะ 
- น้ำผึ้ง 3 ช้อนโต๊ะ - น้ำตาลทราย 2 ช้อนโต๊ะ - ชินนามอนป่น (อบเชย) 1/4 ช้อนชา 
*** สูตรนี้ทำได้ 72 ตัว ตามในภาพ
*** สามารถปรับลดน้ำตาลและน้ำผึ้งได้ตามความหวานที่ชอบ",แคลกลาง,โปรตีนน้อย,ไขมันน้อย,คาร์บสูง,"แป้งพายชั้น, ไข่ไก่ครึ่งฟอง, นมสด, น้ำผึ้ง, น้ำตาลทราย, ชินนามอนป่น (อบเชย) ",มีแป้งพายชั้น ไข่ไก่ นมสด น้ำผึ้ง น้ำตาล และอบเชยป่น ทำขนมหวานกรอบๆ หอม,ในครัวมีแป้งพายชั้น ไข่ น้ำตาลอบเชย อยากทำขนมอบง่าย ๆ กลิ่นหอมอบเชย,ทำขนมแคลน้อย หอมอบย ทำมาจากแป้งพาย
Mini Matcha Brownies,"
:: ส่วนผสม ::
- White Chocolate 34% 140 กรัม- เนยเค็ม หั่นชิ้นเล็ก 50 กรัม- ไข่ไก่ (เบอร์ 1) 1 ฟอง  - น้ำตาลทราย 40 กรัม- แป้งสาลีอเนกประสงค์ 35 กรัม- มัทฉะ 25 กรัม
** ทำได้ 26-27 ชิ้นขนาดตามในภาพ
** ถ้าใช้เนยจืด ให้เพิ่มเกลือ 1/8 ช้อนชา",แคลมาก,โปรตีนน้อย,ไขมันน้อย,คาร์บสูง,"White Chocolate, เนยเค็ม, ไข่ไก่, น้ำตาลทราย, แป้งสาลีอเนกประสงค์, มัทฉะ",ในครัวมีไวท์ช็อกโกแลต มัทฉะ เนยเค็ม ไข่ น้ำตาล แป้งสาลี อยากทำขนมอบรสชาเขียวหวานมัน,มีผงชาเขียว เนย ช็อกโกแลต อยากทำขนมหวานอบอร่อยๆ ,มีแป้ง ชาเขรยว เนย ไข่ไก่ น้ำตาลทราย
เค้กกล้วยตากอัลมอนด์," 

:: ส่วนผสม ::
- แป้งสาลีอเนกประสงค์ 100 กรัม- แป้งเค้ก 140 กรัม- ผงฟู 2 ช้อนชา- เกลือป่น 1/2 ช้อนชา- น้ำตาลทรายแดง (ร่อนแล้ว) 120 กรัม- น้ำตาลทรายขาว 80 กรัม
- ไข่ไก่ (เบอร์ 1) 4 ฟอง- น้ำมันรำข้าว 100 กรัม- เนยเค็ม (ละลาย แล้วพักไว้ให้พออุ่นๆ)  100 กรัม- นมข้นจืด 100 กรัม- กลิ่นวนิลา 2 ช้อนชา
- กล้วยตาก หั่นชิ้นเล็ก 300 กรัม- แป้งสาลีอเนกประสงค์ (สำหรับคลุกกล้วยตาก) 5 กรัม- อัลมอนด์สไลซ์ 60 กรัม 
*** สูตรนี้ ถ้าทำใส่กระทงฟอยด์เบอร์ 3010 (ตามในภาพล่างสุด) จะได้ 6 ชิ้น   
แต่ถ้าทำใส่ถาด และต้องการให้เค้กมีความหนาใกล้เคียงกับของพิม ให้ใช้ถาดที่มีความกว้าง x ยาว ประมาณ 100 - 110 ตารางนิ้ว เช่น ถาดขนาด 10x10 นิ้ว   ถาดขนาด 11*10 นิ้ว ประมาณนี้นะคะ   แต่ถ้าใครต้องการให้เค้กมีความบางกว่านี้  ก็ให้ใช้ถาดที่มีขนาดกว้างxยาวมากกว่านี้ได้ค่ะ  ",แคลมาก,โปรตีนกลาง,ไขมันสูง,คาร์บสูง,"แป้งสาลีอเนกประสงค์, แป้งเค้ก, ผงฟู, เกลือป่น, น้ำตาลทรายแดง, น้ำตาลทรายขาว, ไข่ไก่, น้ำมันรำข้าว, เนยเค็ม,  นมข้นจืด, กลิ่นวนิลา, กล้วยตาก, แป้งสาลีอเนกประสงค์, อัลมอนด์สไลซ์","แป้งสาลีอเนกประสงค์, แป้งเค้ก, ผงฟู, เกลือป่น, น้ำตาลทรายแดง, น้ำตาลทรายขาว, ไข่ไก่ ทำอะไรกินได้บ้าง",อยากกินอัลมอนด์เยอะๆ เลยซื้อมาเป็นโล แต่ไม่รู้จะเอาไปทำอะไรกินดี ช่วยคิดเมนูหน่อยสิ,มีกล้วย ไข่ เนย นม แป้ง ทำขนมอร่อยๆ 
เต้าฮวยเย็นน้ำขิง,"- นมถั่วเหลืองออร์แกนิค พาสเจอร์ไรส์แบบหวานน้อย โทฟุซัง 1 ขวด (830 มิลลิลิตร) - เจลาตินแบบแผ่น 5 แผ่น
- น้ำตาลทรายแดง 150 กรัม- น้ำเปล่า 130 กรัม- ขิงแก่หั่นแว่น 5 ชิ้น 
- งาขาวคั่ว 2 ช้อนโต๊ะ - ถั่วลิสงคั่ว ไม่มีเปลือก 4 ช้อนโต๊ะ - น้ำตาลทรายแดงแบบเม็ด ตามชอบ (ใส่หรือไม่ใส่ก็ได้)",แคลกลาง,โปรตีนน้อย,ไขมันน้อย,คาร์บสูง,"นมถั่วเหลือง, เจลาตินแบบแผ่น, น้ำตาลทรายแดง, น้ำเปล่า,  ขิงแก่, งาขาว, ถั่วลิสง, น้ำตาลทรายแดง",มีนมถั่วเหลือง เจลาติน น้ำตาลทรายแดง ขิงแก่ งาขาว ถั่วลิสง อยากทำของหวานนุ่ม ๆ หวานหอมรสขิงได้ไหม, มีนมถั่วเหลือง น้ำตาลทรายแดง เจลาติน ขิงแก่ ทำอะไรก็ได้ที่ลื่นๆคอ ,อยากกินเต้าฮวยเย็นน้ำขิง
เค้กง่ายๆ จากไมโครเวฟ,- แป้งบัตเตอร์เค้กสำเร็จรูป 1 ถ้วยตวง - เนยจืด 4 ช้อนโต๊ะ - นมสดจืด (ส่วนที่ 1) 4 ช้อนโต๊ะ   - นมสดจืด (ส่วนที่ 2) 1 ช้อนโต๊ะ - ไข่ไก่ 1 ฟอง (เบอร์ 2) - Semi Sweet Chocolate 1/4 ถ้วยตวง,แคลกลาง,โปรตีนน้อย,ไขมันกลาง,คาร์บน้อย,"แป้งบัตเตอร์เค้กสำเร็จรูป, เนยจืด,  นมสดจืด, ไข่ไก่,  Semi Sweet Chocolate ",อยากทำขนมหวาน ง่ายๆ จากไมโครเวฟ,มีแป้ง เนย นม ผงโกโก้ ทำอะไรดี ,อยากทำเค้ก หิวเค้กก
Almond Brownies,- แป้งสาลีอเนกประสง์ 70 กรัม- เนยจืด 150 กรัม- น้ำตาลทรายแดง มิตรผล   225 กรัม- ผงโกโก้ 80 กรัม- ไข่ไก่ฟองใหญ่ 2 ฟอง- กลิ่นวนิลา 1 ช้อนชา- เกลือป่น 1/4 ช้อนชา- อัลมอนด์อบสุก สับหยาบ 150 กรัม   (หรือมากน้อยกว่านี้ตามชอบ),แคลมาก,โปรตีนกลาง,ไขมันกลาง,คาร์บสูง,"แป้งสาลีอเนกประสง์, เนยจืด, น้ำตาลทรายแดง, ผงโกโก้, ไข่ไก่, กลิ่นวนิลา, เกลือป่น, อัลมอนด์อบสุก",ในครัวมีแป้งสาลีอเนกประสงค์ เนยจืด น้ำตาลทรายแดง ไข่ ผงโกโก้ อัลมอนด์ กลิ่นวนิลา อยากทำขนมอบรสเข้มข้,มีผงโกโก้ แป้งสาลี ไข่ไก่ เนย น้ำตาลทรายแดง อัลมอนด์ อยากทำขนมอบแนวช็อกโกแลตแบบหนึบ ๆ ,อยากทำบราวนี่เนื้อแน่นหอมโกโก้ หวานนิด ๆ ใส่อัลมอนด์กรุบ ๆ ใช้ไข่ เนย น้ำตาลทรายแดง
ทาร์ตมันม่วง,"

:: ส่วนผสมและเครื่องปรุง ""ถ้วยทาร์ต"" ::
- แป้งสาลีอเนกประสงค์ 220 กรัม- ผงฟู 1/3 ช้อนชา- เกลือป่น 1/4 ช้อนชา- เนยจืด หั่นชิ้นเล็ก แช่เย็นจัด 80 กรัม- น้ำตาลทรายป่น 60 กรัม- ไข่ไก่ 1 ฟอง- กลิ่นวนิลา 1/2 ช้อนชา

:: ส่วนผสมและเครื่องปรุง ""ไส้ทาร์ต"" ::
- มันม่วงดิบ  350-400 กรัม  หรือ มันม่วงนึ่งสุก 300 กรัม- หัวกะทิข้น ๆ ต้มสุก (พิมใช้กะทิกล่อง-ไม่ต้องต้ม)  120 มิลลิลิตร- น้ำตาลทรายขาวป่น  70 กรัม- เนยจืด 40 กรัม- เกลือป่น 1/4 ช้อนชา",แคลมาก,โปรตีนกลาง,ไขมันกลาง,คาร์บสูง,"แป้งสาลีอเนกประสงค์, ผงฟู, เกลือป่น, เนยจืด, น้ำตาล, ไข่ไก่, กลิ่นวนิลา, มันม่วงดิบ, มันม่วงนึ่ง, หัวกะทิ, น้ำตาลทราย, เนยจืด, เกลือป่น",มีแป้งสาลี ไข่ น้ำตาล มันม่วง หัวกะทิ เนย เกลือป่น อยากทำเมนูเบเกอรี่,อยากทำขนมอบจากมันม่วง ใช้แป้งสาลี ไข่ เนย หัวกะทิ น้ำตาล และมันม่วงนึ่ง,อยากทำเค้กหรือขนมอบรสมันม่วงใส่หัวกะทิและกลิ่นวนิลา หอมฟูนุ่มไม่หวานจัด
Summer Honey Toast,"

:: ส่วนผสม ""ฮันนี่โทสต์"" ::
- ขนมปังแซนด์วิชแผ่นหนา 2 แผ่น- เนยจืด หรือ เนยเค็ม 3 ช้อนโต๊ะ  (ถ้าชอบเยอะ จะใช้เยอะกว่านี้ก็ได้)
- น้ำผึ้ง 2 ช้อนโต๊ะ  (หรือมากน้อยกว่านี้ตามชอบ)- ไอศกรีม รสชาติที่ชอบ 2  สกู๊ป- วิปปิ้งครีม ตามชอบ  (ถ้าไม่มีก็ไม่ต้องใช้) 
- สตรอเบอรี่ผลใหญ่  3 ผล- กล้วยหอมสุก แต่ไม่งอม 1 ผล- กีวี 1/2 ผล- แก้วมังกร 1/4 ผล
:: ส่วนผสม ""กาแฟดำ"" ::
- กาแฟคั่วบด  4 ช้อนโต๊ะ - น้ำสำหรับชงกาแฟ 340  มิลลิลิตร  (สำหรับกาแฟ 2 แก้ว)
*** ไม่จำเป็นว่าจะต้องใช้ผลไม้ 4 อย่าง เหมือนที่พิมใช้ จะใช้แค่อย่างเดียว สองอย่าง หรือสามอย่างก็ได้นะคะ  และจะใช้เป็นผลไม้อื่นก็ได้เช่นกัน   ขอให้เป็นผลไม้เนื้อนุ่ม แต่ไม่นิ่ม  อย่างเช่น  องุ่น  มะม่วง  ส้ม อ่ะค่ะ
*** สัดส่วนกาแฟต่อน้ำสำหรับชงกาแฟตามด้านบน พิมประมาณให้คร่าว ๆ  แต่ถ้าใครชอบกาแฟที่เข้มหรืออ่อนกว่านี้ ก็เพิ่มลดกาแฟได้ตามชอบเลยนะค",แคลมาก,โปรตีนกลาง,ไขมันสูง,คาร์บสูง,"ขนมปังแซนด์วิชแผ่นหนา, เนยจืด, เนยเค็ม, น้ำผึ้ง, ไอศกรีม, วิปปิ้งครีม, สตรอเบอรี่, กล้วยหอมสุก, กีวี, แก้วมังกร, กาแฟ, น้ำ",อยากทำของหวานแนวโทสต์ผลไม้หรือเฟรนช์โทสต์ เสิร์ฟพร้อมไอศกรีม น้ำผึ้ง และผลไม้สด,มีขนมปังหนา เนยเค็ม น้ำผึ้ง ไอศกรีม วิปครีม ผลไม้หลากหลาย อยากทำเมนูโทสต์หวานเย็นแบบคาเฟ่,มีขนมปังแผ่นหนา เนย น้ำผึ้ง ไอศกรีม วิปครีม ผลไม้สดหลากหลาย อยากทำฮันนี่โทสต์หวาน ๆ หอมเนยกินกับไอศกรีม
Chocolate Chip Banana Bread,- แป้งสาลีอเนกประสงค์ 200 กรัม- เบคกิ้งโซดา 1 ช้อนชา- เนยจืดละลาย 100 กรัม- น้ำตาลทรายป่น  120 กรัม- กล้วยหอม 4 ลูก ประมาณ 350 กรัม (ไม่รวมเปลือก) - ไข่ไก่ 1 ฟองใหญ่- กลิ่นวนิลา 1 ช้อนชา- เกลือป่น 1/4 ช้อนชา- ช๊อคโกแลตชิพ 75 กรัม - เม็ดมะม่วงหิมพาน อบสุก สับหยาบ 75 กรัม,แคลมาก,โปรตีนกลาง,ไขมันกลาง,คาร์บสูง," แป้งสาลีอเนกประสงค์, เบคกิ้งโซดา,  เนยจืด, น้ำตาลทราย, กล้วยหอม, ไข่ไก่, กลิ่นวนิลา, เกลือป่น, ช๊อคโกแลตชิพ, เม็ดมะม่วงหิมพานต์",มีวัตถุดิบครบสำหรับเค้กกล้วยหอมแบบเข้มข้นใส่ช็อกโกแลตชิพและเม็ดมะม่วงหิมพานต์ อยากได้เมนูอบง่าย ๆ,อยากเอากล้วยมาทพเค้กกกก ใส่ช็อคชิพเยอะๆๆ,อยากกินเค้กกล้วยหอม อร่อยๆ
Chocolate Banana Muffin,- แป้งอเนกประสงค์  1 + ½ ถ้วย- ผงโกโก้ ½ ถ้วย- น้ำตาลทรายแดงสำหรับเบเกอรี่ มิตรผล  ¾ ถ้วย- ผงฟู 2 ช้อนชา- เบคกิ้งโซดา ½ ช้อนชา- เกลือป่น ½  ช้อนชา- ช๊อคโกแลตชิพ 1 ถ้วย- ไข่ไก่ (เบอร์ 1)  1 ฟอง- กล้วยหอมบด  300 กรัม- กลิ่นวนิลา  2 ช้อนชา- น้ำมันคาโนล่า หรือ รำข้าว  ¼ ถ้วย- โยเกิร์ตรสธรรมชาติขนาดถ้วยละ 240 มิลลิลิตร,แคลมาก,โปรตีนกลาง,ไขมันกลาง,คาร์บสูง,"แป้งอเนกประสงค์, ผงโกโก้, น้ำตาลทรายแดง,  ผงฟู,  เบคกิ้งโซดา, เกลือป่น, ช๊อคโกแลตชิพ, ไข่ไก่, กล้วยหอม, กลิ่นวนิลา,  น้ำมันคาโนล่า, รำข้าว, โยเกิร์ตรสธรรมชาติ",ในครัวมีแป้งอเนกประสงค์ ผงโกโก้ ช็อกโกแลตชิพ กล้วยหอม น้ำมันคาโนล่า โยเกิร์ต อยากทำขนมอบช็อกโกแลตกล้วยนุ่ม ๆ,อยากทำขนมที่ใช้น้ำมันคาโนล่า โยเกิร์ต น้ำตาลทรายแดง เพิ่มความนุ่ม,มีกล้วยหอม ผงโกโก้ แป้ง ผงฟู โยเกิร์ต น้ำมัน รำข้าว ไข่ไก่ อยากทำขนมอบเนื้อนุ่มหอมกลิ่นช็อกโกแลตแบบเพื่อสุขภาพ
ปังกรอบคาราเมล,"- ขนมปังแซนด์วิช 15 - 16  แผ่น  หรือถ้ามีแต่หัวท้ายขนมปังก็ใช้สัก 20 แผ่น - น้ำตาลทรายไม่ฟอกสี 120 กรัม   - เนยจืด 110 กรัม- น้ำผึ้ง 2 ช้อนโต๊ะ - เกลือป่น 1/4 ช้อนชา- นมจืด 50 มิลลิลิตร
***  ถ้าไม่ชอบหวานมาก ลดน้ำตาล และเนยลงได้
*** ถ้าชอบให้มีธัญพืชด้วย เช่น งาขาว งาดำ เมล็ดฟักทอง เมล็ดทานตะวัน ใส่ได้ตามชอบ  #ใส่ตอนคลุกขนมปังกับคาราเมล",แคลมาก,โปรตีนน้อย,ไขมันกลาง,คาร์บสูง,"ขนมปังแซนด์วิช, น้ำตาลทรายไม่ฟอกสี, เนยจืด, น้ำผึ้ง, เกลือ, นมจืด ",อยากทำขนมปังอบกรอบราดน้ำผึ้งและเนย หวานหอมธรรมชาติ ใช้นมจืดผสม,ในครัวมีขนมปัง น้ำผึ้ง น้ำตาลทราย เนยจืด เกลือ นมจืด อยากทำของหวานอบเบา ๆ,อยากกินอะไร กรอบๆ หวานๆ ทำมาจากขนมปัง
Chocolate Lava,- แป้งเค้ก 30 กรัม- เนยจืด 130 กรัม- Chocolate 130 กรัม- ผงโกโก้  10 กรัม- น้ำตาลทรายแดง สำหรับเบเกอรี่ มิตรผล  90 กรัม- ไข่ไก่ (เบอร์ 2) 3 ฟอง,แคลมาก,โปรตีนน้อย,ไขมันกลาง,คาร์บสูง,"แป้งเค้ก, เนยจืด, Chocolate, ผงโกโก้, น้ำตาลทรายแดง, ไข่ไก่",อยากทำขนมช็อคโกแลตอร่อยๆ ,ขนมช็อกโกแลตลาวา เยิ้มๆ ,"ทำอะไรได้บ้าง แป้งเค้ก, เนยจืด, Chocolate, ผงโกโก้, น้ำตาลทรายแดง, ไข่ไก่"
