ชื่ออาหาร,วัตถุดิบ
ขนมผิง,"แป้งมัน2 ถ้วยตวง
น้ำตาลทราย150 กรัม
กะทิ(อบควันเทียน)1/2 ถ้วยตวง
ไข่แดง1 ฟอง
น้ำเปล่า2 ช้อนโต๊ะ"
ไข่หวานต้นหอมญี่ปุ่น,"aro ต้นหอมญี่ปุ่นอินทรีย์ 200 กรัม
ไข่ไก่ 6 ฟอง
โชยุ 1 ช้อนโต๊ะ 
มิริน 1 ช้อนโต๊ะ
น้ำตาล 1 ช้อนโต๊ะ
น้ำสะอาด 50 กรัม"
ข้าวไข่ข้นกุ้ง เนื้อนุ่มละมุนลิ้น,"ไข่ไก่เบอร์ 01 ฟอง
ซีอิ๊วขาว1 /2ช้อนชา
นมสด (พร่องมันเนย)1 ช้อนโต๊ะ
น้ำมัน1/2 ช้อนชา
กุ้งลวกสุกแล้ว5 ตัว"
ข้าวไข่ข้นกิมจิเบคอนกรอบ,"เบคอน 200 กรัม  
ไข่ 4 ฟอง  
ต้นหอม ตามชอบ  
กิมจิ 50 กรัม  
ข้าว 1 ถ้วย  
โคชูจัง 1 ช้อนโต๊ะ  
น้ำมันหอย 1/2 ช้อนโต๊ะ  
น้ำปลา 1/2 ช้อนโต๊ะ"
ไข่พะโล้โบราณ สูตรไม่ง้อเครื่องยาจีน,"ไข่ไก่หรือไข่เป็ด10 ฟอง
น้ำตาลปีบ3-4 ช้อน
ซีอิ้วดำหวาน2 ช้อน
หมูสามชั้น1/2 โล
พริกไทย15-20 เม็ด
รากผักชี3-4 ต้น
กระเทียม10-15 กลีบ
น้ำมัน1-2 ช้อน
ซี้อิ้วขาว4-5 ช้อน
ผงปรุงรสหมู1 ช้อน
เกลือ1 ช้อน"
พิซซ่าไข่ขาว,"ไข่ขาวเหลวพาสเจอร์ไรซ์แช่เย็น 300 กรัม 
ควินัวต้มสุก 2 ช้อนโต๊ะ 
ซอสพิซซ่าสำเร็จรูป 3 ช้อนโต๊ะ 
มอสเซอเรลล่าชีส 100 กรัม 
พริกหวานสามสีหั่นเส้น 30 กรัม 
มะเขือเทศเชอร์รี่หั่นครึ่ง 30 กรัม 
เห็ดแชมปิญองสไลด์ 20 กรัม 
เชดดา ชีส 50 กรัม 
ใบโหระพา 5 กรัม"
ไข่ลูกเขย,"ไข่เป็ด4 ฟอง
พริกชี้ฟ้าแห้ง (ทอด)10 เม็ด
หอมเจียว1 ช้อนโต๊ะ
ผักชีสำหรับโรยหน้า
น้ำปลา1 ช้อนโต๊ะ
น้ำตาลปี๊ป3 ช้อนโต๊ะ
น้ำมะขามเปียกเข้มข้น3 ช้อนโต๊ะ
น้ำมันสำหรับทอด"
ไข่เจียวสามเกลอ,"ไข่ไก่ 3 ฟอง  
ไข่แดงเค็ม 5 ฟอง  
ไข่เยี่ยวม้า 2 ฟอง 
หมูสับ 80 กรัม  
กุ้งสับ 50 กรัม  
น้ำปลา 1 ช้อนโต๊ะ  
ผงปรุงรส 1 ช้อนชา"
ไข่แดงดองน้ำปลากวน,"ไข่ไก่10 ฟอง
น้ำปลาเมกาเชฟ1 ถ้วยตวง
น้ำตาลมะพร้าว50 กรัม
น้ำตาลทราย50 กรัม
น้ำเปล่า1 ถ้วยตวง"
เบคอนคัพไข่ชีส,"ไข่ไก่ออร์แกนิค ตรา เอโร่ 10 ฟอง
เบคอน 150 กรัม 
ชีสมอซซาเรลล่า 100 กรัม 
ต้นหอม สำหรับตกแต่ง
เกลือ เล็กน้อย
พริกไทย เล็กน้อย"
ไข่เป็ดต้มยางมะตูม,"ไข่เป็ด3ฟอง
เกลือ1ช้อนโต๊ะ"
ไข่ต้มดองซีอิ๊ว,"ไข่ไก่ 8 ฟอง  
ซีอิ๊วญี่ปุ่น 1/2 ถ้วยตวง  
น้ำสะอาด 1 ลิตร  
งาขาวคั่ว 1/4 ถ้วยตวง  
พริกจินดาแดงซอย 3 เม็ด  
พริกจินดาเขียวซอย 3 เม็ด 
มิริน 1/4 ถ้วยตวง "
ไชโป๊วผัดไข่,"หัวไชโป๊ว(รสหวาน) หั่นเป็นเส้น200 กรัม
ไข่2 ฟอง
กระเทียมสับ1 ช้อนโต๊ะ
น้ำตาลทรายเล็กน้อย
ซีอิ๊วขาว
น้ำมันสำหรับผัด "
ข้าวผัดอเมริกันไข่ข้น,"น่องไก่ 2 น่อง  
เกลือ เล็กน้อย  
พริกไทย เล็กน้อย 
แป้งทอดกรอบ 1/2 ถ้วยตวง  
ไส้กรอก ตามชอบ  
หอมหัวใหญ่สับ 2 ช้อนโต๊ะ 
กระเทียมสับ 1 ช้อนโต๊ะ 
ลูกเกดดำ 2 ช้อนโต๊ะ  
ผักสามสี 3 ช้อนโต๊ะ  
ข้าวหอมมะลิแช่เย็น 2 ถ้วย  
เกลือ 1 ช้อนชา 
พริกไทยป่น 1/2 ช้อนชา  
เนยจืด 2 ช้อนโต๊ะ  
ซอสมะเขือเทศ 3 ช้อนโต๊ะ  
น้ำตาลทราย 1 ช้อนโต๊ะ  
ซีอิ๊วขาว 1 ช้อนโต๊ะ  
ไข่ไก่ 2 ฟอง  
นมสด 2 ช้อนโต๊ะ  
เกลือ 1/2 ช้อนชา 
พริกไทย 1/2 ช้อนชา"
ก๋วยเตี๋ยวคั่วไก่ แบบง่าย,"เส้นใหญ่300กรัม
ไข่ไก่2 ฟอง
ซีอิ๊วขาว2 ช้อนโต๊ะ
น้ำตาล2 ช้อนชา
เกลือ 1/2 ช้อนชา1/2 ช้อนชา
ต้นหอม ผักชีซอย1 ช้อนโต๊ะ
น้ำมันพืชหรือน้ำมันหมูเล็กน้อย
--เครื่องปรุงหมักไก่--
อกไก่หั่นชิ้นพอคำ200 กรัม
น้ำตาลทราย1 ช้อนชา
แป้งมัน1 ช้อนโต๊ะ
พริกไทย1/2 ช้อนชา"
ไข่เจียวทรงเครื่องซอสมันกุ้ง,"ไข่ไก่ 5 ฟอง 
น้ำปลา 1 ช้อนโต๊ะ 
ซอสปรุงรส 1 ช้อนโต๊ะ  
เนื้อกุ้งหั่นชิ้น 300 กรัม  
ผงฟู 1/2 ช้อนชา  
มันหัวกุ้ง 3 ช้อนโต๊ะ  
น้ำสต๊อกไก่ 200 มิลลิลิตร  
ซีอิ๊วขาว 2 ช้อนโต๊ะ  
น้ำตาลทราย ½ ช้อนโต๊ะ 
กุ้งลายเสือ 150 กรัม  
ผักสามสี 50 กรัม  
แป้งข้าวโพดผสมน้ำ 2 ช้อนโต๊ะ  
ต้นหอมซอย สำหรับตกแต่ง"
ไข่ดองน้ำปลาแบบง่ายกว่านี้ไม่มีอีกแล้ว,"ไข่แดงสด4 ใบ
น้ำปลา125 ml
น้ำเปล่าสะอาด250 ml
น้ำตาลปี้บ1/3 cup
พริกแดงสดซอยตามชอบ
ต้นหอมสดซอยตามชอบ "
เทนชินฮัง,"วัตถุดิบน้ำราด เนยจืด 15 กรัม  
โชยุ 2 ช้อนโต๊ะ  
น้ำสต๊อกไก่ 200 มิลลิลิตร  
น้ำตาลทราย ½ ช้อนโต๊ะ  
เกลือ ½ ช้อนชา 
พริกไทย ½ ช้อนชา  
น้ำส้มสายชูข้าว ½ ช้อนโต๊ะ  
น้ำมันงา 1 ช้อนชา  
แป้งมันละลายน้ำ 1 ช้อนโต๊ะ วัตถุดิบข้าวหน้าไข่
ปูอัด 80 กรัม  
ไข่ไก่ 4 ฟอง  
มายองเนส 2 ช้อนชา  
ซุปดาชิ 1 ช้อนโต๊ะ  
เกลือ ½ ช้อนชา 
พริกไทย ½ ช้อนชา 
น้ำมันพืช 1 ช้อนโต๊ะ  
ข้าวญี่ปุ่นหุงสุก 1 ถ้วยตวง  
ถั่วลันเตาลวก สำหรับโรยหน้า"
แตงกวาผัดไข่,"น้ำมัน1 ช้อนโต๊ะ
กระเทียมสับ15 กลีบ
แตงกวา500 กรัม
น้ำสะอาด1/2 ถ้วยเล็ก
น้ำตาลทราย3 ช้อนชา
ผงปรุงรส1 ช้อนชา
น้ำปลา1/2 ช้อนโต๊ะ
ซีอิ้วปรุงรส1 ช้อนโต๊ะ
น้ำมันหอย3-4 ช้อนโต๊ะ
พริกไทยป่น1/2 ช้อนชา
ไข่3 ฟอง"
ดอกมะลิผัดไข่,"ดอกมะลิตูม (แนะนำใช้แบบปลูกเอง ไม่ใช้ยาฆ่าแมลง) 200 กรัม 
ไข่ไก่ 3 ฟอง  
กระเทียม 1 หัว 
ซีอิ๊วขาว 1 ช้อนโต๊ะ 
ซอยหอยนางรม 1 1/2 ช้อนโต๊ะ
พริกไทยขาวป่น 1 ช้อนชา  
ผักชี สำหรับตกแต่ง"
ปีกไก่ทอดน้ำปลา,"ปีกไก่ครึ่งโล
น้ำปลาแท้2 ช้อนช้อน
แป้งสำหรับทอด3-4 ช้อน
น้ำมันสำหรับทอดปริมาณให้ทั่วเนื้อไก่
ซีอิ้วขาว2 ช้อน"
ไก่ย่างจิ้มแจ่ว,"เนื้อสะโพกไก่ 2 ชิ้นใหญ่ 
น้ำมันมะกอก 2 ช้อนโต๊ะ 
ผงปรุงรส 2 ช้อนชา 
น้ำมันหอย 2 ช้อนโต๊ะ  
ซีอิ๊วขาว 2-3 ช้อนโต๊ะ 
สามเกลอ 1 ข้อนโต๊ะ  
วัตถุดิบ “น้ำจิ้มแจ่ว”
น้ำปลา 2 ช้อนโต๊ะ 
น้ำมะนาว 1 ช้อนโต๊ะ  
พริกป่น 1 ช้อนโต๊ะ  
น้ำตาลปี๊บ 1 ช้อนโต๊ะ  
ข้าวคั่ว 2 ช้อนโต๊ะ  
หอมแดงซอย ตามชอบ  
ผักชีฝรั่งซอย ตามชอบ"
บาร์บีคิว สูตรทำขาย และทำกิน,"หมูสันคอ1 กิโลกรัม
หมูส่วนสะโพก3กิโลกรัม
กระเทียมโขลกละเอียด2 ช้อนโต๊ะ
ผักชีซอย ใช้ต้นใหญ่2 ต้น
พริกไทยดำ.ขาว โขลกละเอียด3 ช้อนโต๊ะ
นมสดคาเนชั่นครึ่ง กระป๋อง
น้ำมันพืช1 ช้อนโต๊ะ
รสดี ผงปรุงรส2 ช้อนโต๊ะ
น้ำตาลทราย6 ช้อนโต๊ะ
น้ำตาลปีบ3 ช้อนโต๊ะ
เกลือ1 ช้อนโต๊ะ
ซอสบาร์บีคิวที่ผสมเรียบร้อย12 ช้อนโต๊ะ
ซีอิ้วดำ3 ช้อนโต๊ะ
ซอสฝาเขียว2 ช้อนโต๊ะ
สับปะรดเนื้อแน่น2 ลูก ใหญ่
พริกหยวก.พริกชีฟ้าแดงครึ่ง กิโลกรัม
หอมใหญ่.หรือ หอมแขก3 หัว
มะเขือเทศราชินี200 กรัม
ซอสบาร์บีคิว1 ถ้วยตวง
ซอสมะเขือเทศ1 ถ้วยตวง ครึ่ง
ซอสพริก1 ถ้วยตวง
น้ำเปล่า1 ถ้วยตวง
พริกป่นละเอียด . หรือผงปาปริก้า1 ช้อนโต๊ะ
ผงพะโล้ครึ่งช้อนโต๊ะ
กระเทียมสับละเอียด1 ช้อนโต๊ะ
เนย1 ช้อนโต๊ะ"
ปีกกลางไก่พาร์เมซานกระเทียม,"ปีกกลางไก่ จาก โลตัส 500 กรัม
กระเทียมสับ 40 กรัม
เนย 50 กรัม
พาร์เมซานชีส 50 กรัม
ผงกระเทียม 2 ช้อนชา
เกลือ 1/2 ช้อนชา
พริกไทย 1/2 ช้อนชา
เลมอน สำหรับกินเคียง
แป้งทอดกรอบ 1 ถ้วย
พาร์สลีย์ สำหรับตกแต่ง"
ขนมจีนน้ำยากะทิตีนไก่,"เนื้อไก่บดละเอียด3 ขีด
น้ำกะทิคั้นครึ่งโล
พริกแกงเผ็ด2 ขีด
กระชาย1 หัว
ใบมะกรูด4-5 ใบ
ตีนไก่1 โล
เลือดไก่1 ก้อน
ลูกชิ้นปลาครึ่งโล
น้ำตาลทรายแดง3 ช้อนโต๊ะ
เกลือ1 ช้อนโต๊ะ
รสดี1 ช้อนโต๊ะ
ขนมจีน1 โล
ผักเคียงตามชอบ"
เคบับไก่,"น่องติดสะโพก เลาะกระดูกออก 3 ชิ้น  
ผงยี่หร่า 1/2 ช้อนโต๊ะ  
ผงลูกผักชี 1/2 ช้อนโต๊ะ  
ผงมาซาล่า 1/2 ช้อนโต๊ะ  
ผงกะหรี่ 1/2 ช้อนโต๊ะ  
ผงปาปริก้า 1/2 ช้อนโต๊ะ  
พริกไทยดำตำ 1/2 ช้อนโต๊ะ  
กระเทียม 1 หัว  
หอมหัวใหญ่ 1 หัว วัตถุดิบซอสโยเกิร์ต 
โยเกิร์ตรสธรรมชาติ 2 ถ้วย  
มายองเนส 2 ช้อนโต๊ะ 
กระเทียมใหญ่ 6 กลีบ  
พริกไทยดำ 1/2 ช้อนชา  วัตถุดิบซอสชีส  
เนยจืด 2 ช้อนโต๊ะ  
แป้งข้าวโพด 1 ช้อนโต๊ะ  
นมจืด 250 มล.
ชีสแผ่น 6-7 แผ่น วัตถุดิบอื่น ๆ
มะเขือเทศ ตามชอบ  
ผักสลัด ตามชอบ 
แผ่นแป้งเคบับ"
แกงไก่เส้นร้อน(วุ้นเส้น),"ไก่1/2 ตัว
วุ้นเส้นขนาด 100 กรัม1 ห่อ
หัวหอมหั่น3 ช้อนโต๊ะ
ตะไคร้ซอย2 ช้อนโต๊ะ
พริกขี้หนูแห้ง6-8 เม็ด
พริกขี้หนูสีแดง4 เม็ด
เกลือ1 ช้อนโต๊ะ
น้ำปลา3 ช้อนโต๊ะ
ใบมะกรูด10 ใบ
ใบแมงลักตามชอบ
ต้นหอมหั่นท่อน3 ต้น
น้ำเปล่า4 ถ้วย
ตะไคร้หั่นท่อน2 ต้น"
ไก่กรอบซอสน้ำปลาภูเขาไฟ,"สะโพกไก่ติดน่องเลาะกระดูก 4 ชิ้น  
ผงปรุงรสไก่ 1 ช้อนชา  
น้ำปลา 1 ช้อนโต๊ะ  
แป้งทอดกรอบ 1 ถ้วยตวง  
ข้าวสวย สำหรับจัดเสิร์ฟ วัตถุดิบซอสน้ำปลา
น้ำตาลมะพร้าว 250 กรัม  
น้ำเปล่า 100 มิลลิลิตร  
น้ำปลา 100 มิลลิลิตร "
ซุปไก่อย่างง่าย,"น่องไก่บน6 ชิ้น
มันฝรั่ง2-3 ผล
แครอท1 หัว
หอมใหญ่1-2 หัว
มะขือเทศสีดา/ท้อ2-4 / 2 ผล
เกลือสมุทร1-2 ช้อนโต๊ะ
น้ำซุปหรือน้ำเปล่า1-1.5 ลิตร
ซอสปรุงรส/ซีอิ้วขาว1-2 ช้อนโต๊ะ"
ตีนไก่ใต้น้ำ,"ตีนไก่ 1 กิโลกรัม
น้ำปลาร้า 1 ถ้วยตวง
น้ำปลา 2 ช้อนโต๊ะ
ผงปรุงรส 1 ช้อนโต๊ะ
หอมแดง 10 หัว
กระเทียมไทย 2 ช้อนโต๊ะ
ข่า 1/2 แง่ง
ตะไคร้ 3 ต้น
ใบมะกรูด 3 ใบ
ผักชีลาว 3 ต้น
ต้นหอม 3 ต้น
น้ำสะอาด 2 ลิตร
พริกจินดาแดง"
ปีกไก่ทอดไร้น้ำมัน,"ปีกไก่10 ชิ้น
น้ำปลา1 ช้อนโต๊ะ
เกลือ1 ช้อนชา"
ไก่กระวานผัดเผ็ด,"สะโพกไก่ 1 กิโลกรัม  
หน่อกระวาน 3 หน่อ  
น้ำสต๊อกไก่ 1/4 ถ้วยตวง  
พริกชี้ฟ้าเขียว 2 เม็ด  
พริกชี้ฟ้าแดง 1 เม็ด  
ใบมะกรูด 5 ใบ 
น้ำปลา 1/2ช้อนโต๊ะ  
น้ำมัน 2 ช้อนโต๊ะ วัตถุดิบพริกแกง
ข่า 5 แว่น 
ตะไคร้ 1 ต้น 
ผิวมะกรูด ½ ผล  
กระเทียมไทย 10 กลีบ  
เกลือ ½ ช้อนชา  
พริกขี้หนูสวน ¼ ถ้วยตวง  
กะปิ 2 ช้อนโต๊ะ"
ก๋วยเตี๋ยวคั่วไก่ แบบง่าย แต่อร่อย,"เส้นใหญ่300กรัม
ไข่ไก่2 ฟอง
ซีอิ๊วขาว2 ช้อนโต๊ะ
น้ำตาล2 ช้อนชา
เกลือ 1/2 ช้อนชา1/2 ช้อนชา
ต้นหอม ผักชีซอย1 ช้อนโต๊ะ
น้ำมันพืชหรือน้ำมันหมูเล็กน้อย
--เครื่องปรุงหมักไก่--
อกไก่หั่นชิ้นพอคำ200 กรัม
น้ำตาลทราย1 ช้อนชา
แป้งมัน1 ช้อนโต๊ะ
พริกไทย1/2 ช้อนชา"
ไก่ต้มหน่อกระวาน,"รากผักชี 2 ราก  
พริกไทย 1 ช้อนชา  
หอมแดง 7 หัว  
ตะไคร้ 1 ต้น 
น้ำสะอาด 3 ถ้วยตวง  
น่องไก่ติดสะโพก 1 กิโลกรัม 
น้ำปลา 1/2 ถ้วยตวง  
หน่อกระวาน 2 หน่อ 
น้ำตาลทราย 1 ช้อนโต๊ะ 
ใบมะกรูด 4 ใบ 
ผักชีใบเลื่อย 3 ต้น 
พริกขี้หนู 1/4 ถ้วยตวง 
มะนาว 2 ลูก"
พะโล้ไข่เป็ดต้มแซ่บ,"น้ำสะอาด 3 ลิตร 
ปีกกลางไก่ 500 กรัม 
ปีกบนไก่ 500 กรัม
ไข่เป็ด 5 ฟอง 
รากผักชี 2 ราก 
อบเชย 4 แท่ง 
โป๊ยกั๊ก 5 ดอก 
น้ำตาลมะพร้าว 1 ½ ถ้วยตวง 
น้ำปลา 1 ถ้วยตวง 
เกลือ 1 ช้อนโต๊ะ 
มะนาว 6 ลูก 
พริกขี้หนูสวน ¼ ถ้วยตวง 
พริกจินดาแดง 10 เม็ด 
ผักชี (สำหรับตกแต่ง)"
ผัดเผ็ดไก่บ้าน,"ไก่บ้านครึ่งกิโลกรัม
พริกแกง2​ ช้อนโต๊ะ
น้ำมันพืช2​ ช้อนโต๊ะ
ใบมะกรูด8​ ใบ
ใบกะเพรา1​ กำมือ
น้ำปลา1​ ช้อนโต๊ะ
ซอสปรุงรส1​ ช้อนชา
น้ำตาลครึ่งช้อนชา"
ไก่นึ่งเมือง,"ไก่บ้าน 1 ตัว 
พริกแห้ง 8 เม็ด  
เกลือ 1 ช้อนชา  
ลูกผักชี 2 ช้อนชา 
ตะไคร้ 2 ช้อนโต๊ะ  
ข่า 1 ช้อนโต๊ะ  
ขมิ้น 2 ช้อนโต๊ะ 
รากผักชี 3 ราก  
กระเทียม 10 กรัม 
หอมแดง 10 กรัม  
กะปิ 1 ช้อนชา  
น้ำปลาร้า ½ ช้อนโต๊ะ  
ใบมะกรูด 15 ใบ  
ผักชีซอย ตามชอบ (สำหรับใส่น้ำจิ้ม)
น้ำปลา ตามชอบ"
ข้าวต้มหมูสับ,"ข้าวสวย(ข้าวเย็น)2 ถ้วย
น้ำเปล่า(สำหรับต้มข้าว)ให้ท่วมข้าวที่ต้ม
ส่วนผสมน้ำซุป
น้ำเปล่า1 ลิตร
คนอร์ซุปก้อนหมู2 ก้อน
หมูสับ200 กรัม
รากผักชี+กระเทียม+พริกไทย2 ช้อนชา
น้ำปลา1 ช้อนโต๊ะ
กระเทียมเจียวตามชอบ
ต้นหอมซอย+ผักชีซอยอย่างละ 1 ต้น
พริกไทยป่นตามชอบ
พริกน้ำส้ม ตามชอบ "
โทสต์อะโวคาโดไข่ดาวน้ำ,"ขนมปัง 2 แผ่น 
ไข่ไก่ 2 ฟอง 
อะโวคาโด 2 ลูก  
มะเขือเทศลูกเล็กสับ 4 ลูก  
หอมแดงสับ 4 ลูก  
น้ำเลมอน 1 ช้อนโต๊ะ  
ผักชีสับ 1 ช้อนโต๊ะ  
เกลือ 1/4 ช้อนชา  
พริกไทย 1/4 ช้อนชา  
ชีสพาร์เมซาน ตามชอบ 
เนยเค็ม 2 ช้อนโต๊ะ"
ข้าวต้มหมูสับ,"เนื้อหมูสับ2 ขีด
ข้าวสวย1 ทัพพี
ต้นหอม1 ต้น
ผักชี1 ต้น
ซีอิ๊วขาว1 ช้อนชา
น้ำตาล1 ช้อนชา
คนอร์ รสหมูสับครึ่งก้อน"
โจ๊กต้มยำทะเล,"ข้าวสวยหุงสุก 2 ถ้วยตวง  
น้ำสะอาด (สำหรับปั่นข้าว) 1 ถ้วยตวง  
กุ้งขาวแกะเปลือกผ่าหลัง 5 ตัว  
หมึกกล้วย 1 ตัว  
พริกเผา 2 ถ้วยตวง  
ข่าหั่นแว่น 15 กรัม 
ตะไคร้หั่นท่อน 20 กรัม  
ใบมะกรูด 5 ใบ  
พริกจินดาแดงหั่น 5 เม็ด 
น้ำสะอาด 2 ถ้วยตวง  
น้ำปลา 1 ถ้วยตวง  
น้ำมะนาว 5 ลูก  
เปลือกกุ้ง ตามจำนวนกุ้ง  
ผักชี สำหรับตกแต่ง"
โจ๊กหมู,"ข้าวหอมมะลิบดพอละเอียด1 ถ้วย
ข้าวเหนียวบดพอละเอียด1/2 ถ้วย
ขิงหั่นแว่น3 ชิ้น
รากผักชี2 ราก
คนอร์ ซอสข้นปรุงรส รสหมู1 ช้อนโต๊ะ
ซีอิ๊วขาวเห็ดหอม1 ช้อนโต๊ะ
เห็ดหอมแห้งแช่น้ำจนนิ่ม2 ดอก
ขิงซอยตามชอบ
ผักชี. ต้นหอมซอยตามชอบ
น้ำเปล่า
---ส่วนผสมหมักหมูเด้ง--
หมูสับ200 กรัม
คนอร์ ซอสข้น1/2 ช้อนโต๊ะ
แป้งมัน1/2 ช้อนชา
เบคกิ้งโซดา1/2 ช้อนชา
น้ำมันงา1 ช้อนชา
น้ำตาลทราย1 ช้อนชา
น้ำมันหอย1/2 ช้อนโต๊ะ
ไข่ขาวครึ่งฟอง
รากผักชีสับละเอียด1 ราก
เกลือเล็กน้อย"
เกี๊ยวน้ำสูตร มัดใจสามี,"แผ่นเกี๊ยว1ห่อ
หมูบด300กรัม
รากผักชี3ต้น
กระเทียม5กลีบ
พริกไทยเม็ด1ช้อนชา
ซอสหอยนางรม2ช้อนโต๊ะ
ซีอิ๊วขาว1ช้อนโต๊ะ
ซอสปรุงรสฝาเขียว1ช้อนโต๊ะ
น้ำมันงา(สำหรับหมักหมู)1ช้อนชา
น้ำเปล่าสำหรับต้มเกี๊ยว2ถ้วยตวง
น้ำมันงาสำหรับคลุกเกี๊ยว1ช้อนชา
น้ำเปล่า1ถ้วยตวง
รสดีซุปก้อน1ก้อน
รากผักชี(น้ำซุป)2ราก
กระเทียมบุบ2กลีบ
พริกไทยเม็ดบุบ1ช้อนโต๊ะ
ซอสปรุงรสฝาเขียว(สำหรับน้ำซุป)2ช้อนโต๊ะ
น้ำตาลทราย1ช้อนโต๊ะ
พริกไทยป่น
คื่นฉ่ายซอย"
ชุดอาหารเช้า,"ซอสถั่วเหลืองจิ้มและเหยาะ
ไข่ไก่
เบคอน
ไส้กรอก 
แฮม 
ชาร้อน
น้ำสะอาด สำหรับต้มไข่ลวก"
ไข่คน Scrambled egg,"ไข่ไก่2 ฟอง
เนย"
ไข่เบคอนซ่อนชีส,"ไข่ไก่ 4 ฟอง  
เกลือ 1/2 ช้อนชา  
พริกไทย 1/2 ช้อนชา  
ชีสมอสซาเรลลา ตามชอบ  
ชีสเชดดาร์ ตามชอบ  
เบคอน 5-6 ชิ้น"
เบอร์เกอร์หมูชุ่มฉ่ำ,"เนื้อหมูบด400g
หอมหัวใหญ่สับเกือบละเอียด1ลูก
เนยเค็ม
ซอสมะเขือเทศ3ช้อน
ผงโอริกาโน่1ช้อน
พริกไทย1ช้อน
น้ำตาลทราย1ช้อน
ซอสหอยนางรม1ช้อน
ไข่แดง1ฟอง
ขนมปังเบอร์เกอร์ ซื้อได้ที่Tops BigC Macro
มะเขือเทศหั่นแว่น
หัวหอมใหญ่หั่นแว่น
ผักสลัด
มายองเนส หรือซอสตามชอบ
ชีสแผ่น"
แซนด์วิชเนื้อย่างอะโวคาโด,"ซูพรีมบีฟ เนื้อวัวเสือร้องไห้สไลซ์ 1 แพ็ค
อะโวคาโด 1 ผล
ขนมปังซาวร์โดว์ 2 แผ่น
เกลือเล็กน้อย
น้ำมันมะกอก
เลมอน ½ ลูก สำหรับตกแต่ง
วัตถุดิบซอสยากินิคุ
โชยุ 40 มิลลิลิตร
มิริน 20 มิลลิลิตร
สาเก 20 มิลลิลิตร
น้ำตาลทรายแดง 1ช้อนโต๊ะ
น้ำผึ้ง ½ ช้อนโต๊ะ
กระเทียมโขลกละเอียด ½ ช้อนชา
ขิงโขลกละเอียด ½ ช้อนชา
แอปเปิลโขลกละเอียด 1 ช้อนโต๊ะ
หอมใหญ่โขลกละเอียด 1 ช้อนโต๊ะ
น้ำส้มสายชู ½ ช้อนชา
งาขาวคั่วบดหยาบ ½ ช้อนโต๊ะ
น้ำมันงา ½ ช้อนโต๊ะ
น้ำมันน้ำพริกเผา ½ ช้อนชา
พริกไทย ½ ช้อนชา"
ผัดบวบใส่ไข่,"บวบ3-4 ฝัก
ไข่ไก่3 ฟอง
น้ำมันสำหรับผัด
กระเทียม
น้ำมันหอย
ซีอิ๊วขาว
น้ำตาลทราย
ผงปรุงรส รสหมู"
แซนด์วิชสลัดไข่ต้มยางมะตูม,"ไข่ไก่2 ฟอง 
น้ำสลัดครีม 2 ช้อนโต๊ะ 
ขนมปัง 4 แผ่น 
เนย 1 ช้อนโต๊ะ 
ผักคอส 1 ต้น 
แคร์รอต 1 หัว 
อะโวคาโด 2 ลูก
มะเขือเทศท้อ 2 ลูก 
เบคอน 200 กรัม 
เกลือ 1 ช้อนชา
พริกไทย 1 ช้อนชา 
กระดาษไข สำหรับห่อ "
ไข่ออมเล็ต,"ไข่ไก่3 ฟอง
นม1/4 ถ้วย
ผงปรุงรส1 ช้อนชา
โบโลน่า2 แผ่น
หัวหอม1/4 หัว
มะเขือเทศ1 ลูก
เนย1 ช้อนชา"
คอนเฟลกคาราเมล,"คอนเฟลก300 กรัม
ถั่วต่างๆกับผลไม้อบแห้งน้ำหนักรวมกันไม่เกิน250 กรัม
น้ำตาล70 กรัม
เกลือป่น1/2 ช้อนชา
วิปปิ้งครีมหรือนมสด40 กรัม
น้ำผึ้ง35 กรัม
เนยจืด60 กรัม
กลิ่นวนิลา1/2 ช้อนชา"
แฮมห่อสลัดมันฝรั่ง,"มันฝรั่ง 1 ลูก 
แฮม 7 ชิ้น 
แครอทหั่นเต๋า ¼ ถ้วยตวง 
แตงกวาญี่ปุ่นหั่นเต๋า (หั่นไส้ออก) ⅓ ถ้วยตวง 
ไข่ต้มสุก 1 ฟอง 
เกลือ ½ ช้อนชา 
พริกไทย ½ ช้อนชา 
หอมใหญ่หั่นเต๋า 2 ช้อนโต๊ะ 
น้ำสลัดครีม ½ ถ้วยตวง 
เซอราลี่ (สำหรับตกแต่ง)"
กะเพราโบราณ เผ็ดนรกแตก,"หมูสับ3 ขีด ประมาณ
พริกแห้ง4 เม็ด
ตะไคร้1-2 ต้น
กระเทียม4 กลีบ
ใบกะเพราแล้วแต่
น้ำตาล1 ช้อนโต๊ะ
ซีอิ๊วดำ1/2 ช้อนโต๊ะ
ซีอิ๊วขาว1-2 ช้อนโต๊ะ"
เส้นเล็กผัดกะเพรา,"ซอสผัดกะเพรา 150 กรัม 
เส้นเล็ก 100 กรัม
น้ำมัน เล็กน้อย สำหรับคลุกเส้น
หมูสับ 150 กรัม 
กุ้งสด 100 กรัม
ใบกะเพรา 50 กรัม
พริกชี้ฟ้า ตามชอบ สำหรับตกแต่ง"
เส้นแก้วผัดสุกี้แห้ง,"น้ำจิ้มสุกี้สูตรกวางตุ้ง 150 กรัม
เส้นแก้ว (แบบเส้นเล็ก) 200 กรัม
กระเทียม 1 ช้อนโต๊ะ
น้ำมันหอย 1 ช้อนโต๊ะ
พริกไทย ตามชอบ
หมูชิ้น 100 กรัม
กุ้ง 100 กรัม
ผักบุ้ง 50 กรัม
แคร์รอต 50 กรัม
ผักกาดขาว 50 กรัม
ไข่ไก่ 3 ฟอง
ต้นหอมหั่นท่อน 20 กรัม
ขึ้นฉ่าย 10 กรัม
น้ำมันพืช 2 ช้อนโต๊ะ"
สปาเก็ตตี้ขี้เมาทะเล,"ใบกะเพรา1 ต้น
เส้นสปาเก็ตตี้60 กรัม
เห็ดออรินจิ2 ดอก
เนื้อหมู30 กรัม
เนื้อกุ้ง4-5 ตัว
ปลาหมึกสด4-5 ชิ้น
ผัก (ข้าวโพดอ่อน, มะเขือเทศ, หอมใหญ่)ตามชอบ
พริกกระเทียมสับ1 ช้อนโต๊ะ
ซอสหอยนางรม1 ช้อนโต๊ะ
ซีอิ๊วขาว1 ช้อนชา
น้ำปลา1 ช้อนชา
ซีอิ๊วดำ1/4 ช้อนชา
น้ำตาล1/4 ช้อนชา
น้ำมัน2 ช้อนโต๊ะ"
ข้าวมันไก่สามสหาย,"ข้าวหอมมะลิ 300 กรัม
น้ำซุปกระดูกไก่ 390 มิลลิลิตร
กระเทียม 4-5 กลีบ
รากผักชี 4-5 ราก 
ขิงแก่ฝานแผ่นบาง 6 แผ่น
น้ำมันพืช 40 มิลลิลิตร สะโพกไก่ 600 กรัม แบ่งเป็น 3 ส่วน 
สามเกลอ 2 ช้อนโต๊ะ สำหรับหมักไก่ 
ซอสหอยนางรม 3 ช้อนโต๊ะ สำหรับหมักไก่ 
ซอสปรุงรส 3 ช้อนโต๊ะ สำหรับหมักไก่
น้ำตาล 2 ช้อนโต๊ะ สำหรับหมักไก่
แป้งทอดกรอบ 200 กรัม สำหรับทำไก่ทอด 
น้ำสะอาด 150 มิลลิลิตร สำหรับทำไก่ทอด
เกลือ 1 ช้อนชา สำหรับทำไก่ต้ม
รากผักชี 3-5 ราก สำหรับทำไก่ต้ม 
กระเทียม 5-7 กลีบ สำหรับทำไก่ต้ม"
ขนมจีนน้ำเงี้ยว,"หมูบด1/2กก
ซี่โครงอ่อน1/2กก
ตรีนไก่1/2กก
เลือดไก่3ก้อน
มะเขือเทศสีดา1กก
ดอกงิ้วตามชอบ
เครื่องแกล้ม
ผักชีต้นหอม3กำ
ผักกาดดองซอย1/2กก
ถั่วงอก15บาท
กะหล่ำปลีซอย1หัว
พริกแห้งทอด20เม็ด
พริกน้ำเงี้ยว(แม่น้อย)500กรัม
กะปิ2ชต
น้ำปลาตามชอบ
น้ำตาลตามชอบ
กระเทียมไทยสำหรับเจียว1-2ขีด"
ข้าวหน้าไก่ราชวงศ์,"ข้าวหอม 200 กรัม 
ไก่ 1 กิโลกรัม
ซีอิ๊วขาว (สำหรับน้ำราด) 2 ช้อนโต๊ะ 
ซีอิ๊วขาว (สำหรับหมัก) 1 ช้อนโต๊ะ 
ซีอิ๊วดำหวาน 3 ช้อนโต๊ะ 
พริกไทยป่น 1 ช้อนชา
แป้งข้าวโพด (สำหรับหมัก) 2 ช้อนโต๊ะ 
แป้งข้าวโพด 7 ช้อนโต๊ะ 
น้ำมันงา 2 ช้อนโต๊ะ 
น้ำมันพืช 50 มิลลิลิตร
น้ำสต๊อก 1,600 มิลลิลิตร
ซอสปรุงรส 1 ช้อนโต๊ะ 
น้ำตาลทราย 3 ช้อนโต๊ะ
พริกชี้ฟ้าเขียว สำหรับเสิร์ฟเคียง 
ผักชี สำหรับเสิร์ฟเคียง"
หอยลายผัดน้ำพริกเผา,"หอยลาย1 กก.
ใบโหระพาตามชอบ
น้ำพริกเผาแม่ประนอม3 ช้อนโต๊ะ
น้ำพริกเผาแบบเผ็ด (ตามร้านก๋วยเตี๋ยว)1 ช้อนโต๊ะ
กระเทียมสับ5 กลีบ
พริกขี้หนู5 ดอก
น้ำมันหอย
น้ำตาล
น้ำปลา"
ข้าวอบกุนเชียง,"ข้าวหอม200 กรัม 
น้ำเปล่า 300 มิลลิลิตร
กุนเชียงหั่นแว่น 1 ถ้วย
เห็ดหอม 5 ดอก 
แปะก๊วย 50 กรัม
แคร์รอตหั่นเต๋าเล็ก 50 กรัม
คะน้าหั่นชิ้นเล็ก 70 กรัม 
ซอสปรุงรส 1 ช้อนโต๊ะ 
ซอสหอยนางรม 1 ช้อนโต๊ะ 
พริกไทยป่น ½ ช้อนชา
น้ำตาล ½ ช้อนชา
น้ำมันพืช ½ ช้อนโต๊ะ
น้ำมันงา 1 ช้อนโต๊ะ"
มาม่าผัดไข่,"มาม่า1 ซอง
ไข่2 ฟอง
กะหล่ำปลี หั่นพอดีคำตามชอบ
ซอสหอยนางรม1 ช้อนชา
รสดีเล็กน้อย
น้ำตาลตามชอบ"
เส้นหมี่ไก่ฉีกคั่วกระเทียมพริกไทย,"วัตถุดิบส่วนอกไก่ฉีก
อกไก่ 1 แพ็ก
เส้นหมี่ 1 ก้อน
รากผักชี (สำหรับต้ม) 2 ราก
กระเทียม (สำหรับต้ม) 2-3 กลีบ
เกลือ 1 ช้อนชา
น้ำเปล่า (สำหรับต้มไก่) 2 ลิตร
กระเทียมจีน 50 กรัม
พริกไทย 1 ช้อนชา
รากผักชีโขลกละเอียด 1 ช้อนโต๊ะ วัตถุดิบส่วนซอสปรุงรสเส้นหมี่
ซีอิ๊วขาว 2 ช้อนโต๊ะ
ซอสหอยนางรม 1 ช้อนโต๊ะ
ซอสปรุงรส 1 ช้อนโต๊ะ
น้ำตาล 1 ช้อนโต๊ะ
ต้นหอม ตามชอบ
น้ำพริกกากหมู ตามชอบ"
ผัดไทย (มีสูตรน้ำซอส),"เส้นเล็ก(ยี่ห้อบ้านโป่ง)250 กรัม
ไข่ไก่2 ฟอง
ถั่วงอกตามชอบ
ผักกุ๋ยช่ายตามชอบ
เต้าหู้ชนิดแข็ง2 ช้อนโต๊ะ
หัวไซโป้วดอง1 ช้อนโต๊ะ
กุ้งแห้ง2 ช้อนโต๊ะ
กระเทียม+หอมแดง อย่างละ1 ช้อนโต๊ะ
น้ำมันพืช.1 ช้อนโต๊ะ
(ส่วนผสมน้ำซอสผัดไทย)0
กระเทียม1 ช้อนโต๊ะ
หอมแดง1 ช้อนโต๊ะ
น้ำมันพืช2 ช้อนโต๊ะ
ซอสพริก1 ช้อนโต๊ะ
ซอสมะเขือเทศ2 ช้อนโต๊ะ
น้ำตาลปี๊บ2 ช้อนโต๊ะ
น้ำมะขามเปียก50 ml.
น้ำเปล่า50 ml.
เกลือ1 ช้อนชา"
ข้าวผัดแซลมอน,"ข้าวญี่ปุ่น200 กรัม
น้ำสะอาด 240 มิลลิลิตร
แซลมอนสเต๊ก 200 กรัม 2 ชิ้น
ต้นหอมซอย 40 กรัม 
กระเทียม 20 กรัม
แคร์รอตหั่นเต๋าเล็ก 60 กรัม
โชยุ 2 ช้อนโต๊ะ
เกลือ เล็กน้อย
พริกไทยดำ เล็กน้อย
ไข่ไก่ 2 ฟอง
น้ำมัน 3 ช้อนโต๊ะ"
ข้าวหน้าหมูกระทะ,"ชุดรวมหมูกระทะ (แช่แข็ง)
กะหล่ำปลี ตามชอบ
แคร์รอต ตามชอบ
ผักบุ้งจีน ตามชอบ
ข้าวโพด แกะเมล็ด
น้ำจิ้มหมูกระทะ
ข้าวสวย สำหรับเสิร์ฟ
ไข่แดง สำหรับเสิร์ฟ"
ผักบุ้งผัดน้ำมันหอย,"ผักบุ้ง2 กำ
กระเทียม3-5 กลีบ
เต้าเจี้ยว1/2 ช้อนโต๊ะ
น้ำมันหอย1/2 ช้อนโต๊ะ
น้ำตาล1 ช้อนชา
พริกขี้หนู7 เม็ด"
ข้าวมันกุ้ง,"ข้าว 600 กรัม
กุ้งสด (ปอกเปลือกผ่าหลังดึงเส้นดำออก) 200 กรัม
หัวกุ้งและเปลือกกุ้ง 50 ตัว
กระเทียม 5 กลีบ
ขิงหั่น 3 แว่น
รากผักชี 4 ราก 
ซีอิ๊วขาว 2 ช้อนโต๊ะ 
พริกไทยป่น ¼ ช้อนชา
เกลือป่น ½ ช้อนชา
น้ำซุปไก่ 960 มิลลิลิตร 
น้ำมันพืช 2 ช้อนโต๊ะ 
น้ำจิ้มซีฟู้ด สำหรับเสิร์ฟเคียง 
ผักชี สำหรับตกแต่ง"
คอหมูย่าง น้ำจิ้มแจ่ว,"สันคอหมู400 กรัม
ซีอิ้วขาว / น้ำมันหอยอย่างละ 1 ช้อนชา
น้ำมันงา2 ช้อนชา
ผงปรุงรส1 ช้อนชา
น้ำตาลทราย1/2 ช้อนชา
รากผักชี3 ราก
เม็ดพริกไทยดำ5 เม็ด
กระเทียมปลอกเปลือก5 หัว
- น้ำมะขามเปียก2 ช้อนโต๊ะ
- หอมแดงซอย1 ช้อนโต๊ะ
- น้ำตาลปี๊บ1 ช้อนชา
- น้ำปลา1 ช้อนโต๊ะ
- พริกป่น1-2 ช้อนโต๊ะ
- ข้าวคั่ว1/2 - 1 ช้อนโต๊ะ
- ผักชีใบเลื่อย1-2 ต้น
- ต้นหอม1 ต้น"
ข้าวคลุกพริกเกลือ,"ข้าว 200 กรัม
น้ำสะอาด 300 มิลลิลิตร 
กระเทียม ½ ถ้วย 
พริกขี้หนู ½ ถ้วย 
เกลือสมุทร 2 ช้อนโต๊ะ 
น้ำปลา 1 ช้อนโต๊ะ 
น้ำมะนาว 1 ถ้วย
น้ำต้มสุก 1 ถ้วย
น้ำตาลปี๊บ 3 ช้อนโต๊ะ 
กุ้งขาว 100 กรัม
ปลาหมึก 100 กรัม
ปลากะพง 100 กรัม
กระเทียมเจียว 2 ช้อนโต๊ะ 
ผักชี สำหรับตกแต่ง"
กุ้งอบวุ้นเส้น,"กุ้งก้ามกราม6 ตัว
วุ้นเส้น80 กรัม
น้ำตาลทราย2 ช้อนโต๊ะ
ซีอิ๊วดำ2 ช้อนชา
ซอสหอยนางรม2 ช้อนโต๊ะ
ซีอิ๊วขาว2 ช้อนโต๊ะ
น้ำซุป1 ถ้วย
เบคอน,ขิงแก่,กระเทียม,พริกไทยขาว,พริกไทยดำ,คื่นช่าย,ต้นหอม(ใส่ตามชอบ)"
ข้าวอบเบคอน,"ข้าว300 กรัม 
เบคอน 200 กรัม 
กระเทียมสับ 2 ช้อนโต๊ะ
ซอสปรุงรส 2 ช้อนโต๊ะ 
ซอสหอยนางรม 2 ช้อนโต๊ะ 
พริกไทย 1 ช้อนชา
น้ำเปล่า 320 มิลลิลิตร
ผักสามสีต้ม ½ ถ้วยตวง 
ต้นหอมซอย สำหรับโรยหน้า"
สุกี้โรล,"เนื้อหมู300กรัม
วุ้นเส้น​1กำมือ
แครอทหั่นเต๋า3ช้อนโต๊ะ​
เห็ดออรินจินหั่นเต๋าเล็ก3ช้อนโต๊ะ​
ซอสเห็ด​หอม​2ช้อนโต๊ะ​
พริกไทย1ช้อนชา
ผงปรุงรส​1ช้อนโต๊ะ​
ใบผักกาดขาว20ใบ
เม็ดข้าวโพดสุก2ช้อนโต๊ะ​"
ผัดมาม่าคอหมูย่างไข่ดาว,"คอหมู 400 กรัม  
ไข่เป็ด 2 ฟอง 
พริกจินดา 10 เม็ด 
แคร์รอต 30 กรัม  
กระเทียม 5 กลีบ  
กะหล่ำปลี 30 กรัม  
บะหมี่กึ่งสำเร็จรูป 1 ซอง 
ผงหมักย่าง 1 ช้อนโต๊ะ  
น้ำมันหอย 4 ช้อนโต๊ะ  
ผงปรุงบะหมี่กึ่งสำเร็จรูป 1 ซอง  
น้ำมันพริกเผาบะหมี่กึ่งสำเร็จรูป 1 ซอง"
ต้มเลือดหมู,"เลือดหมูหั่นก้อนพอดีคำ ต้มสุก1 ก้อน
หมูสับหมักกับน้ำตาลทราย ซอสปรุงรส พริกไทย150 กรัม
เนื้อหมูหั่นบางๆ ลวกสุก50 กรัม
ตับหมูหั่นบางๆ ลวกสุก50 กรัม
เต้าหู้หลอด หั่น1 หลอด
ตำลีงเด็ดเอกแต่ยอด ล้างน้ำ ผึ่งให้สะเด็ดน้ำ50 กรัม
ตั้งฉ่าย1 ช้อนโต๊ะ
ซุปก้อน1 ก้อน
คึ่นฉ่ายกับต้นหอมหั่นเป็นท่อนสั้นๆ50 กรัม
น้ำเปล่า1 1/2 ถ้วย
น้ำปลา1/2 ช้อนโต๊ะ
ซอสปรุงรส1 ช้อนโต๊ะ"
ข้าวอบต้มยำทะเล,"ข้าว1 ถ้วยตวง
พริกเผา 2 ช้อนโต๊ะ 
กะทิ 1 ถ้วยตวง 
กุ้งขาวปอกเปลือกผ่าหลัง 5 ตัว
หมึกกล้วยหั่นชิ้น 1 ตัว
ปลากะพงหั่นชิ้น 3 ชิ้น
ใบมะกรูดฉีก 2 ใบ 
ตะไคร้ซอยเฉียง 2 ต้น 
ข่าซอย 10 กรัม 
พริกจินดาแดงหั่นแฉลบ 3 เม็ด 
น้ำปลา ¼ ถ้วยตวง 
น้ำสะอาด ½ ถ้วยตวง 
ใบมะกรูดซอย สำหรับตกแต่ง 1 ใบ 
มะนาวหั่นซีก 1 ชิ้น
ผักชี สำหรับตกแต่ง"
ข้าวผัดโชยุไข่เยิ้ม,"โชยุ 3 ช้อนโต๊ะ
ข้าวญี่ปุ่นหุงสุก 1 ถ้วยตวง
หอมใหญ่สับ 2 ช้อนโต๊ะ
กระเทียมสับ 1 ช้อนโต๊ะ
ไข่ไก่ 2 ฟอง
นมสด ¼ ถ้วยตวง
น้ำมัน สำหรับผัด 2 ช้อนโต๊ะ
เนยจืด 2 ช้อนโต๊ะ 
พาร์สลีย์ สำหรับตกแต่ง วัตถุดิบซอส
กระเทียมสับ 1 ช้อนโต๊ะ
หอมใหญ่ 2 ช้อนโต๊ะ
เนยจืด 1 ช้อนโต๊ะ 
เห็ดแชมปิญองสไลซ์ ¼ ถ้วยตวง
ไวน์แดง ¼ ถ้วยตวง
น้ำซุปเกรวีเข้มข้น ⅓ ถ้วยตวง 
ผงซุปเห็ด 1 ช้อนโต๊ะ 
น้ำสะอาด ½ ถ้วยตวง
เกลือ ¼ ช้อนชา
พริกไทย ¼ ช้อนชา
ซอสมะเขือเทศ 2 ช้อนโต๊ะ"
ข้าวผัดกิมจิ (김치 볶음밥) กิมจิ พกกึมบับ,"ข้าว1ถ้วย
ต้นหอมซอย1ช้อนโต้ะ
สาหร่ายแผ่นเล็ก2 แผ่น
น้ำมันงา2ช้อนชา
ซอสพริกเกาหลี(โคชูจัง)1ช้อนชา
น้ำตาลเล็กน้อย
น้ำปลาเล็กน้อย
กิมจิถ้วยเล็ก"
ใบเหลียงผัดไข่,"ใบเหลียง1 กำ
ไข่ไก่2 ฟอง
กระเทียมสับหยาบ1 ช้อนโต๊ะ
น้ำมันหอย1 ช้อนโต๊ะ
ซีอิ้วขาว1 ช้อนชา
ซอสปรุงรส1 ช้อนชา
น้ำตาลทรายหยิบมือ
น้ำมันสำหรับผัด1 ช้อนโต๊ะ"
ข้าวหมูกรอบ,"หมูสามชั้น 1 กิโลกรัม 
น้ำส้มสายชู 4 ช้อนโต๊ะ 
เกลือ 2 ช้อนชา 
น้ำมันงา 1 ช้อนโต๊ะ 
กระเทียม 3 กลีบ 
หอมแดง 3 หัว 
รากผักชี 2 ราก 
เต้าเจี้ยว 2 ช้อนโต๊ะ 
ซอสหอยนางรม 1 ข้อนโต๊ะ 
น้ำตาล 1 ช้อนโต๊ะ 
ซีอิ๊วดำ 1 ช้อนโต๊ะ 
น้ำซุป 1 ถ้วยตวง 
นมสด ½ ถ้วยตวง 
แป้งมัน 2 ช้อนโต๊ะ 
งาขาว ตามชอบ"
ข้าวผัดปลาหมึกไข่เค็ม,"ข้าว 1  ถ้วยตวง (125 ก.)
น้ำสะอาด 1.2 ถ้วยตวง สำหรับหุงข้าว
ไข่แดงเค็มหั่นชิ้น 2 ฟอง 
ไข่แดงเค็มบด 3 ฟอง 
ซอสหอยนางรม 2 ช้อนโต๊ะ 
ซีอิ๊วขาว 2 ช้อนโต๊ะ
น้ำตาลทรายขาว 1 ช้อนโต๊ะ
น้ำพริกเผา 2 ช้อนโต๊ะ
กระเทียมสับ 1 ช้อนโต๊ะ
หอมใหญ่สับ 2 ช้อนโต๊ะ 
หมึกกล้วยหั่นชิ้น 1 ตัว 
ต้นหอมซอย 1 ช้อนโต๊ะ
ผักเคียง ตามชอบ"
หอยลายผัดน้ำพริกเผา,"หอยลาย1 กก.
ใบโหระพาตามชอบ
น้ำพริกเผาแม่ประนอม3 ช้อนโต๊ะ
น้ำพริกเผาแบบเผ็ด (ตามร้านก๋วยเตี๋ยว)1 ช้อนโต๊ะ
กระเทียมสับ5 กลีบ
พริกขี้หนู5 ดอก
น้ำมันหอย
น้ำตาล
น้ำปลา"
ยำกุ้งสด ปลาร้ายั่ว,"กุ้งสด10 ตัว
พริกสดตำละเอียดตามชอบ
น้ำตาลปี๊บละลาย3 ช้อนโต๊ะ
น้ำมะนาวสด2 ช้อนโต๊ะ
น้ำปลา1/2ช้อนโต๊ะ
น้ำปลาร้าต้มสุก4 ช้อนโต๊ะ
มะนาวหั่นซีก2 ซีก
หอมแขก1 หัว
ผักชีฝรั่ง1 ต้น"
กระเทียมเจียวกากหมู,"1. มันหมูแข็ง 600 กรัม (สำหรับเจียวน้ำมัน)
2. น้ำเปล่า 250 มิลลิลิตร
3. กระเทียมจีน 100 กรัม
4. เกลือป่น 1 ช้อนชา"
กุ้งกระเบื้องสาหร่าย,"แผ่นเปาะเปี๊ยะ 10 แผ่น 
สาหร่ายรสดั้งเดิม 1 ห่อ 
เนื้อกุ้ง 400 กรัม 
รากผักชี 2 ราก 
กระเทียม 20 กรัม 
พริกไทย 1 ช้อนชา 
แป้งมัน 2 ช้อนโต๊ะ 
ไข่ขาว 1 ฟอง 
ซอสหอยนางรม 1 ช้อนโต๊ะ
น้ำตาลทราย 1 ช้อนโต๊ะ 
ต้นหอม 2 ช้อนโต๊ะ "
ทอดมันปลากราย,"เนื้อปลากราย500 กรัม
ถั่วฝักยาว200 กรัม
ไข่ไก่1 ฟอง
พริกแกง1 1/2 ช้อนโต๊ะ
ใบมะกรูดซอย4 ใบ
น้ำตาล2 ช้อนโต๊ะ
เกลือ1 1/2 ช้อนชา
น้ำปลา2 ช้อนชา
น้ำมัน (สำหรับทอด)ครึ่งกระทะ
น้ำแข็ง3 ช้อนโต๊ะ"
หมูกรอบ ง่ายมาก ด้วยหมอทอดไร้น้ำมัน,"หมูสามชั้น300 กรัม
เกลือ2 ช้อนโต๊ะ
น้ำส้มสายชู150 ml"
ม้าฮ่อมะยงชิด,"มะยงชิด 10 ลูก 
พริกไทยเม็ด 2 ช้อนโต๊ะ 
กระเทียม 2 ช้อนโต๊ะ 
รากผักชี 2 ช้อนโต๊ะ 
น้ำมันพืช 2 ช้อนโต๊ะ 
เนื้อหมูบด 150 กรัม 
หอมแดงสับ ½ ถ้วยตวง 
น้ำตาลปี๊บ 300 กรัม 
น้ำปลา 2 ช้อนโต๊ะ 
ถั่วลิสงคั่วป่นหยาบ ๆ ½ ถ้วยตวง 
ผักสลัด ตามชอบ 
พริกชี้ฟ้าสีแดงซอย 
ผักชีเด็ดเป็นใบ สำหรับตกแต่ง"
ยำไก่แซบ,"เนื้อไก่ ส่วนสะโพกหั่นชิ้น500กรัม
แป้งทอดกรอบ
หอมแดงซอย (หอมแขก)​1หัว
หอมหัวใหญ่ซอยครึ่งหัว
ข้าวคั่ว1ช้อนโต๊ะ​
พริกป่น1ช้อนโต๊ะ​
น้ำตาลทรายขาวครึ่งช้อนโต๊ะ​
คนอร์ผงมะนาว2ช้อนชา
ต้นหอมหั่นยาวประมาณ​1นิ้ว3ต้น
น้ำปลา2ช้อนโต๊ะ​"
เมี่ยงคำ,"น้ำตาลมะพร้าว100 กรัม
น้ำเปล่า1/2 - 1 ถ้วย
กะปิ1 ช้อนชา
น้ำปลาตามชอบ
ข่าคั่วโขลก1 ช้อนโต๊ะ
ถั่วลิสงคั่วโขลก1/3 ถ้วย
มะพร้าวคั่วโขลก1/3 ถ้วย
**เครื่องเมี่ยง
ใบชะพลูตามชอบ
ถั่วลิสงคั่วตามชอบ
มะพร้าวซอยคั่วตามชอบ
กุ้งแห้งตามชอบ
ขิง หั่นสี่เหลี่ยมลูกเต๋าตามชอบ
หอมแดง หั่นสี่เหลี่ยมลูกเต๋าตามชอบ
พริกขี้หนูซอยตามชอบ
มะนาว หั่นสี่เหลี่ยมลูกเต๋าตามชอบ"
หมูย่างโบราณ น้ำจิ้มแจ่ว,"สันคอหมูครึ่งกิโล
น้ำตาลปี๊บ1 ช้อนโต๊ะ
ซอสหอย2 ช้อนโต๊ะ
ซอสปรุงรส (ฝาเขียว)2 ช้อนโต๊ะ
ผงปรุงรส1/2 ช้อนโต๊ะ
ผักชี3 ต้น
รากผักชี3 ต้น
กระเทียม10 กรีบ
พริกไทยเม็ดหยิบมือ
ซีอื้วดำ(เพิ่มสีสัน)1/2 ช้อนโต๊ะ
หอมแดง2 หัว
พริกป่น2 ช้อนชา
ข้าวคั่ว2 ช้อนชา
ผักชีฝรั่ง1 ต้น
น้ำตาลปี๊บ (ทำน้ำจิ้มแจ่ว)1 ช้อนชา
น้ำมะนาว2 ช้อนโต๊ะ
ซอสปรุงรส (ทำน้ำจิ้มแจ่ว)2 ช้อนโต๊ะ
น้ำปลา1 ช้อนชา"
ปังกรอบเนยน้ำตาล,"ขนมปังแผ่น1 แถว
เนยสด1ก้อน หรือประมาณ 227 กรัม
น้ำตาลทรายโรยหน้าตามความชอบ"
ยำมะม่วงแบบง่ายมาก,"มะม่วง1 ลูก
หอมแดง5 หัว
น้ำปลา1 ช้อนโต๊ะ
น้ำตาลทราย2 ช้อนโต๊ะ
ข้าวคั่ว1-2 ช้อนโต๊ะ
พริกป่น1 ช้อนโต๊ะ"
ทาโกะยากิ,"แป้งทาโกะยากิ หรือ แป้งอเนกประสงค์100 g
น้ำเปล่า300 cc
ผงคนอร์รสหมู1/2 ช้อนชา
ไข่ไก่1 ฟอง
กะหล่ำปลีซอย100-200 g
ขิงดองญี่ปุ่นซอย2 ช้อนโต๊ะ
ต้นหอมซอย3 ต้น
หนวดปลาหมึกยักษ์หั่น1 เส้น
ไส้กรอกหั่น2 แท่ง
ซอสทาโกะยากิตามชอบ
มายองเนสญี่ปุ่นตามชอบ
ปลาโออบแห้งตามชอบ
สาหร่ายโรยหน้าตามชอบ"
หมูทอดชีสซอสมะเขือเทศ,"หมูติดมัน 500 กรัม 
น้ำมันหอย 3 ช้อนโต๊ะ 
น้ำตาล 2 ช้อนโต๊ะ 
ไข่ 1 ฟอง
พริกไทย 1 ช้อนชา 
ต้นหอมซอย 30 กรัม 
ชีสมอสซาเรลลา150 กรัม 
น้ำมันพืชสำหรับทอด 2 ถ้วยตวง ส่วนผสมซอสมะเขือเทศ

เนย 20 กรัม 
หอมใหญ่สับ ½ ถ้วย 
ซอสมะเขือเทศ 1 ถ้วย 
ซอสพริก 4 ช้อนโต๊ะ 
น้ำเปล่า 2 ช้อนโต๊ะ 
ข้าวโพด 30 กรัม 
แครอท 20 กรัม 
พริกหวาน 30 กรัม 
น้ำตาล 1 ช้อนโต๊ะ 
เกลือ 1 ช้อนชา 
พริกไทยดำป่น 1 ช้อนชา "
ไส้กรอกซอสมะขาม,"ไส้กรอก300 กรัม (2 แพ็ค) 
น้ำเชื่อม ⅓ ถ้วยตวง 
น้ำมะขามเปียก 1 ถ้วยตวง 
น้ำปลา 2 ช้อนโต๊ะ 
น้ำเปล่า 3 ช้อนโต๊ะ 
ต้นหอมซอย 3 ช้อนโต๊ะ 
หอมเจียว ตามชอบ"
ยำมาม่าหมูยอหมูสับ,"มาม่า3 ห่อ
หมูยอ2 แท่ง
หมูบด2 ขีด
มะเขือเทศ2 ลูก
หอมใหญ่1 ลูก
ผักชี5 ต้น
น้ำมะนาว1 ช้อนโต๊ะ
พริกขี้หนู10 เม็ด
น้ำซุป5 ช้อนโต๊ะ
น้ำตาลทราย1 ช้อนโต๊ะ
น้ำปลา1 ช้อนโต๊ะ"
บาเยีย,"ถั่วเขียวเลาะเปลือก 300 กรัม 
น้ำมันสำหรับทอด 2 ถ้วยตวง 
แป้งอเนกประสงค์ 60 กรัม 
ลูกผักชี 2 ช้อนชา 
ยี่หร่าป่น 2 ช้อนชา 
ผงกะหรี่ 2 ช้อนชา 
ผงขมิ้น 1ช้อนชา
น้ำตาล1 ช้อนโต๊ะ 
เกลือ 1 ช้อนชา 
พริกไทย 2 ช้อนชา 
ผงฟู 1 ช้อนโต๊ะ 
ต้นหอมซอย 4 ช้อนโต๊ะ 
พริกแห้งทอด ½ ถ้วยตวง ส่วนผสมน้ำจิ้ม

ถั่วลิสงคั่วป่น 200 กรัม 
น้ำมะขามเปียก ½ ถ้วยตวง 
น้ำตาลปิ๊บ ½ ถ้วยตวง 
น้ำตาลทราย 60 กรัม 
น้ำเปล่า ¼ ถ้วยตวง 
ซอสพริก ½ ถ้วยตวง 
พริกป่น 3 ช้อนชา"
จิ้นตุ๊บ,"เนื้อวัว 500 กรัม 
น้ำเปล่า ½ ถ้วยตวง 
เกลือ 2 ช้อนชา 
ซีอิ๊วขาว 1 ช้อนโต๊ะ 
น้ำตาลทราย 2 ช้อนชา 
ผงชูรส 1 ช้อนชา 
รากผักชี 2 ราก 
กระเทียม 4 - 5 กลีบ 
พริกไทยดำป่น 1 ช้อนชา 
ตะไคร้หั่นท่อน 2 ต้น 
ข่าแก่หั่นแว่น 15 กรัม"
ถ้วยทองยำส้มโอ,"ส่วนผสมยำส้มโอ

กุ้งลวกสุก 200 กรัม 
ส้มโอที่แกะเป็นชิ้นเล็ก ๆ 200 กรัม 
หัวกะทิ ¼ ถ้วยตวง 
น้ำมะนาว 2 ช้อนโต๊ะ 
น้ำปลา 2 ช้อนโต๊ะ 
น้ำตาลมะพร้าว 1 ช้อนโต๊ะ 
น้ำพริกเผา 1 ช้อนโต๊ะ 
ใบมะกรูดซอย 2 ใบ  
ผักชีสำหรับตกแต่ง 
หอมเจียว 2 ช้อนโต๊ะ 
กระเทียมเจียว 2 ช้อนโต๊ะ 
ส่วนผสมแป้งถ้วยทอง

แป้งสาลีอเนกประสงค์ ½ ถ้วยตวง 
แป้งข้าวเจ้า ⅔ ถ้วยตวง 
น้ำเปล่า ¾ ถ้วยตวง 
น้ำปูนใส ½ ถ้วยตวง 
ไข่แดง 1 ฟอง 
เกลือป่น ¼ ช้อนชา
น้ำมันพืชสำหรับทอด"
ผักโขมอบชีส,"ผักโขม2 กำ
หอมใหญ่1/2 หัว
แฮม1 แผ่น
เนย4 ช้อนโต๊ะ
แป้งอเนกประสงค์1 ช้อนโต๊ะ
นมสด1 ถ้วย
เกลือ
พริกไทย
Cheddar cheese1 ถ้วย
Mozzarella cheese1 ถ้วย"
บะหมี่ไข่ตุ๋นไมโครเวฟ,"บะหมี่ลวก 2 ห่อ
เครื่องปรุงรสหมู ตามชอบ
น้ำเปล่า 1 ถ้วยตวง 
ไข่ไก่ 3 ฟอง 
ปูอัด 6 ชิ้น
ไส้กรอกหั่นแว่น 2 ชิ้น
หมูสับรวน 4 ช้อนโต๊ะ
ต้นหอม สำหรับโรยหน้า"
ห่อหมกทูน่ากระป๋อง,"ทูน่ากระป๋องในน้ำแร่ 1 กระป๋อง (125 กรัม) 
น้ำเชื่อม 2 ช้อนโต๊ะ 
เครื่องแกงเผ็ด ¼ ถ้วยตวง 
น้ำปลา 3 ช้อนโต๊ะ 
ใบมะกรูดซอย 1 ช้อนโต๊ะ 
ไข่ไก่ ตราซีพี 1 ฟอง 
กะทิ (สำหรับเนื้อห่อหมก) ⅓ ถ้วยตวง 
กะหล่ำปลีฝอย 1 ถ้วยตวง 
ใบโหระพา ½ ถ้วยตวง 
กะทิ (สำหรับหน้าห่อหมก) ¼ ถ้วยตวง 
แป้งข้าวโพด 1 ช้อนโต๊ะ 
พริกชี้ฟ้าแดง สำหรับตกแต่ง"
ปลาหิมะนึ่งซีอิ๊ว,"เนื้อปลาหิมะ 1 ชิ้น
เห็ดหอมแห้งแช่น้ำ 2 ดอก
ขิงอ่อนซอย 1 แง่ง
ต้นหอมญี่ปุ่นซอย 1 ต้น
พริกชี้ฟ้าแดงซอย 1 เม็ด
ซีอิ๊วขาว 1 ช้อนโต๊ะ
โชยุ 1 ช้อนโต๊ะ
น้ำตาลทราย 1 ช้อนชา
น้ำมันงา 1 ช้อนชา
เหล้าจีน 1 ช้อนโต๊ะ
น้ำเปล่า 1 ช้อนโต๊ะ
พริกไทยป่น 1/8 ช้อนชา"
ข้าวหมูแดง ไมโครเวฟ,"สันในหมู 400 กรัม
น้ำมันงา 1 ช้อนโต๊ะ
ซอสหอยนางรม 1 ช้อนโต๊ะ
ซีอิ๊วขาว 1 ช้อนโต๊ะ
ผงหมักหมูแดง 4 ช้อนโต๊ะ
น้ำผึ้ง 1 ช้อนโต๊ะ
เหล้าจีน 1 ช้อนโต๊ะ
น้ำเปล่า 1 ถ้วยตวง
รากผักชี กระเทียม พริกไทย โขลก 2 ช้อนโต๊ะ
แป้งข้าวโพด 1 ช้อนโต๊ะ"
เกี๊ยวกุ้ง,"กุ้งขาวขนาดกลาง 150 กรัม
แผ่นเกี๊ยวสีเหลือง 20 แผ่น
ต้นหอมซอย 2 ช้อนชา
ซีอิ๊วขาว 2 ช้อนชา
น้ำมันงา 1 ช้อนชา
พริกไทยป่น 1/2 ช้อนชา
วัตถุดิบน้ำซุป
น้ำเปล่า 300 มิลลิลิตร
เกลือ ¼ ช้อนชา
ซีอิ๊วขาว 2 ช้อนโต๊ะ
น้ำตาลทราย ½ ช้อนชา
รากผักชี 3 ราก
กระเทียมบุบ 5 เม็ด
หัวหอมใหญ่หั่นยาว ½ หัว"
บราวนี่มัก ,"เนยละลาย 4 ช้อนโต๊ะ
น้ำเปล่า 4 ช้อนโต๊ะ
เกลือ ¼ ช้อนชา
ผงโกโก้ 4 ช้อนชา
น้ำตาลทราย 6 ช้อนโต๊ะ
แป้งอเนกประสงค์ 8 ช้อนโต๊ะ
ไอศกรีมช็อกโกแลต 1 สกู๊ป
อัลมอนด์สับ สำหรับโรย ตามชอบ
น้ำตาลไอซิง สำหรับโรย ตามชอบ"
กล้วยอบเนยไมโครเวฟ,"กล้วยน้ำว้า 4 ผล 
น้ำเชื่อม 50 มิลลิลิตร 
เนยจืด 75 กรัม 
งาขาว 20 กรัม "
ปูผัดผงกะหรี่,"ผงกะหรี่ 2 ช้อนชา
ไข่ไก่ 2 ฟอง
กระเทียมสับ ½ ช้อนโต๊ะ
ซอสหอยนางรม 2 ช้อนโต๊ะ
ซอสพริก 1 ช้อนโต๊ะ
ซีอิ๊วขาว 1 ช้อนโต๊ะ
น้ำพริกเผา 1 ช้อนโต๊ะ
น้ำตาลทราย ½ ช้อนชา
พริกไทยป่น ¼ ช้อนชา
นมสด ½ ถ้วย
น้ำซุป 2 ช้อนโต๊ะ
เนื้อปูแกะ 200 กรัม
น้ำมันพืช 1 ช้อนโต๊ะ
หอมใหญ่หั่นยาว ¼ ถ้วย
ขึ้นฉ่ายหั่นท่อน 1 ต้น
ต้นหอมหั่นท่อน 1 ต้น
พริกแดงซอยเป็นเส้น สำหรับตกแต่ง"
ไข่ตุ๋นแกงเขียวหวาน,"ไข่ไก่สด เบอร์ 2 5
พริกแกงเขียวหวาน
น้ำเชื่อม 1 ช้อนโต๊ะ
น้ำปลา 1 ช้อนโต๊ะ
นมสดจืด ¼ ถ้วยตวง
ปูอัด 50 กรัม
ไส้กรอกไก่ 50 กรัม
พริกชี้ฟ้าแดงสำหรับตกแต่ง
โหระพาสำหรับตกแต่ง"
กุ้งผัดพริกเกลือ,"กุ้งขาว ผ่าหลัง 300 กรัม
พริกขี้หนู โขลกพอแหลก 6 เม็ด
กระเทียมหั่นหยาบ 1 ช้อนโต๊ะ
รากผักชีซอย 1 ช้อนโต๊ะ
พริกไทย 1/4 ช้อนชา
ต้นหอมซอย 1/4 ช้อนชา
น้ำมันหอย 1 ช้อนโต๊ะ
ซีอิ๊วขาว 1 ช้อนชา
เกลือป่น 1/4 ช้อนชา
น้ำตาลทราย 1 ช้อนชา
น้ำมันพืช 2 ช้อนโต๊ะ"
ขนมจีบกุ้ง,"แผ่นเกี๊ยวสีเหลือง 20 แผ่น
กุ้งสับ 200 กรัม
มันหมูแข็ง 50 กรัม
กระเทียมสับละเอียด 1 ช้อนโต๊ะ
รากผักชีสับละเอียด 1 ช้อนโต๊ะ
ซอสปรุงอาหาร 1 ช้อนโต๊ะ
พริกไทยป่น 1 ช้อนชา
น้ำตาลทราย 1 ช้อนชา
น้ำมันงา 2 ช้อนโต๊ะ
จิ๊กโฉ่ว สำหรับจิ้ม"
เค้กทูโทน เค้กสองสี,"Easy Bake Moist Chocolate Cake 1 กล่อง  
Easy Bake Classic Vanilla Cake 1 กล่อง 
สตรอว์เบอร์รีสด 300 กรัม  
วิปปิ้งครีม 300 มิลลิลิตร  
น้ำตาลทราย 30 กรัม 
ไข่ไก่ 2 ฟอง  
ดอกไม้ สำหรับตกแต่ง"
ไข่หวานสอดไส้ชีส,"ไข่ไก่สด เบอร์2 5 ฟอง
น้ำเปล่า 3 ช้อนโต๊ะ
น้ำเชื่อม 1 ช้อนโต๊ะ
เกลือ ¼ ช้อนชา
พริกไทยดำ ¼ ช้อนชา
ชีสมอสซาเรลลา 100 กรัม
น้ำมันถั่วเหลือง 3 ช้อนโต๊ะ
ต้นหอมสำหรับตกแต่ง
ซอสมะเขือเทศ สำหรับกินคู่ตามชอบ"
เค้กกล้วยหอมไมโครเวฟ,"กล้วยหอม 3 ลูก 
ไข่ไก่ 3 ฟอง 
น้ำตาล 4 ช้อนโต๊ะ 
เนยละลาย 6 ช้อนโต๊ะ 
นม 3 ช้อนโต๊ะ 
กลิ่นวนิลลา 1 ช้อนชา 
แป้งอเนกประสงค์ 12 ช้อนโต๊ะ 
เกลือ ½ ช้อนชา 
ผงฟู ½ ช้อนโต๊ะ 
ผงโกโก้ สำหรับตกแต่ง 
น้ำผึ้ง สำหรับตกแต่ง 
อัลมอนด์สไลซ์ สำหรับตกแต่ง "
บลูเบอร์รี่ชีสพาย,"วัตถุดิบส่วนฐาน
แครกเกอร์บดละเอียด 1 ถ้วย
น้ำตาลทราย 2 ช้อนโต๊ะ
เนยละลาย ¼ ถ้วย
วัตถุดิบส่วนหน้า
บลูเบอร์รี่ฟิลลิ่ง 1 ถ้วย
ครีมชีส 1 ก้อน
น้ำตาลทราย ⅔ ถ้วย
เกลือ ¼ ช้อนชา
นม ⅓ ถ้วย
ไข่ 4 ฟอง
น้ำมะนาว 2 ช้อนโต๊ะ"
ข้าวไข่ข้นกุ้ง,"ไข่ไก่ 3 ฟอง
กุ้งสด 5 ตัว
เห็ดหอม 3 ดอก
นมสด 3 ช้อนโต๊ะ
ซีอี๊วขาว 1 ช้อนชา
น้ำมันหอย 1 ช้อนชา
ซอสปรุงรส 1 ช้อนชา
น้ำมัน 1 ช้อนชา
ข้าวสวย 1 ถ้วย
พาร์สลีย์ สำหรับตกแต่ง"
มักกะโรนีอบชีส,"มักกะโรนี 150 กรัม
น้ำเปล่า 460 ml
นมข้นจืด คาร์เนชัน 60 ml
ชีสเชดดาร์ 200 กรัม
ชีสแผ่น 60 กรัม"
แกงเขียวหวานไก่ ไมโครเวฟ,"กะทิสำเร็จรูป 1 กล่อง
น้ำพริกแกงเขียวหวาน 2 ช้อนโต๊ะ
น้ำ 1/2 ถ้วย
น้ำปลา 1 ช้อนโต๊ะ
น้ำตาลปี๊บ 1 ช้อนโต๊ะ
เนื้อไก่ หั่นเป็นชิ้น 200 กรัม
มะเขือเปราะ หั่นสี่ส่วน 4 ลูก
ใบมะกรูดฉีก 3 ใบ
ใบโหระพา 1 ถ้วย
พริกชี้ฟ้าแดงซอย 1 เม็ด"
เครมบรูเล่,"วิปปิ้งครีม 1 ½ ถ้วยตวง
ไข่แดง 4 ฟอง
น้ำตาลทราย ¼ ถ้วยตวง
กลิ่นวานิลลา 1 ช้อนชา"
บานอฟฟี,"แครกเกอร์ 100 กรัม
เนยสดเค็ม 50 กรัม( สำหรับใส่แครกเกอร์ ) 
กล้วยหอม 3 ลูก 
น้ำตาลทราย 90 กรัม
วิปปิ้งครีม 50 กรัม ( สำหรับทำคาราเมลซอส ) 
เนยสดเค็ม 40 กรัม( สำหรับทำคาราเมลซอส ) 
วิปปิ้งครีมเย็นจัด 200 กรัม 
ผงโกโก้ ( สำหรับโรยหน้า )"
โกโก้หนึบ,"นมข้นหวาน200g
ผงโกโก้(ผงโอวัลตินก็ได้)100g"
ขนมจีบลาบไมโครเวฟ,"กุ้งผ่าครึ่งตามขวาง 15 ชิ้น 
หมูบดละเอียด 200 กรัม 
รสดีเมนู ลาบ-น้ำตก 1 ซอง 
ต้นหอมซอยละเอียด 1 ช้อนโต๊ะ 
ผักชีใบเลื่อยซอย 1 ช้อนโต๊ะ 
หอมแดงซอย 2 ช้อนโต๊ะ 
แผ่นเกี๊ยว 15 แผ่น วัตถุดิบแจ่ว
รสดีเมนู ลาบ-น้ำตก 1 ซองต่อน้ำอุ่น 4 ช้อนโต๊ะ 
น้ำอุ่น 4 ช้อนโต๊ะ 
ต้นหอมซอยละเอียด 1 ช้อนโต๊ะ 
ผักชีใบเลื่อยซอย 1 ช้อนโต๊ะ 
หอมแดงซอย 1 ช้อนโต๊ะ"
ต้มไข่ใช้ไมโครเวฟ,"ไข่เป็ด1 ฟอง (กี่ฟองก็ได้)
น้ำเปล่า ประปานี่ละ1 ชาม
เกลือป่น1 ช้อนชา"
ไข่หวานสอดไส้ชีส,"ไข่ไก่เบอร์2 5 ฟอง
น้ำเปล่า 3 ช้อนโต๊ะ
น้ำเชื่อม1 ช้อนโต๊ะ
เกลือ ¼ ช้อนชา
พริกไทยดำ ¼ ช้อนชา
ชีสมอสซาเรลลา 100 กรัม
น้ำมันพืช 3 ช้อนโต๊ะ
ต้นหอมสำหรับตกแต่ง
ซอสมะเขือเทศ ตราไฮนซ์ สำหรับกินคู่ตามชอบ "
มันบดอบชีส,"มันฝรั่ง2-3 ลูก
นมสดรสจืด
ครีม (ไม่มีไม่ต้องใส่)
มอสซาเรล่าชีส
เชดด้าชีส
เกลือ
พริกไทยดำ
เนยสด"
ห่อหมกทูน่ากระป๋อง,"ทูน่ากระป๋องในน้ำแร่ 1 กระป๋อง (125 กรัม) 
น้ำเชื่อม2 ช้อนโต๊ะ 
เครื่องแกงเผ็ด ¼ ถ้วยตวง 
น้ำปลา 3 ช้อนโต๊ะ 
ใบมะกรูดซอย 1 ช้อนโต๊ะ 
ไข่ไก่ 1 ฟอง 
กะทิ(สำหรับเนื้อห่อหมก) ⅓ ถ้วยตวง 
กะหล่ำปลีฝอย 1 ถ้วยตวง 
ใบโหระพา ½ ถ้วยตวง 
กะทิ (สำหรับหน้าห่อหมก) ¼ ถ้วยตวง 
แป้งข้าวโพด 1 ช้อนโต๊ะ 
พริกชี้ฟ้าแดง สำหรับตกแต่ง"
หุง(นึ่ง)ข้าวเหนียว ด้วยไมโครเวฟ,"ข้าวเหนียว1 ถ.
น้ำสะอาดพอประมาณ"
คุกกี้ไมโครเวฟ,"แป้งอเนกประสงค์ 150 กรัม 
น้ำเชื่อม 100 มิลลิตร 
ไมโล 3 อิน 1 60 กรัม 
เนยจืด ตราออร์คิด 75 กรัม 
นมสดจืด ตราเมจิ 25 กรัม
ผงฟู 1 ช้อนชา"
นมน้ำผึ้งอุ่น,"นมจืด1 ขวด
น้ำผึ้ง1 ช้อนชา"
กล้วยอบเนยไมโครเวฟ,"กล้วยน้ำว้า 4 ผล 
น้ำเชื่อม50 มิลลิลิตร 
เนยจืด 75 กรัม 
งาขาว 20 กรัม"
หมูตู้เกาหลี,"เนื้อหมูสามชั้นสไลด์
เนย
ซอสเทอริยากิ
ผักคอส
โคชูจัง
พริก
มะนาว
เกลือ"
แซนด์วิชน้ำพริกเผาทูน่า,"ขนมปังตัดขอบ 6 แผ่น 
ชีสเชดดาร์ 6 แผ่น 
ชีสมอสซาเรลลา 50 กรัม 
ทูน่ากระป๋อง 100 กรัม
น้ำพริกเผา 100 กรัม 
ต้นหอมสำหรับตกแต่ง"
ขนมปังเนยกรอบไมโครเวฟ,"ขนมปัง6 ชิ้น
เนยเค็มแท้20 กรัม
น้ำตาลทราย"
มันม่วงอบ ไมโครเวฟ,มันม่วงขนาดกลางๆ
ไข่ตุ๋นวุ้นเส้น,"วุ้นเส้น 1 ซอง
ไข่ไก่ 7 ฟอง 
นมสด 1 ถ้วย 
กุ้งสับ 1 ถ้วย 
แครอท ¼ ถ้วย 
ซอสหอยนางรม 1 ช้อนโต๊ะ 
น้ำตาลทราย 1 ช้อนชา 
พริกไทยป่น 1 ช้อนชา 
น้ำมันพืช 1 ช้อนโต๊ะ 
ต้นหอม ¼ ถ้วย
กุ้งสด ตามชอบ"
คอร์นชีสยืด,"ข้าวโพด ต้มสุกแกะเมล็ด1 ถ้วย
นมข้นจืด1 ถ้วย
เนยจืด50 กรัม
เกลือเล็กน้อย
น้ำตาล2 ช้อนโต๊ะ
มอสเซลเลล่าชีส200-300 กรัม"
บะหมี่ไข่ตุ๋นไมโครเวฟ,"บะหมี่ลวก 2 ห่อ
ซุปก้อน รสหมู 1 ก้อน 
น้ำเปล่า 1 ถ้วยตวง 
ไข่ไก่ 3 ฟอง 
ปูอัด 6 ชิ้น
ไส้กรอกหั่นแว่น 2 ชิ้น
หมูสับรวน 4 ช้อนโต๊ะ
ต้นหอม สำหรับโรยหน้า"
ต๊อกโปกิ แบบกึ่งสำเร็จรูป,"ต๊อกกิ โกโก1 ถุง
น้ำเปล่า100 มล.
ไส้กรอก2 อัน
ต้นหอม1-2 ต้น
มอซซาเรลล่าชีสแผ่น1 แผ่น"
ต้มยําปลากระป๋อง,"น้ำเปล่า 400 มิลลิลิตร
ข่าหั่นแว่น 3 ชิ้น
ตะไคร้หั่นท่อนทุบพอแตก 1 ต้น
ใบมะกรูด ฉีกก้านกลางออก 3 ใบ
หอมแดง 1 หัว
เห็ดนางฟ้า 30 กรัม
ปลากระป๋อง 1 กระป๋อง
น้ำปลา 2 ช้อนโต๊ะ
น้ำตาลทราย 1 ช้อนชา
พริกขี้หนูสับ 5 เม็ด
น้ำมะนาว 2 ช้อนโต๊ะ
ใบสะระแหน่ / พริกขี้หนู สำหรับตกแต่ง"
กระดูกหมูนึ่งเต้าเจี้ยว,"กระดูกหมู(หั่นเป็นท่อนสั้นๆ)300 กรัม
เต้าเจี้ยว (ลีกุมกี่)1 1/2 ช้อนโต๊ะ
แป้งข้าวโพด1 ช้อนชา
ซีอิ้วขาว1 ช้อนโต๊ะ
น้ำตาลทราย, เกลือ นิดหน่อย สำหรับปรุงรส
น้ำมันพืช1 ช้อนโต๊ะ"
ข้าวเหนียวน้ำกะทิทุเรียน,"วัตถุดิบสำหรับข้าวเหนียวมูน
ข้าวเหนียวเขี้ยวงู 1 ถ้วยตวง
น้ำสะอาด 1.25 ถ้วยตวง
กะทิคั้นสด ¾ ถ้วยตวง
น้ำตาลทราย 2 ช้อนโต๊ะ
เกลือป่น ½ ช้อนชา
ใบเตย 2 ใบ
วัตถุดิบสำหรับน้ำกะทิทุเรียน
ทุเรียนหมอนทองสุกๆ 110 กรัม (รวมเม็ด)
กะทิคั้นสด 500 กรัม
น้ำตาลโตนด 2 ช้อนโต๊ะ
น้ำตาลทราย 2 ช้อนโต๊ะ
เกลือป่น 1 ช้อนชา
ใบเตย 3 ใบ"
มาม่าต้มยำไข่ตุ๋น,"1. มาม่า 1 ก้อน

2. ไข่ไก่ 1 ฟอง

3. กุ้งขาว 4 ตัว

4. ข่า หั่นแว่น 1 แง่ง

5. ตะไคร้ซอย 1 ต้น

6. ใบมะกรูด 2 ใบ

7. ผักชีฝรั่งหั่นหยาบ 3 ใบ

8. ผงปรุงรสต้มยำ 1 ซอง

9. น้ำเปล่า 100 มิลลิลิตร"
แกงจืดเต้าหู้หมูสับ,"หมูสับปรุงรส 100 กรัม

2. เต้าหู้ไข่ 1 หลอด

3. น้ำซุปเข้มข้น 3 ช้อนโต๊ะ

4. ผักกาดขาว หั่นชิ้น 200 กรัม

5. แครอท หั่นแว่น 100 กรัม

6. ขึ้นฉ่าย หั่นเป็นท่อน 1 ต้น

7. ซีอิ๊วขาว 1 ช้อนโต๊ะ

8. น้ำตาลทราย ½ ช้อนชา

9. ผักชีซอย สำหรับโรยหน้า

10. ต้นหอมซอย สำหรับโรยหน้า

วัตถุดิบหมูสับปรุงรส
1. หมูสับ 100 กรัม

2. กระเทียม 1 ช้อนโต๊ะ

3. รากผักชี หั่นหยาบ 3 ราก

4. เกลือป่น ½ ช้อนชา

5. น้ำมันหอย 1 ช้อนโต๊ะ "
ลาบมาม่า,"1. มาม่า 1 ก้อน

2. หมูสับ 200 กรัม

3. ผักชีฝรั่งซอย 1 กรัม

4. หอมแดงซอย 1 กรัม

5. หอมใหญ่ซอย 1 กรัม

6. ข้าวคั่ว 2 ช้อนโต๊ะ

7. พริกป่น 2 ช้อนชา

8. น้ำตาลทราย 2 ช้อนชา

9. น้ำมะนาว 3 ช้อนชา

10. น้ำปลา 3 ช้อนชา

11. ผักชี/ต้นหอม 2 กรัม"
ต้มยำหมูสับไข่น้ำ,"หมูสับ 300 กรัม  
ไข่ไก่ 3 ฟอง 
น้ำมันหอย 1 ช้อนโต๊ะ  
พริกป่น 1 ช้อนโต๊ะ  
น้ำมะนาว 3 ช้อนโต๊ะ  
น้ำตาล 1/2 ช้อนโต๊ะ  
ถั่วลิสงคั่วบด 5 ช้อนโต๊ะ  
น้ำปลา 5 ช้อนโต๊ะ  
น้ำพริกเผา 1 ช้อนโต๊ะ  
ผงปรุงรส 1/2 ช้อนโต๊ะ  
น้ำ 700 กรัม 
กระเทียม 3 กลีบ  
ผักชี ตามชอบ  
ต้นหอม ตามชอบ"
ต้มยำกุ้งน้ำข้นยอดมะพร้าว,"กุ้งสด 400 กรัม
เห็ดตามชอบ 100 กรัม
มะเขือเทศ 4 ลูก
พริกขี้หนู 10 เม็ด
ใบมะกรูด 3-4 ใบ
ตะไคร้ 1 ก้าน
ยอดมะพร้าว 120 กรัม
ข่าหั่นแว่น 4 ชิ้น
มะนาว 2 ลูก
น้ำพริกเผา 4 ช้อนโต๊ะ
นมข้นจืด 100 กรัม
น้ำปลา 2 ช้อนโต๊ะ
น้ำเปล่า 1 ลิตร
ผักชีฝรั่ง ตามชอบ"
สุกี้หม่าล่า,"น้ำซุป 1 ลิตร 
น้ำมันงา 2 ช้อนโต๊ะ 
กระเทียม 1 กลีบ  
เก๋ากี้ 1 ช้อนชา  
ลูกกระวาน 1 ช้อนชา  
ขิง 1 อัน 
โปยกั๊ก 1 ข้อนชา  
ตังกุย 10 กรัม  
อบเชย 2 ก้าน  
พริกแห้ง ¼ ถ้วยตวง  
น้ำตาลกรวด 1 ข้อนชา  
เกลือ 2 ช้อนชา  
ซีอิ๊วขาว 2 ช้อนโต๊ะ  
น้ำพริกหม่าล่า 2 ช้อนโต๊ะ"
ต้มจืดผักกาดดอง ใส่กระดูกหมู,"กระดูกหมู300 กรัม
ผักกาดดอง500 กรัม
คนอร์ซุปหมูก้อน1 ก้อน
กระเทียม5 กลีบ
น้ำเปล่า1 ลิตร
น้ำตาล1 ช้อนชา"
แกงกะทิสายบัวปลาทูนึ่ง,"สายบัวลอกเปลือกออก หักเป็นท่อนๆ300 กรัม
ปลาทูนึ่งแกะเอาแต่เนื้อ4 ตัว
น้ำตาลทรายหรือน้ำตาลมะพร้าว½ ช้อนโต๊ะ
หัวกระทิ1 ถ้วย
หางกะทิ1 ½ ถ้วย
หอมแดง5-6 หัว
พริกไทยเม็ด1 ช้อนโต๊ะ
กะปิ½ ช้อนโต๊ะ
เกลือ½ ช้อนโต๊ะ
น้ำมะขามเปียกคั้นข้นๆ2-3 ช้อนโต๊ะ"
แกงเห็ดใส่ใบแมงลัก,"พริกจินดา10เม็ด
หอมแดง2-3หัว
กระเทียม2กลีบ
ตะไคร้1ต้น
น้ำปลาร้า4ช้อนโต๊ะ
ผงปรุงรส1ช้อนโต๊ะ
เกลือตามชอบ
น้ำตาลตามชอบ
เห็ดฟาง1แพค
เห็ดโคนญี่ปุ่น1แพค"
แกงเลียงกุ้งสด,
แกงเลียงกุ้งสด,"กุ้งสดปอกเปลือกผ่าหลัง250กรัม
ข้าวโพดอ่อนหั่น80กรัม
ฟักทองหั่นชิ้นพอดีคำ240กรัม
บวบหั่นเป็นชิ้นๆ230กรัม
เห็ดรวม (ตามชอบ)250กรัม
ใบแมงลัก1ถ้วย
น้ำซุป4ถ้วย
น้ำปลา2ช้อนโต๊ะ
ซีอิ๊วขาว1ช้อนโต๊ะ
น้ำตาล1ช้อนชา
---พริกแกงเลียง--
หอมแดง6หัว
กุ้งแห้งป่น3ช้อนโต๊ะ
กุ้งสดลวก3ตัว
กระชาย3แง่ง
พริกไทยเม็ด1ช้อนโต๊ะ
กะปิ1 1/2ช้อนโต๊ะ
พริกขี้หนูสวน8เม็ด
รากผักชี1ราก"
โจ๊กหมู,"ข้าวหอมมะลิบดพอละเอียด1 ถ้วย
ข้าวเหนียวบดพอละเอียด1/2 ถ้วย
ขิงหั่นแว่น3 ชิ้น
รากผักชี2 ราก
คนอร์ ซอสข้นปรุงรส รสหมู1 ช้อนโต๊ะ
ซีอิ๊วขาวเห็ดหอม1 ช้อนโต๊ะ
เห็ดหอมแห้งแช่น้ำจนนิ่ม2 ดอก
ขิงซอยตามชอบ
ผักชี. ต้นหอมซอยตามชอบ
น้ำเปล่า
---ส่วนผสมหมักหมูเด้ง--
หมูสับ200 กรัม
คนอร์ ซอสข้น1/2 ช้อนโต๊ะ
แป้งมัน1/2 ช้อนชา
เบคกิ้งโซดา1/2 ช้อนชา
น้ำมันงา1 ช้อนชา
น้ำตาลทราย1 ช้อนชา
น้ำมันหอย1/2 ช้อนโต๊ะ
ไข่ขาวครึ่งฟอง
รากผักชีสับละเอียด1 ราก
เกลือเล็กน้อย"
พะแนงหมู,"หมูหั่นชิ้น350 กรัม
น้ำพริกพะแนง300 กรัม
หัวกะทิ1 ถ้วย
ตัวกะทิ2 1/2 ถ้วย
ถั่วฝักยาวหั่นท่อน150 กรัม
ใบมะกรูดฉีก3-4 ใบ
พริกชี้ฟ้าซอย3-4 เม็ด
น้ำตาลปึก2 ช้อนโต๊ะ
น้ำปลา2-3 ช้อนโต๊ะ"
แกงกะหรี่ญี่ปุ่น,"มันฝรั่ง4 ลูก
แครอท1 ลูก
หอมหัวใหญ่2 หัว
ก้อนแกงกะหรี่ สูตรญี่ปุ่น4 ก้อนเล็ก
น้ำตาลทราย3 ช้อนโต๊ะ
โชยุ2 ช้อนโต๊ะ
ซุปก้อน1 ก้อน
กระเทียมจีนขูด1 กลีบ
เนยจืด1 ช้อนชา
เกลือ1/4 ช้อนชา
พริกไทยนิดหน่อย
นมจืด125 มล.
เนื้อหมูสไลด์3 ขีด"
แกงหน่อไม้(ลาว),"น้ำใบย่านาง1 ลิตร
หน่อไม้ต้มแล้ว400 กรัม
ใบแมงลัก100 กรัม
พริกขี้หนู19 เม็ด
น้ำปลาร้าต้ม1 1/2 ทัพพี
ตะไคร้1 ต้น
ข่า20 กรัม
ชะอม100 กรัม
เห็ดฟาง150 กรัม
หอมแดง20-30 กรัม
เกลือ1 ช้อนชา
น้ำปลา1-2 ช้อนชา
น้ำตาล1/2 ช้อนโต๊ะ
ข้าวเบือ(ข้าวเหนียวแช่น้ำ)2 ช้อนโต๊ะ"
ไข่พะโล้,"ไข่ไก่ หรือ ไข่เป็ด6-8 ฟอง
ไข่นกกระทา15 ฟอง
เครื่องพะโล้สำเร็จรูป1 ซอง
ซีอิ้วดำหวาน2 ช้อนโต๊ะ
ผักชี2 ต้น
น้ำมัน2 ช้อนโต๊ะ
น้ำเปล่า1 ลิตร"
ต้มแซ่บเนื้อ,"เนื้อวัว(เศษเนื้อหรือส่วนอื่นตามชอบ)180 กรัม
ตะไคร้หั่น3 ต้น
หอมแดง5 หัว
ข่าหั่นแว่น5 ชิ้น
รากผักชี2 ราก
เกลือป่น1/2 ช้อนชา
ต้นหอมซอย1 ต้น
ผักชีฝรั่ง2 ต้น
น้ำมะขามเปียก3 ช้อนโต๊ะ
น้ำมะนาว1/2 ลูก
พริกขี้หนูทุบ7-8 เม็ด
น้ำตาลทราย1 ช้อนชา
น้ำปลา2 ช้อนโต๊ะ
น้ำเปล่า"
ต้มยำขาหมู,"ขาหมูเผา (สับเป็นชิ้นๆ)1.5 ก.ก
ข่าหั่นแว่นบาง ๆ10-15 แว่น
ตะไคร้ (หั่นท่อน และ บุบ)2 ต้น
ใบมะกรูดฉีก5 ใบ
พริกขี้หนูแห้งทอด5-10 เม็ด
้มะนาว4-5 ลูก
ผงปรุงรสคนอร์2 ช.ช.
น้ำปลา2 ช.ต.
เกลือ2 ช.ช.
น้ำสะอาด6 ถ้วย
ผักชี และ ผักชีใบเลื่อย สำหรับโรย"
ยำไก่ (อาหารเหนือ),"ไก่บ้าน1 ตัว
พริกลาบ (ภาคเหนือ)
น้ำปลา
ผักชี
ต้นหอม
ผักแพ้ว
ตะไคร้
น้ำสะอาด
ใบมะกรูด"
แกงสับปะรดใส่หอยแมลงภู่,"หอยแมลงภู่ต้มสุก1/2 โล
พริกแกงแดง2.5 ขีด
สับปะรด2 ลูก (โลครึ่ง)
หัวกะทิ7 ขีด
หางกะทิ1 cup
ใบมะกรูด10 ใบ
น้ำตาลปี๊บ1 ชต
น้ำปลา2 ชต
รสดี ( หมู )1 ชต"
หมูสับต้มเกี่ยมบ๊วย,"บ๊วยดองสับ 7 เม็ด
หมูสับ 250 กรัม
รากผักชี 1 ราก
ผักชีสับ 2 ช้อนโต๊ะ 
น้ำซุป 2 ลิตร 
ซีอิ๊วขาว 2 ช้อนโต๊ะ
น้ำมันพืช 2 ช้อนโต๊ะ"
สปาเก็ตตี้ซอสพริกมิกซ์มะเขือเทศหมูสับ,"เส้นสปาเก็ตตี้
หมูบด200 กรัม
มะเขือเทศท้อ5 ผล
หอมใหญ่สับละเอียด1/2 หัว
ซอสพริก3 ช้อนโต๊ะ
ซอสมะเขือเทศ6 ช้อนโต๊ะ
เกลือป่น
ออริกาโน
น้ำมันพืช"
ผัดเปรี้ยวหวานหมู,"เนื้อหมูสไลด์250 กรัม
หอมหัวใหญ่ หั่นชิ้นพอดีคำ1 หัว
แตงกวาลูกเล็ก หั่วชิ้นพอดีคำ5 ลูก
มะเขือเทศ หั่นชิ้นพอดีคำ1 ลูก
กระเทียมสับ1 ช้อนโต๊ะ
ต้นหอม หั่นยาว2 ต้น
ซอสปรุงรสตามชอบ
น้ำตาลตามชอบ
ซอสมะเขือเทศ3 ช้อนโต๊ะ
น้ำมันหอยตามชอบ"
ผักบุ้งผัดน้ำมันหอย,"ผักบุ้ง2 กำ
กระเทียม3-5 กลีบ
เต้าเจี้ยว1/2 ช้อนโต๊ะ
น้ำมันหอย1/2 ช้อนโต๊ะ
น้ำตาล1 ช้อนชา
พริกขี้หนู7 เม็ด"
ข้าวผัดสับปะรด,"เกลือ ⅓ ช้อนชา
ซีอิ๊วขาว 2 ช้อนชา 
ซอสปรุงรส 2 ช้อนชา 
พริกไทยป่น 1 ช้อนชา
ผงกะหรี่ 1 ช้อนโต๊ะ 
เนยสดจืด 2 ช้อนโต๊ะ
กระเทียมสับ 2 ช้อนโต๊ะ 
หอมหัวใหญ่สับ 2 ช้อนโต๊ะ 
ผักสามสี ½ ถ้วย
ต้นหอมซอย ½ ถ้วย 
ไข่ไก่ 2 ฟอง 
กุ้ง 1 ถ้วย
กุนเชียง ½ ถ้วย
แฮม ½ ถ้วย 
ลูกเกด ½ ถ้วย 
หมูหยอง ½ ถ้วย 
เม็ดมะม่วงหิมพานต์อบ ½ ถ้วย"
กุ้งผัดผงกะหรี่,"กุ้งสด12-15 ตัว
ผงกะหรี่
น้ำพริกเผา
ไข่ไก่
นดสด
ซีอิ้วขาว
น้ำปลา
น้ำตาล
น้ำมันหอยนางรม
พริกไทยป่น
กระเทียม
หัวหอม
คึ่นช่าย
ต้นหอม
พริกชี้ฟ้าแดง"
ไชโป๊วผัดไข่,"หัวไชโป๊ว(รสหวาน) หั่นเป็นเส้น200 กรัม
ไข่2 ฟอง
กระเทียมสับ1 ช้อนโต๊ะ
น้ำตาลทรายเล็กน้อย
ซีอิ๊วขาว
น้ำมันสำหรับผัด"
หมี่ผัดไข่,"เส้นหมี่ แช่น้ำ1 ห่อ
ไข่ไก่2 ฟอง
มะเขือเทศ ลูกเล็ก2-3 ลูก
ต้นหอม2 ต้น
น้ำมันหอย1 ช้อนโต๊ะ
ซอสปรุงรส1/2 ช้อนโต๊ะ
น้ำตาลเล็กน้อย
ผงปรุงรสเล็กน้อย
น้ำต้มสุกเล็กน้อย"
ผัดพริกแกงหมูสับถั่วฝักยาว,"หมูสับ100 กรัม
น้ำพริกแกงเผ็ด2 ช้อนโต๊ะ
ถั่วฝักยาว ล้างให้สะอาดแล้วหั่นท่อนสั้นๆ1 ถ้วย
น้ำมันสำหรับผัด2 ช้อนโต๊ะ
น้ำตาลทราย1 ช้อนโต๊ะ
น้ำปลา1 ช้อนโต๊ะ"
ปลานิลทอดผัดขึ้นฉ่าย,"เนื้อปลานิล2 ชิ้น(1 ตัว)
ขึ้นฉ่ายหั่นท่อน3 ต้น
ต้นหอมหั่นท่อน2 ต้น
พริกชี้ฟ้าแดงหั่นเฉียง2 เม็ด
ซีอิ้วขาว1 ช้อนชา
เต้าเจี้ยว1 ช้อนโต๊ะ
น้ำตาลทราย3/4 ช้อนชา
พริกไทยป่น1/2 ช้อนชา
แป้งมันสำหรับทอดปลา
น้ำมันปาล์มสำหรับทอด
น้ำมันถั่วเหลืองสำหรับผัด
เกลือป่นเล็กน้อยปลายนิ้ว"
น้ำพริกเผาผัดหมูสับ,"พริกแห้งแบบเผ็ดมาก20 เม็ด
พริกแห้งแบบเผ็ดน้อย50 เม็ด
หอมแดง10 หัว
กระเทียม20 กลีบ
น้ำมัน2 ช้อนโต๊ะ
หมูสับ100 กรัม
น้ำสะอาด1 ถ้วย
น้ำตาลปี๊บ5-6 ข้อนโต๊ะ
น้ำปลา8-10 ช้อนโต๊ะ
มะขามเปียก4-5 ช้อนโต๊ะ"
ผัดพริกหยวกหมู,"เนื้อหมูติดมัน3 ขีด
พริกหยวก3 อัน
หอมใหญ่1/2 หัว
น้ำมันหอย2 ช้อนโต๊ะ
น้ำตาลทราย2 ช้อนโต๊ะ
ซีอิ้วขาว3ช้อนโต๊ะ"
ผัดกระหล่ำปลีหมูสับ,"กะหล่ำปลี1/2 หัว
หมูสับ 50 กรัม50 กรัม
กระเทียบกลีบใหญ่3-5 กลีบ
น้ำมันพืช1 ช้อนโต๊ะ
ซีอิ๊วขาว1  1/2 ช้อนโต๊ะ
ซอสหอยนางรม1 ช้อนโต๊ะ
น้ำตาลทราย1/2 ช้อนโต๊ะ"
ผัดขี้เมาอกไก่,"อกไก่หั่น100 กรัม
กระเทียมสับครึ่งหัว
พริกไทยสด3พวง
ใบกระเพรา1ต้น
ใบมะกรูด1ต้น
แครอทหั่นเต๋า1/4หัว
ข้าวโพดอ่อนหั่นแฉลบ4ฝัก
พริกชี้ฟ้าแดงหั่นแฉลบ3เม็ด
น้ำตาลทราย1ช้อนชา
น้ำมันหอย1ช้อนชา
น้ำปลา1ช้อนชา"
ผัดคะน้าหมู,"หมูสามชั้น หั่นพอดีคำ150 กรัม
ผักคะน้า หั่นพอดีคำ1 จาน
พริกขี้หนูเม็ดใหญ่5 เม็ด
กระเทียมใหญ่5 กลีบ
น้ำมันหอย3 ช้อนโต๊ะ
น้ำตาลทราย2-3 ช้อนชา
เต้าเจี้ยว1/2 ช้อนโต๊ะ
ซอสปรุงรส2-3 ช้อนชา"
แกงโฮะ,"เนื้อหมู200 กรัม
ใบกระเพรา50 กรัม
ใบมะกรูด5 ใบ
มะเขือ5 ลูก
มะเขือพวง100 กรัม
ตะไคร้2 หัว
กระเทียม5 กลีบ
หน่อไม้ดองสำเร็จรูป200 กรัม
ผงกะหรี่15 กรัม
วุ้นเส้น200 กรัม
แกงเขียวหวาน300 กรัม
แกงเผ็ด200 กรัม
แกงฮังเล500 กรัม
น้ำปลา2 ช้อนชา
ซีอิ๊วขาว2 ช้อนชา
ผงชูรส1/2 ช้อนชา
ถั่วฝักยาว150 กรัม
น้ำมันพืช2 ช้อนโต๊ะ"
떡볶이 (Tteokbokki/ต๊อกบกกี) Spicy Rice Cake,"ต๊อกเส้นสด500 กรัม
น้ำเปล่า4 ถ้วยตวง
สาหร่ายทาชิมะ6x8 นิ้ว (1ฝ่ามือ)
ปลาแอนโชวี่ (เอาหัวกับไส้ออก)7 ตัว
โคชูจัง1/3 ถ้วยตวง
โคชูการุ พริกป่นหยาบ1 ช้อนโต๊ะ
น้ำตาลทราย (ไม่ฟอก)1 ช้อนโต๊ะ
ต้นหอมซอย4-5 ต้น
ไข่ต้ม (ตัวเลือก)2-3 ฟอง
ลูกชิ้นปลา (ตัวเลือก)200 กรัม"
กระเพราปลาหมึก,"ปลาหมึก300 กรัม
ใบกะเพรา50 กรัม
กระเทียม5 กลีบ
พริกขี้หนู10 เม็ด
ซีอิ๊วดำ1/2 ช้อนโต๊ะ
น้ำตาลทราย1/2 ช้อนชา
ซีอิ๊วขาว1 ช้อนโต๊ะ
น้ำมันหอย1 ช้อนโต๊ะ
น้ำมันสำหรับผัด2 ช้อนโต๊ะ
น้ำซุป หรือน้ำเปล่าสำหรับ"
ผัดเผ็ดไก่หน่อไม้ดอง,"เนื้ออกไก่ (เลาะหนังออก)1 อกใหญ่
หน่อไม้ดอง1/2 กก.
พริกชี้ฟ้าแดงและเขียว30 เม็ด หรือตามชอบ
กระเทียม20 กลีบ
ใบโหระพาเด็ด2 ต้น
น้ำปลา2 ช้อนโต๊ะ
น้ำตาล1 ช้อนโต๊ะ
น้ำมันหอย2 ช้อนโต๊ะ
น้ำเปล่า (ไว้สำหรับล้างพริกแกงก้นครก)3-4 ช้อนโต๊ะ"
มะเขือยาวผัดโหระพา,"มะเขือยาว3 ต้น
โหระพา4 ต้น
หมูสับ2 ขีด
เต้าเจี้ยว
ซอสปรุงรส
ซอสหอยนางรมหรือซอสเห็ดหอม
ซีอิ๊วขาว
น้ำตาลทราย
กระเทียม
น้ำมัน"
ผัดพริกแกงถั่วฝักยาวหมู,"เนื้อหมูสามชั้น3 ขีด
พริกแกงเผ็ด2 ช้อนโต๊ะ
ถั่วฝักยาว1 กำเล็ก
ผงปรุงรส1-2 ช้อนโต๊ะ
น้ำปลา1-2 ช้อนโต๊ะ
น้ำตาลทราย1-2 ช้อนโต๊ะ
ใบมะกรูด3-4 ใบ
น้ำเปล่า60-100 มล.
น้ำมันพืช3-4 ช้อนโต๊ะ"
บล็อคโคลี่ผัดกุ้ง,"บล็อคโคลี่1 หัว
แครอท1 หัว
เห็ด1 ห่อ
กุ้ง5-6 ตัว
น้ำมันหอย1 ช้อน
ซีอิ้วขาว1 ช้อน
น้ำปลา1/2 ช้อน
น้ำตาล1/2 ช้อน
น้ำมัน3 ข้อน
กระเทียม4-5 กลีบ"
ผัดมะเขือยาวหมูสับโหระพา,"หมูสับ500กรัม
ใบโหระพา3ต้น
มะเขือยาว4ลูก
น้ำมันปาล์ม1/4 ขวด
น้ำมันพืช3ชต
กระเทียมทุบสับ5 หัว
พริกแดงจินดา5เม็ด
น้ำมันหอย3ชต
เต้าเจี้ยว2ชต
ซีอิ๊วขาว3เหยาะ
น้ำตาลทราย1ชช
คนอร์รสหมูขวด1ชช"
หมูผัดพริกสด,"เนื้อหมู200 กรัม
พริกหยวกซอย1 ถ้วย
กระเทียม1 ช้อนโต๊ะ
หัวหอมซอย1 ถ้วย
ต้นหอมหันขนาด1 นิ้ว
น้ำตาล1 ช้อนโต๊ะ
น้ำมันหอย 1 ช้อนโต๊ะ1 ช้อนโต๊ะ
น้ำมัน1 ช้อนโต๊ะ
พริกไทยนิดหน่อย"
ข้าวผัดไข่,"ข้าวสวย3 ถ้วย
ไข่ไก่3 ฟอง
แครอทสับ1 ช้อนโต๊ะ
ซอสปรุงรส2 ช้อนโต๊ะ
เกลือ1/2 ช้อนชา
เนย10 กรัม
ต้นหอมซอย1 ช้อนโต๊ะ
น้ำมันพืชเล็กน้อย"
ไก่กระเทียมพริกไทย,"เนื้ออกไก่150 กรัม
กระเทียม7 กลีบ
พริกไทยดำ10 เม็ด
ซีอิ๊วขาว2 ช้อนชา
น้ำมันหอย1/2 ช้อนโต๊ะ
น้ำตาล1 ช้อนชา
รสดี1/2 ช้อนชา
น้ำเปล่า3 ช้อนโต๊ะ"
ผัดฉ่าหมู,"หมู300 กรัม
พริกชี้ฟ้าแดง2 เม็ด
กระเพรา
พริกไทยอ่อน
ยอดมะพร้าวอ่อน100 กรัม
พริกขี้หนู5 เม็ด
มะเขือเปราะ4 ลูก
น้ำปลา2 ชต
พริกแกงเผ็ด2 ชต
น้ำตาลทราย1 ชช
ใบมะกูด3-4ใบ"
เบบี้บร็อคโคลี่ราดน้ำมันหอย,"เบบี้บร็อคโคลี่250 กรัม
กระเทียมเจียว โรยหน้า2ช้อนโต๊ะ
ซอสน้ำมันหอย4-5ช้อน
กระเทียมสับ1/2ช้อนโต๊ะ
ซีอิ๊วขาว1ช้อนโต๊ะ
น้ำตาลทราย1/2ช้อนโต๊ะ
เห็ดหอม3ดอก
แป้งมันละลายในน้ำ2ช้อนโต๊ะ
น้ำเปล่า
น้ำมันพืช"
กุ้งทอดกระเทียม,"กุ้ง300 กรัม
กระเทียม5 กลีบ
ผักชี1 ต้น
น้ำมันหอย1 ช้อนชา
ซอสปรุงรส1 ช้อนชา
ผงปรุงรสคนอร์1/2 ช้อนชา
น้ำตาลทราย1/2 ช้อนชา
พริกไทย1/2 ช้อนชา"
ผัดซีอิ้วเส้นใหญ่,"น้ำมัน2 ช้อนโต๊ะ
กระเทียมสับ1 ช้อนโต๊ะ
หมูหมัก250 กรัม
เส้นใหญ่500 กรัม
ซีอิ้วดำ1 ช้อนโต๊ะ
คะน้า3 ต้น
กระหล่ำปลี1/4 หัว
แครอท1/4 หัว
ไข่เป็ด2 ลูก
ไข่ไก่2 ลูก
ผงปรุงรส2 ช้อนชา
น้ำตาลทราย4 ช้อนชา
น้ำมันหอย2 ช้อนโต๊ะ
ซอสปรุงรส2 ช้อนโต๊ะ
พริกไทยป่น1 ช้อนชา"
หมูผัดกิมจิ,"เนื้อหมู
กิมจิ (ซื้อแบบสำเร็จรูป)
โคชูจัง (ซอสพริกเกาหลี)
น้ำมันงา
กระเทียม
งา
เกลือ
ต้นหอม
โบโลน่า (เหลือเลยใส่เข้าไปด้วย)"
ออส่วน,"หอยนางรม1ถ้วย
แป้งมัน1ชต
ซีอิ้วขาว1ชต
พริกไทยป่น1ชช
น้ำ1/4ถ้วย
น้ำมันพืช3ชต
ถั่วงอก200กรัม
ต้นหอมซอย1ชช
ผักชีสับ2ชช
ไข่ไก่2ฟอง"
ผัดกะเพราหมูสับไข่ดาว,"ซอสผัดกะเพราพริกแห้ง 60 กรัม
หมูสับ 200 กรัม
ใบกะเพรา 50 กรัม
ไข่ไก่ 1 ฟอง
น้ำสะอาดเล็กน้อย"
สลัดแซลมอนแซ่บ,"1.แซลมอนสด 300 กรัม

2. กรีนโอ๊ก 3 ใบ

3. เรดโอ๊ก 3 ใบ

4. ฟิลเล ไอซ์เบิร์ก 3 ใบ

5. ผักคอส 3 ใบ

6. แตงกวาญี่ปุ่น 1 ลูก

7. มะเขือเทศราชินี 5 ลูก วัตถุดิบสำหรับทำน้ำสลัด
1. น้ำสลัดครีมญี่ปุ่น 5 ช้อนโต๊ะ

2. พริกขี้หนูสวนสับละเอียด 5 เม็ด

3. ผักชีสับละเอียด 1 ต้น

4. น้ำมะนาว 3 ช้อนโต๊ะ

5. น้ำปลา 2 ช้อนโต๊ะ

6. น้ำตาลปี๊บ 1 ช้อนโต๊ะ"
กล้วยน้ำว้าอบงาขาว,"กล้วยน้ำว้า1 หวี
งาขาว"
น้ำสามเกลอทะลายไขมัน,"พุทธาแห้ง3​ ขีด
มะตูมแห้งดอกใหญ่2​ ขีด
กระเจี๊ยบ​สด3​ ขีด
น้ำกรอง8_9ลิตร
เกลือเม็ดเกลือสมุทร1​ ช้อนชา"
โจ๊กข้าวโอ๊ต,"ข้าวโอ๊ต 20 กรัม
น้ำเปล่า 2 ถ้วย
ไข่ขาวพาสเจอร์ไรซ์ 100 มล
บร็อคโคลีตามชอบ
กุ้งสับตามชอบ
เกลือป่นเล็กน้อย
สาหร่ายแห้งตามชอบ"
ข้าวต้มปลา,"ข้าวสวย 2 ทัพพี
ปลากะพงแดงหั่นชิ้น 500 กรัม
เห็ดหอม 4 ดอก
ข่าหั่นแว่น 1 แง่ง
รากผักชี 2 ราก
ซีอิ๊วขาว 2 ช้อนโต๊ะ
พริกไทย 1 ช้อนโต๊ะ
ซุปกระดูกหมู 1 ลิตร
ขึ้นฉ่ายหั่นท่อน สำหรับโรยหน้า
ต้นหอมซอย สำหรับโรยหน้า
กระเทียมเจียว สำหรับโรยหน้า"
ไข่ตุ๋นทรงเครื่อง,"ไข่ไก่ 4 ฟอง
ต้นหอมซอย 1 ช้อนโต๊ะ
ซีอิ๊วขาว 2 ช้อนโต๊ะ
น้ำมันหอย 1 ช้อนโต๊ะ
น้ำตาลทราย 1 ช้อนชา
พริกไทย ⅛ ช้อนชา
น้ำมันพืช 1 ช้อนโต๊ะ
แครอทหั่นเต๋า 1 ช้อนโต๊ะ
กุ้งสับ 3 ตัว
น้ำเปล่า 150 มิลลิลิตร
เห็ดหอมสด 2 หัว
กุ้งขาว 4 ตัว
แครอทหั่นชิ้น (สำหรับตกแต่ง)"
ซุปเห็ด,"น้ำสต๊อก มิลลิลิตร
เห็ดแชมปิยองตามชอบ
หอมใหญ่สับละเอียด 50 กรัม
น้ำตาลทราย ¼ ช้อนชา
เกลือ ½ ช้อนชา
พริกไทย ¼ ช้อนชา
เนยจืด 1 ½ ช้อนโต๊ะ
แป้งสาลี 1 ½ ช้อนโต๊ะ
นมสดรสจืด 170 มิลลิลิตร
ใบพาร์สลีย์สด 2-3 ใบ"
ซุปฟักทอง,"ฟักทอง 1 ถ้วย
เนยจืด 100 กรัม
หอมใหญ่สับ ½ ลูก
น้ำสต็อก 2 ถ้วย
นมสด 1 ถ้วย
พริกไทยดำ เล็กน้อย
เกลือ เล็กน้อย
ขนมปัง สำหรับจัดเสิร์ฟ"
ต้มเลือดหมู,"เลือดหมูหั่นก้อนพอดีคำต้มสุก 1 ก้อน
หมูสับหมักกับน้ำตาลทราย ซอสปรุงรส พริกไทย 150 กรัม
เนื้อหมูหั่นบาง ๆ ลวกสุก 50 กรัม
ตับหมูหั่นบาง ๆ ลวกสุก 50 กรัม
เต้าหู้ไข่หั่น 1 หลอด
ยอดตำลี 50 กรัม
ตั้งฉ่าย 1 ช้อนโต๊ะ
ซุปก้อน 1 ก้อน
คึ่นช่ายหั่นท่อน 25 กรัม
ต้นหอมหั่นท่อน 25 กรัม
น้ำเปล่า 1 ½ ถ้วยตวง
น้ำปลา ½ ช้อนโต๊ะ
ซอสปรุงรส 1 ช้อนโต๊ะ"
แกงจืดไข่น้ำหมูสับ,"หมูสับ 150 กรัม
พริกไทยป่น ¼ ช้อนชา
ซอสเห็ดหอม 1 ช้อนชา
ซีอิ๊วขาว ½ ช้อนชา
น้ำปลา ¼ ช้อนชา
วัตถุดิบไข่
ไข่ไก่ 3 ฟอง
น้ำปลา 1½ ช้อนชา
น้ำมันพืชสำหรับทอด วัตถุดิบแกงจืด

รากผักชีทุบ 1 ราก
ผักกาดขาวหั่นชิ้น 50 กรัม
กระเทียมทุบ 3 กลีบ
พริกไทยเม็ด ½ ช้อนชา
ซีอิ๊วขาว 2 ช้อนชา
น้ำปลา 2 ช้อนชา
เกลือป่นหยาบ ⅛ ช้อนชา
น้ำเปล่า 3 ถ้วยตวง
ต้นหอมหั่นท่อน 2 ช้อนโต๊ะ
ผักชีหั่นท่อน 2 ช้อนโต๊ะ
กระเทียมเจียวสำหรับโรยหน้า"
ต้มจับฉ่ายน่องไก่,"น่องไก่ 1 กิโลกรัม
ผักโขม 300 กรัม
กะหล่ำปลี 300 กรัม
ขึ้นฉ่าย 200 กรัม
หัวไชเท้า 200 กรัม
แครอท 200 กรัม
กวางตุ้ง 200 กรัม
เห็ดหอม 100 กรัม
รากผักชี 10 ราก
พริกไทย 30 กรัม
กระเทียม 30 กรัม
ซอสปรุงรส 60 กรัม
ซีอิ๊วขาว 150 กรัม
เกลือป่น 1 ช้อนโต๊ะ
ซอสหอยนางรม 3 ช้อนโต๊ะ
น้ำตาลปี๊บ 2 ช้อนโต๊ะ
น้ำมันพืช 1 ช้อนโต๊ะ
น้ำเปล่า 1 ถ้วยตวง"
กระเพาะปลา,"วัตถุดิบสำหรับทำน้ำซุปกระเพาะปลา

โครงไก่ 1 โครง
น้ำเปล่า 6 ถ้วย
น้ำตาลกรวด 2 ช้อนชา
เกลือสมุทร 1 ช้อนชา
เก๋ากี้ 1 ช้อนโต๊ะ
กระเทียมสด 5 กลีบ
รากผักชี 3 ราก
พริกไทย 30 เม็ด
วัตถุดิบสำหรับทำกระเพาะปลา

กระเพาะปลาแห้ง 70 กรัม
หน่อไม้สด 50 กรัม
เห็ดหอม 6 ดอก
เลือดไก่ 50 กรัม
ไก่ฉีก 30 กรัม
น้ำมันหอย 1 ช้อนโต๊ะ
ซีอิ๊วขาว 1 ช้อนโต๊ะ
จิ๊กโฉ่ว 2 ช้อนชา
แป้งมันฮ่องกง 1 ช้อนโต๊ะ"
ไก่ตุ๋นมะนาวดอง,"น่องไก่ และสะโพกไก่ 500 กรัม
น้ำมัน 2 ช้อนโต๊ะ
ฟัก 1 ลูก
เห็ดหอมแห้ง 2 ถ้วยตวง
กระเทียม 4 ช้อนโต๊ะ
รากผักชี 3 ช้อนโต๊ะ
พริกไทยขาว 1 ช้อนโต๊ะ
มะนาวดอง 4 ลูก
น้ำเปล่า 4 ถ้วยตวง
ซีอิ๊วขาว 2 ช้อนโต๊ะ
เกลือ 2 ช้อนชา
ผักชี สำหรับตกแต่ง"
ต้มยำปลากะพงน้ำใส,"เนื้อปลากะพง 300 กรัม
ตะไคร้ทุบ และหั่นแฉลบ 3 ต้น
ข่าหั่นแว่น 3 แว่น
ใบมะกรูดฉีก 3 ใบ
หอมแดง(ปอกเปลือก) 5 หัว
น้ำปลาอย่างดี 1 ช้อนโต๊ะ
น้ำมะนาว 1 ช้อนโต๊ะ
พริกขี้หนูสวนบุบพอแตก 7 เม็ด
ใบกะเพรา ½ ถ้วย
น้ำเปล่า 3 ถ้วยตวง
ซุปก้อน 1 ก้อน"
แกงส้มผักรวมกุ้งสด,"พริกแกงส้ม 1 ช้อนโต๊ะ
น้ำเปล่า 3-4 ถ้วยตวง
กุ้งสด 5 ตัว
น้ำมะขามเปียกข้น ๆ 1 ช้อนโต๊ะ
น้ำตาลปี๊บ 1 ช้อนโต๊ะ
น้ำปลา 1 ช้อนโต๊ะ
ผักรวม เช่น แครอท ข้าวโพดอ่อน กะหล่ำปลี ถั่วฝักยาว อย่างละ ¼ ถ้วยตวง"
ปลานึ่งสมุนไพร,"ปลาทับทิม 1 ตัว
เกลือป่น 2 ช้อนชา
ตะไคร้ 3 ต้น
หอมแดง 5 หัว
กระเทียม 2 กลีบ
ข่า 5 แว่น
ใบมะกรูด 3 ใบ
น้ำสะอาด สำหรับนึ่ง
ผักกาดขาว ต้นหอม ผักชี ตามชอบ"
ผัดเต้าหู้เห็ดหอมเจ,"เต้าหู้เหลืองทอด 1 แผ่น
เห็ดหอมสดหั่นครึ่ง 100 กรัม
ซอสถั่วเหลืองสูตรเจ 2 ช้อนโต๊ะ
น้ำตาลทราย ½ ช้อนชา
ซอสปรุงรสสูตรเจ 1 ช้อนโต๊ะ
น้ำมันพืช 1 ช้อนโต๊ะ
น้ำสต๊อกผัก ¼ ถ้วยตวง"
เต้าหู้ยัดไส้นึ่งซีอิ๊ว,"วัตถุดิบเต้าหู้ยัดไส้

เต้าหู้ขาว 2 แผ่น
หมูสับ 150 กรัม
เห็ดหอมสับ 5 ดอก
ต้นหอมซอย 3 ต้น
พริกไทย ½ ช้อนชา
ซีอิ๊วขาว 1 ช้อนโต๊ะ
น้ำตาล 1 ช้อนชา
ต้นหอมหั่นเฉียง สำหรับตกแต่ง
พริกชี้ฟ้าแดงซอย 1 เม็ด
วัตถุดิบน้ำราดซีอิ๊ว

ซีอิ๊วขาว 5 ช้อนโต๊ะ
ซอสหอยนางรม 3 ช้อนโต๊ะ
น้ำตาลทราย 1 ช้อนโต๊ะ
เหล้าจีน 2 ช้อนโต๊ะ
น้ำมันงา ½ ช้อนโต๊ะ
น้ำซุป ¾ ถ้วยตวง
พริกไทย ½ ช้อนชา"
ดอกกุยช่ายผัดตับ,"ตับหมูหั่นเป็นชิ้น 500 กรัม
ดอกกุยช่ายหั่นท่อน 2 กำ
กระเทียมสับหยาบ 5-6 กลีบ
น้ำมันหอย 1 ช้อนโต๊ะ
ซอสถั่วเหลือง 1-2 ช้อนชา
น้ำตาลทราย 1-2 ช้อนชา
น้ำเปล่า 1-2 ถ้วยตวง"
ผัดดอกกุยช่ายกุ้ง,"ดอกกุยช่ายหั่นท่อน 200 กรัม
กุ้งขาว 150 กรัม
น้ำเปล่า 50 กรัม
น้ำมันหอย 1 ช้อนโต๊ะ
ซีอิ๊วขาว 1 ช้อนโต๊ะ
น้ำตาลทราย ½ ช้อนโต๊ะ
กระเทียมสับ 1 ช้อนโต๊ะ
น้ำมันพืช 1 ช้อนโต๊ะ"
ทอดมันปลา,"เนื้อปลายี่สก ½ กิโลกรัม
พริกแกงแดง ½ ขีด
ถั่วฝักยาวซอย 4 ฝัก
ใบมะกรูดซอย 6 ใบ
น้ำจิ้มไก่ 5 ช้อนโต๊ะ
น้ำส้มสายชู 1 ช้อนชา
ถั่วลิสงบด 20 เม็ด
แตงกวา"
ก๋วยเตี๋ยวหลอดทรงเครื่อง,"ก๋วยเตี๋ยวเส้นใหญ่ ตามชอบ
หมูสามชั้นหั่น 200 กรัม
เต้าหู้ขาว 1 ก้อน
เห็ดหอม 1 ถ้วย
กุ้งแห้ง 2 ช้อนโต๊ะ
รากผักชี 3 ราก
ผงพะโล้ 1 ช้อนชา
พริกไทยป่น 1 ช้อนชา
ซีอิ๊วดำหวาน 1 ช้อนโต๊ะ
เกลือป่น 1 ช้อนชา
น้ำตาลปี๊บ ¼ ถ้วย
น้ำเปล่า 1 ลิตร
กระเทียมเจียว ตามชอบ
ต้นหอม ตามชอบ
ถั่วงอก ตามชอบ
พริกแดงสับ 1 ช้อนโต๊ะ
น้ำส้มสายชู 3 ช้อนโต๊ะ
ซีอิ๊วขาว 3 ช้อนโต๊ะ
น้ำเชื่อม 3 ช้อนโต๊ะ"
สลัดปลาหิมะย่าง,"น้ำมันมะกอก 2 ช้อนโต๊ะ
ปลาหิมะ 150 กรัม
ผักสลัด 100 กรัม
มะเขือเทศเชอร์รี 30 กรัม
มะกอกดำ 20 กรัม
หอมหัวใหญ่ 20 กรัม
แตงกวา 20 กรัม
อัลมอนด์สไลด์ 20 กรัม
น้ำเลมอน 1 ช้อนโต๊ะ
น้ำผึ้ง 1 ช้อนโต๊ะ
พริกไทย 1 ช้อนชา
เกลือ 1 ช้อนโต๊ะ
งาขาว 1 ช้อนชา
ผิวเลมอนสำหรับตกแต่ง
พาสลีย์สับสำหรับตกแต่ง"
ยำสลัดอะโวคาโดกุ้ง,"อะโวคาโด 1 ผล
กุ้งลวกสุก 10 ตัว
กรีนโอ๊ก 3 ใบ
เรดโอ๊ก 3 ใบ
ไอซ์เบิร์ก 3 ใบ
ผักคอส 3 ใบ
แตงกวาญี่ปุ่น 1 ลูก
มะเขือเทศราชินี 5 ลูก
วัตถุดิบสำหรับทำน้ำสลัด
น้ำสลัดครีมงาญี่ปุ่น 5 ช้อนโต๊ะ
พริกขี้หนูสวนสับละเอียด 5 เม็ด
ผักชีสับละเอียด 1 ต้น
น้ำมะนาว 3 ช้อนโต๊ะ
น้ำปลา 2 ช้อนโต๊ะ
น้ำตาลปี๊บ 1 ช้อนโต๊ะ"
น้ำพริกปลาแซลมอน,"เนื้อปลาแซลมอน 250 กรัม
หอมแดง 7 หัว
กระเทียม 14 กลีบ
พริกชี้ฟ้าแดง 1 เม็ด
พริกขี้หนู 10 เม็ด
น้ำตาลทราย 1 ช้อนชา
น้ำมะนาว 3 ช้อนโต๊ะ
น้ำปลา 3 ช้อนโต๊ะ"
น้ำเต้าหู้,"ถั่วเหลือง 500 กรัม
น้ำสะอาด 1,500 มิลลิลิตร"
น้ำเต้าหู้งาดำ,"ถั่วเหลืองซีก 200 กรัม
ใบเตย 3 ใบ
งาดำคั่ว 3 ช้อนโต๊ะ
น้ำเปล่า 5 ลิตร"
กล้วยบวชชี,"กล้วยน้ำว้า 8 ลูก (เลือกห่าม ๆ ไม่สุกมาก)
หัวกะทิ 225 มิลลิลิตร
หางกะทิ 300 มิลลิลิตร
ใบเตย 2 ใบ
น้ำตาลปี๊บ 30 กรัม
น้ำตาลทรายขาว 20 กรัม
เกลือ ¼ ช้อนชา
แป้งมัน 1 ช้อนชา"
โยเกิร์ตโฮมเมด,"นมสด 1 ลิตร 
โยเกิร์ต 200 กรัม 
ถั่วพีแคน (สำหรับกินเคียง) 
มะม่วงสุก (สำหรับกินเคียง) 
น้ำผึ้ง (สำหรับกินเคียง) 
บลูเบอร์รี่ (สำหรับกินเคียง) "
กล้วยน้ำว้าอบ หวานจากธรรมชาติ,กล้วย1 หวี
คุ๊กกี้ธัญพืชไร้แป้ง,"มะม่วงหิมพานอบแห้ง50 กรัม
อัลมอนด์สไลด์50 กรัม
วอลนัท50 กรัม
เมล็ดฟักทอง50 กรัม
ข้าวโอ๊ตอบแห้ง100 กรัม
แครนเบอรี่อบแห้ง50 กรัม
งาขาว25 กรัม
งาดำ25 กรัม
ไข่ขาว2 ฟอง
น้ำผึ้ง2 ช้อนโต๊ะ
ลูกเกด50 กรัม"
มะม่วงไม่รู้หาว มะนาวไม่รู้โห่,"ผลมะม่วงหาวมะนาวโห่สุก1 กก.
น้ำตาลทรายแดง500 กรัม
เกลือผงเสริมไอโอดีน1 ช้อนชา
น้ำเปล่า6 ลิตร
ใบเตย4 ใบ"
ก๋วยเตี๋ยวคั่วไก่ สูตรคลีน,"เนื้อไก่ 100 กรัม
น้ำตาลทรายไม่ขัดสี ½ ช้อนชา
พริกไทยป่น 1 ช้อนชา
ซีอิ๊ว Low Sodium 1 ช้อนชา เครื่องปรุงก๋วยเตี๋ยวคั่วไก่
เส้นแครอท 1 ถ้วยตวง
ไข่ไก่ 1 ฟอง
ซีอิ๊วขาว Low Sodium 1 ช้อนชา
ซอสหอยนางรม Low Sodium 1 ช้อนชา
น้ำมันพืช สำหรับผัด 1 ช้อนชา
ต้นหอมซอย 1 ต้น
พริกไทยป่น 1 ช้อนชา"
สลัดผักผลไม้,"ผักกาดหอม1 ต้น
แครอท1 หัว
กะหล่ำม่วง1/4 หัว
ข้าวโพด1/4 ฝัก
แอปเปิ้ล1 ลูก
แคนตาลูป1/4 ลูก
แก้วมังกร1/4 ลูก
องุ่นดำไร้เมล็ด1 พวง
กีวี่1/2 ลูก
น้ำสลัดสำเร็จรูปตามชอบ1 ถ้วยตวง"
พริกหวานยัดไส้ไขมันต่ำ,"1. พริกหวาน 2 ลูก

2. ผงปาปริก้า 1 ช้อนชา

3. เกลือ 1 ช้อนชา

4. อกไก่ 1 ชิ้น

5. มะเขือเทศ 2 ลูก

6. กระเทียม 1 กลีบ

7. หอมใหญ่ ½ ลูก

8. เกลือ 1 ½ ช้อนชา

9. โรสแมรีแห้ง 1 ช้อนชา

10. น้ำมันมะกอก 1 ช้อนโต๊ะ

11. ไข่ไก่ 2 ฟอง"
ทูน่าคอร์นสลัด,"ผักรวมแช่แข็ง 200 กรัม
น้ำสลัดครีม 5 ช้อนโต๊ะ
ทูน่ากระป๋องในน้ำเกลือ 1 กระป๋อง
สับปะรดหั่นเต๋า 100 กรัม"
สลัดแร็ปผัก,"น้ำสลัดซีซาร์ สำหรับราดสลัด
น้ำสลัดเทาซันด์ไอแลนด์ สำหรับราดสลัด 
อกไก่ 400 กรัม
เกลือ 1 ช้อนชา 
พริกไทย 1 ช้อนชา 
ปาปริกาป่น 1 ช้อนชา
น้ำมันมะกอก 1 ช้อนโต๊ะ
แผ่นแป้งตอติญ่าสำเร็จรูป 2 แผ่น 
ผักสลัดใบ (เช่น ผักคอส กรีนโอ๊ค เรดโอ๊ค เป็นต้น) 200 กรัม 
ข้าวโพดสุกแกะเม็ด 50 กรัม 
ลูกเดือย 50 กรัม
หอมแขกหั่นแว่น 50 กรัม
แครอทหั่นเส้น 50 กรัม
ชีสพาร์เมซาน สำหรับโรยหน้า"
สลัดสาหร่าย,"สาหร่ายวากาเมะ4 ช้อนโต๊ะ
แตงกวาญี่ปุ่น 100 กรัม
แคร์รอต 100 กรัม
กรีนโอ๊ค 40 กรัม 
มะเขือเทศเชอร์รี 80 กรัม 
ปูอัด 80 กรัม 
อกไก่ 150 กรัม
เกลือ 1 ช้อนชา
พริกไทย 1 ช้อนชา
งาดำ สำหรับโรยหน้า
น้ำสลัดซีอิ๊วญี่ปุ่น 4 ช้อนโต๊ะ "
น้ำสลัดครีมซีฟุ้ด,"มายองเนส150 กรัม
กระเทียมกลีบเล็ก5 กลีบ
พริกขี้หนูสวน8-10 เม็ด
ผักชี1 ช้อนโต๊ะ
โหระพา3 ใบ
น้ำปลา1 ช้อนโต๊ะ
น้ำตาล2 ช้อนโต๊ะ
น้ำมะนาว2 ช้อนโต๊ะ
เกลือนิดหน่อย"
สลัดมันฝรั่งสไตล์ญี่ปุ่น,"มันฝรั่งหัวใหญ่1 หัว
หัวหอมใหญ่1/4 ลูก
แตงกวาญี่ปุ่น1/2 ลูก
แฮม2 แผ่น
มายองเนส3 ช้อนโต๊ะ
เกลือสำหรับปรุงรส2 ช้อนชา
พริกไท2 ช้อนชา
แคร์รอต1/4 หัว
เกลือสำหรับใส่แตงกวาและหอมใหญ่4 ช้อนชา"
ยำส้มโอ,"ส้มโอ (แกะเอาแต่เนื้อ)2 ถ้วย
กุ้งลวก (หั่นเต๋า)8 ตัว
มะพร้าวขูด (คั่ว)4 ช้อนโต๊ะ
ถั่วลิสง (คั่ว)2 ช้อนโต๊ะ
หอมแดงเจียว3 ช้อนโต๊ะ
พริกชี้ฟ้าแดง (ซอย)1 เม็ด
ใบมะกรูด (ซอย)4 ใบ
ใบทองหลางสำหรับเสิร์ฟ
พริกแห้งเม็ดใหญ่ (ทำน้ำยำ)2 เม็ด
ปลากดรมควัน (ป่น)1 ช้อนโต๊ะ
หอมแดง (ซอย)3 ช้อนโต๊ะ
กระเทียม (ซอย)1½ ช้อนโต๊ะ
น้ำตาลปี๊บ3 ช้อนโต๊ะ
น้ำปลา2 ช้อนโต๊ะ
น้ำมะขามเปียก2 ช้อนโต๊ะ"
ส้มตำหมูยอ,"มะละกอขูดเป็นเส้นๆตามชอบ
มะเขือเทศท้อ1 ลูก
ถั่วฝักยาว2 ฝัก
กุ้งแห้งเนื้อตามชอบ
พริกแห้ง2 เม็ดหรือตามชอบ
พริกแดง2 เม็ดหรือตามชอบ
น้ำปลาร้าปรุงรส1 ช้อนโต๊ะหรือตามชอบ
น้ำตาลปีบ1 ช้อนชา
น้ำปลา2 ช้อนโต๊ะ
น้ำมะนาว1 ผล
หมูยอตามชอบ
น้ำมะขามเปียก1 ช้อนชา
กระเทียม1กลีบใหญ่"
สลัดทูน่ากระป๋องแบบง่าย,"ทูน่าแซนวิช (เราใช้แบบในน้ำแร่เพราะมันจะจืด)1 กระป๋อง
ผักรวมแช่แข็ง1/2 ถ้วยเล็ก
น้ำสลัดหรือมายองเนสปริมาณตามชอบ"
สลัดอกไก่ซอสมะนาว(สลัดน้ำใส),"ผักกรีนโอ๊ค5 ใบ
ผักเรดโอ๊ค5 ใบ
ผักบัตเตอร์เฮด5 ใบ
มะเขือเทศราชินี6 ลูก
อกไก่ครึ่งอก
น้ำมันมะกอก4ช้อนโต๊ะ
น้ำมะนาว2 ช้อนโต๊ะ
พริกไทย1/4 ช้อนชา
เกลือ1 ช้อนชา
น้ำผึ้ง1/2 ช้อนชา
งาขาวหยิบมือ
งาขี้ม่อนหยิบมือ"
ยำแมงกะพรุน,"แมงกะพรุน100 ก
พริกขี้หนูสวน20 เม็ด
กระเทียมไทย10 เม็ด
น้ำปลา3 ช้อนโต๊ะ
น้ำตาลปี้บ1 ช้อนโต๊ะ
มะนาว2 ลูก
หอมใหญ่1/4 ลูก
ถั่วคั่ว20-30 เม็ด"
สลัดยำปูอัด,"เนื้อปูเทียม 10 ชิ้น 
หอมแขกซอย ½ ถ้วยตวง 
ต้นหอมหั่นท่อน ½ ถ้วยตวง 
มะเขือเทศเชอร์รี ½ ถ้วยตวง 
พริกขี้หนูซอย 2 ช้อนโต๊ะ 
น้ำมะนาว 3 ช้อนโต๊ะ 
น้ำปลา 1 ช้อนโต๊ะ 
น้ำตาลทราย 1 ช้อนชา 
ผักสลัด ตามชอบ"
ไอติมกะทิ,"กะทิกล่อง2ถ้วยตวง(500มล.)
น้ำตาลทราย1/2ถต.
แป้งข้าวโพด1/4ถต.
กลิ่นวานิลลา1ช้อนชา"
ไอศครีมทอด,"ไอศครีมรสที่ชอบ1 ลูก
ขนมปังตัดขอบ2 แผ่น
กระดาษฟอยล์1 แผ่น
นมข้นหวานราดหน้า
ผลไม้ตามชอบตกแต่ง"
ไอศกรีมถั่วดำ,"ถั่วดำต้มสุก 200 กรัม
กะทิ 500 กรัม
น้ำตาลมะพร้าว100 กรัม
เกลือป่น 1 ช้อนชา
ใบเตย 4 ใบ"
ไอศครีมชาไทย,"ผงชา4 1/2 ช้อนโต๊ะ
น้ำเดือด150 ml
นมสด50 ml
นมข้นจืด60 ml
นมข้นหวาน15 ml
น้ำตาล1/2 ช้อนโต๊ะ
วิปปิ้งครีมแบบกล่อง200 ml "
ฮันนี่โทสต์ Honey Toast,"ขนมปัง1 ชิ้น
เนยสดเค็ม60 กรัม
สตรอเบอร์รี่2 ผล
บลูเบอร์รี่8 ผล
กล้วย1/2 ผล
น้ำผึ้ง30 กรัม
ไอศกรีมวนิลา1 สกู้ป
น้ำตาลไอซิ่ง10 กรัม
ใบสาระแหน่
วิปครีม"
ไอศครีมมะม่วง ไม่ใส่น้ำตาล ไม่ใช่วิปครีม ส่วนผสม 2 อย่าง,"เหลือมะม่วงน้ำดอกไม้แช่แข็ง500 กรัม
กะทิ300  ml"
ไอศกรีมโยเกิร์ตเยลลี่ปีโป้,"นมเปรี้ยว 300 มิลลิลิตร 

2. ขนมเยลลี่รวมรสผลไม้ (คาราจีแนน) ตรา ปีโป้ ตามชอบ"
ขนมผิง,"แป้งมัน2 ถ้วยตวง
น้ำตาลทราย150 กรัม
กะทิ(อบควันเทียน)1/2 ถ้วยตวง
ไข่แดง1 ฟอง
น้ำเปล่า2 ช้อนโต๊ะ"
เค้กใบเตยสูตรนึ่งแบบไม่ใช้เตาอบ,"แป้งสาลีเอนกประสงค์ตราว่าว1ถ้วยตวง
น้ำใบเตย1/2ถ้วยตวง
กะทิกล่อง1/3ถ้วยตวง
น้ำตาลทรายเนื้อละเอียด1ถ้วยตวง
เกลือป่น1/4ช้อนชา
ผงฟูดับเบิ้ลแอคชั่น1ช้อนชา
เบคกิ้งโซดา1/2ช้อนชา
น้ำมะนาว2ช้อนชา"
ขนมอินทนิล,"แป้งมันสำปะหลัง100 กรัม
น้ำใบเตยเข้มข้น500 มล.
กะทิเรียลไทย250 มล.
น้ำลอยดอกมะลิ หรือหางกะทิ100 มล.
น้ำตาลทราย90 กรัม
เกลือ1/2 ช้อนชา
ใบเตย
เทียนอบขนม"
ขนมเทียนสูตรไส้เค็มสูตรคุณแม่,"ส่วนผสมไส้ : ถั่วเขียวผ่าซีก1 กิโลกรัม
น้ำตาลทราย350 กรัม
เกลือ1 ช้อนโต๊ะ
พริกไทยป่นใหม่1.5 ช้อนโต๊ะ
หอม และกระเทียมเจียว500 กรัม
ส่วนผสมแป้ง :แป้งข้าวเหนียว1 กิโลกรัม
น้ำตาลปี๊บ700 กรัม
หญ้าชิวคั่ก500 กรัม"
กะหรี่ปั๊บแป้งกรอบ,"ส่วนผสมแป้งชั้นนอกหัวข้อสูตร
1. แป้งสาลีอเนกประสงค์270 กรัม
2. น้ำปูนใส7 ช้อนโต๊ะ
3. น้ำเย็น6 ช้อนโต๊ะ
4. น้ำมันพืช (ปามล์)6 ช้อนโต๊ะ
5. น้ำตาลทราย1 ช้อนโต๊ะ
6. เกลือ1 ช้อนชา
ส่วนผสมแป้งชั้นในหัวข้อสูตร
1. แป้งอเนกประสงค์130 กรัม
2. น้ำมันพืช5 ช้อนโต๊ะ
ไส้หวานตามชอบหัวข้อสูตร
1. ถั่วเหลืองนึ่ง+น้ำตาล 120 กรัม250 กรัม
2. มันม่วงนึ่ง(ไม่ต้องกวนใช้ได้เลย)150 กรัม
3. ฟักทองนึ่ง+น้ำตาล40 กรัม150 กรัม
วัตถุดิบไส้ไก่/หมูหัวข้อสูตร
1.ไก่สับ/หมูสับ100 กรัม
2.มันม่วง/หวาน หรือ มันฝรั่งต้ม150 กรัม
3.หอมหัวใหญ่2 ช้อนโต๊
3. หอมแดง1 ช้อนชา
4.ซีอิ๊วขาว2 ช้อนโต๊ะ
5. น้ำตาลทราย.1 ช้อนโต๊ะ
6. ซอสหอย1 ช้อนโต๊ะ
7. ผงกระหรี่2 ช้อนโต๊ะ"
วิธีทำเต้าส่วน,"ถั่วเขียวเลาะเปลือก250 กรัม
น้ำเปล่า450 ml.
น้ำตาลทราย250 กรัม
เกลือ1 ช้อนชา
หัวกะทิ300 ml.
แป้งท้าวยายม่อม2 ช้อนโต๊ะ
แป้งมัน2 ช้อนโต๊ะ
น้ำเปล่าผสมแป้งให้ละลาย4 ช้อนโต๊ะ"
ขนมลืมกลืน,"แป้งถั่วเขียว40 กรัม
น้ำลอยดอกมะลิ400 กรัม
น้ำตาลทราย120 กรัม
น้ำอัญชันเข้มข้น1 ช้อนโต๊ะ
ถั่วเขียวเลาะเปลือกทอดสำหรับเสิร์ฟ
กะทิ250 กรัม
แป้งข้าวเจ้า25 กรัม
แป้งถั่วเขียวสำหรับทำหน้ากะทิ4 กรัม
เกลือ4 กรัม
น้ำตาลทรายสำหรับทำหน้ากะทิ12 กรัม"
ขนมกล้วย/ขนมฟักทอง,"กล้วยน้ำว้าสุก7-8ลูก
ฟักทองนึ่ง250กรัม
แป้งข้าวจ้าว300กรัม
แป้งมัน40กรัม
น้ำตาลทราย(แบ่ง2ส่วน)360กรัม
หัวกะทิ(แบ่ง2ส่วน)14ออน
เกลือป่น1/2ช้อนชา
เนื้อมะพร้าวขูด(แบ่ง2ส่วน)1ถ้วย
กล้วยหั่นชิ้น,ฟักทองหั่นชิ้น,มะพร้าวขูดเส้นไว้แต่งหน้าขนมตามใจชอบ"
สังขยาใบเตย ( สูตรโบราณ ),"ไข่ไก่เบอร์12 ฟอง
หัวกะทิ250 ก.
น้ำใบเตย150 ก.
น้ำตาล150 ก.
แป้งข้าวโพด3 ช้อนชา
เกลือ1/8 ช้อนชา"
สาคูน้ำกะทิ,"เม็ดสาคูเม็ดเล็กสีเขียว250 กรัม (ครึ่งถุง)
กะทิ1 กล่อง
ขนุน2 ผล
เกลือตามชอบ
น้ำตาลทราย/น้ำตาลมะพร้าวตามชอบ
เนื้อมะพร้าวเผา1/2 ลูก"
วุ้นกะทิมะพร้าวน้ำหอม,"น้ำมะพร้าวน้ำหอม350 ml
น้ำเปล่า250 ml
เนื้อมะพร้าวอ่อน-
หัวกะทิ300 ml
ผงวุ้น1 1/2 ช้อนโต๊ะ
น้ำตาลทราย80 กรัม
เกลือ3/4 ช้อนชา"
ข้าวต้มผัดสูตรคุณยาย,"กล้วยน้ำว้าสุก2 หวี
ข้าวเหนียว1 กิโลกรัม
ถั่วดำ1 ถ้วย
หัวกะทิ700 ml
น้ำตาลทราย400 กรัม
เกลือป่น5 ช้อนชา
ใบตอง"
ข้าวเกรียบปากหม้อ,"แป้งข้าวเจ้า300 กรัม
แป้งมันสำปะหลัง100 กรัม
แป้งท้าวยายม่อม50 กรัม
เกลือป่น3 กรัม
น้ำเปล่า1 1/2 ถ้วยตวง
ใช้ไส้ร่วมกับม้าฮ่อ30 ก้อน
ผักชี
ผักกาดหอม
พริกขี้หนูสวน
กระเทียมเจียว
พริกชี้ฟ้าแดงซอย
สีผสมอาหารตามชอบ
น้ำเดือด3 ถ้วยตวง"
ข้าวแต๋น,"ข้าวแต๋นดิบ 500 กรัม  
เกลือ 3 กรัม  
น้ำตาลปี๊บ 400 กรัม  
น้ำตาลทรายแดง 150 กรัม"
ทองหยอด,"ส่วนประกอบน้ำเชื่อมใส
น้ำตาลทรายขาว 500 กรัม 
น้ำเปล่า 700 กรัม 
น้ำกลิ่นมะลิ 1/8 ช้อนชา 
ส่วนประกอบน้ำเชื่อมข้น
น้ำตาลทรายขาว 1,000 กรัม 
น้ำเปล่า 1,000 กรัม 
น้ำกลิ่นมะลิ 1/8 ช้อนชา 
ส่วนประกอบแป้งทองหยอด
ไข่แดงของไข่เป็ด 10 ฟอง 
แป้งข้าวเจ้า 5 ช้อนโต๊ะ (40 กรัม) 
แป้งมัน 1 ช้อนโต๊ะ (8 กรัม) 
ควันเทียน 1 ชิ้น"
บราวนี่ สูตรนี้ขอบอกว่าเข้มข้นถึงใจ,"แป้งสาลีอเนกประสงค์100 กรัม
ผงฟู1/4 ช้อนชา
ดาร์กช็อคโกแลต100 กรัม
ไข่ไก่ เบอร์ 12 ฟอง
น้ำตาลทราย180 กรัม
เนยเค็ม85 กรัม
ผงโกโก้30 กรัม
กลิ่นวนิลา2 ช้อนชา
เกลือเล็กน้อย"
เค้กกล้วยหอม,"แป้งเค้ก200 กร้ม
ไข่ไก่3 ฟอง
ผงฟู1 1/2 ชต
เบคกิ้งโซดา1 ชช
เกลือ1/2 ชช
น้ำมันพืช1 ถ้วยตวง
น้าตาลทราย180 กรัม
กล้วยหอมสุกบด200 กรัม"
โดนัทจิ๋ว,"แป้งอเนกประสงค์/แป้งเค้ก120 กรัม
น้ำตาลทราย120 กรัม
เนยละลาย90 กรัม
เบคกิ้งโซดา1/4 ช้อนชา
ผงฟู1/4 ช้อนชา
ผงโกโก้/ผงชาเขียว/ผงชาไทย40 กรัม
ไข่ไก่2 ฟอง
นมสด100 ml.
กลิ่นวนิลา1 ช้อนชา
ท๊อปปิ้งตามใจชอบ (ช๊อคชิป, อัลมอลด์, เม็ดมะม่วง ฯ)"
คุ้กกี้เนยสด,"แป้งอเนกประสงค์ ตราว่าว450 กรัม
เบคกิ้งโซดา15 กรัม
เนยจืด300 กรัม
น้ำตาลทรายละเอียด230 กรัม
เกลือ1/2 ช้อนชา
ไข่ไก่เบอร์02 ใบ
กลิ่นวนิลา2 ช้อนชา"
คุกกี้บราวนี่ (Brownie Cookies),"เนย120 กรัม
ช็อกโกแลตไม่หวาน90 กรัม
ช็อกโกแลตชิพเม็ดใหญ่165 + 165 กรัม
ไข่ไก่3 ฟอง
น้ำตาลทรายแดง100 กรัม
น้ำตาลทราย110 กรัม
แป้งสาลีอเนกประสงค์105 กรัม
ผงฟู1⁄3 ช้อนชา
เกลือ¼ ช้อนชา"
เค้กมะพร้าวอ่อนสูตรนึ่งทำง่ายไม่ใช้เตาอบ,"แป้งสาลีเอนกประสงค์1ถต.
เนื้อมะพร้าวอ่อน100กรัม
น้ำมะพร้าว25มล
กะทิ1/8ถต.
เกลือป่น.1/4ชช
ผงฟู1ช้อนชา
เบคกิ้งโซดา1/2ชช
น้ำตาลทราย1ถต.
น้ำมะนาว1ช้อนชา"
ขนมเปี๊ยะ,"ส่วนผสมแป้งชั้นนอก
แป้งบัวแดง400 กรัม
น้ำมันรำข้าว125 กรัม
ไข่ไก่1 ฟอง
น้ำตาลทราย100 กรัม
น้ำเปล่า100 กรัม
ไส้ขนม
ถั่วกวน(ลงสูตรไปก่อนหน้านี้)
ไข่แดงเค็ม
ส่วนผสมแป้งชั้นใน"
แซนวิช​โบราณ​หมูหยองน้ำสลัด,"น้ำตาลทราย110กรัม​
นมข้นหวาน90กรัม
น้ำส้มสายชู​2ช้อนโต๊ะ​
มายองเนส115กรัม
ดอกเกลือ1/2ช้อนชา
ไข่แดงเบอร์​ใหญ่​2ฟอง
พริกไทยดำ​ป่น​1/2ช้อนชา
สีผสมอาหาร​สีเหลืองมะนาวนิดหน่อย
ขนมปังแซนวิช30แผ่น
โบโลน่า20แผ่น
หมูหยอง120กรัม
น้ำมันมะกอก170กรัม"
ขนมเบื้องง่าย สูตร 1 และ สูตร 2,"##ตัวแป้งสูตรที่ 1##
แป้งข้าวจ้าว150 กรัม
แป้งถั่วเขียว50 กรัม
น้ำปูนใส100 กรัม
ไข่ไก่1 ฟอง
น้ำตาลปี๊บ100 กรัม
##ตัวแป้งสูตรที่2##สูตรนี้ง่ายเหมาะกับคนที่หาน้ำปูนใสไม่ได้สามารถทำสูตรนี้ได้คะ
ส่วนแป้งข้าวจ้าว150 กรัม
แป้งข้าวโพด25 กรัม
แป้งสาลีเอนกประสงค์25 กรัม
น้ำเปล่าน้ำเย็นจัด100 กรัม
ไข่1 ฟอง
น้ำตาลปี๊บหรือน้ำตาลมะพร้าว100 กรัม
****หมายเหตุ***แป้งสูตรที่ 1จะมีความกรอบนานกว่าแป้งสูตรที่ 2 เพราะน้ำปูนใสจะช่วยให้ขนมมีความกรอบนาน****
***ส่วนผสมของไส้ครีม***
ไข่ขาว2 ฟอง
น้ำมะนาว 1ซีกเล็กๆ
น้ำตาลไอซิ่ง1 ถ้วยตวง
**ส่วนของท๊อปปิ้ง**
ฝอยทองตามชอบ
ลูกเกดดำ , เหลือง ตามชอบ"
สูตรแป้งพิซซ่าบางกรอบ ( ถาดใหญ่ 2 ถาด) Homemade Thin Crust Pizza Dough,"แป้งขนมปัง260 กรัม
น้ำตาลทราย20 กรัม
ยีสต์6 กรัม
เกลือป่น6 กรัม
น้ำอุ่น160 กรัม
น้ำมันมะกอก (สามารุใช้น้ำมันคาโนล่า,รำข้าว,ทานตะวันแทนได้)20 กรัท
**ท้อปปิ้งตามชอบ**
ชีสต่างๆมากน้อยตามชอบ
ท๊อปปิ้งต่างๆใส่ได้ตามชอบวันนี้เราใช้เปปเปอร์โรนี"
บราวนี่หน้าฟิล์ม Brownies,"แป้งสาลีอเนกประสงค์ตราว่าว100กรัม
ผงฟู1/4ช้อนชา
เกลือ1/4ช้อนชา
เนยสดเค็ม85กรัม
ช็อกโกแลตชิพ100กรัม
น้ำตาล200กรัม
ผงโกโก้30กรัม
กลิ่นวานิลา1ช้อนชา
ไข่ไก่เบอร์12ฟอง"
คุ้กกี้ตัวหนอนไส้สับปะรด,"แป้งสาลีอเนกประสงค์500 กรัม
ผงฟู1/2 ช้อนชา
เนยสด300 กรัม
เกลือป่น1/2 ช้อนชา
น้ำตาลไอซิ่ง150 กรัม
กลิ่นวนิลา1/2 ช้อนชา
ไข่ไก่1 ฟอง
สับปะรดกวน500 กรัม"
เค้กแครอท,"แครอทขูดฝอยบีบน้ำออก 150 กรัม 
แป้งเค้ก 120 กรัม 
ผงฟู 1 ช้อนชา 
เบกกิ้งโซดา 1 ช้อนชา 
ผงชินนามอน 1 ช้อนโต๊ะ 
ไข่ไก่ 3 ฟอง 
น้ำตาลทรายขาว 40 กรัม 
น้ำตาลทรายแดง 50 กรัม 
น้ำมันรำขาว 120 กรัม 
เม็ดมะม่วงหิมพานต์สับหยาบ 30 กรัม 
อัลมอนด์สับหยาบ 30 กรัม 
อินทผาลัม 30 กรัม 
กลิ่นวานิลลา 1 ช้อนชา
ครีมชีส 125 กรัม 
เนยสด 80 กรัม 
น้ำมะนาว 1 ช้อนโต๊ะ"
เมอแรงค์,"ไข่ขาว4 ฟอง
น้ำตาลทราย140 กรัม
แป้งข้าวโพด2 ช้อนชา
เกลือป่น1/8 ช้อนชา
กลิ่นวนิลา1 ช้อนชา"
เค้กกล้วยหอมคลีน,"กล้วยหอมสุกงอม2 ลูก
ข้าวโอ๊ต1 ถ้วย
ไข่ไก่1 ฟอง
นมอัลมอนด์1/4 ถ้วยตวง
baking soda1/2 ช้อนชา
กลิ่นวนิลลา1/2 ช้อนชา
น้ำมันคาโนล่า1/2 ช้อนชา"
เนสกาแฟเย็น,"ผงกาแฟ เนสกาแฟเรดคัพ2 ช้อนชาพูน
ครีมเทียม1 ช้อนชา
น้ำตาล1 ช้อนชา
นมข้นหวาน2 ช้อนชา
นมสด15 ml
นมข้นจืด15 ml
น้ำร้อน100 ml"
คาราเมลมัคคิอาโต้,"นมสด100 ml.
นมข้นจืด30 ml.
คาราเมลไซรัป20 ml.
กาแฟสด70 ml."
อเมริกาโน่น้ำผึ้งมะนาว,"น้ำเปล่า (ผสมน้ำผึ้งและมะนาว)100 ml
น้ำผึ้ง2 ช้อนโต๊ะ
ผงมะนาว1/2 ช้อนโต๊ะ
น้ำเปล่า (ผสมกาแฟ)130 ml
กาแฟผงสำเร็จรูป เนสกาแฟอเมริกาโน่1 ซอง
น้ำแข็ง1 แก้ว
โรสแมรี่1 ยอด"
กาแฟดำน้ำผึ้งมะนาว (Honey Lime Black Coffee),"กาแฟดำ150ml.
น้ำผึ้ง50ml.
น้ำมะนาว2-3 ลูก
น้ำแข็ง1 แก้ว
น้ำร้อน50ml."
โกโก้ร้อน,"ผงโกโก้3 ช้อนชา
ครีมเทียม2 ช้อนชา
นมข้นหวาน3 ช้อนชา"
Black Orange coffee กาแฟส้ม,"กาแฟเข้มข้น1-2 ออนซ์
ไซรัปรสส้ม1 ออนซ์
น้ำเชื่อม1/2 ออนซ์
น้ำเปล่า2 ออนซ์
น้ำแข็ง1 แก้ว"
น้ำแตงโมปั่น,"เนื้อแตงโม (เอาเม็ดออกแล้ว)3/4 แก้ว (16oz)
น้ำเชื่อม1 1/2 oz
น้ำแข็ง1 1/2 แก้ว (16 oz)"
ชาเขียวนมสด,"ผงชาเขียว 2 ช้อนโต๊ะ
น้ำร้อนจัด 200 มิลลิลิตร
นมข้นหวาน 2 ช้อนโต๊ะ
น้ำตาลทราย 1 ช้อนชา
นมสดรสจืด 50 มิลลิลิตร
น้ำแข็งเต็มแก้ว"
ชาเขียวเย็น Moka pot,"น้ำสะอาด
ใบชาเขียวเต็มถ้วย
นมข้นหวานตามชอบ
ครีมเทียมตามชอบ"
ชาเขียวปั่น,"ชาเขียวญี่ปุ่นชนิดผง 2 ช้อนโต๊ะ
นมสด 1 ถ้วยตวง
น้ำตาลทรายแดงชนิดผง 3 ช้อนโต๊ะ
กลิ่นวานิลลา 1-2 หยด
น้ำแข็ง 2 ถ้วยตวง"
ชาเขียวมัทฉะลาเต้,"ผงชาเขียวมัทฉะญี่ปุ่น 100 % 1 ช้อนโต๊ะ
น้ำเปล่า 15-20 มิลลิลิตร
นมสด (1) 140 มิลลิลิตร
น้ำตาลทราย 2 ช้อนชา
นมข้นหวาน 15 มิลลิลิตร
น้ำแข็ง
นมสด(2) 25 มิลลิลิตร"
ชาเขียวมัทฉะลาเต้ลาวา,"ผงชาเขียวมัทฉะ 1 ช้อนโต๊ะ
นมข้นหวาน 2 ช้อนชา
น้ำร้อน 1 ช้อนโต๊ะ
นมสด 50 มิลลิลิตร
น้ำแข็ง"
ดัลโกนามัทฉะลาเต้,"ผงชาเขียว 1 ช้อนโต๊ะ
น้ำร้อน 1 ½ ช้อนโต๊ะ
น้ำตาล 2 ช้อนโต๊ะ
วิปครีมตามชอบ
นมสด 250 มิลลิลิตร"
ชาเขียวนมทูโทน,"น้ำชาไทยสกัด 2 ช้อนโต๊ะ
น้ำชาเขียวสกัด 2 ช้อนโต๊ะ
โกโก้เหนียว 3-5 ช้อนโต๊ะ
นมสด 3-5 ช้อนโต้ะ
น้ำแข็งบด 1 แก้ว
นมจืด 50 มิลลิลิตร
นมข้นหวาน 50 มิลลิลิตร"
กาแฟชาเขียวเย็น,"ชาเขียว 1 ช้อนโต๊ะ
น้ำตาล 3 ช้อนโต๊ะ
น้ำร้อน 2 ช้อนโต๊ะ
นมสด 1 ขวด
กาแฟเย็น 1 กระป๋อง
น้ำแข็ง 1 แก้ว"
โกโก้มัทฉะ,"ผงมัทฉะ 20 กรัม
นมสำหรับชงชาเขียว 2 ถ้วยตวง
น้ำตาลสำหรับชงชาเขียว ¼ ถ้วยตวง
ผงโกโก้ 30 กรัม
นมสำหรับชงโกโก้ 1 ถ้วยตวง
น้ำตาลสำหรับชงโกโก้ 3 ช้อนโต๊ะ
น้ำแข็งตามชอบ"
เฉาก๊วยชาเขียวทรงเครื่อง,"น้ำแข็ง 1 แก้ว
นมสด 0.5 แก้ว
ผงชาเขียว 2 ช้อน
เฉาก๊วยหั่นเต๋า 2 ช้อนโต๊ะ
มันเชื่อมอบแห้งนิดหน่อย
ทับทิมกรอบนิดหน่อย"
อโวคาโดนมสดปั่น,"อโวคาโด3 ผล
นมจืดแช่แข็ง2 กล่อง
น้ำผึ้ง50 มล.
นมจืดแช่เย็น2 กล่อง"
น้ำกระชายน้ำผึ้งมะนาว,"กระชาย 200 กรัม
มะนาว 1 ลูก
น้ำสะอาด 2 ถ้วยตวง
น้ำผึ้ง 2 ช้อนโต๊ะ"
นมเย็นชมพู,"น้ำหวานเฮลส์บลูบอย1 ช็อต
นมข้นหวาน2 ช้อนชา
นมข้นจืด1 ช็อต
น้ำแข็ง"
น้ำส้มปั่น,"ส้ม5 ผล
เกลือ1 ช้อนชา
น้ำเชื่อม1 ช้อนโต๊ะ
น้ำมะนาว1 ช้อนโต๊ะ
แครอทหั่นแว่น4 แว่น
น้ำแข็งบด1 แก้ว"
ส้มตำผลไม้,"ข้าวโพด 70 กรัม
สับปะรด 80 กรัม
แอปเปิล 60 กรัม
ฝรั่ง 60 กรัม
ส้มโอ 60 กรัม
ลูกพลับ 70 กรัม
มะเขือเทศสีดา 2 ช้อนโต๊ะ
พริกแดงจินดา 7 เม็ด
กุ้งแห้ง 2 ช้อนโต๊ะ
ถั่วลิสงคั่ว 3 ช้อนโต๊ะ
มะนาว 1 ½ ลูก
กระเทียมไทย 12 กลีบ
น้ำตาลปี๊บ 1 ช้อนโต๊ะ
น้ำปลา 2 ช้อนโต๊ะ"
ตำหลวงพระบาง,"1. มะละกอ 1 ลูก 

2. พริกแห้ง 15 เม็ด 

3. มะเขือเทศสีดา 4 ลูก 

4. มะเขือส้ม 6 ลูก 

5. กระเทียมไทย 8 กลีบ 

6. มะเขือเปราะ 4 ลูก 

7. น้ำมะนาว 4 ลูก 

8. น้ำปู้ 1 ช้อนโต๊ะ 

9. กะปิ 1 ช้อนโต๊ะ 

10. น้ำปลาร้า 3 ช้อนโต๊ะ

11. น้ำตาลทราย 1 ช้อนโต๊ะ 

12. ผักชีฝรั่งซอย 5 ใบ"
ตำไหลบัวกุ้งสด,"1. ไหลบัว 1 มัด 

2. กุ้งสด 20 ตัว 

3. มะเขือส้ม 10 ลูก 

4. มะเขือเทศสีดา 6 ลูก 

5. ผักชีฝรั่ง 10 ใบ 

6. มะนาว 4 ลูก 

7. น้ำปลาร้า 2 ทัพพี

8. กะปิ 1 ช้อนโต๊ะ 

9. น้ำตาลปี๊บ 1 ช้อนโต๊ะ 

10. พริกแห้ง 15 เม็ด

11. กระเทียม 6 กลีบ"
ตำข้าวโพดกุ้งสด,"1. ข้าวโพดหวานต้มสุกฝานเมล็ด 100 กรัม

2. ข้าวโพดข้าวเหนียวต้มสุกฝานเมล็ด 100 กรัม

3. ถั่วฝักยาวหั่นท่อน 50 กรัม

4. แครอทขูดเส้น 50 กรัม

5. มะเขือเทศสีดาหั่นชิ้น 50 กรัม

6. กุ้งขาวต้มสุก 10 ตัว

7. พริกขี้หนู 2 ช้อนโต๊ะ

8. กระเทียม 3 กลีบ

9. น้ำปลา 2 ช้อนโต๊ะ

10. น้ำมะนาว 2 ช้อนโต๊ะ

11. น้ำตาลปี๊บ 1 ช้อนโต๊ะ"
ส้มตำปลาหมึก,"1. ปลาหมึกสาย 20 ตัว

2. น้ำตาลปี๊บ 1 ช้อนโต๊ะ 

3. น้ำปลา 1 ทัพพี 

4. น้ำปลาร้า 2 ทัพพี 

5. น้ำมะนาว 1 ทัพพี

6. มะเขือเทศสีดา 6 ลูก 

7. พริกจินดาสีแดง 30 เม็ด 

8. ขนมจีน 1 จับ 

9. มะเขือเปราะ 3 ลูก 

10. ผักชีใบเลื่อย 2 ต้น "
ส้มตำถาดแซลมอน,"1. เนื้อปลาแซลมอน 1 แพ็ค

2. มะละกอดิบหั่นเส้น 1 ลูก 

3. มะเขือเทศสีดาหั่นชิ้น 4 ลูก 

4. น้ำมะนาว 3 ลูก 

5. พริกแดงจินดา 20 เม็ด 

6. ผักชีใบเลื่อยซอย 6 ใบ 

7. น้ำปลาร้า 3 ทัพพี 

8. น้ำตาลปี๊บ 1 ช้อนชา 

9. น้ำปลา 1/2 ทัพพี "
ส้มตำเส้นข้าวเปียก,"1. เส้นกวยจั๊บญวน 1 ก้อน

2. มะเขือเทศ 4 ลูก

3. พริกสด 8 เม็ด

4. มะนาว 4 ช้อนโต๊ะ

5. น้ำปลาร้า 3 ช้อนโต๊ะ

6. น้ำปลา 1/2 ช้อนโต๊ะ

7. น้ำตาลทราย 1/2 ช้อนโต๊ะ

8. ผักกะหล่ำปลี 20 กรัม

9. ผักบุ้ง 20 กรัม

10. หมูยอ 10 กรัม

11. ลูกชิ้นปลา 10 กรัม

12. ถั่วลิสง 1 ช้อนโต๊ะ

13. หอมเจียว 2 ช้อนโต๊ะ"
ส้มตำหอยแครง,"1. หอยแครง 1 กิโลกรัม

2. มะละกอดิบ 1 ลูก

3. มะเขือเทศสีดาหั่นชิ้น 4 ลูก

4. มะเขือส้มหั่นครึ่ง 7 ลูก

5. มะเขือเปราะหั่นชิ้น 2 ลูก

6. น้ำมะนาว 3 ลูก

7. พริกแดงจินดา 20 เม็ด

8. ผักชีใบเลื่อยซอย 6 ใบ

9. น้ำปลาร้า 3 ทัพพี

10. น้ำตาลปี๊บ 1 ช้อนชา

11. น้ำปลา 1/2 ทัพพี"
ตำถาดซีฟู้ด,"1. แซลมอน 150 กรัม

2. ปลาหมึกหั่นแว่นลวก 150 กรัม

3. กุ้งสด 150 กรัม

4. ปูม้าแกะกระดอง 150 กรัม

5. มะละกอขูดเส้น 2 ถ้วยตวง

6. น้ำปลา 2 ช้อนโต๊ะ

7. น้ำมะนาว 5 ช้อนโต๊ะ

8. น้ำตาลปี๊บ 1 ½ ช้อนโต๊ะ

9. พริกขี้หนูแดง 7เม็ด

10. กระเทียมไทย 1 ช้อนโต๊ะ

11. น้ำปลาร้าต้มสุก 5 ช้อนโต๊ะ

12. มะเขือเทศสีดา 5 ลูก

13. ถั่วฝักยาวหั่นท่อน ¾ ถ้วยตวง"
ส้มตำหมูยอ,"มะละกอขูดเป็นเส้นๆตามชอบ
มะเขือเทศท้อ1 ลูก
ถั่วฝักยาว2 ฝัก
กุ้งแห้งเนื้อตามชอบ
พริกแห้ง2 เม็ดหรือตามชอบ
พริกแดง2 เม็ดหรือตามชอบ
น้ำปลาร้าปรุงรส1 ช้อนโต๊ะหรือตามชอบ
น้ำตาลปีบ1 ช้อนชา
น้ำปลา2 ช้อนโต๊ะ
น้ำมะนาว1 ผล
หมูยอตามชอบ
น้ำมะขามเปียก1 ช้อนชา
กระเทียม1กลีบใหญ่"
อกไก่หวานไข่ยางมะตูม,"1.อกไก่หั่นชิ้น 250 กรัม

2.ซีอิ๊ว Low Sodium 1 ช้อนโต๊ะ

3.ซีอิ๊วดำ 1 ช้อนชา

4.หอมแดงซอย 2 หัว

5.น้ำตาลมะพร้าว 1 ช้อนโต๊ะ

6.น้ำเปล่า 10 ช้อนโต๊ะ

7.สเปรย์น้ำมัน

8.ไข่ไก่เต็มใบ 1 ฟอง

9.สะระแหน่ ( ตกแต่ง )"
ผัดวุ้นเส้น,"วุ้นเส้น 150 กรัม
เนื้อหมู หั่นเป็นชิ้นพอดีคำ 200 กรัม
ไข่ไก่ 2 ฟอง
หอมใหญ่ หั่นเป็นเสี้ยว ๆ 1 ลูก
มะเขือเทศ หั่นเป็นชิ้น 3 ลูก
กระเทียมสับหยาบ 1 ช้อนโต๊ะ
ต้นหอม หั่นท่อน 3 ต้น
แครอท หั่นเส้น ⅓ หัว
กะหล่ำปลี หั่นเป็นชิ้น 100 กรัม
น้ำตาล 1 ช้อนโต๊ะ
น้ำมันหอย 3 ช้อนโต๊ะ
น้ำปลา 2 ช้อนโต๊ะ
พริกไทย 1/2 ช้อนชา
ผักชี สำหรับแต่งหน้า
น้ำมันพืช สำหรับผัด"
ไข่ดองน้ำปลา,"ไข่ไก่ 15 ฟอง
น้ำปลาดี 50 กรัม
น้ำสะอาด 500 มิลลิลิตร
น้ำตาลมะพร้าว 25 กรัม
พริกขี้หนูเขียว 20 กรัม
พริกจินดาแดง 20 กรัม
กระเทียมจีน 50 กรัม"
ผัดฟักทอง,"ฟักทองหั่นชิ้น 200 กรัม
ไข่ไก่ 1 ฟอง
น้ำเปล่า 1 ถ้วย
กระเทียมสับหยาบ 1 ช้อนโต๊ะ
ซีอิ๊ว low sodium 1 ช้อนโต๊ะ
พริกไทยป่น 1 ช้อนโต๊ะ
ใบโหระพา 10 ใบ
น้ำมันสำหรับผัด 1 ช้อนชา"
ข้าวต้มทรงเครื่อง,"กระดูกหมู 800 กรัม
รากผักชี 4 ราก
น้ำเปล่า 3 ลิตร
ข้าวหอมมะลิ 2 ถ้วย
กุ้งแห้ง 50 กรัม
ปลาหมึกแห้ง 50 กรัม
ตั้งฉ่าย 2 ช้อนโต๊ะ
หมูสับ 200 กรัม
กระเทียมสับ 1 ถ้วย
ซีอิ๊วขาว 2 ช้อนโต๊ะ
พริกไทย ตามชอบ
ต้นหอมซอย ตามชอบ
ขึ้นฉ่าย ตามชอบ"
หมูหวาน,"หมูสามชั้น 300 กรัม
สะโพกหมู 200 กรัม
ซีอิ้วขาว 2 ช้อนโต๊ะ
ซีอิ้วดำ 1 ช้อนโต๊ะ
ซีอิ้วดำหวาน 2 ช้อนโต๊ะ
น้ำมันหอย 2 ช้อนโต๊ะ
น้ำตาลทราย 1 ช้อนโต๊ะ
น้ำตาลปี๊บ 3 ช้อนโต๊ะ
หอมแดง 4 หัว
น้ำมันพืช 2 ช้อนโต๊ะ"
ต้มข่าไก่,"สะโพกไก่ 400 กรัม
เห็ดฟาง 200 กรัม
หัวกะทิ 300 มิลลิลิตร
หางกะทิ 500 มิลลิลิตร
ข่าอ่อนหั่นแว่นบาง ๆ 5-6 แว่น
ตะไคร้หั่นแฉลบ 3 ต้น
ใบมะกรูด 5-6 ใบ
น้ำปลา 1 ช้อนโต๊ะ
พริกแดง-เขียว 10 กรัม
มะนาว 1 ลูก"
ต้มเล้งแซ่บ,"กระดูกเล้ง 500 กรัม
น้ำสะอาด 2 ½ ลิตร
เกลือ 1 ช้อนโต๊ะ
กระเทียม 3 กลีบ
รากผักชี 1 รากใหญ่
พริกไทย 1 ช้อนโต๊ะ
พริกขี้หนูสวนสีเขียว 15 เม็ด
น้ำมะนาว 3 ช้อนโต๊ะ
น้ำปลา 3 ช้อนโต๊ะ
ผักชีฝรั่ง 2 ต้น"
ปลาหมึกย่าง,"วัตถุดิบปลาหมึกย่าง
ปลาหมึกกระดอง 1200 กรัม
ซีอิ๊วดำ 1 ช้อนโต๊ะ
ผงขมิ้น ½ ช้อนชา
น้ำปูนใส 1 ถ้วยตวง
วัตถุดิบน้ำจิ้มซีฟู๊ด
กระเทียมสับ 2 ช้อนโต๊ะ
รากผักชี 5 ราก ( เล็ก )
พริกแดงจินดาซอย 20 เม็ด
น้ำตาลปี๊บ ½ ช้อนโต๊ะ
เกลือ ½ ช้อนโต๊ะ
น้ำปลา 1 ช้อนโต๊ะ
น้ำมะนาว 3 ช้อนโต๊ะ"
ข้าวต้มปลา,"ข้าวสวย 2 ทัพพี
ปลากะพงแดงหั่นชิ้น 500 กรัม
เห็ดหอม 4 ดอก
ข่าหั่นแว่น 1 แง่ง
รากผักชี 2 ราก
ซีอิ๊วขาว 2 ช้อนโต๊ะ
พริกไทย 1 ช้อนโต๊ะ
ซุปกระดูกหมู 1 ลิตร
ขึ้นฉ่ายหั่นท่อน สำหรับโรยหน้า
ต้นหอมซอย สำหรับโรยหน้า
กระเทียมเจียว สำหรับโรยหน้า"
เต้าหู้ไข่ทรงเครื่อง,"เต้าหู้ไข่ 3 หลอด
หมูสับ 3 ขีด
แครอทหั่นเต๋า 2 ช้อนโต๊ะ
ข้าวโพดอ่อน 2 ช้อนโต๊ะ
กระเทียมสับ 1ช้อนโต๊ะ
ซอสหอยนางรม 2 ช้อนโต๊ะ
ซอสปรุงรส 1 ช้อนโต๊ะ
น้ำตาล 1 ช้อนชา
น้ำเปล่า ½ ถ้วย
แป้งข้าวโพด 1 ช้อนโต๊ะ
พริกไทยป่น ¼ ช้อนชา
ผักชีซอยสำหรับตกแต่ง
น้ำมันสำหรับทอดเต้าหู้
น้ำมันสำหรับผัด"
ข้าวผัดแหนม,"ข้าวเย็น 3 ทัพพี
แหนม 80 กรัม
มะนาว 1/2 ลูก
พริกขี้หนู 5 เม็ด
ต้นหอมซอย 1/4 ถ้วย
ขิงอ่อนหั่นเต๋า 1/4 ถ้วย
กระเทียมซอย 3 กลีบ
ซอสหอยนางรม 1 ช้อนโต๊ะ
น้ำมันสำหรับผัด
หอมแดงซอย ถั่วคั่ว สำหรับแต่งจาน หรือผักอื่น ๆ ตามต้องการ"
หมูสามชั้นทอดน้ำปลา,"หมูสามชั้น 1 กิโลกรัม
น้ำปลา 7 ช้อนโต๊ะ
พริกไทยป่น 1 ช้อนชา
ไข่ไก่ 1 ฟอง
แป้งทอดกรอบ 1 ถ้วยตวง
น้ำเย็น ½ ถ้วยตวง"
ลาบหมู,"หมูสับ 300 กรัม
น้ำเปล่า ½ ถ้วย
ต้นหอมซอย 2 ต้น
ใบสะระแหน่ 2 ต้น
ผักชีฝรั่งซอย 2 ต้น
หอมแดงซอย 3 กลีบ
พริกป่น 2 ช้อนโต๊ะ
น้ำปลา 2 ช้อนโต๊ะ
น้ำมะนาว 2 ช้อนโต๊ะ
ข้าวคั่ว 2 ช้อนโต๊ะ
น้ำตาล ½ ช้อนชา
พริกแห้งทอดสำหรับตกแต่ง"
แกงส้มผักรวมกุ้งสด,"พริกแกงส้ม 1 ช้อนโต๊ะ
น้ำเปล่า 3-4 ถ้วยตวง
กุ้งสด 5 ตัว
น้ำมะขามเปียกข้น ๆ 1 ช้อนโต๊ะ
น้ำตาลปี๊บ 1 ช้อนโต๊ะ
น้ำปลา 1 ช้อนโต๊ะ
ผักรวม เช่น แครอท ข้าวโพดอ่อน กะหล่ำปลี ถั่วฝักยาว อย่างละ ¼ ถ้วยตวง"
ยำขนมจีน,"ขนมจีน 2 จับ
ปลาทูทอดแกะเนื้อ 2 ตัว
ถั่วฝักยาวซอย 1 ถ้วย
ต้นหอมซอย ½ ถ้วย
เมล็ดกระถิน ½ ถ้วย
พริกขี้หนูซอย 3 ช้อนโต๊ะ
น้ำปลาร้าต้มสุก ½ ถ้วย
น้ำมะนาว 3 ช้อนโต๊ะ
น้ำตาลปี๊บ 1 ช้อนโต๊ะ
น้ำปลา 1 ½ ช้อนโต๊ะ
พริกป่น 1 ช้อนโต๊ะ"
ข้าวผัดกระเทียมเบคอนกรอบ,"ข้าวสวย 3 ถ้วยตวง
กระเทียม 1 ถ้วยตวง
เบคอนหั่นชิ้น 1 ถ้วยตวง
เนยจืด 1½ ช้อนโต๊ะ
โชยุ 1 ช้อนโต๊ะ
น้ำตาล 1 ช้อนชา
เกลือ 1 ช้อนชา
พริกไทย 1 ช้อนชา
ต้นหอมซอย 3 ช้อนโต๊ะ"
แกงเหลือง,"ปลากะพง 1 ตัว
มะละกอดิบ 1 ลูก
พริกแห้ง 15 เม็ด
พริกขี้หนู 15 เม็ด
กระเทียม 5 กลีบ
ขมิ้นสด 2 แง่ง
หอมแดง 2 หัว
ข่า 2 ช้อนโต๊ะ
เกลือ 1 ช้อนชา
กะปิ 1 ช้อนโต๊ะ
น้ำมะขามเปียก 2 ช้อนโต๊ะ
มะนาว 1 ลูก"
เมี่ยงปลาทู,"ปลาทู 3 ตัว
พริกขี้หนูสวน 20 เม็ด
กระเทียมกลีบใหญ่หั่นแว่น 5 กลีบ
ขนมจีน ตามต้องการ
เส้นหมี่ ตามต้องการ
ผักกาดขาว ตามต้องการ
โหระพา ตามต้องการ
ผักชี ตามต้องการ
สะระแหน่ ตามต้องการ วัตถุดิบน้ำจิ้มเมี่ยงปลาทู
กระเทียมไทยแกะเปลือก 2 ช้อนโต๊ะ
พริกขี้หนูสวนเด็ดก้าน ½ ช้อนโต๊ะ
ถั่วตัด 4 ชิ้น
น้ำมะนาว 2 ช้อนโต๊ะ
น้ำเชื่อม 4 ช้อนโต๊ะ
น้ำปลา 1 ½ ช้อนโต๊ะ
เกลือป่น ¼ ช้อนชา"
น้ำพริกอ่อง,"มะเขือเทศเชอร์รี 20 ลูก
หมูสับติดมัน 300 กรัม
พริกแห้ง 5 เม็ด
กระเทียม 1 หัว (สำหรับใส่ในเครื่องแกง)
กระเทียม 1 หัว (สำหรับผัดในเครื่องแกง)
หอมแดง 2 หัว
กะปิ ½ ช้อนโต๊ะ
เกลือ 1 ช้อนชา
น้ำตาล 1 ช้อนชา
น้ำมัน 1 ช้อนโต๊ะ
ต้นหอม / ผักชี 1 ต้น
น้ำเปล่า ½ ถ้วย"
เบคอนชีสทอด,"เบคอน 250 กรัม 
ชีส 12 แผ่น 
เกล็ดขนมปัง 1 ถ้วย 
แป้งทอดกรอบ 1 ถ้วย 
ไข่ 2 ฟอง"
สปาเก็ตตี้คาโบนาราไข่เค็ม,"เส้นสปาเกตตี้ 200 กรัม
ครีม 200 กรัม 
เบคอน 50 กรัม 
หอมหัวใหญ่ 50 กรัม
กระเทียม 10 กรัม 
พาเมซานชีส 30 กรัม 
ไข่แดงเค็ม 2 ฟอง 
เกลือ 1 ช้อนชา 
พริกไทย 1 ช้อนชา 
พาร์สลีย์สำหรับตกแต่ง"
ไข่เจียวหมูสับผัดกะเพรา,"ไข่ไก่ 4 ฟอง 
หมูสับ 100 กรัม 
ใบกะเพรา 50 กรัม 
พริกสับ 2 ช้อนโต๊ะ 
กระเทียมสับ 2 ช้อนโต๊ะ 
ซอสหอยนางรม 1 ช้อนโต๊ะ 
น้ำปลา 1 ช้อนโต๊ะ 
น้ำตาล 1 ช้อนชา"
ขนมเปียกปูนใบเตย,"แป้งข้าวเจ้า150 กรัม
แป้งเท้ายายม่อม80 กรัม
น้ำปูนใส1,380 กรัม
น้ำตาลทราย160 กรัม
น้ำตาลปี๊บ200 กรัม
น้ำใบเตยคั้นข้น4 ช้อนโต๊ะ
มะพร้าวทึนทึกขูดสำหรับเสิร์ฟ"
มันบดกระเทียมย่าง,"มันฝรั่ง750 กรัม
กระเทียม1 หัว
น้ำมันรำข้าว½ ช้อนชา
เกลือปรุงรส
พริกไทยปรุงรส
ลูกจันทน์ป่น¼ ช้อนชา
ครีม180 มิลลิลิตร
เนย50 กรัม
มัชรูมเกรวี่มิกซ์ (มัชรูมเกรวี่)1 ซอง
ครีม (มัชรูมเกรวี่)4 ช้อนโต๊ะ
น้ำสะอาด (มัชรูมเกรวี่)¾ ถ้วย"
กุ้งฝอยทอด,"กุ้งฝอย300 กรัม
แป้งข้าวเจ้า60 กรัม
แป้งสาลีอเนกประสงค์60 กรัม
เกลือ1/4 ช้อนชา
ไข่แดง1 ฟอง
น้ำพริกแกงเผ็ด2 ช้อนชา
น้ำตาลทราย1/2 ช้อนชา
น้ำปูนใส140 มิลลิลิตร
ใบมะกรูด (ซอย​​)8 ใบ
น้ำมันรำข้าวสำหรับทอด
น้ำตาลทราย(สำหรับอาจาด)110 กรัม
น้ำส้มสายชูข้าว (สำหรับอาจาด)125 มิลลิลิตร
เกลือ(สำหรับอาจาด)1/2 ช้อนชา
พริกชี้ฟ้าแดง(สำหรับอาจาด)2 เม็ด
หอมแดง3 หัว
ขิง(ซอย)2 ช้อนโต๊ะ
ผักชีสำหรับตกแต่ง"
ขนมต้มขาว,"มะพร้าวทึนทึกขูดเส้น300 กรัม
น้ำตาลปี๊บ280 กรัม
เทียนอบขนมสำหรับอบควันเทียน
แป้งข้าวเหนียว225 กรัม
กะทิ135 กรัม
น้ำสะอาด65 มิลลิลิตร
มะพร้าวทึนทึกขูดเส้น (สำหรับเสิร์ฟ)สำหรับเสิร์ฟ"
ชีสเค้กสไตล์ญี่ปุ่น,"ครีมชีส250 กรัม
น้ำตาลทราย30+55 กรัม
ชอร์ตเทนนิ่งน้ำมันรำข้าว30 กรัม
ไข่ไก่3 ฟอง
ครีม150 กรัม
กลิ่นวานิลลา½ ช้อนชา
กลิ่นเลมอน½ ช้อนชา
แป้งสาลีอเนกประสงค์32 กรัม
น้ำตาลไอซิ่งสำหรับเสิร์ฟ"
เกี๊ยวกุ้งทอดยักษ์,"รากผักชี2 ราก
กระเทียม1 กลีบ
เม็ดพริกไทยขาว½ ช้อนชา
เกลือ¼ ช้อนชา
ซีอิ๊วขาว2 ช้อนชา
น้ำมันงา½ ช้อนชา
เนื้อกุ้ง300 กรัม
แป้งข้าวโพด2 ช้อนชา
ปลาหมึก150 กรัม
แป้งเปาะเปี๊ยะสำหรับห่อ
น้ำจิ้มบ๊วยเจีย¼ ถ้วย
ซอสมะเขือเทศ2 ช้อนโต๊ะ
แป้งสาลีอเนกประสงค์สำหรับเป็นแป้งเปียก
น้ำมันรำข้าวสำหรับทอด"
ชื่ออาหาร,วัตถุดิบ
แกงเลียงกุ้งสด,"กุ้งสดปอกเปลือกผ่าหลัง: 250กรัม
ข้าวโพดอ่อนหั่น: 80กรัม
ฟักทองหั่นชิ้นพอดีคำ: 240กรัม
บวบหั่นเป็นชิ้นๆ: 230กรัม
เห็ดรวม (ตามชอบ): 250กรัม
ใบแมงลัก: 1ถ้วย
น้ำซุป: 4ถ้วย
น้ำปลา: 2ช้อนโต๊ะ
ซีอิ๊วขาว: 1ช้อนโต๊ะ
น้ำตาล: 1ช้อนชา
---พริกแกงเลียง--: 
หอมแดง: 6หัว
กุ้งแห้งป่น: 3ช้อนโต๊ะ
กุ้งสดลวก: 3ตัว
กระชาย: 3แง่ง
พริกไทยเม็ด: 1ช้อนโต๊ะ
กะปิ: 1 1/2ช้อนโต๊ะ
พริกขี้หนูสวน: 8เม็ด
รากผักชี: 1ราก"
แกงเผ็ดฟักทองใส่หมู,"ฟักทอง: 400 กรัม
หมูเนื้อแดง: 200 กรัม
พริกแกงเผ็ด: 1.5
ใบมะกรูด: 5-7 ใบ
น้ำมันพืช: 
ใบโหระพา: 20 ใบ
พริกชี้ฟ้า: 
กะทิกล่อง: 1 กล่อง"
ปลานึ่งมะนาว,"ปลา ตามชอบ ปลากะพง ปลาทับทิม ปลานิล ฯลฯ: 1ตัว
น้ำปลา: 2 ช้อนโต๊ะ
มะนาว (ชิมตามความเปรี้ยว): 3-4 ช้อนโต๊ะ
น้ำตาล: 1 ช้อนชา
พริกขี้หนูสับ: 2 ช้อนโต๊ะ
กระเทียมสับ: 2 ช้อนโต๊ะ
ผักชี: 1ต้น
ตะไคร้: ครึ่งต้น"
🥚ไข่ดองน้ำปลาแบบง่ายกว่านี้ไม่มีอีกแล้ว🥚,"ไข่แดงสด: 4 pcs
น้ำปลา: 125 ml
น้ำเปล่าสะอาด: 250 ml
น้ำตาลปี้บ: 1/3 cup
พริกแดงสดซอย: ตามชอบ
ต้นหอมสดซอย: ตามชอบ"
พะแนงหมู,"หมูหั่นชิ้น: 350 กรัม
น้ำพริกพะแนง: 300 กรัม
หัวกะทิ: 1 ถ้วย
ตัวกะทิ: 2 1/2 ถ้วย
ถั่วฝักยาวหั่นท่อน: 150 กรัม
ใบมะกรูดฉีก: 3-4 ใบ
พริกชี้ฟ้าซอย: 3-4 เม็ด
น้ำตาลปึก: 2 ช้อนโต๊ะ
น้ำปลา: 2-3 ช้อนโต๊ะ"
มาม่าผัดขี้เมาทะเล,"กุ้ง เนื้อปลา ปลาหมึก: ไม่ต้องเยอะมากอะ กะเอาเอง
มาม่าบิ๊กแพ๊ครสต้มยำ: 1 ซอง
ใบโหระพา: 
เม็ดพริกไทย: 
ไข่ไก่: 
พริกขี้หนูสด: 
กระเทียม: 
ซีอิ๊วดำ:"
ผัดพริกแกงหมูสับถั่วฝักยาว,"หมูสับ: 100 กรัม
น้ำพริกแกงเผ็ด: 2 ช้อนโต๊ะ
ถั่วฝักยาว ล้างให้สะอาดแล้วหั่นท่อนสั้นๆ: 1 ถ้วย
น้ำมันสำหรับผัด: 2 ช้อนโต๊ะ
น้ำตาลทราย: 1 ช้อนโต๊ะ
น้ำปลา: 1 ช้อนโต๊ะ"
"“น้ำพริกเผาผัดหมูสับ""","พริกแห้งแบบเผ็ดมาก: 20 เม็ด
พริกแห้งแบบเผ็ดน้อย: 50 เม็ด
หอมแดง: 10 หัว
กระเทียม: 20 กลีบ
น้ำมัน: 2 ช้อนโต๊ะ
หมูสับ: 100 กรัม
น้ำสะอาด: 1 ถ้วย
น้ำตาลปี๊บ: 5-6 ข้อนโต๊ะ
น้ำปลา: 8-10 ช้อนโต๊ะ
มะขามเปียก: 4-5 ช้อนโต๊ะ"
ผัดพริกหยวกหมู,"เนื้อหมูติดมัน: 3 ขีด
พริกหยวก: 3 อัน
หอมใหญ่: 1/2 หัว
น้ำมันหอย: 2 ช้อนโต๊ะ
น้ำตาลทราย: 2 ช้อนโต๊ะ
ซีอิ้วขาว: 3ช้อนโต๊ะ"
สะตอผัดกะปิหมูสามชั้น,"สะตอ: 8 ฟัก
พริกแกงใต้: 3 ช้อนโต๊ะ
หมูสามชั้น(หั่น): 400 กรัม
กระปิ + น้ำตาลปี๊ป ตามชอบ (ผสมน้ำอุ่น): 
ใบมะกูดซอย: ตามชอบ
พริกชี้ฟ้าซอย: 2-3 เม็ด
น้ำปลา: ตามชอบ
ตะใคร้ซอบ: ตามชอบ"
น้ำจิ้มขนมจีบ,"ซีอิ๊วดำ: 3 ช้อนโต๊ะ
น้ำส้มสายชู: 3 ช้อนโต๊ะ
น้ำตาลทราย: 2 ช้อนโต๊ะ
พริกขี้หนู: 4 เม็ด"
แกงไก่ ใส่ฟักเขียว,"สะโพกไก่: 1 kg
ฟักเขียวอ่อน: 1 ลูก
พริกแกงแดง: 2 ขีด
ใบมะกรูดฉีก: 5 ใบ
ใบโหระพา: 1 ถต.
น้ำตาลทราย: 2 ชต
รสดี: 1 ชต
น้ำปลา: 1 ชต
กะทิ: 1 kg
หางกะทิ: 2 ถต."
มะม่วงแช่อิ่ม ไม่มีสี ไม่มีสาร,"มะม่วงสด: 2 กก.
เกลือหมักดอก: 200 กรัม
น้ำตาลทราย: 500 กรัม"
กุ้งแช่น้ำปลาน้ำจิ้มซีฟู๊ด,"กุ้งสุดปอกเปลือกผ่าหลังเอาเส้นดำออก: 8- 10 ตัว
น้ำปลาสำหรับหมักกุ้ง: 2 ช้อนโต๊ะ
โซดาแช่เย็นจัดๆ: 2 ช้อนโต๊ะ
มะระ หั่นแว่น: 8-10 ชิ้น
กระเทียมสดซอยแว่น: 2 กลีบ
ใบสะระแหน่: 5-6 ใบ
พริกขี้หนู: 3 ช้อนโต๊ะ
น้ำตาลทราย: 1 ช้อนโต๊ะ
น้ำตาลปี๊ป: 1 ช้อนโต๊ะ
น้ำปลา: 4 ช้อนโต๊ะ
น้ำมะนาว: 3-4 ช้อนโต๊ะ
น้ำสะอาด: 4 ช้อนโต๊ะ
ใบสะระแหน่+ โหระพา+ ผักชี: อย่างละ 3-4 ใบ
กระเทียมกลีบ: 2 ช้อนโต๊ะ"
พะแนงไก่,"อกไก่หั่นชิ้นบาง: 300 ก.
พริกแกงพะแนง: 50 ก.
กะทิสดคั้นข้นๆจากมะพร้าว: 270 ก.
น้ำตาลโตนด: 1.5 ช้อนชา
น้ำปลา: 1 ช้อนชา
ใบมะกรูดซอย: 
พริกแดงซอย:"
ไข่พะโล้,"ไข่ไก่ หรือ ไข่เป็ด: 6-8 ฟอง
ไข่นกกระทา: 15 ฟอง
เครื่องพะโล้สำเร็จรูป: 1 ซอง
ซีอิ้วดำหวาน: 2 ช้อนโต๊ะ
ผักชี: 2 ต้น
น้ำมัน: 2 ช้อนโต๊ะ
น้ำเปล่า: 1 ลิตร"
ต้มแซ่บเนื้อ,"เนื้อวัว(เศษเนื้อหรือส่วนอื่นตามชอบ): 180 กรัม
ตะไคร้หั่น: 3 ต้น
หอมแดง: 5 หัว
ข่าหั่นแว่น: 5 ชิ้น
รากผักชี: 2 ราก
เกลือป่น: 1/2 ช้อนชา
ต้นหอมซอย: 1 ต้น
ผักชีฝรั่ง: 2 ต้น
น้ำมะขามเปียก: 3 ช้อนโต๊ะ
น้ำมะนาว: 1/2 ลูก
พริกขี้หนูทุบ: 7-8 เม็ด
น้ำตาลทราย: 1 ช้อนชา
น้ำปลา: 2 ช้อนโต๊ะ
น้ำเปล่า:"
ต้มยำขาหมู,"ขาหมูเผา (สับเป็นชิ้นๆ): 1.5 ก.ก
ข่าหั่นแว่นบาง ๆ: 10-15 แว่น
ตะไคร้ (หั่นท่อน และ บุบ): 2 ต้น
ใบมะกรูดฉีก: 5 ใบ
พริกขี้หนูแห้งทอด: 5-10 เม็ด
้มะนาว: 4-5 ลูก
ผงปรุงรสคนอร์: 2 ช.ช.
น้ำปลา: 2 ช.ต.
เกลือ: 2 ช.ช.
น้ำสะอาด: 6 ถ้วย
ผักชี และ ผักชีใบเลื่อย สำหรับโรย:"
แกงคั่วหอยขมใบชะพลู,"หอยขมล้างสะอาดลวก: 400-500 กรัม
ใบชะพลูหั่นเส้น: 1 ชาม
ชะอม: 1 ชาม
พริกแกงแดง: 2 ช้อนโต๊ะ
กะทิ: 400 มิลลิตร
น้ำสะอาด: 1 1/2 ถ้วย
น้ำตาลมะพร้าว: 1-1 1/2 ช้อนโต๊ะ
น้ำปลา: ตามชอบ"
พริกแกงเผ็ด แบบพริกสด,"พริกแดงจินดา: 15 เม็ด
หอมแดง: 3 หัว
กระเทียม: 7 กลีบ
กระชาย: 5 แง่ง
ตะไคร้: 2ต้น
ข่า(ซอยแล้วตวง ): 2ช้อนโต๊ะ
ผิวมะกรูด จากผลมะกรูด: 1 ผล
พริกไทยเม็ด: 15 เม็ด
เกลือ: 1/2 ช้อนชา
กะปิ: 1ช้อนชา
เพิ่มสีสันแดงสดๆ จากพริกชี้ฟ้าแดง: 1เม็ด"
ผัดหอยลายใบโหระพา,"หอยลาย: 1 kg
กระเทียม: 5 กลีบ
พริกขี้หนู: 3 เม็ด
ใบโหระพา: 3 ต้น
น้ำเปล่า: 1/2 ถ้วยตวง
เต้าเจี้ยว: 1 ช้อนชา
ซอสหอยนางรม: 1/2 ช้อนชา
น้ำปลา: 1/2 ช้อนชา"
ขนมกล้วย/ขนมฟักทอง,"กล้วยน้ำว้าสุก: 7-8ลูก
ฟักทองนึ่ง: 250กรัม
แป้งข้าวจ้าว: 300กรัม
แป้งมัน: 40กรัม
น้ำตาลทราย(แบ่ง2ส่วน): 360กรัม
หัวกะทิ(แบ่ง2ส่วน): 14ออน
เกลือป่น: 1/2ช้อนชา
เนื้อมะพร้าวขูด(แบ่ง2ส่วน): 1ถ้วย
กล้วยหั่นชิ้น,ฟักทองหั่นชิ้น,มะพร้าวขูดเส้นไว้แต่งหน้าขนม: ตามใจชอบ"
ข้าวโพดทอด,"ข้าวโพดดิบ: 3 ฝัก
แป้งทอดกรอบ: 3/4 ถ้วยตวง
แป้งข้าวเจ้า: 1/2 ถ้วยตวง
เกลือ: เล็กน้อย
พริกไทยป่น: เล็กน้อย
น้ำเย็นจัด: 1 ถ้วยตวง
น้ำมันพืชสำหรับทอด:"
แกงสับปะรดใส่หอยแมลงภู่,"หอยแมลงภู่ต้มสุก: 1/2 โล
พริกแกงแดง: 2.5 ขีด
สับปะรด: 2 ลูก (โลครึ่ง)
หัวกะทิ: 7 ขีด
หางกะทิ: 1 cup
ใบมะกรูด: 10 ใบ
น้ำตาลปี๊บ: 1 ชต
น้ำปลา: 2 ชต
รสดี ( หมู ): 1 ชต"
ต้มแซ่บเนื้อตุ๋น,"เศษเนื้อ: 1 กิโล
รากผักชี, ข่า, ตะไคร้, ใบมะกรูด, หอมแดง: 
พริกแห้ง, พริกขี้หนู: 
ซอสถั่วเหลือง: 4 ช้อนโต๊ะ
น้ำปลา, น้ำมะนาว: 
ผักชีใปเลื่อย, ผักชี: 
มะเขือเทศ:"
กระเพราปลาหมึก,"ปลาหมึก: 300 กรัม
ใบกะเพรา: 50 กรัม
กระเทียม: 5 กลีบ
พริกขี้หนู: 10 เม็ด
ซีอิ๊วดำ: 1/2 ช้อนโต๊ะ
น้ำตาลทราย: 1/2 ช้อนชา
ซีอิ๊วขาว: 1 ช้อนโต๊ะ
น้ำมันหอย: 1 ช้อนโต๊ะ
น้ำมันสำหรับผัด: 2 ช้อนโต๊ะ
น้ำซุป หรือน้ำเปล่า: สำหรับ"
"หน่อไม้ดอง ( หน่อไม้ส้ม,หน่อไม้เปรี้ยว )","หน่อไม้: 4 หน่อ
เกลือป่น: 2 ช้อนโต๊ะ"
ผัดเผ็ดไก่หน่อไม้ดอง,"เนื้ออกไก่ (เลาะหนังออก): 1 อกใหญ่
หน่อไม้ดอง: 1/2 กก.
พริกชี้ฟ้าแดงและเขียว: 30 เม็ด หรือตามชอบ
กระเทียม: 20 กลีบ
ใบโหระพาเด็ด: 2 ต้น
น้ำปลา: 2 ช้อนโต๊ะ
น้ำตาล: 1 ช้อนโต๊ะ
น้ำมันหอย: 2 ช้อนโต๊ะ
น้ำเปล่า (ไว้สำหรับล้างพริกแกงก้นครก): 3-4 ช้อนโต๊ะ"
ซอสก๋วยเตี๋ยวแห้ง 🥢,"เส้นก๋วยเตี๋ยวตามชอบ: 
น้ำเปล่า: 
น้ำส้มสายชู: 
น้ำตาลทราย: 
ซอสฝาเขียว: 
ซีอิ๊วดำ: 
พริกป่น: 
พริกไทย: 
ขึ้นฉ่าย: "
ไข่เจียวไร้นำ้มัน ฟู อร่อย ด้วย Air Fryer,"ไข่ไก่: 2 ฟอง
หมูยอ: เล็กน้อย
หอมใหญ่: เล็กน้อย
ซอสฝาเขียว: เล็กน้อย"
ขนมช่อม่วง ไส้หมู,"แป้งข้าวเจ้า: 1 ถ้วยตวง
แห้งท้าวยายม่อม: 1 ช้อนโต๊ะ
แป้งมัน: 1 ช้อนโต๊ะ
แป้งข้าวเหนียว: 1 ช้อนโต๊ะ
น้ำตาลทราย: 1 ช้อชา
เกลือ: 1/4 ช้อนชา
น้ำเปล่า: 2/3 ถ้วยตวง
กะทิ: 1/3 ถ้วยตวง
น้ำมันพืข: 1 ช้อนโต๊ะ
หมูสับ: 1/4 ถ้วย
รากผักชี กระเทียม พริกไทย: 1 ช้อนโต๊ะ
หอมใหญ่: 1/4 ถ้วย
ไชโป๊หวาน: 1/4 ถ้วย
น้ำตาลปี๊บ: 3 ช้อนโต๊ะ
หอมเจียว: 1 ช้อนโต๊ะ
ถั่วลิสงป่นหยาบ: 1/4 ถ้วย"
แกงเขียวหวานหมู (มือใหม่หัดแกง),"เนื้อหมู: 1 Kg
พริกแกงเขียวหวาน: 2 ขีด
หัวกะทิ: 500 ml
ใบโหระพา: 
มะเขือเปราะ: 
มะเขือพวง: 
พริกชี้ฟ้า: 
ใบมะกรูด: 
น้ำตาลมะพร้าว: 
น้ำปลา: 
น้ำมันพืช:"
แกงจืดตำลึงเต้าหู้หมูสับ,"ใบตำลึง: 1 กำ
เต้าหู้ไข่: 2 หลอด
หมูสับ: 4 ขีด
ซอสปรุงรส: 2 ช้อนโต๊ะ
พริกไทยป่น: 1 ช้อนโต๊ะ
น้ำเปล่า: 1 ลิตร
คนอร์ซุปก้อนรสหมู: 1 ก้อน
ซีอิ๊วขาว: 1 ช้อนโต๊ะ
น้ำปลา: 1 ช้อนโต๊ะ"
ต้มยำปลาช่อน,"ปลาช่อน: 2 กก.
ตะไคร้: 2 ต้น
ข่าหั่นเป็นแว่น: 5 แว่น
ใบมะกรูด: 10 ใบ
พริกขี้หนูสวน: 10 เม็ด
พริกแห้ง: 10 เม็ด
มะนาว: 1 ช้อนโต๊ะ
เกลือ: 2 ช้อนชา
ใบกระเพรา: 1 กำมือ
น้ำตาลทราย: 1/2 ช้อนชา"
ตำถั่วอร่อยสุดในสามโลก,"ถั่วฝักยาว: 5 ฝัก
น้ำตาลทราย: ตามใจชอบ ตัดเค็ม
น้ำปลา: 1 ชต
น้ำปลาร้า: 2 ชต
มะนาว: 1 ลูก
ผงชูรส: 1 ชช
มะเขือเทศ: 2 ลูก
กระเทียม: 2 กลีบ
พริก: ตามใจชอบ"
กุ้งแช่น้ำปลากวน,"กุ้ง: 1/2 kg.
โซดา: 1 ขวด
น้ำปลากวน: 
น้ำจิ้มซีฟู๊ด: 
ผักชี กระเทียมหั่น พริกซอย: ตามชอบ"
แกงป่า,"เนื้อไก่: 200 g
พริกไทย: ตามชอบ
พริกแดง: ตามชอบ
ผงปรุงรส: 1 Tbs
พริกแกง: 20 g
ใบกะเพรา: 1กำมือ
มะเขือเปาะ: 7ผล
มะเขือพวง: 2พวง
กระชาย: ตามชอบ
ถั่งฝักยาว: 2ฝัก
น้ำตาล: เล็กน้อย"
ต้มข่าไก่ใส่หัวปลี,"อกไก่: 1 ชิ้น
น่องไก่: 4 ชิ้น
เห็ดฟาง: 4-5 ดอก
กะทิ: 1/2 กล่อง
เกลือป่น: 1 ช้อนชา
มะนาว: 1/2 ลูก หรือตามชอบ
น้ำปลา: ใส่เท่าสัดส่วนน้ำมะนาว
น้ำตาลทราย: 1 1/2 ช้อนชา
ใบมะกรูดฉีกครึ่ง: 4 ใบ
ข่าหั่นแว่น: 1 หัว
พริกขี้หนู: 8-10 เม็ด หรือตามชอบ
ตะไคร้: 1 ต้น
น้ำเปล่า: 
หัวปลี: 1 หัว
เลือดไก่หั่นก้อนยาวๆ: ตามชอบ
ผีกชีฝรั่ง: 3 ใบ"
ต้มหน่อไม้หวานซี่โครงหมู,"หน่อไม้หวาน: 1 หัว
ซี่โครงหมู: 500 กรัม
กุ้งแห้งใหญ่: 1 ถ้วย
รากผักชี: 3 ราก
กระเทียมจีน: 5 กลีบ
พริกไทยเม็ด: เล็กน้อย
ซุปหมูก้อนคนอร์: 1 ก้อน"
แกงส้มปลากระพงผักรวม (แกงส้มปักษ์ใต้),"ปลากระพง(ประมาณ1กิโล): 1ตัว
พริกแกงเหลือง: 3-4ช้อนโต๊ะ
ผักตามชอบ(มะละกอ แครอท ถั่วฟักยาว: ตามชอบ
ส้มแขก: 4-5ชิ้น
น้ำปลา: 3-4ช้อนโต๊ะ
น้ำตาล: 2-3ช้อนโต๊ะ"
ไก่พะโล้,"เนื้อไกปีกบนผสมปีกปลาย: 15 ชิ้น
ไข่ไก่ต้มสุก: 7 ฟอง
กระเทียมกลีบใหญ่: 10 กลีบ
รากผักชีทุบ: 5 ต้น
ผงพะโล้: 1ช้อนโต๊ะ
ผงปรุงรส: 1 ช้อนชา
น้ำตาลปีบ(ใส่ตามความชอบหวานมากน้อย): 
น้ำปลา: 3 ช้อนโต๊ะ
น้ำมันพืช(สำหรับผัด): พอประมาณ
ผงชูรส(บางคนอาจจะใส่): 1/2 ช้อนชา
ซีอิ้วดำ(สังเกตุสีตามชอบ): 2 ช้อนโต๊ะ"
ข้าวผัดไข่,"ข้าวสวย: 3 ถ้วย
ไข่ไก่: 3 ฟอง
แครอทสับ: 1 ช้อนโต๊ะ
ซอสปรุงรส: 2 ช้อนโต๊ะ
เกลือ: 1/2 ช้อนชา
เนย: 10 กรัม
ต้นหอมซอย: 1 ช้อนโต๊ะ
น้ำมันพืช: เล็กน้อย"
ปลาดุกทอดกรอบผัดพริกแกง,"พริกแกงแดง: 3 ช้อนโต๊ะ
ปลาดุก: ครึ่งโล
น้ำตาลปี๊บ: 1 + 1/2 ช้อนโต๊ะ
ซีอิ๋วขาว: 1 ช้อนโต๊ะ
กระชาย: 
น้ำสะอาด: 
พริกชี้ฟ้าแดง: 
ใบกระเพรา: 
น้ำมันพืช:"
ข้าวเกรียบปากหม้อ,"แป้งข้าวเจ้า: 300 กรัม
แป้งมันสำปะหลัง: 100 กรัม
แป้งท้าวยายม่อม: 50 กรัม
เกลือป่น: 3 กรัม
น้ำเปล่า: 1 1/2 ถ้วยตวง
ใช้ไส้ร่วมกับม้าฮ่อ: 30 ก้อน
ผักชี: 
ผักกาดหอม: 
พริกขี้หนูสวน: 
กระเทียมเจียว: 
พริกชี้ฟ้าแดงซอย: 
สีผสมอาหารตามชอบ: 
น้ำเดือด: 3 ถ้วยตวง"
ปลาทูต้มหวาน,"ปลาทู: 1 ก.ก.
ตะไคร้บุบ: 3 ต้น
หัวหอมแดงบุบ: 8 หัว
น้ำตาลปี๊บ: 80 กรัม
น้ำเปล่า: 1.5 ลิตร
ซีอิ้วดำหวาน: 1-2 ช้อนโต๊ะ
ซีอิ้วขาว: 2 ช้อนโต๊ะ
เกลือเม็ดใหญ่: 1/2 ช้อนชา
น้ำมะขามเปียก: 2 ช้อนโต๊ะ"
ปลาทูต้มหวาน,"ปลาทู: 1 ก.ก.
ตะไคร้บุบ: 3 ต้น
หัวหอมแดงบุบ: 8 หัว
น้ำตาลปี๊บ: 80 กรัม
น้ำเปล่า: 1.5 ลิตร
ซีอิ้วดำหวาน: 1-2 ช้อนโต๊ะ
ซีอิ้วขาว: 2 ช้อนโต๊ะ
เกลือเม็ดใหญ่: 1/2 ช้อนชา
น้ำมะขามเปียก: 2 ช้อนโต๊ะ"
แกงเผ็ดไก่มะเขือเปาะ,"เนื้อไก่หั่น: 1/2กก
ปีกบนสับกลาง: 1/2กก
พริกแกงเขียว: 15บาท
พริกแกงแดง: 5บาท
มะเขือเปาะ: 1/2กก
มะเขือพวง: 10บาท
พริกชี้ฟ้าแดง: 3เม็ด
โหรภา: 1กำ
กะทิ: 2กล่อง
กะทิเขียวหวาน: 1กล่อง
น้ำตาลปึก: 3-5ก้อน
น้ำปลา: 1ถ้วย
น้ำมันพืช: 2ชต"
ไก่ผัดพริกแกง,"1. เนื้อไก่: 50 กรัม
2. ถั่วฝักยาว: 70 กรัม
3. มะเขือ: 60 กรัม
4. ใบมะกรูด: 2 ใบ
5. พริก: 3-4 เม็ด
6. พริกแกงแดง: 2 ช้อนโต๊ะ
7. น้ำตาล: 1/2 ช้อนโต๊ะ
8. ผงซุปไก่ก้อน: 1 ก้อน
9. น้ำมัน: 2 ช้อนโต๊ะ"
ต้มยำกุ้งน้ำใส,"กุ้งไซส์กลาง-ใหญ่ 6 ตัว: 
เห็ดฟาง 200 กรัม: 
ข่าหั่นเป็นชิ้นบางๆ 15 ชิ้น: 
ตะไคร้ 3 ต้น: 
ใบมะกรูด 5 ใบ: 
หอมแดง 5 หัว: 
พริกขี้หนูสวน 10 เม็ด: 
คนอร์ขวดซอสข้นปรุงรส 2 ช้อนโต๊ะ: 
มะนาว 6 ช้อนโต๊ะ: 
น้ำปลา 2 ช้อนโต๊ะ:"
ก๋วยจั๊บน้ำข้น เครื่องล้นชาม,"น้ำเปล่า: 
เส้นก๋วยจั๊บสำเร็จรูป: 
กระดูกหมู: 
ตับหมู: 
เลือดก้อน: 
ไข่ไก่: 
ไส้ใหญ่หมู: 
หมูสามชั้น: 
เต้าหู้ทอดกรอบ: 
รากผักชี: 
รสดีก้อน: 
ผงพะโล้สำเร็จรูป: 
พริกหอม: 
อบเชย: 
โป๊ยก๊ก: 
กระเทียม: 
น้ำตาลทราย: 
ซีอิ๋วดำหวาน: 
ซีอิ๋วขาว: 
น้ำมันหอย: 
กระเทียมเจียว: 
ผีกชี + ต้นหอม: "
แกงส้มใต้,"มะละกอ: 1 ลูก
ปลาทับทิม: 1 ตัว
น้ำพริกแกงส้มใต้: 1 ซอง
น้ำมะขามเปียก: 5 ช้อนโต๊ะ
น้ำปลา: 3 ช้อนโต๊ะ
เกลือ: 1 ช้อนชา
น้ำตาลปีบ: 1 ช้อนโต๊ะ"
หมูย่างน้ำจิ้มแจ่วหม้ออบลมร้อน,"เนื้อหมู (ส่วนสันคอ หรือ สันนอก สำหรับคนกลัวอ้วน): 500 กรัม
น้ำตาลทราย: 2 ช้อนโต๊ะ
ซอสปรุงรส: 2 ช้อนโต๊ะ
ซอสหอยนางรม: 1 ช้อนโต๊ะ
พริกป่น: 2 ช้อนโต๊ะ
น้ำปลา: 2 ช้อนโต๊ะ
น้ำมะนาว: 4 ช้อนโต๊ะ
ข้าวคั่ว: 2 ช้อนโต๊ะ
หอมแดงซอย: 1/3 ถ้วยตวง
ต้นหอมซอย: 2 ต้น
ผักชีฝรั่งซอย: 1 ต้น
แตงกวาหั่น: 1 ถ้วยตวง"
สะตอหมูสับผัดกะปิ,"สะตอ: 4ฝัก
หมูสับ: 20บาท
กะปิอย่างนำไปเวฟ2วินาที: ช้อนโต๊ะครึ่ง
พริกขี้หนูสวน: 10เม็ด
พริกจินดาสีแดง: 4เม็ด
น้ำมันหอย: 1ช้อนโต๊ะ
น้ำปลา: 2ช้อนชา
น้ำตาล: 2ช้อนชา
กระเทียมไทย: 4กลีบ
หอมแดง: 1หัว"
สะตอหมูสับผัดกะปิ,"สะตอ: 4ฝัก
หมูสับ: 20บาท
กะปิอย่างนำไปเวฟ2วินาที: ช้อนโต๊ะครึ่ง
พริกขี้หนูสวน: 10เม็ด
พริกจินดาสีแดง: 4เม็ด
น้ำมันหอย: 1ช้อนโต๊ะ
น้ำปลา: 2ช้อนชา
น้ำตาล: 2ช้อนชา
กระเทียมไทย: 4กลีบ
หอมแดง: 1หัว"
หลนเต้าเจี้ยวหมูสับ,"หมูบด: 
หอมแดงซอย: 
ตะไคร้ซอย: 
ใบมะกรูดซอย: 
พริกขี้หนูซอย: 
พริกชี้ฟ้าแดงซอย: 
กะทิ: 
น้ำตาลปี้บ: 
น้ำมะขามเปียก: 
เต้าเจี้ยว: 
เกลือป่น: "
ต้มยำไก่น้ำข้น,"ไก่หั่นเป็นชิ้น: 300 กรัม
เห็ดนางฟ้า: 150 กรัม
เห็ดโคนญี่ปุ่น: 150 กรัม
น้ำพริกเผา: 1 1/2 ช้อนโต๊ะ
หอมแดงทุบ: 4 หัว
ข่าหั่นแว่น: 5 ชิ้น
ตะไคร้หั่นท่อน: 4 ต้น
พริกขี้หนูทุบ: 10-15 เม็ด
ใบมะกรูดฉีก: 5 ใบ
น้ำมะนาว: 3 ช้อนโต๊ะ
พริกแห้งคั่ว: 6 เม็ด
ผักชีฝรั่งซอย: 2 ช้อนโต๊ะ
น้ำปลา: 3ช้อนโต๊ะ
เกลือ: 1 ช้อนชา
นมข้นจืด: 1 ถ้วย
น้ำเปล่า:"
แกงผักกาดใส่ไก่,"น่องไก่: 1/2 กก
พริกแห้ง: 11 เม็ด
หอมขาว: 10 กลีบ
หอมแดง: 3 หัว
เกลือ: 1/4 ช้อนโต๊ะ
กะปิ: 3/4 ช้อนโต๊ะ
ปลาร้า: 1 ช้อนโต๊ะ
มะแคว่น: 1 หยิบมือ
ผักกาดกวางตุ้ง: 1 กก
น้ำมันพืช: 2 ช้อนโต๊ะ
ผักชีลาว: 100 กรัม
ตะไคร้: 1 หัว"
ยำขนมจีนทะเล,"กุ้ง: 1/2 kg
ปลาหมึก (ตัวใหญ่): 1 ตัว
หอยแมลงภู่: 1 kg
ขนมจีน: 1/2 kg
ถั่วฝักยาว (ซอย): 5 ฝัก
พริกขี้หนู (ซอย): 12 เม็ด
น้ำตาลปี๊ป: 2 ช้อน
น้ำปลา: 1 ช้อน
ปลาร้าต้มสุก: 2 ช้อน
พริกป่น: 1 ช้อนชา
มะนาว: 2 ลูก
ต้นหอม (ซอย): 2 ต้น
ผักชีฝรั่ง (ซอย): 1 ต้น"
ไข่ยัดไส้,"ไข่ไก่: 3 ฟอง
หมูสับ: 150 - 200 กรัม
แครอท หั่นเต๋า: 1/2 ถ้วย
หอมใหญ่ หั่นเต๋า: 1/2 ถ้วย
ข้าวโพดอ่อน: ตามชอบ
มะเขือเทศ หั่นเต๋า (ถ้าไม่ชอบผัดแบบแฉะๆ ให้คว้านไส้ออก): 1/2 ถ้วย
ต้นหอมซอย: ตามชอบ
ผักชี (สำหรับแต่งจาน): ตามชอบ
ซอสปรุงรสลุงหนวด ฝาส้ม ภูเขาทอง: เหยาะเล็กน้อย
ซอสมะเขือเทศ: 4 ช้อนโต๊ะ
น้ำตาลทราย: 1 ช้อนชา
พริกไทยป่น: ตามชอบ
ซอสปรุงรสฝาเขียว ภูเขาทอง: 1 ช้อนโต๊ะ
ซอสหอยนางรม: 1 ช้อนโต๊ะ"
ปลาเผาผักสด/เมี่ยงปลาเผา/ปลานิลเผาเกลือ แบบใช้เตาอบ,"ปลา: 1 ตัว
เกลือป่น: 250 กรัม
แป้งสาลีเอนกประสงค์หรือแป้งมัน: 1 ช้อนโต๊ะ
ตะไคร้: 2ต้น
ใบเตย: 2 ใบ
ผักแกล้มผักต่างๆตามชอบ: 
ซีฟู้ดกุ้ง,ปลาหมึก ตามชอบ: 
เส้นหมี่ ตามชอบ:"
ต้มยำน่องไก่,"น่องไก่: 1/2 kg
ต้นหอม: 2 ต้น
ตะไคร้: 2 ต้น
พริกชี้ฟ้า: 4 เม็ด
คนอร์ต้มยำ: 2 ก้อน
ใบมะกรูด: 10 ใบ
ข่า: 3 หัว"
กระเพราหมูสับ,"หมูสับ: 1 ขีด
พริกแดง: 4 เม็ด
หอมขาว (ใหญ่): 4 กลีบ
ใบกระเพรา: 1 หยิบมือ
น้ำมันหอย: 2 ช้อนโต็ะ
ซอสฝาเขียว: 2 ช้อนโต๊ะ
น้ำตาล: ครึ่งช้อนโต๊ะ
ผงปรุงรสหมู: ครึ่งช้อนโต๊ะ
ซีอิ้วดำ: ครึ่งช้อนโต๊ะ
น้ำ: พอควร"
ผัดเผ็ดหน่อไม้ดองหมูสับ,"หน่อไม้ดอง: 1/2กก
หมูบด: 1/2ขีด
ใบมะกรูดฉีก: 8-10ใบ
โหรภา: 2-3ต้น
พริกเหลือง: 4-5เม็ด
พริกแกงเผ็ด: 10บาท
น้ำปลา: 2ชต
น้ำตาล: 1ชต
น้ำมันหอย: 2ชต
ซอสปรุงรส: 1ชต
น้ำมันพืช: 3ชต"
ไข่คนทรงเครื่องราดข้าว,"ไข่ไก่: 2 ฟอง
ปูอัด: 3 เเท่ง
เต้าหู้ไข่: 1 หลอด
คนอร์: 1/2 ช้อนชา
ซีอิ๊วขาว: 2 ช้อนชา
กระทะเทฟร่อน:"
พะโล้ขาหมู,"ขาหมู: _
ไข่ไก่ต้ม: _
กระเทียม: _
หอมแดง: _
ผักชี: _
ซีอิ๋วดำหวาน: _
น้ำมันหอย: _
น้ำตาลทราย: _
น้ำปลา: _
ผงพะโล้: _"
น้ำจิ้มแจ่ว สูตรมะขามเปียก,"น้ำมะขามเปียก: 2 ช้อนโต๊ะ
มะนาว: 1 ลูก
น้ำปลา: 3 ช้อนโต๊ะ
พริกป่น: 2 ช้อนชา
ข้าวคั่ว: 1 ช้อนชา
ต้นหอม: 2 ใบ
ผักชีฝรั่ง: 2 ใบ
น้ำตาลปี๊บ: 2 ช้อนโต๊ะ"
เนื้อตุ๋นเอ็นละลาย,"เนื้อวัวสามชั้น: 500 กรัม
เอ็นวัว: 1กิโลกรัม
กระเทียม: 5กลีบ
รากผักชี: 3ต้น
ก้านอบเชย: 2-3ก้าน
ใบกระวาน: 2-3ใบ
โป๊ยกั้ก: 1ช้อนโต๊ะ
ขิงแห้ง: 1/2ช้อนโต๊ะ
ซีอิ้วขาว: 5-6ช้อนโต๊ะ
น้ำเปล่า: 2-3ถ้วยตวง
เกลือ: 1/4ช้อนชา
เม็ดพริกไทยขาว: 1ช้อนชา
หัวหอมใหญ่: 1ลูก"
ปูผัดผงกะหรี่,"ปู แกะเนื้อปู หรือหั่นปูเป็นชิ้น: 1-2 ตัว
หัวหอมใหญ่ หั่นเป็นเต๋า: 1 ลูก
ขึ้นฉาย: 3-4 ต้น
ต้นหอม: 2-3 ต้น
กระเทียม: 10 กลีบ
ไข่ไก่: 2 ฟอง
นมสด: 2 ช้อนโต๊ะ
ผงกระหรี่: 1 ช้อนโต๊ะ
น้ำมันหอย: 2 ช้อนโต๊ะ
น้ำปลา: 2 ช้อนโต๊ะ
น้ำตาล: 1/2 ช้อนโต๊ะ
น้ำมันพริกเผา: 1 ถ้วยเล็ก
น้ำเปล่า:"
น้ำพริกกะปิสูตรคุณยาย,"กะปิ: 1 ทัพพี
น้ำตาลปี๊บ: 1 ทัพพี
พริกสด: 1 กำมือ
กระเทียม: 1 กำมือ
มะเขือพวง: 1/2 ถ้วย
น้ำมะนาวคั้นสด: 1 ทัพพี
น้ำเปล่า: 1 ทัพพี"
ต้มโคล้งปลาย่าง,"ปลากรอบปิ้งไฟให้หอมอีกครั้ง หรือจะนำไปอบให้หอมก็ได้ หักเป็นชิ้นใหญ่ๆ เอาก้างออก: 200 กรัม
ข่าหั่นท่อนทุบพอแตก: 2-3 แว่น
ตะไคร้หั่นท่อนทุบพอแตก: 2-3 ต้น
ใบมะกรูดฉีก: 3-4 ใบ
เห็ดนางรมฉีกเป็นชิ้นพอดีคำ: 100 กรัม
มะขามเปียก: 50 กรัม
ใบกะเพราเด็ด: 50 กรัม
ซุปก้อน: 1 ก้อน
พริกขี้หนูแห้งทอด: 4-5 เม็ด
น้ำปลา: 2 ช้อนโต๊ะ"
สะเดาน้ำปลาหวาน (สูตรหวานนัวหลัวหลง),"สะเดา: 
หอมแดง: 
น้ำตาล: 
น้ำมะขามเปียก: 
น้ำส้มสายชู: 
น้ำปลา: 
ปลาช่อนแดดเดียว หรือปลาดุกย่าง: "
แกงเขียวหวานไก่,"น้ำพริกแกงเขียวหวาน(สำเร็จรูป): 
กะทิ (กล่องใหญ่1 กล่อง+กล่องเล็กสุด 1 กล่อง): 
ไก่สด+เครื่องใน: 
เลือดไก่(ก้อน): 
มะเขือเปราะ: 
มะเขือพวง: 
ใบโหระพา: 
พริกชีฟ้าสีแดง: 
พริกขี้หนูสด: 
น้ำตาล:"
ยำหัวปลีปลากระป๋อง,"หัวปลี: 1หัว
ปลากระป๋อง: 1กระป๋อง
น้ำตาลทราย: 1ช้อนโตผ๊ะ
น้ำปลา: 2ช้อนโต๊ะ
น้ำมะนาว: 2ช้อนโต๊ะ
น้ำพริกเผา: ตามชอบ
ผักชีฝรั่งหั่นฝอย: ตามชอบ
หอมแดง: 3หัว
กระเทียม ใส่หรือไม่ใส่ก็ได้: 1กลีบ
ตะไคร้ซอย: 1ต้น
พริกขี้หนูซอย: ตามชอบ
พริกป่น: ตามชอบ
ไข่ต้มหรือผักเคียง: ตามชอบ
เกลือ สำหรับแช่หัวปลี:"
น้ำยาปลาหมอนิล,"ปลาหมานิล: 3 ตัว
พริกขี้นกแห้ง: 1 ขีด
หอมแดง: 7 หัว
กระชายหั่น: 1 ขีด
ผิวมะกรูด: 1/2 ขีด
ตะไคร้ซอย: 1/2 ขีด
น้ำปลา: 3 ช้อนโต๊ะ
เกลือ: 1 ช้อนชา
กะปิ: 1 ช้อนโต๊ะ
น้ำปลาร้า: 2 ช้อนโต๊ะ
รสดีชนิดผงสูตรต้ม: 1/2 ช้อนชา
น้ำตาลทราย: 1/2 ช้อนโต๊ะ
ลูกชิ้นปลาอย่างดี: ตามความชอบ
กะทิ: 1/2 โล"
พะโล้สูตรโบราณ ทำง่าย,"พริกไทยดำ/ขาว: 1 ชต
กระเทียม: 1 1/2 ชต
รากผักชี: 7 ราก
หมูสามชั้น: 1/2 โล
ไข่ไก่/ไข่เป็ด: 5 ฟอง
ซีอิ๊วขาว: 6 ชต
ซีอิ๊วดำ: 1 ชช
น้ำตาลปี๊บ: 4 ชต"
ไข่เยี่ยวม้ากะเพรากรอบ,"เนื้อไก่สับ หรือหมูสับ: 250 g.
ไข่เยี่ยวม้า: 3 ฟอง
พริกขี้หนู: 2 ช้อนโต๊ะ
กระเทียม: 2 ช้อนโต๊ะ
ใบกะเพรา: 
น้ำปลาดี: 1 ช้อนโต๊ะ
น้ำตาลทราย: 1 ช้อนชา
ซอสหอยนางรม: 1 ช้อนโต๊ะ"
บัวลอยนมสดสอดไส้,"แป้งข้าวเหนียว: 
ฟักทองนึ่ง: 
มันม่วงนึ่ง: 
น้ำตาลทราย: 
นมสด: 
น้ำสะอาด: 
ใบเตย: "
แกงส้มมะละกอปลากระป๋อง,"มะละกอออกสีแต้มๆ ลูกกลางๆ: 1ลูก
ปลากระป๋อง: 1กระป๋อง
น้ำตาลปี๊บ: 2ทัพพี
น้ำส้มมะขาม ตามความชอบ: 1ทัพพี
น้ำปลา แล้วแต่ชอบ: 
น้ำเปล่า: 2ถ้วยตวง
พริกแกงส้ม: 1ทัพพี
ผักชี:"
แกงป่าหมู,"เนื้อหมู: 200 กรัม
พริกแกงเผ็ด: 2 ช้อนโต๊ะ
มะเขือเปราะหั่นและผ่าแล้ว: 1/2 ถ้วย
มะเขือพวง: 1/3 ถ้วย
ฟักทอง: 1/2 ถ้วย
ข้าวโพดอ่อน: 1/2 ถ้วย
พริกไทยอ่อน: 4 ช่อ
กระชายซอยเป็นเส้น: 1/2 ถ้วย
ใบกะเพราเด็ด: 1/2 ถ้วย
ใบมะกรูดฉีก: 5 ใบ
พริกชี้ฟ้าแดงหั่นเฉียง: 2 เม็ด
น้ำเปล่าหรือน้ำซุป: 2+1/2 ถ้วย
คนอร์ขวดซอสข้นปรุงรส รสหมู: 1 ช้อนโต๊ะ
น้ำมันสำหรับผัดพริกแกง: 2 ช้อนโต๊ะ"
ปลาร้าทรงเครื่อง,"ปลาดุก: 1 ตัว
ปลาร้า: 1/2 ถ้วย
น้ำเปล่า: 2 ถ้วย
กะทิ: 1 ถ้วย
ข่า: 5 แว่น
ตะไคร้: 1 หัว
ใบมะกรูด​: 3 ใบ
หน่อไม้ต้ม: 1/2 ถ้วย
ถั่วฝักยาว: 3 ฝัก
พริกหยวก: 3 เม็ด
พริกแดง: 3 เม็ด
กระชาย: 3 ราก
มะเขือ: 3 ลูก
น้ำตาลมะพร้าว: ตามชอบ
มะขามเปียก: ตามชอบ
หอมแดง: 3 หัว"
พริกแกงเหลือง (แกงส้มใต้),"พริกจินดาแห้ง(ใช้พริกขี้หนูสดได้): 30 เม็ด
กระเทียมไทย: 30 กลีบ
ขมิ้นยาว 2 นิ้ว: 1 ชิ้น
กะปิ: 1 ช้อนโต๊ะ
เกลือ: 1 ช้อนชา"
น้ำพริกอ่อง homemade,"พริกแกง: 1-2 ขีด
หมูสับ: 1 กิโลกรัม
เกลือ: 1-2 ช้อนโต๊ะ
น้ำปลา: 1-2 ช้อนโต๊ะ
มะเขือเทศ: 1 กิโลกรัม
ผักเคียง (แตงกวา, ผักกาด, ผักอื่นๆ):"
“ห่อหมกทะเลย่าง”,"พริกแกงเผ็ด: 350 กรัม
เนื้อปลาขูด: 1 กิโลกรัม
ไข่ไก่: 4 ฟอง
น้ำตาลปี๊บ: 2 ช้อนโต๊ะ
ใบมะกรูดซอย: 15 ใบ
กะทิ: 750 กรัม
น้ำปลา: 4 ช้อนโต๊ะ
กุ้งสดหั่นชิ้น: 10 ตัว
ปลาหมึกหั่นชิ้น: 3 ตัว
ปลาทับทิมหั่นชิ้น: 30 ขิ้น
ใบยอ: 1 ถ้วย
ใบโหรพา: 1 ถ้วย
ใบตอง: 1 กิโลกรัม"
น้ำพริกขี้กา,"พริกชี้ฟ้า: 10 เม็ด
กระเทียม: 20 กลีบ
พริกขี้หนู: 20 เม็ด
หอมแดง: 10 ลูก
น้ำมะนาว: 5 ช้อนโต๊ะ
น้ำตาลปี๊บ: 1/2 ช้อนโต๊ะ
น้ำปลา: 4 ช้อนโต๊ะ
น้ำต้มสุก: 2 ช้อนโต๊ะ"
ยำปลากระป๋องทรงเครื่อง,"ปลากระป๋อง: 1 กระป๋อง
ตะไคร้: 2 ต้น
หอมแดงซอย: 5 หัว
ผักชีฝรั่ง: 1 ต้น
ใบโพระพา: 5-6 ใบ
ใบมะกรูดซอย: 2 ใบ
พริกขี้หนูซอย: 5 เม็ด
มะนาว: 1-2 ซีก"
ผัดหมี่สีชมพู Pad Mee See Chompoo,"เส้นหมี่ขาวแช่น้ำจนนิ่ม: 200 กรัม
เต้าหู้แข็งทอดหั่นเป็นแท่งเล๋กๆ: 1 ก้อน
ไช่ไก่ ทอดโรยหน้า: 3 ฟอง
หอมแดงสับละเอียด: 4 หัว
ซอสเย็นตาโฟ: 1/2 ถ้วยตวง
น้ำตาล: 4 ช้อนโต๊ะ
น้ำมะขามเปียก: 2 ช้อนโต๊ะ
เต้าเจี้ยวเม็ด: 2 ช้อนโต๊ะ
น้ำเปล่า: 3 ช้อนโต๊ะ
น้ำปลา: 1/2 ช้อนโต๊ะ
ต้นหอมหรือกุยช่ายมากน้อยแล้วแต่ชอบ: 
ถั่วงอกมากน้อยแล้วแต่ชอบ:"
ไก่รวนเค็ม,"ไก่ต้ม (ฉีกเป็นเส้นๆ): 
ซอสข้นคนอร์ รสไก่: 
น้ำตาลทราย: 
กระเทียม: 
พริกไทยดำเม็ด: 
รากผักชี: 
น้ำมัน: "
ทอดมันหมูเนียนนุ่ม 🐷,"เนื้อหมูบด: 7 ขีด
พริกแกง: 2 ช้อนโต๊ะ
ไข่ไก่: 2 ฟอง
ผงปรุงรส รสหมู: ตามชอบ
ซอสหอยนางรม: ตามชอบ
ถั่วฝักยาว: 2 ต้น
ใบมะกรูด: ตามชอบ
น้ำมันพืช:"
ผัดพริกแกงหน่อไม้หมูสับ,"พริกแกง: 
น้ำมันถั่วเหลือง: 
หมูสับ: 
หน่อไม้: 
น้ำเปล่า: 
ใบมะกรูด: 
ใบกะเพรา: 
น้ำตาลทราย: 
ผงปรุงรส: "
แกงคั่วหมูฟักเขียว,"เนื้อหมู: 200 กรัม
ฟักเขียว: 250 กรัม
หัวกะทิ: 1/4 ถ้วย
หางกะทิ: 1+1/2 ถ้วย
น้ำพริกแกงคั่วหรือแกงเผ็ด: 1+1/2 ช้อนโต๊ะ
น้ำปลา: 1+1/2 ช้อนโต๊ะ
น้ำตาลปี๊บ: 1 ข้อนโต๊ะ
พริกชี้ฟ้า หั่นเฉียง: 1 เม็ด
ใบโหระพาเด็ดเอาแต่ใบ: 1 ถ้วย
น้ำมันพืช: 1 ช้อนโต๊ะ"
น้ำพริกกะปิสูตรอร่อยเด็ด,"กระเทียม: 1 ช้อนโต๊ะ
กะปิ: 1 ช้อนโต๊ะ
น้ำตาลปี๊บ: 1/2 ช้อนโต๊ะ
พริกขี้หนูสวน: 20 เม็ด
มะเขือพวง: 1 ช้อนโต๊ะ
น้ำมะนาวคั้นสด: 4 1/2 ช้อนโต๊ะ"
หมูสับปั้นทอด,"หมูสับติดมันเล็กน้อย: 350 กรัม
รากผักชี: 2 ช้อนโต๊ะ
กระเทียม: 2 ช้อนโต๊ะ
พริกไทยเม็ด: 1 ช้อนชา
น้ำมันหอย: 1 ช้อนโต๊ะ
ซีอิ้วขาว: 2 ช้อนชา
น้ำตาลทราย: 1 ช้อนชา
น้ำมันสำหรับทอด:"
ผัดซีอิ๊ว + สอนเทคนิคผัดเส้นระดับโปร ♥️,"เส้นใหญ่: 200 g
หมูหมัก หรือ เนื้อมัก ดูสูตรได้ที่หมูหมักแบบภัตราคารจีน: 200 g
คะน้า: 200 g
ไข่ไก่: 2 ฟอง
ซีอิ๊วขาว น้ำมันหอย ซีอิ๊วดำ: 3-4-5 เหยาะ"
หมูสามชั้นทอดน้ำปลา,"หมูสามชั้น: 400 กรัม
น้ำปลาดี: 3 ช้อนโต๊ะ
พริกไท: 1 ช้อนชา
แป้งชุบทอด: 5 ช้อนโต๊ะ
น้ำมัน: พอท่วมหมู"
ต้มยำไก่เห็ดนางฟ้า,"สะโพกไก่: 4 น่อง
เครื่องในไก่: ตามชอบ
พริก: 10-20 เม็ด
ซุปก้อนคนอร์(ต้มยำ): 2 ก้อน
เกลือ: 1 หยิบมือ
น้ำปลา: 3 ทัพพี
น้ำตาล: ตามชอบ
มะนาว: 2 ลูก
ต้นหอม ผักชี: ตามชอบ
ตะไคร้ทุบแล้วหั่นท่อน: ตามชอบ
มะเขือเทศ: ตามชอบ
ข่าหั่นแว่น: ตามชอบ
ใบมะกรูดฉีกเอาก้านออก: ตามชอบ"
น้ำพริกมะม่วง,"มะม่วงดิบ: 1 ผล
กะปิอย่างดี: 4 ช้อนโต๊ะ
น้ำตาลโตนด: 2 ช้อนโต๊ะ
กระเทียม: 30 กลีบ
หอมแดง: 3 หัว
พริกขี้หนูสวน: 60 เม็ด"
แกงเขียวหวานเนื้อพริกขี้หนู,"เนื้อวัว(ล้ำ): 500 กรัม
พริกแกงเขียวหวาน: 100 กรัม
กะทิ: 1/2 กก.
น้ำปลา: 4 ช้อนโต๊ะ
น้ำตาลตะโหนด: 1 ช้อนโต๊ะ
มะเขือเปราะ: 6 ลูก
มะเขือพวง: 
ใบโหระพา: 
พริกขี้หนู: 
ใบมะกรูดฉีก:"
ผัดหน่อไม้ใบโหระพา,"หน่อไม้: 220 กรัม
อกไก่สับ: 70 กรัม
กระเทียม: 15 กลีบ
พริกขี้หนูสวน: 15 เม็ด
พริกชี้ฟ้า: 2 ฝัก
ใบโหระพา: 1 กิ่ง
ซีอิ๊วขาว: 1/2 ช้อนโต๊ะ"
ขนมบ้าบิ่นเผือก(สูตรคลีนไม่ใส่แป้ง),"เผือก: 150 กรัม
เนื้อมะพร้าวน้ำหอม: 60 กรัม
มะพร้าวป่นอบแห้ง: 2 ช้อนโต๊ะ
น้ำมะพร้าว: 3 ช้อนโต๊ะ
น้ำตาลทราย: 2 ช้อนโต๊ะ"
ยำถั่วพลูกุ้งสด,"ถั่วพลู: 1 กำ
กุ้ง: 2 ขีด
เนื้อหมู: 1 ขีด
น้ำพริกเผา: 1 ช้อนโต๊ะ
นมสด: 1/2 ถ้วยตวง
มะนาว: 1 ช้อนโต๊ะ
น้ำตาล: 2 ช้อนโต๊ะ
น้ำปลา: 3 ช้อนโต๊ะ
แคปหมู: 
ไข่ต้ม: 2 ฟอง"
น้ำจิ้มกะปิหวาน,"กะปิ: 1 ถ้วย
น้ำตาลโตนด: 1 ถ้วย
พริกขี้หนู หอมแดง สับ: 1 ถ้วย
ปลาป่น: 3 ช้อนโต๊ะ
กุ้งแห้ง: 3 ช้อนโต๊ะ
น้ำอุ่น: 2 ช้อนโต๊ะ"
กะหล่ำปลีผัดวุ้นเส้น,"กะหล่ำปลี: ครึ่งลูก
เนื้อหมู: 200 กรัม
ไข่ไก่: 1 ฟอง
วุ้นเส้น: 1 ห่อเล็ก
มะเขือเทศ: 1 ลูก
ต้นหอมซอย: 
กระเทียมสับ:"
แกงไก่ใส่ฟักทอง,"อกไก่: 1 KG
ฟักทอง: 1 ลูกเล็ก
เครื่องแกงเผ็ด: 3 ช้อนโต๊ะ
กะทิ: 1/2 KG
น้ำปลา: 3 ช้อนโต๊ะ
น้ำตาลปี๊บ: 1 ช้อนโต๊ะ
คนอร์ รสดี รสไก่: 1 ช้อนชา
พริกชี้ฟ้าซอย: 1 เม็ด
ใบมะกรูด: 5 ใบ
ใบโหระพา (ปริมาณตามชอบ):"
✿ แหนมหมู ✿,"หมูบด: 400 กรัม
หนังหมูต้มหั่นฝอย: 100 กรัม
ข้าวเหนียวสุกตำ: 2 ช้อนโต๊ะ
กระเทียมจีนตำละเอียด: 1 หัว
น้ำตาลทราย: 2 ช้อนชา
ผงคนอร์: 1 ช้อนชา
เกลือป่น: 1 ช้อนโต๊ะ
พริกขี้หนู(สำหรับห่อแหนม): 
กระเทียม(สำหรับห่อแหนม): 
ใบตอง ถุง ยางรัดแกง:"
กุ้งผัดพริกเกลือ,"กุ้ง: 20 ตัว
พริก: 10 เม็ด
กระเทียมจีน: 10 กลีบ
เกลือ: 3 ช้อนชา
น้ำตาล: 1 ชช
ต้นหอม: 2 ต้น"
แกงส้มชะอมกุ้งพริกแกงใต้,"กุ้ง: 5 ขีด
ชะอม: 1 กำ
พริกแกงส้มใต้: 2-3 ช้อน
ไข่ไก่: 4 ฟอง
น้ำตาลปีบ: 1-2 ช้อน
น้ำปลา: ตามรสชาติที่ชอบ
น้ำมัน: 1 ถ้วย
น้ำมะขามเปียก: ตามรสชาติที่ชอบ"
สังขยาใบเตย,"ใบเตย: 11ใบ
กะทิ: 250มล.
นมข้นจืด: 150มล.
ไข่แดง: 5ฟอง
เกลือป่นเล็กน้อย: 
แป้งข้าวโพด: 2ช้อนโต๊ะ
น้ำตาลมะพร้าว: 150กรัม"
ฟักทองแกงไก่ แกงกะทิแบบไทย รสกลมกล่อม อร่อยง่าย,"สะโพกไก่: 1 ชิ้น
ฟักทองหั่นชิ้นพอดีคำ: 5-6 ชิ้น
พริกแกงเผ็ด: เกือบ 1 ช้อน
พริกขี้หนูแดง: 3-4
ใบมะกรูด: 3-4 ใบ
น้ำปลา: 1-2 ช้อน
น้ำตาลปิ๊ป: เล็กน้อย
ใบโหระพา (ถ้ามี): 
กะทิ:"
ผัดถั่วลันเตาใส่หมู,"เนื้อหมูหั่นชิ้น: 1 ถ้วย
ถั่วลันเตา: 1 ถ้วย
แครอท: 1 ถ้วย
กระเทียมสับ: 2 ช้อนโต๊ะ
น้ำปลา: 1 ช้อนโต๊ะ
ซีอิ๊วขาว: 1 ช้อนโต๊ะ
น้ำมันหอย: 1 ช้อนโต๊ะ
น้ำตาลทราย: 1 ช้อนชา"
กุ้งอบวุ้นเส้น,"กุ้งขาว: 500 กรัม
วุ้นเส้นแห้ง 80 กรัม: 2 ห่อ
น้ำตาลปี๊ป: 2 ช้อนโต๊ะ
ซีอิ๊วดำ: 2 ช้อนชา
ซอสหอยนางรม: 2 ช้อนโต๊ะ
ซีอิ๊วขาว: 1 ช้อนโต๊ะ
น้ำเปล่า: 1 1/2 ถ้วย
ซอสข้นคนอร์: 1/2 ช้อนโต๊ะ
หมูสามชั้น,ขิงแก่,พริกไทยป่น,คื่นช่าย: ตามชอบ
กระเทียม (ตำแบบหยาบ): ตามชอบ
พริกไทยดำ (ตำแบบหยาบ): ตามชอบ"
ผัดมะเขือยาว เข้าเนื้อ,"มะเขือยาว: 1 ลูก
กระเทียม: 4 กลีบ
พริก: 5 ดอก
ใบโหระพา: ตามชอบ
น้ำมันหอย: 3 ช้อน
เต้าเจี้ยว: 1 ช้อนครึ่ง
น้ำตาล: 1 ช้อน
น้ำเปล่า: 
แมกกี้: นิดหน่อย"
ปลากระพงนึ่งมะนาว,"ปลากระพง: 1 ตัว
กระเทียม: 1 ถ้วย
พริกขี้หนูซอย: ตามชอบ
ผักชี: ครึ่งถ้วย
น้ำปลา: 3 ช้อนโต๊ะ
มะนาว: 3 ช้อนโต๊ะ
น้ำตาล: 2 ช้อนชา"
ยำไข่มดแดงสุดแซ่บ,"ไข่มดแดง: 1/2 kg
ต้นหอม: 1 ต้น
ผักชี: 1 ต้าน
สะระแหน่: 1 ต้น
หัวหอมแดง: 2 หัว
พริกป่น: 1 ช้อนโต๊ะ
น้ำปลา: 2 ช้อนโต๊ะ
ผงชูรส: 1/2 ช้อนโต๊ะ
ข้าวคั่ว: 1 โต๊ะ
พริกชี้ฟ้า: 2 เม็ด
มะนาว: 1 ซีก"
ต้มจืดมะระ กระดูกหมู,"มะระ: 1 ลูก
กระดูกหมู: 200 กรัม
คนอร์: 2 ก้อน
ซีอิ้วขาว: เหยาะๆ ลงไป
กระเทียม: 4 กลีบ
รากผักชี: 3 ราก
ผักชี: 2 ต้น
พริกไทย: เหยาะๆ ลงไป"
ไก่ต้มน้ำปลา,"น่องไก่หรือน่องไก่ติดสะโพก: 3 ชิ้น
กระเทียม: 3 กลีบ
รากผักชี: 1 ราก
น้ำปลา: 2 ช้อนโต๊ะ
น้ำมันหอย: 1 ช้อนโต๊ะ
น้ำตาลทราย: 1 ช้อนโต๊ะ
น้ำตาลปี๊บ: 1 ช้อนโต๊ะ
ซีอิ๊วดำ: 1/2 ช้อนชา"
ต้มยำน้ำใสหมูสับ,"หมูสับ: 200-300 กรัม
เห็ด: ตามชอบ
ข่า: 3 เหง้า
ตะไคร้: 3 ต้น
ใบมะกรูด: 6-8 ใบ
พริกสด: 2-3 เม็ด หรือตามความชอบ
น้ำมะนาว: ตามชอบ
เกลือ: 1 ช้อนชา
ผงปรุงรสหมู: 1 ช้อนชา
น้ำปลา: ตามชอบ
น้ำสะอาด: 1 ลิตร
น้ำมันหอม: 1/2 ช้อนโต๊ะ
น้ำตาล: 1 ช้อนชา
ผักชี: ตกแต่ง"
ตำขนุนอ่อน,"ขนุนอ่อน: 400 กรัม
หมูสับ: 100 กรัม
พริกขี้หนูแห้ง: 15 เม็ด
กระเทียม: 1 ช้อนโต๊ะ
หอมแดง: 5 หัว
ข่าหั่น: 1 ช้อนโต๊ะ
ตะไคร้ซอย: 1 ช้อนโต๊ะ
กะปิ: 1 ช้อนชา
เกลือ: 1/2 ช้อนชา
ใบมะกรูดซอย: 5-7 ใบ
ต้นหอมซอย: 1 ช้อนโต๊ะ
ผักชีซอย: 1 ช้อนโต๊ะ
พริกขี้หนูแห้งทอด: 7-8 เม็ด
น้ำมันพืช: 2 ช้อนโต๊ะ"
ผัดฉ่าปลาหมึก,"ปลาหมึกหอม: 3-4ตัว
กระชาย: 5บาท
ใบมะกรูด: 4ใบ
พริกขี้หนู: 5เม็ด
พริกชี้ฟ้า: 2เม็ด
พริกไทอ่อน: 5ฝัก
กระเพรา: 3ต้น
กระเทียมสับ: 4-5กลีบ"
ยำปลากระป๋องแบบบ้าน,"ปลากระป๋อง: 3 กระป๋อง
หอมแดงซอย: 2 ช้อนโต๊ะ
พริกขี้หนู: 2 กรัม
มะนาว: 2 ลูก"
ขนมขี้หนู,"แป้งข้าวเจ้า: 200 กรัม
น้ำกะทิ: 150 กรัม
น้ำลอยดอกมะลิ (ใช้น้ำเปล่าเเทนได้): 150 กรัม
น้ำตาล: 130 กรัม
มะพร้าวทึนทึกขูด: 1 ลูก"
ข้าวเกรียบฟักทอง,"แป้งมัน: 2 ถ้วยตวง
พริกไทยป่น: 1/2 ช้อนชา
เกลือป่น: 1/2 ช้อนชา
น้ำตาลทราย: 1 ช้อนชา
กระเทียมสับ: 1 หัว
ฟักทอง: 250 กรัม"
แกงมัสมั่นเนื้อ,"เนื้อวัว(น่องลาย): 300 g.
พริกแกงมัสมั่น: 100 g.
กะทิเรียลไทย: 500 ml.
อบเชย: 3 แท่ง
ดอกจันทร์: 3 ดอก
ลูกกระวาน: 6 ลูก
ถั่วลิสงคั่ว: 50 g.
น้ำตาลมะพร้าว: 3 ช้อนโต๊ะ
น้ำมะขามเปียก: 2 ช้อนโต๊ะ
น้ำปลาดี: 2 ช้อนโต๊ะ
เกลือ: หยิบมือ
น้ำส้มซ่า: 1 ช้อนโต๊ะ
มันฝรั่ง: 2 หัว
หอมหัวใหญ่: 1 หัว
ซุบเนื้อก้อนคนอร์: 1 ก้อน"
แกงเห็ดผักหวานใส่กะปิ,"เห็ดรวม ฟาง ออรินจิ เห็ดโคน: 300 กรัม
กะปิ: 1ช้อน
น้ำปลา: 2ช้อน
ตะไคร้: 3 ต้น
หอมแดง: 3 หัว
พริกขี้หนูแห้ง: 5เม็ด
พริกแดงจินดา: 2เม็ด
ผักหวาน: 100 กรัม
ชะอม: 100 กรัม
ใบแมงลัก: 100 กรัม
ใบย่านาง: 3ใบ
น้ำเปล่า: 2 ถ้วย
หน่อไม้หวานหน่อเล็ก: 2 หน่อ"
น้ำพริกกะปิ ปลาทูทอด,"น้ำพริกกะปิ: 
กระเทียม: 4 กลีบใหญ่
พริก: 6 เม็ด
น้ำตาลแว่น/น้ำตาลมะพร้าว: 1.5 แว่น
กะปิอย่างดี: 1 ช้อนพูนๆ
มะนาว: 1.5 ลูกเล็ก
ผักต้ม: 
ถั่วฝักยาว: 5 ต้น
ผักบุ้ง: 4 ต้น
น้ำเปล่า: สำหรับลวก
น้ำเย็นจัด: สำหรับแช่ผัก
ปลาทูทอด: 
ปลาทูขนาดกลาง: 2 ตัว
น้ำมันปาล์ม: 1 ถ้วย"
แกงมัสมั่นหมู,"เนื้อหมู: 500 กรัม
พริกแกงมัสมั่น: 100 กรัม
หอมใหญ่: 2ลูก
มันฝรั่ง: 3 หัว
ถั่วลิสงคั่ว: 150 กรัม
น้ำตาลปีบ: 3ช้อน
น้ำมะขามเปียก: 2ช้อน
เกลือ: 1ช้อนครึ่ง
ใบกระวาน: 2ใบ
กะทิ วันนี้ใช้แบบ UHT: 1กล่อง"
หมกหน่อไม้ใส่ไก่,"หน่อไม้สด แท่งๆขนาดปานกลาง: 5หน่อ3หน่อ3หน่อ
น้ำใบย่านาง: 2ช้อนโต๊ะ
เนื้อไก่: 200กรัม
ใบยอ: 5ใบ
น้ำปลา: 1ช้อนโต๊ะ
น้ำปลาร้า: 1ช้อนชา
น้ำตทราย: 1/2ช้อนชา
แป้งข้าวเหนียว: 2ช้อนโต๊ะ
พริกแกงแดง: 1ช้อนโต๊ะ"
หมูสับผัดหนำเลี๊ยบ,"หมูสับ: 250 กรัม
หนำเลี๊ยบ: 9-10 เม็ด
ซีอิ๊วขาว: 1 ช้อนโต๊ะ
น้ำมันหอย: 1 ช้อนโต๊ะ
พริกไทยป่น: 
กระเทียมสับ: 1 หัว
น้ำมันพืช: 
ผงปรุงรส: นิดหน่อย
น้ำตาลทราย: 1 ช้อนชา"
ไข่ทอดชะอม,"ไข่ไก่: 3 ฟอง
ซอสข้นปรุงรสคนอร์: 1 ช้อนโต๊ะ
น้ำมันพืช สำหรับทอด:"
แกงเขียวหวานไก่ใส่ฟัก,"สะโพกไก่: 2 ชิ้น
ฟักแก่: 3 ขีด
ตีนไก่: 2 ขีด
พริกแกงเขียวหวาน: 1.5 ขีด
กระทิสด: 1 โล
มะเขือ: 3-4 ลูก
ใบโหระพา: 1 กำเล็ก
พริกชี้ฟ้า: 4-5 เม็ด
น้ำปลา: 2 ช้อน
น้ำตาลปีบ: 1/2 ช้อน
มะเขือพวง: 1 ขีด"
ปลาทับทิมทอดกระเทียมกับน้ำจิ้มรสเด็ด,"ปลาทับทิม: 1 ตัว
เกลือป่น: 
แป้งทอดกรอบ: 
น้ำมันปาล์ม: 
สูตรน้ำจิ้ม: 
มะนาว: 1 ลูก
น้ำปลา: 3 ช้อนโต๊ะ
น้ำตาล: 2 ช้อนโต๊ะ
น้ำร้อน: 5 ช้อนโต๊ะ
หอมแดงซอย: 3 หัว
พริกขี้หนูซอย: 6 เม็ด
กระเทียมตำแหลก: 1 กำมือ"
หน่อไม้ผัดไข่,"หน่อไม้: 3 ขีด
ไข่ไก่: 2 ฟอง
ต้นหอม: 3-4ต้น
หอมใหญ่: 1/2 หัว
พริกชี้ฟ้าแดง: 1 เม็ด
น้ำมันหอย: 3 ชต
ซีอิ้วขาว: 3 ชต
น้ำตาลทราย: 1 ชต
กระเทียม: 4-5กลีบ"
เส้นเล็กผัดซีอิ้ว สูตรไม่ใส่น้ำมัน,"เส้นเล็ก: 300 กรัม
ยอดคะน้า: 10 ต้น
ไข่ไก่: 4 ฟอง
หมูสันใน: 200 กรัม
ซอสหอยนางรม: 2 ช้อนโต๊ะ
น้ำปลา: 1 ช้อนโต๊ะ
ซีอิ้วขาว: 2 ช้อนโต๊ะ
ซีอิ้วดำ: 1 ช้อนโต๊ะ
น้ำตาล: 1 ช้อนโต๊ะ
กระเทียม: 3 กลีบ
พริกไทย: 1 ช้อนโต๊ะ"
ข้าวผัดโบราณ,"ข้าวหุงสุก แบบแข็ง ๆ: 3 ถ้วย
สันคอหมูหั่นพอคำ: 2 ขีด
หอมใหญ่: 1 หัว
มะเขือเทศลูกใหญ่: 1 ลูก
ผักคะน้า: 2 ต้น
ไข่ไก่: 2 ฟอง
ซีอิ๊วขาว: 2 ช้อนโต๊ะ
ซีอิ๊วดำหวาน: 2 ช้อนโต๊ะ
น้ำตาลทราย: 1/2 ช้อนชา
พริกไทยป่น: 1 ช้อนชา
น้ำมันสำหรับผัด: 4 ช้อนโต๊ะ"
ต้มยำรวมมิตรทะเล,"กุ้ง: 5-6ตัว
ต้นหอม: 2ต้น
รากผักชี: 2-3ต้น
ข่าอ่อน: 1หัว
หัวกะทิ: 2ถ้วย
น้ำตาลมะพร้าว หรือ น้ำตาลปริ๊บ: 1ช้อน
เกลือ: 1ช้อนชา
น้ำปลาแท้: 1/2ช้อน
ตะไคร้: 1หัว
ผักชีใบเลื่อย: 2-3ต้น
มะเขือเทศ: 2-3หัว
เห็ดฟาง: 5-6หัว
น้ำพริกเผา: 2ช้อน
ปลาหมึกไข่: 2-3ตัว
ใบมะกรูด: 2-3ใบ
มะนาว: 3-4ลูก"
ไข่เจียวหมูสับหน้ากรอบ,"เนื้อหมูสับ: 2-3ขีด
ไข่ไก่: 5 ฟอง
น้ำปลา: ตามชอบ
ซอสหอยนางรม: ตามชอบ
น้ำตาล: ตามชอบ"
ผัดพริกแกงหมูใส่มะเขือเปราะ,"น้ำมัน: 4ช้อนโต๊ะ
กระเทียม: 2ช้อนโต๊ะ
เนื้อหมู: 4ขีด
พริกชี้ฟ้าหรือพริกขี้หนู: 
พริกแกง: 2ช้อนโต๊ะ
มะเขือเปราะ: 
ใบมะกรูด: 
มะเขือพวง: 
น้ำปลา: 
น้ำเปล่า: 
น้ำตาล: 2ช้อนชา
น้ำมันหอย: 2ช้อนโต๊ะ"
เทคนิค กะเพราหมูสับ แบบแห้ง อร่อยกว่าร้าน,"หมูสับ: 1 ถ้วย
พริกเขียว + กระเทียม สับ: 1 ถ้วย
ใบกะเพรา: 2-3 ต้น
ซีอิ๊วขาว: 2-3 ช้อนชา
น้ำปลา: 1 ช้อนชา
พริกไทย: 2-3 เหยาะ"
แกงเหลืองหน่อไม้ดอง,"ปลากะพง: 1 ตัว
หน่อไม้ดอง: 200 กรัม
น้ำเปล่าหรือน้ำซุป: 5 ถ้วย
น้ำตาลปี๊บ: 1 ช้อนชา
น้ำมะขามเปียก: 2-3 ช้อนโต๊ะ
น้ำปลา: 3 ช้อนโต๊ะ
น้ำพริกแกงส้มใต้: 1/4 ถ้วย"
ส้าจิ้น,"เนื้อวัว: 
พริกลาบ(เหนือ): 
ตระไคร้: 
หอมแดง: 
ผักแพ้ว: 
ต้นหอม: 
ผักชี: 
ผ้าขี้ริ้ว(สีขาว): 
ใบสะระแหน่: 
เกลือ: "
ไก่คั่วเกลือ,"ไก่หั่นชิ้น: ครึ่งตัว
กระเทียม: 7 กลีบ
น้ำตาลทราย: 1 ช้อนชา
ผงปรุงรส: 1/2 ช้อนชา
ซีอิ๊วขาว: 1 ช้อนโต๊ะ
น้ำมันหอย: 2 ช้อนชา
ต้นหอมผักชีซอย: 1 ช้อนโต๊ะ
น้ำมันพืช: 3 ช้อนโต๊ะ"
ข้าวเหนียวเปียกลำไยมะพร้าวอ่อน,"ข้าวเหนียว: 1ถ้วย
น้ำมะพร้าวอ่อน: 2ลูก
ใบเตย: 3-4ใบ
น้ำตาลทรายแดง: 300กรัม
ลำไย (ตามชอบเลยคะ): 800กรัม
กะทิ: 1กล่อง
เกลือ: 1/2ช้อนชา
เนื้อมะพร้าวอ่อนตามชอบ:"
หลนปูเค็ม,"หมูสับ(เพื่อนมุสลิมใช้ไก่แทนได้): 2 ช้อนโต๊ะ
ปูเค็ม: 4 ตัว
กะทิคั้น ( แยก หัว หาง ): มะพร้าว 1/2 กก.
หอมแดง ( เท่าหัวแม่มือ ): 10 หัว
ตะไคร้ ( ต้นใหญ่ ): 3 ต้น
พริกชี้ฟ้า: 7-8 เมล็ด
ใบมะกรูด: 7-8 ใบ
น้ำตาลปี๊บ: 1 ช้อนชา
เกลือ: 1/2 ช้อนชา
ส้มมะขาม: 1 ช้อนโต๊ะ
พริกขี้หนูหอม ( โรยหน้า ): 20 เมล็ด"
ฟักทองผัดไข่โบราณ สูตรคุณยายร้านขายข้าวแกง,"ฟักทอง: ครึ่งโล
ไข่: 4
สามเกลอ: 1 ช้อน
หมู: ตามชอบ
เกลือ: 
น้ำตาลแดง: 
ซีอิ๊วขาว:"
แกงเขียวหวานไก่ผัดแห้ง,"เนื้อไก่หั่นเป็นชิ้น: 140 กรัม
มะเขือเปราะหั่น: 200 กรัม
มะเขือพวง: 2 ช้อนโต๊ะ
พริกแดงหั่นแฉลบ: 4 เม็ด
ใบโหระพา: 1 ถ้วย
พริกแกงเขียวหวาน: 2 ช้อนโต๊ะ
น้ำตาลปี๊บ: 1 /2ช้อนโต๊ะ
ใบมะกรูดฉีก: 4-5ใบ
นมข้นจืด.: 6 ช้อนโต๊ะ
น้ำมันพืช.: เล็กน้อย
น้ำเปล่า: เล็กน้อย"
กระหล่ำปลีผัดน้ำปลากระเทียมกรอบ,"กระหล่ำปลี: 1 หัว
กระเทียมจีน: 10 กลีบ
น้ำปลา: 2 ช้อนโต๊ะ
น้ำมันหอย: 1 ช้อนชา
คนอร์ อร่อยชัวร์ รสหมู: 1/2 ช้อนชา
น้ำตาล: 1/2 ช้อนชา
น้ำมัน: 1 ถ้วย"
วิธีทำแผ่นเกี๊ยวไข่(ห่อขนมจีบ),"แป้งสาลีอเนกประสงค์: 500 กรัม
ไข่ไก่: 2 ฟอง
เกลือ: 1/4 ช้อนชา
น้ำมันมะกอก: 2 ช้อนโต๊ะ
น้ำเปล่า: 150 ml.
แป้งนวลไว้โรย: 100 กรัม"
“ปูหลน”,"กะทิ: 2 กล่อง
หมูสับ: 400 กรัม
น้ำสะอาด: 3 กล่อง
หอมแดงซอย: 1 ถ้วย
ปูเค็ม: 10 ตัว
น้ำตาลปี๊บ: 5 ช้อนโต๊ะ
ผงปรุงรส: 3 ช้อนชา
เกลือป่น: 1 ช้อนชา
น้ำปลา: 5 ช้อนโต๊ะ
น้ำมะขามเปียก: 20 ช้อนโต๊ะ
ตะไคร้ซอย: 5 ต้น
ใบมะกรูดแบบฉีก: 10 ใบ
พริกใหญ่: 20 เม็ด
ใบมะกรูดแบบซอย: 10 ใบ"
หมักหมูหรือเนื้อให้นุ่มเด้งแบบภัตราคารจีน,"เนื้อหมู: 200
ซีอิ๊วขาวเด็กสมบูรณ์ สูตร 1: 1 ช้อนโต๊ะ
พริกไทย: 1ช้อนชา
bakingsoda/โซเดียมไบคาร์บอเนต / หรือผงฟู: 1 ช้อนชา"
แกงจืดผักกาดขาวหมูสับวุ้นเส้น,"หมูสับ: 2 ขีด
ผักกาดขาว: 5 ใบ
แครอท: 1/2 หัว
น้ำเปล่า: 1 ลิตร
ผงปรุงรสคนอร์: 2 ช้อนชา
น้ำมันหอย: 1/2 ช้อนชา
วุ้นเส้น: 1/2 ซอง"
ต้มยำซี่โครงหมูอ่อน,"ซี่โครงหมูอ่อน: 300 กรัม
เห็ดฟาง: 1 ถ้วย
มะเขือเทศ: 10 ลูก
น้ำเปล่าหรือน้ำซุป: 6 ถ้วย
ผักชีใบเลื่อย: 6 ใบ
พริกขี้หนูสด: 20 เม็ด
พริกขี้หนูแห้งทอด: 10 เม็ด
น้ำปลา: 3 ช้อนโต๊ะ
น้ำมะนาว: 3.5 ช้อนโต๊ะ
ข่า: 6 แว่น
ตะไคร้: 2 ต้น
ใบมะกรูด: 5 ใบ
หัวหอม: 4 หัว"
✿ ก๋วยเตี๋ยวแห้งสุโขทัย ✿,"เส้นเล็กอบแห้ง: 1 ห่อเล็ก
เนื้อหมู(ทำหมูแดง): 3 ขีด
ผงทำหมูแดง: 2 ช้อนโต๊ะ
น้ำเปล่า (ผสมผงหมูแดง): 3 ช้อนโต๊ะ
หมูสับ: 2 ขีด
ถั่วฝักยาว: 
กากหมู (เราใช้หมูกระจกแทน): 
น้ำมัน (ไว้คลุกเส้น): 
ถั่วงอก (เราชอบค่ะแต่บางที่ก็ไม่ใส่นะคะ): 
หัวไชโป๊ะ (เราไม่ได้ใส่นะคะ): 
ลูกชิ้น กับ ไข่ต้ม (ใส่เพราะอยากกิน55+): 
กุ้งแห้ง: 
น้ำตาลปี๊บ: 
ถั่วป่น: 
มะนาว: 
พริกป่น:"
ขนมจีนแกงเขียวหวานไก่ 💚,"อกไก่: 
เลือดไก่: 
กะทิ: 
พริกแกงเขียวหวาน: 
มะเขือเปราะ: 
มะเขือพวง: 
ใบโหระพา: 
น้ำปลา: 
รสดี: 
ใบมะกรูด: "
แกงเผ็ดเนื้อ,"กะทิ Tastifit: 500กรัม
น้ำเปล่า: 200กรัม
เนื้อวัว: 300กรัม
พริกแกงเผ็ด: 100กรัม
น้ำตาลโตนด: 1/2ช้อนโต๊ะ
น้ำปลา: 4ช้อนโต๊ะ
เกลือ: 1ช้อนชา
ใบมะกรูด: 5ใบ
มะเขือเปราะ: 8ลูก
มะเขือพวง: 2พวง
ใบโหระพา:"
ซอสผัดไทย...(ซอสมะขาม),"มะขามเปียก: 300กรัม
น้ำตาลปี๊บ: 500กรัม
น้ำปลา: 7-8ช้อนกินข้าว
น้ำเปล่า: 700มล"
ลาบปลาทับทิมทอดกรอบ,"ปลาทับทิม (แร่เนื้อ): 1 ตัว
แป้งทอดกรอบ สำหรับคลุกปลา: 1/2 ถ้วย
เกลือป่น (สำหรับล้างปลา): 1/2 ช้อนชา
น้ำมันสำหรับทอดปลา: 1/2 ลิตร
ผงคนอร์รสลาบ: 30 กรัม
ผักชีฝรั่ง หั่นหยาบ: 2 ช้อนโต๊ะ
ต้นหอม หั่นหยาบ: 2 ช้อนโต๊ะ
หอมแดง หั่นหยาบ: 2 ช้อนโต๊ะ
ใบสะระแหน่ เด็ด: 1/4 ถ้วย
พริกขี้หนูแห้งทอด: 1/4 ถ้วย (หรือมากน้อยตามที่ชอบ)
*น้ำปลา น้ำมะนาว น้ำตาลทราย พริกป่น: ปรุงรสตามชอบ
เม็ดอัลมอนด์: ตามชอบ"
ไก่ต้มน้ำปลา,"น่องไก่ติดสะโพก: 2 น่อง
ตะไคร้ซอย: 2 ช้อนโต๊ะ
กระเทียมทุบ: 4 กลีบ
พริกไทยดำ: 1 ช้อนโต๊ะ
ใบมะกรูด: 5 ใบ
น้ำปลา: 4 ช้อนโต๊ะ
ซอสปรุงรส: 2 ช้อนโต๊ะ
ซีอิ๊วขาว: 1 ช้อนโต๊ะ
น้ำตาลมะพร้าว: 2 ช้อนโต๊ะ
น้ำเปล่า: 500 มิลลิลิตร
รากผักชีทุบ: 3 ต้น
ซีอิ๊วดำ: 1 ช้อนโต๊ะ"
ไก่ผัดผงกะหรี่,"เนื้อไก่หั่นเป็นชิ้นพอดีคำ 320 กรัม: 320 กรัม
พริกหวาน3สี: 100 กรัม
หอมหัวใหญ่หั่น: 80 กรัม
กระเทียมสับ: 1/2 ช้อนโต๊ะ
นมข้นจืด.: 4 ช้อนโต๊ะ
ไข่ไก่(สูตรนี้ควรใช่2ฟองแต่ไข่หมดพอดี): 1ฟอง
ซอสน้ำมันหอย 1: 1 ช้อนโต๊ะ
ซีอิ๊วขาว: 1 ช้อนโต๊ะ
ผงกะหรี่ spoony: 1/2 ช้อนโต๊ะ
น้ำตาลทราย: 1 ช้อนชา
น้ำเปล่า: เล็กน้อย
น้ำมันพืช.: เล็กน้อย"
หมูสามชั้นย่างน้ำจิ้มแจ่วรสเด็ด,"หมูสามชั้น: 500 กรัม
สามเกลอ รากผักชี กระเทียม พริกไทย โขลกละเอียด: 1 ช้อนโต๊ะ
น้ำตาลปี๊บหรือน้ำตาลมะพร้าว: 1/2 ช้อนโต๊ะ
ซอสปรุงรส: 1 ช้อนโต๊ะ
น้ำมันหอย: 1 ช้อนโต๊ะ
น้ำผึ้ง สำหรับทาหมูเวลาย่าง: 1 ช้อนโต๊ะ
ส่วนผสมน้ำจิ้มแจ่ว: 
น้ำตาลปี๊บ: 1 ช้อนโต๊ะ
น้ำปลา: 2 ช้อนโต๊ะ
น้ำมะขามเปียก: 2 ช้อนโต๊ะ
พริกป่น: 1/2 ช้อนโต๊ะ
ข้าวคั่ว: 1 ช้อนชา
หอมแดงซอยตามชอบ: 
ต้นหอมผักชีซอยตามชอบ:"
คอหมูทอด,"สันคอหมู: 1/2 kg
น้ำปลา: 3 ช้อนโต๊ะ
ซีอิ๊วขาว: 1 ช้อนโต๊ะ
แป้งทอดกรอบ: 5 ช้อนโต๊ะ
น้ำจิ้มแจ่ว: (สำหรับทานคู่)
ข้าวเหนียว: (สำหรับทานคู่)"
ทอดปลาทู หนังกรอบ เนื้อนุ่ม,"ปลาทู: 2 ตัว
น้ำมัน (สำหรับทอด): พอประมาณ"
น้ำจิ้มข้าวหมกไก่,"น้ำส้มสายชู: 4 ช้อนโต๊ะ
น้ำตาลทราย: 6 ช้อนโต๊ะ
เกลือ: 1/2 ช้อนชา
กระเทียม: 2 กลีบ
พริกขี้หนูสีเขียว: 6 เม็ด
ผักชี: เล็กน้อย
ใบสะระแหน่: เล็กน้อย"
กุ้งต้มหวาน,"กุ้งไซส์ใหญ่: 7 ขีด
น้ำตาลปี๊บ: 1 ทัพพี
น้ำเปล่า: 1 ถ้วย
น้ำตาลทราย: 2 ช้อนโต๊ะ
เกลือ: ปลายช้อนชา"
ต้มโคล้งปลากรอบใบมะขามอ่อน,"ปลากรอบ: 
หอมแดง, ข่า, ตะไคร้, ใบมะกรูด, พริกแห้ง: 
รากผักชี, มะเขือเทศ: 
ผักชี, ผีกชีใบเลื่อย, ใบมะขามอ่อน: 
มะขามเปียก, น้ำปลาดี: "
ยำเส้นแก้ว,"เส้นแก้ว: 2 ถุง
กุ้ง: 3 ขีด
หมูยอ: 1 แท่ง
หมูบด: 3 ช้อนโต๊ะ
ต้นหอม: 3 ต้น
ผักชี: 2 ต้น
หอมใหญ่: 1 ลูก
มะเขือเทศ: 5 ลูก
พริก: 6 เม็ด
น้ำตาลทราย: 1/2 ช้อนโต๊ะ
มะนาว: 2 ลูก
น้ำปลา: 4 ช้อนโต๊ะ"
🌱 ยำสามกรอบ 🌶,"หมูแผ่นอบกรอบ: 
หนังไก่กรอบ: 
เมล็ดมะม่วงหิมพานต์: 
หัวหอมใหญ่: 
ขึ้นฉ่าย: 
พริกขี้หนู: 
น้ำปลา: 
มะนาว: 
น้ำเชื่อม: 
น้ำเปล่า: "
ไข่เจียวชะอม,"ชะอม: 200กรัม
ไข่ไก่: 4ฟอง
น้ำปลา: 1 1/2ช้อนโต๊ะ
น้ำมันพืช: 4-5 ช้อนโต๊ะ"
ถั่วเขียวต้มน้ำตาล,"ถั่วเขียว: 3 ถ้วย
น้ำเปล่า: 2 ลิตร
น้ำตาลทราย: 8 ช้อนโต๊ะ"
พริกแกงใต้ ตำเองง่ายจริง,"พริกขี้หนูแห้ง: 40g
กระเทียม: 12g
ขมิ้น: 12g
ตะไคร้: 10g
หอมแดง: 10g
พริกไทย: 10g
ข่า: 3g
ผิวมะกรูด: 3g"
ยำขนมจีนปลาทู,"ขนมจีน: 4 - 5 จับ
ปลาทูทอด (แกะเนื้อ): 2 ตัว
น้ำปลาร้า (ต้มสุก): 1 ทัพพี
น้ำปลา: 1 ทัพพี
น้ำตาลปี๊บ: 1/2 ทัพพี
น้ำมะนาว: 1 ทัพพี
พริกป่น: 2 ช้อนโต๊ะ
ต้นหอม (ซอย): ตามชอบ
ผักชีลาว(ซอย): ตามชอบ
หอมแดง (ซอย): ตามชอบ
ถั่วฝักยาว (ซอย): ตามชอบ
ผักชีฝรั่ง (ซอย): ตามชอบ
ผักชีลาว (ซอย): ตามชอบ"
ไก่น้ำผึ้งอบลมร้อน,"ปีกไก่: 5 ชิ้น
น้ำผึ้ง: 2 ช้อนโต๊ะ
น้ำตาลปี๊บ: 1/2 ช้อนโต๊ะ
ซอสปรุงรส: 2 ช้อนโต๊ะ
น้ำมันหอย: 2 ช้อนโต๊ะ
ผงปรุงรส: 1/2 ช้อนโต๊ะ
น้ำปลา: 1 ช้อนชา"
ขนมจีนน้ำยาปลาทู,"ปลาทูนึงแกะเอาแต่เนื้อ: 2 ตัว
น้ำพริกแกงเผ็ดใต้: 100 กรัม
กะทิ: 250 กรัม
ลูกชิ้นปลา: 6-7 ลูก
กระชาย ล้างให้สะอาด ตำให้ละเอียด: 100 กรัม
ขนมจีน: 
ผักเครื่องเคียงตามชอบ: 
น้ำตาลมะพร้าว: 2 ช้อนโต๊ะ
น้ำปลา: 2 ช้อนโต๊ะ"
ดอกหอมผัดตับ,"ตับหมูสด: 
ดอกหอม: 
กระเทียมสด: 
ขิงสด: 
ซอสปรุงรส: 
น้ำตาล: 
น้ำเปล่า: "
ข้าวผัดไก่,"ไก่: 200 กรัม
ข้าวแช่เย็น: 1 ถ้วย
หอมใหญ่: 1 ลูก
ต้นหอม: 3 ต้น
ผักชี: 2 ต้น
พริกขี้หนู: 4 เม็ด
มะนาว: 1 ลูก
น้ำตาล: 1/2 ช้อนโต๊ะ
น้ำมัน: 1 ช้อนโต๊ะ
กระเทียม: 4 กลีบ
ซอสมันหอย: 2 ช้อนโต๊ะ
ไข่: 2 ฟอง"
น้ำพริกไข่ปู,"ไข่ปู (นึ่ง): 300 กรัม
น้ำมะนาว: 4 ช้อนโต๊ะ
น้ำปลา: 4 ช้อนโต๊ะ
น้ำตาลปี๊บ: 1 1/2 ช้อนโต๊ะ
พริกขี้หนูสวน สีเขียว: 10 เม็ด
กระเทียมไทย กลีบเล็ก: 15 กลีบ
กระเทียมจีน กลีบใหญ่: 7 กลีบ"
ต้มจืดหัวไชเท้ากระดูกหมูอ่อน,"กระดูกหมูอ่อน: 0.5กก
ไชเท้า: 2หัว
รากผักชี: 2ต้น
กระเทียมกลีบเล็ก: 10กลีบ
พริกไทยเม็ด: 10กรัม
คนอร์ก้อน: 2 ก้อน
น้ำสะอาด: 2ลิตร
ต้นหอม: 4 ต้น
ผักชี: 2 ต้น"
ผัดผักบุ้งหมูสับ,"หมูบด: 1 ขีด
กระเทียมสับ: 1 ช้อนโต้ะ
พริกแดงโขลก: 4 เม็ด
ซีอิ๊วขาว: 2 ช้อนโต้ะ
น้ำมันหอย: 2 ช้อนโต้ะ
น้ำมันพืช: 1 ช้อนโต้ะ
น้ำเปล่า: 1 ถ้วยเล็ก
ผักบุ้งจีน: 1 กำ
น้ำตาลทราย: 1 ช้อนชา"
ก๋วยเตี๋ยวหมูโบราณ เครื่องแน่น,"กระดูกโบนทุบหัก: 1ขา
กระดูกเล้ง: 1/2โล
โครงไก่: 1โครง
สันคอก้อน: 1/2โล
ไส้(ย้ำที่เขียงว่าไม่ขม): 1โล
ตับ: 1/2โล
ม้ามหมู: 1/2โล
ลูกชิ้นหมูตามชอบ: 1/2โล
หมูเด้ง: 1/2โล
เซี่ยงจี้: 1/2โล
ผักชี: 10บาท
ต้นหอม: 10บาท
ขึ้นฉ่าย: 10บาท
เครื่องปรุงน้ำซุปใส: 2ชุด
น้ำปลา: 1/4ขวด
น้ำตาลปึก: 3-4ก้อน
พริกไท: 3 ช้อนชา
กระเทียมสับ: 20บาท
มันหมูหั่นเต๋า: 1/2โล
ถั่วคั่ว: 20บาท
พริกคั่ว: 20บาท"
ไก่นึ่งสมุนไพร/ไก่นึ่งสมุนไพรสูตรเมืองเหนือ(Kai Nueng Samoon Prai),"ไก่: 1 ตัว
เมล็ดผักชี: 1 ช้อนโต๊ะ
เกลือป่นเล็กน้อย: 
พริกแดงแห้งเม็ดเล็ก เผ็ดมากเผ็ดน้อยเพิ่มลดจำนวนพริกลงได้: 10 -15 เม็ด
รากผักชี: 1 ราก
ข่า: 4 แว่น
หอมแดง: 5 หัว
ขมิ้น: 1/2 ช้อนโต๊ะ
กระปิใส่แกง: 1/2 ช้อนโต๊ะ
น้ำปลาร้า: 1/2 ช้อนโต๊ะ
ใบมะกรูดซอย: 1 ช้อนโต๊ะ
น้ำมันสำหรับผัดพริกแกง: 1-2 ช้อนโต๊ะ
กระเทียมบุบหรือสับ: 2 ช้อนโต๊ะ"
ขนมดอกโสน,"ดอกโสน: 2+1/2 ถ้วย
แป้งข้าวเจ้า: 2 ถ้วย
มะพร้าวทึนทึกขูด: 1 ถ้วย
น้ำตาลทราย: 1+1/2 ถ้วย
เกลือป่น: 3/4 ช้อนชา
น้ำมะพร้าวหรือน้ำเปล่า: 3/4 ถ้วย"
หมูสามชั้นตุ๋นซีอิ้วสไตล์ญี่ปุ่น,"หมูสามชั้น: 1 เส้น
โชยุ: 3 ชต
หัวเชื้อซุปน้ำดำสไตล์ญี่ปุ่น: 3 ชต
น้ำตาลปี๊บ: 2 ชต
ซีอิ้วดำหวาน: 1 ชต
รากผักชี: 2-3 ราก
กระเทียม: 5 กลีบ
หัวหอมใหญ่: 1 หัว
น้ำสะอาด: 1 ถ้วย"
แกงส้มปลาหน่อไม้ดอง,"ปลาทับทิม: 1 ตัว
เครื่องแกงส้ม: 1 ขีด
หน่อไม้ดอง: 1/2 กก.
กะปิ: 1 ช้อนพูน
น้ำตาลมะพร้าว: 1 ช้อนโต๊ะ
เกลือ: 1 ช้อนชา
น้ำปลา: 1 ช้อนโต๊ะ
น้ำมะขามเปียก: 1 ถ้วย
มะนาว: 1.5 ลูก"
ยำถั่วพู,"ถั่วพู: 200 กรัม
หมูสับ: 100 กรัม
หอมแดงซอย: 3 หัว
พริกขี้หนูซอย: 5 เม็ด
น้ำตาลทราย: 1/2 ช้อนโต๊ะ
น้ำปลา: 2 ช้อนโต๊ะ
น้ำมะนาว: 2 ช้อนโต๊ะ"
ขนมจีบอกไก่,"อกไก่: 500 กรัม
แครอท: 100 กรัม
หัวไชเท้า: 100 กรัม
พริกไทยป่น: 1 ช้อนชา
พริกไทยดำ: 1 ช้อนชา
รากผักชี: 5 ต้น
ซีอิ๊วขาวสูตรโลว์โซเดียม: 2 ช้อนโต๊ะ
กระเทียม: 10 กลีบ
แผ่นเกี๊ยว: 20-30 แผ่น"
ไข่ลูกเขยแซ่บ,"ไข่ไก่: 2-3 ฟอง
พริกแห้ง: 6-7 เม็ด
หอมแดง: 10 หัว
มะขามเปียก: 2 ฝัก
น้ำตาลปี๊บ: 3 ช้อนโต๊ะ
น้ำตาลทราย: 1-2 ช้อนชา
น้ำปลา: 2 ช้อนชา"
สาคูไส้หมู,"สาคูเม็ดเล็กตรามังกร: 1 ถ้วย
ใช้ไส้หมูร่วมกับม้าฮ่อ: 30 ก้อน
ผักกาดหอม: 
ผักชี: 
พริกขี้หนูสวน: 
กระเทียมเจียว:"
ต้มจืดแตงร้านยัดไส้หมูสับ,"หมูสับ: 2 ขีด
แตงร้าน: 4 ลูก
รากผักชี: 2 รากใหญ่
กระเทียมไทยกลีบเล็ก: 10 กลีบ
พริกไทยเม็ด: 10 เม็ด
ต้นหอมผักชี: อย่างละ 1 ต้น
น้ำซุปหรือน้ำเปล่า: 3 ถ้วย
ซีอิ้วขาว: ตามชอบ
เกลือป่น: ตามชอบ
น้ำมันหอย: 1 ช้อนโต๊ะ
พริกไทยป่น: ตามชอบ"
เทคนิคการทำ ไส้กรอก Home Made,"ขวดน้ำพลาสติก (ทำเครื่องมือ): 1 ขวด
กรรไกร (ทำเครื่องมือ): 1 อัน
คัตเตอร์ (ทำเครื่องมือ): 1 อัน
ไส้อ่อนหมู: 3 ขีด
ตัวใส้ที่ใช้ยัด: แล้วแต่สูตร ตามชอบเลย"
ผัดกระเพราหมูสับใส่ถั่วฝักยาว,"หมูสับ: 1/2 กก.
ถั่วฝักยาว: 5 ต้น
ใบกระเพรา: 5 ต้น
พริกขี้หนู: 7-10 เม็ด
กระเทียม: 5 กลีบ
ซีอี้วดำ: 1/4 ช้อนชา
ซีอี๊วขาว: 2 ช้อนชา
น้ำมันหอย: 2 ช้อนชา
น้ำตาล: 1/2 ช้อนชา
ผงปรุงรส: 1/2 ช้อนชา"
ปลาทอดกระเทียม,"ปลาสด: 1 ตัว
น้ำมันสำหรับทอด: 1 ขวด
กระเทียม: 1 ถ้วย
พริกไทย: 1 ช้อนชา
เกลือป่น(ใส่ลงในกระเทียมเจียว): 1/2 ช้อนชา"
น้ำกระทิทุเรียน,"ทุเรียน: 1โลครึ่ง
กระทิ: ครึ่งโล
น้ำตาลมะพร้าว: 4-5 ช้อน
เกลือ: 1/2 ช้อน"
แกงเห็ดระโงก (mushroom soup),"เห็ดระโงก: 1 kg
หอมแดงบุบพอแตก: 3-4 หัว
ตะไคร้ซอย: 2 ต้น
พริกบุบพอแตก: 8-10 เม็ด
น้ำปลาร้า: 1-1.5 ทัพพี
น้ำเปล่า: 1 L
ใบแมงลักเด็ดยอด: 1 กำมือ
ใบติ้วเด็ดยอด: 5-6 ยอด
เกลือ: 1/2 ช้อนชา
ผงชูรส: ตามชอบ"
ต้มจืดฟักน่องไก่,"ฟัก: 
เห็ดหอม: 
เก๋ากี้: 
น่องไก่: 
ซุปก้อน: 
เกลือ: 
พริกไทยขาวป่น: 
ผักชี: "
ผัดเห็ดรวมสารพัดประโยชน์,"เห็ดนางรมหลวง: 1 ถ้วย
เห็ดโคนญี่ปุ่น: 1 ถ้วย
กระเทียม: 1/2 ชต
พริกขี้หนู: 1 ชต
โหระพา: 1 กำ
ซอสหอยนางรม: 2 ชต
ซีอิ้วขาว: 1 ชช
น้ำตาลทราย: 1/2 ชช
น้ำมันพืช: 1 ชต"
หอยแมลงภู่นึ่งใบโหระพา,"หอยแมลงภู่: 2 kg.
ใบโหระพา: ตามชอบ"
เกาเหลาเนื้อตุ๋น,"เนื้อวัว: 300 กรัม
หอมหัวใหญ่: 1 หัว
เกลือป่น: 1 ช้อนชา
กระเทียมทุบ: 4 กลีบ
รากผักชี: 2 ราก
น้ำตาลกรวด: 2 ช้อนโต๊ะ
ซอสปรุงรส(ถั่วเหลือง): 2 ช้อนโต๊ะ
ซอสน้ำมันหอย: 1 ช้อนโต๊ะ
ซีอิ๊วดำ: เล็กน้อย
น้ำเปล่า: 
::เครื่องตุ๋นเนื้อสำเร็จรูป::: 50 กรัม
-อบเชย,โป๊ยกั๊ก,หญ้าหอม,ลูกกระวาน: 
,พริกไทยขาว,ข่าแห้ง,เครื่องยาจีน(ในห่อผ้า): 
::ผัก เครื่องปรุงเกาเหลา::: 
กระเทียมเจียว: 1 ช้อนโต๊ะ
ลูกชิ้นเนื้อ: ตามชอบ
ผักบุ้งลวก: ตามชอบ
ถั่วงอกลวก: ตามชอบ
น้ำปลา: ตามชอบ
น้ำตาลทราย: ตามชอบ
พริกไทย: ตามชอบ
พริกป่น: ตามชอบ
พริกน้ำส้ม: ตามชอบ
ต้นหอม ผักชีซอย:"
ถั่วฝักยาวผัดกะปิกุ้งแห้ง (สูตรจันทบุรี),"กุ้งแห้ง: 2 ช้อนโต๊ะ
กะปิ: 1 ช้อนโต๊ะ
หอมแดง: 2 หัว
กระเทียมกลีบเล็ก: 1 ช้อนโต๊ะ
น้ำตาล: 1 ช้อนชา
น้ำมันสำหรับทอดกุ้งแห้ง: 1 ช้อนโต๊ะ
ถั่วฝักยาว: 7-8 ต้น"
แกงปลาดุกใส่ใบยอ,"ปลาดุก: 400 กรัม
พริกแกงเผ็ด: 100 กรัม
ใบยอ: 20 ใบ
กะทิ: 250 มล.
น้ำปลา: 
น้ำตาล: 
เกลือ: 
น้ำเปล่า:"
ยำไข่ดอง,"ไข่แดงของไก่: 
ซอสถั่วเหลือง: 
หอมแดง: 
กระเทียม: 
พริกขี้หนู: 
กุ้งแห้ง: 
มะนาว, น้ำปลา, น้ำตาลทราย: "
ลาบหนังหมู,"หนังหมู: 100 กรัม
หมูสับ: 50 กรัม
หอมแขกซอย: 1 หัว
ผักชีฝรั่งซอย: 1 ต้น
ต้นหอมซอย: 1 ต้น
ผักชีซอย: 1 ต้น
น้ำมะนาว: 2 ช้อนโต๊ะ
น้ำปลา: 1 1/2 ช้อนโต๊ะ
ข้าวคั่ว: 1 ช้อนโต๊ะ
พริกป่น: 1 ช้อนโต๊ะ
น้ำเปล่า: 2-3 ช้อนโต๊ะ"
สูตรหมักไก่ ให้นุ่มชุ่มชื่นแบบภัตราคารจีน,"เนื้อไก่: ครึ่งกิโล
แป้งมัน: 1 ช้อนโต๊ะ
ไข่ขาว: 1 ฟอง
เกลือ: 1 ช้อนชา
พริกไทย: 1 ช้อนชา
น้ำตาล: ครึ่ง/หรือ 1 ช้อนชา
น้ำมันงา: 1 ช้อนโต๊ะ"
พริกแกงมัสมั่น​,"เม็ดผักชีคั่วป่น: 1+1/2 ช้อนชา
เม็ดยี่หร่าคั่วป่น: 1/2 ช้อนชา
เม็ดกระวานคั่วป่น​ (แกะเอาเฉพาะเม็ดที่อยู่ด้านใน)​: 4 เม็ด
กานพลูคั่วป่น: 4 ดอก
ลูกจันทน์​คั่วป่น: 1 ลูก
ดอกจันทน์​คั่วป่น: 1 ดอก
อบเชยท่อน​ 1 นิ้ว​ คั่วป่น: 1 ท่อน
พริกชี้ฟ้าแช่น้ำซับแห้ง: 10 เม็ด
เกลือสมุทร​: 1 ช้อนชา
ข่าแก่หั่นละเอียด: 1 ช้อนโต๊ะ​
ตะไคร้หั่นละเอียด: 2 ต้น
ผิวมะกรูด: 1 ช้อนชา
กระเทียม​ไทย: 20​ กลีบ
หอมแดง: 5 หัว
กะปิห่อใบตองย่างจนหอม: 1 ช้อนชา
พริกไทยขาวเม็ดคั่วป่น: 1/2 ช้อนชา"
ข้าวทอด,"ข้าวสวย: 
พริกแกง: 
ใบมะกรูด: 
ไข่ไก่: 
ผงปรุงรส: 
น้ำตาลทราย: 
น้ำมันพืช: 
แป้งชุบทอด: 
น้ำเย็น: "
น้ำผัดไทยสำเร็จรูป #ซอสมะขาม (เก็บใว้ใช้ ได้นาน),"มะขามเปียก ต้มเอาน้ำเข้มข้น: 1 ถ้วย
น้ำตาลปี๊บ: 1 ทัพพี
น้ำปลา: 2 ทัพพี
น้ำพริกเผา: 0.5 ทัพพี
ซอสพริก (ถ้าเด็กไม่ต้องใส่): 1 ทัพพี"
กุ้งซอสมะขาม,"กุ้ง: 8 ตัว
หอมแดงซอย: 5 ลูก
กระเทียมซอยแผ่น: 5 ลูก
พริกขี้หนูแห้ง: 4 เม็ด
แป้งทอดกรอบ: 1 ถ้วย
น้ำตาลปี๊บ: 1 ปึก
น้ำมะขามเปียก: 1 ถ้วย
น้ำปลา: 1 ช้อนโต๊ะ
ผักชี: 2 ต้น
เม็ดมะม่วง: 1 ถ้วย"
คางกุ้งทอดกรอบ,"คางกุ้ง: 300 กรัม
ผงปรุงรส: 1 ช้อนชา
เกลือป่น: 2 ช้อนชา
แป้งทอดกรอบ: 3 ช้อนโต๊ะ
พริกไทยป่น: ปริมาณตามชอบ"
มะระผัดไข่แต่ไม่ขม,"มะระจีน: 1 ลูก
กระเทียม: 5 กลีบ
ไข่ไก่: 2 ฟอง
ซีอิ๊วขาว: 
น้ำตาลทราย: 
ซอสปรุงรส: 
น้ำมัน: 
เกลือ:"
ขนมครกสิงคโปร์,"แป้งสาลี: 2ถ้วย
แป้งมัน: 1ถ้วย
นมสดรสจืด: 1ถ้วย
ใบเตย12ใบแก่ๆ คั้นน้ำกรองกาก: 1ถ้วย
ผงฟู: 2ช้อนกาแฟพูนๆ
เกลือ: 1ช้อนกาแฟพูนๆ
น้ำตาลทราย: 1ถ้วย
น้ำมันพืช: 1ช้อนกาแฟ
ไข่ไก่: 2ฟอง"
น้ำพริกหมู(สูตรแม่แหม่ม),"เนื้อหมู: 1 กิโล
มะเขือเทศ: ครึ่งกิโล
ต้นหอม: 1กำ
ผักชี: 1กำ
พริกป่น: 3 ช้อนโต๊ะ
น้ำตาล: 2 ช้อนโต๊ะ
กะปิ: 1 ช้อนโต๊ะ
น้ำปลา: 2 ช้อนโต๊ะ
ซีอิ้วขาว: 1-2 ช้อนโต๊ะ
ซอสฝาเขียว: 1-2 ช้อนโต๊ะ
หัวหอม: 5-6ลูก
กระเทียม: 5-6กลีบ"
ไก่ตุ๋นฟักมะนาวดอง,"น้ำเปล่า: 1.5 ลิตร
ไก่ส่วนต่างๆตามชอบ (น่อง/ปีก/สะโพก): 5-6 ชิ้น
ฟักเขียว: 1 ลูก (น้ำหนักประมาณ 1 กิโล)
มะนาวดอง: 3-4 ลูก
น้ำมะนาวดอง: ตามชอบ
กระเทียมดอง: 1-2 หัว
น้ำกระเทียมดอง: 1 ช้อนโต๊ะ
รากผักชี: 2-3 ราก
เห็ดหอม: 5-10 ดอก
กระเทียม: 3 กลีบ
พริกไทยเม็ด: 3-5 เม็ด
ซีอิ้วขาว: ตามชอบ
น้ำปลา: ตามชอบ
ต้นหอม-ผักชี: อย่างละ 1 ต้น"
ไก่ผัดเม็ดมะม่วงหิมพานต์ (น้ำพริกเผา) Gai Pad Med Mamuang,"เนื้อไก่หั่นชิ้นพอดีคำ: 400 กรัม
แป้งทอดกรอบ: 1/2 ถต.
เม็ดมะม่วงหิมพานต์ทอด: 100 กรัม
พริกทอดกรอบ หั่นท่อน: 10 เม็ด
หอมหัวใหญ่: 1 หัว
พริกหวานสามสี (3 สี แดง เหลือง เขียว ใช้สีละอย่างละ: 1/2 ลูก
พุทราเชื่อม/พุทราอบแห้ง (ใข้พุทราเชื่อมอร่อยกว่า) ส่วนนี้ไม่ใส่ก็ได้: 50 กรัม
ต้นหอมหั่นท่อน (มากน้อยตามชอบ): 5 ต้น
กระเทียมสับละเอียด: 1 ช้อนโต๊ะ
ซอสหอยนางรม: 2 ช้อนโต๊ะ
ซีอิ้วขาว/ซอสปรุงรส: 1 ช้อนโต๊ะ
น้ำตาลทราย(ความหวานปรับเพิ่มลดได้ตามความชอบ): 1 1/2 ช้อนโต๊ะ
น้ำพริกเผา (ถ้าทำให้เด็กทานด้วยสามารถลดในส่วนนี้ลงได้): 2 ช้อนโต๊ะ"
ข้าวผัดปลาทู,"ข้าวสวย: 3ถ้วย
ปลาทูนึ่งทอดเกาะเอาแต่เนื้อ: 1+ครึ่งตัว
กระเทียมสับ: 1/2ช้อนโต๊ะ
หน่อไม้ฝรั่งหั่น(หรือผักที่ชอบ): 2ช้อนโต๊ะ
แครอทหั่น: 2 ช้อนโต๊ะ
ซีอิ๊วขาว: 1 ช้อนโต๊ะ
น้ำปลา: 1 ช้อนโต๊ะ
ต้นหอมซอย: 2 ต้น
น้ำมันพืช: 
หอมแดงซอย: ตามชอบ
พริกขี้หนูซอย: ตามชอบ
แตงกวา: ตามชอบ
มะนาว:"
วุ้นเส้นผัดไข่,"วุ้นเส้น: 100 กรัม
มะเขือเทศ: 1 ลูก
ต้นหอม/คื่นไช้: 1 กำ
ผักกาดขาว: 2 ใบ
ไข่ไก่: 2 ฟอง
ซีอิ๊วดำ: 1 ช้อนชา
น้ำมันหอย: 2 ช้อนโต๊ะ
น้ำเปล่า: 1 ทัพพี
กระเทียมไทย: 10 กลีบ
น้ำมันพืช: 1 ช้อนชา"
น้ำพริกเห็ด😋,"พริก: 9-10เม็ด
กระเทียม: 2หัว
หัวหอม: 4หัว
น้ำมะนาว: 1ช้อนชา
น้ำปลา: 1ช้อนโต๊ะ
น้ำเปล่า: 1ช้อนชา
ผักแกล้มตามใจชอบ: 1ที่
เห็ดฟาง: 6ลูก"
กุ้งผัดพริกขี้หนู,"กุ้งสด: 4 ขีด
กระเทียมบุบ: 9 กลีบ บุบ
รากผักชี ล้างสะอาด โขลกให้แตก: 6 ราก
น้ำตาล: 1 ช้อนโต๊ะ
พริกไทยบดหยาบ: 1 ช้อนชา
ซีอิ้วขาว: 1 ช้อนโต๊ะ
น้ำมันหอย: 1 ช้อนชา
พริกขี้หนู: 3 เม็ด
ผักซีซอย: 2 ต้น"
แกงส้มผักบุ้งกุ้งลอยน้ำ,"กุ้งสดตัวใหญ่: 3 ขีด
พริกแกงส้ม: 1 ช้อนโต๊ะ
ผักบุ้ง: 2 กำ
น้ำปลา: 1 ช้อนชา
หัวหอม: 2 หัว
กระชาย: 1 ต้น
กะปิ: ครึ่งช้อนชา
น้ำตาลทราย: 1 ช้อนชา
มะขามเปียก: 4 ฝัก
ใบมะกรูด: 4 - 5 ใบ"
ส้มตำหมูยอ,"มะละกอขูดเป็นเส้นๆ: ตามชอบ
มะเขือเทศท้อ: 1 ลูก
ถั่วฝักยาว: 2 ฝัก
กุ้งแห้งเนื้อ: ตามชอบ
พริกแห้ง: 2 เม็ดหรือตามชอบ
พริกแดง: 2 เม็ดหรือตามชอบ
น้ำปลาร้าปรุงรส: 1 ช้อนโต๊ะหรือตามชอบ
น้ำตาลปีบ: 1 ช้อนชา
น้ำปลา: 2 ช้อนโต๊ะ
น้ำมะนาว: 1 ผล
หมูยอ: ตามชอบ
น้ำมะขามเปียก: 1 ช้อนชา
กระเทียม: 1กลีบใหญ่"
แกงเห็ดน้ำใบย่านาง,"น้ำใบย่านาง: 
เห็ดเข็มทอง: 
เห็ดออรินจิ: 
ข้าวโพดอ่อน: 
ยอดมะระ: 
ใบแมงลัก: 
ฟักทอง: 
บวบ: 
น้ำปลา: 
หอมแดง: 
พริกแดง: "
กุ้งผัดกระเทียม,"กุ้ง: 16 ตัว
มันกุ้ง: 16 ตัว
น้ำมันหอย/ซีอิ๊วขาว/ซอสปรุงรส: ครึ่งช้อนโต๊ะ
กระเทียม: 1 ช้อนโต๊ะ
รากผักชี: 1 -2ต้น
พริกไทยเม็ด: 1 ช้อนชา
*มันหมู: 3 ช้อนโต๊ะ
*กระเทียมสำหรับเจียว: 2 ช้อนโต๊ะ"
มะระยัดไส้ไม่ขม,"มะระ: 1 ลูก
หมูสับ: 300 กรัม
วุ้นเส้น: 1 ห่อ
ปลาหมึกแห้ง: 2ตัว
เกลือป่น: 2 ช้อน
กุ้งแห้ง: 100กรัม
พริกไทยเม็ดหรือ ป่น: 1ช้อนชา
น้ำปลา ( เติมตามใจชอบ ชิมแล้วรองเติม): 2ช้อน
น้ำตาล ทราย(ชิมแล้วเติม ขึ้นกับน้ำ และต้องการความเข้มข้น): 1 ช้อน
รากผักชี: 1-2 ต้น
ใบผักชี:"
ยำไข่ต้ม 🥚,"ไข่ไก่: 8 ฟอง
ต้นหอม: 2 ต้น
ผักชี: 2 ต้น
หอมแดง: 5 หัว
พริกจินดา: 15 เม็ด
มะนาว: 1 ลูก
น้ำปลา: 2 ช้อนโต๊ะ
น้ำตาล: 1/2 ช้อนโต๊ะ
หมูบด: 4 ช้อนโต๊ะ"
ข้าวผัดซีอิ๊วดำ,"ข้าวสวย: 3 ถ้วย
เนื้อหมู: 50กรัม
ไข่ไก่: 2ฟอง
คะน้า: 30กรัม
มะเขือเทศ: 1ลูก
หอมหัวใหญ่: 1/2หัว
กระเทียมสับ: 4กลีบ
ซีอิ๊วดำ: 1ช้อนโต๊ะ
ซีอิ๊วขาว: 1/2ช้อนโต๊ะ
น้ำปลา: 1ชต
น้ำตาลทราย: 1ช้อนชา
น้ำมันพืช:"
สันคอหมูย่าง,"สันคอหมู: 1 kg
3 เกลอ กระเทียม พริกไท รากผักชี: 
น้ำตาลปี๊บ: 1 ชต
น้ำปลาดี: 1 ชช
ซีอิ๊วขาว: 1 ชช
น้ำมันหอย: 1 ชช
ซีอิ๊วดำหวาน: 1 ชช"
กุ้งอบวุ้นเส้น,"วุ้นเส้นตราเกษตร: 5 ห่อเล็ก
หมูสามชั้น: 1/2 เส้น
ขิง: 3 ชิ้น
ต้นหอม: ตามชอบ
กระเทียม: 3 กลีบ
รากผักชี: 3 ราก
พริกไทยเม็ด: 1 ช้อนชา
กุ้งสด: 1/2 Kg.
น้ำเปล่า: 1 ชาม
น้ำมันหอย: 10 ช้อนโต๊ะ
น้ำตาลทราย: 1 ช้อนโต๊ะ
ซีอิ๊วขาว: 1 ช้อนโต๊ะ
รสดี: 1 ช้อนโต๊ะ
น้ำมันงา: 3 ช้อนโต๊ะ
ซีอิ๊วดำหวาน: 2 ช้อนโต๊ะ"
พะแนงไก่มะเขือเปาะ,"อกไก่: 350 กรัม
มะเขือเปาะ: 150 กรัม
โหระพา: 2 ต้น
พริกแกง: 3 ช้อนโต๊ะ
กะทิ: 150 มล.
ผงปรุงรส: 1 ช้อนโต๊ะ
น้ำตาลทราย: 1/2 ช้อนโต๊ะ
พริกชี้ฟ้า: 1 เม็ด
น้ำเปล่า: 2 ถ้วยตวง"
หมูผัดผงกะหรี่,"หมูสันใน: 3 ขีด
ผงกะหรี่: 2 ช้อนโต๊ะ
น้ำมันมะกอก: 1 ช้อนโต๊ะ
ต้นหอม: 2 ต้น
หัวหอมใหญ่: 1 หัว
ไข่ไก่สด: 3 ฟอง
ผงปรุงรสหมู: 1 ช้อนชา
ซอสปรุงรส: 1 ช้อนโต๊ะ
น้ำมันหอย: 2 ช้อนโต๊ะ
น้ำตาลทรายแดง: 1 ช้อนชา"
เสือร้องไห้น้ำจิ้มขม,"เนื้อเสือร้องไห้ 1 ชิ้น: 3 ขีด
ซอสหอยนางรม: 1 ถ้วย
พริกไทยขาวป่น: 1/2 ถ้วย
พริกป่น: 1 ช้อนโต๊ะ
น้ำปลา: 2 ช้อนโต๊ะ
น้ำตาลทราย: 1/2 ช้อนโต๊ะ
ข้าวคั่ว: 1 ช้อนโต๊ะ
น้ำมะนาว: 1 ช้อนโต๊ะ
ดีวัว: 1 ช้อนโต๊ะ
ผงปรุงรส: ปลายนิ้ว
ต้นหอม และผักชีซอย:"
ปลาหมึกผัดพริกเผา,"ปลาหมึกสด (ล้างและหั่นพอคำ): 300 กรัม
หัวหอมใหญ่ (หั่นเป็นชิ้นพอคำ): 1 หัวใหญ่
ต้นหอมหั่นท่อน: 4-5 ต้น
น้ำพริกเผา: 3 ช้อนโต๊ะ
น้ำปลา: 1/2 ช้อนโต๊ะ
น้ำตาลทราย: 1 ช้อนชา
กระเทียมสับหยาบ ๆ: 1 ช้อนโต๊ะ
น้ำมันสำหรับผัด:"
ต้มเนื้อเปื่อย,"เนื้อน่องวัว: 1 กก.
ตะไคร้บุ: 3 ต้น
ใบมะกรูดฉีก: 5 ใบ
หอมแดงบุ: 4 หัว
เห็ดออรินจิ: 5 อัน
พริกขี้หนู: 6-7 เม็ด
ตั้งโอ๋: 2 ต้น
เกลือ: 1 ช้อนชา
ผงปรุงรส: 1/2 ช้อนชา
น้ำปลา: 2 ช้อนโต๊ะ
น้ำมะขามเปียก: 3 ช้อนโต๊ะ"
น้ำพริกปลาย่าง,"ปลาย่างป่น: 1 ถ้วย
หัวหอม: 1/2 ถ้วย
กระเทียม: 1/4 ถ้วย
พริกขี้หนูแห้ง: 15 เม็ด
พริกแห้งเม็ดใหญ่: 10 เม็ด
เกลือป่น: 1+1/2ช้อนโต๊ะ
เนื้อมะขามเปียก: 2 ช้อนโต๊ะ
น้ำมันสำหรับผัด: 1 ช้อนโต๊ะ"
ผัดแตงกวาหมูสับใสไข่,"แตงกวา: 4ลูก
แครอทหั่นฝอย: 40กรัม
ไข่ไก่: 2ฟอง
หมูสับ: 30กรัม
ซอยหอยนางรม: 1ช้อนโต๊ะ
ซีอิ๊วขาว: 1/2ช้อนโต๊ะ
น้ำตาลทราย: 1ช้อนชา
กระเทียมสับ: 3กลีบ
น้ำมันพืช: 
น้ำเปล่า:"
แกงป่าหมู,"เนื้อหมู: 2 ขีด
พริกแกงป่า: 100 กรัม
มะเขือเปราะ: 6 ผล
มะเขือพวง: 2 พวง
ถั่วฝักยาว: 7 เส้น
พริกไทยเม็ด: 2 พวง
ใบกระเพรา: 1-2 ต้น
พริกชี้ฟ้าแดง (หั่นเฉียง): 4 เม็ด
น้ำปลา: 2 ช้อนโต๊ะ
กระชายซอย: 1/2 ถ้วย"
แกงหมูชะมวง,"ขาหมูแล่แล้ว หรือหมูสามชั้น: 1 กก.
ตะไคร้ซอย: 7 ต้น
หอมแดง: 2 กำมือ
กระเทียม: 1 กำมือ
พริกชี้ฟ้าแห้ง: 10 เม็ด
ข่า: 1/4 แง่ง
กะปิแกง: 1 1/2 ช้อนแกงพูน
น้ำปลา: ตามใจชอบ
น้ำตาลอ้อย: ตามใจชอบ
ใบชะมวงฉีก: 25-30 ใบ
น้ำ: 2 ลิตร"
หน่อไม้ฝรั่งผัดน้ำมันหอย,"หน่อไม้ฝรั่ง: 2 กำ
กระเทียมสับ: ตามใจชอบ
น้ำมันหอย: 2 ช้อนโต๊ะ
น้ำมันพืช: เล็กน้อย
น้ำตาลทราย: ตามใจชอบ"
ผัดฉ่าหมู,"หมูเนื้อแดง: 3 ขีด
น้ำมันพืช: 1 ช้อนโต๊ะ
กระเทียมสับ: 2 ช้อนโต๊ะ
พริกชี้ฟ้าแดงหั่น: ตามชอบ
น้ำปลา: 1 ช้อนโต๊ะ
ผงปรุงรสคนอร์: 1 ช้อนชา
ซอสหอยนางรม: 2 ช้อนโต๊ะ
พริกไทยสด: ตามชอบ
กระชายหั่น: ตามชอบ
ใบมะกรูด: ตามชอบ
มะเขือเปาะ: 4 ลูก
มะเขือพวง: 1/2 ถ้วยตวง
พริกขี้หนูทุบ: 7 เม็ด"
หมูย่างพริกไทยดำ,"เนื้อหมู: 0.5กิโล
พริกไทยดำ: 1ถุง(5฿)
กระเทียม: 1หัว
รากผักชี: 1ต้น
เกลือ: 1ช้อนชา
ซอสหอยนางรม: 2ช้อนชา
รสดี: 1ช้อนโต๊ะ"
ขนมจีนน้ำยากะทิไก่,"กะทิ: 1 Kg
เนื้อไก่ส่วนหน้าอกต้ม: 500 กรัม
พริกแห้ง: 15-20 เม็ด
กระชายหั่น: 7 หัว
ตะไคร้ซอย: 3 ต้น
หัวหอมแดงหั่น: 7 หัว
ข่าหั่น: 1 หัว
กระเทียมซอย: 3 หัว
น้ำซุปที่เหลือจากต้มไก่: 2 ถ้วยตวง
เกลือป่น: 1 ช้อนโต๊ะ
น้ำปลา: 4 ช้อนโต๊ะ
น้ำตาลทราย: 2 ช้อนโต๊ะ
ใบมะกรูด: 10 ใบ
ลูกชิ้นปลา: 300 กรัม
ขนมจีน: 1 Kg"
น้ำจิ้มซีฟู้ด,"พริกขี้หนูสวน: 25 เม็ด
กระเทียม: 10 กลีบ
รากผักชี: 3 ราก
น้ำตาลปี๊บ: 1 ช้อนโต๊ะ
น้ำปลา: 3 ข้อนโต๊ะ
น้ำมะนาว: 4 ช้อนโต๊ะ
ผักชีสับ: 1 ช้อนโต๊ะ"
หลนหมูสับป๊อกป๊อก,"หมูสับ สับเองดังๆดีที่สุดค่ะ 100 กรัม: 
กะทิ 1 กล่อง ถ้ามีกะทิสดจะดีมาก: 
หอมแดง 5 หัว หอมใหญ่นิดหน่อย: 
ใบมะกรูด 5 ใบ: 
พริกขี้หนู พริกหนุ่ม ตามใจชอบ: 
มะขามเปียก คั้นน้ำนิดหน่อย: 
น้ำตาลปี๊ป ตามใจชอบ: 
น้ำปลา นิดหน่อย:"
ต้มยำเห็ดน้ำข้นใส่กุ้ง,"เครื่องต้มยำ​ (ตะไคร้, ใบมะกรูด, หอมแดง, ข่า)​: 1ชุด
ผักชี, ผักชีฝรั่ง​ ตามชอบ: ประมาณ​ 2ต้น
เห็ดฟาง: 2​ขีด
น้ำมะขามเปียก: 2ช้อนโต๊ะ​
น้ำปลา: 1ช้อนโต๊ะ​
น้ำตาล​: 1/2ช้อนโต๊ะ​
น้ำพริกเผา: 1ช้อนชา
นมข้นจืด​: 1/2ถ้วย
กุ้ง: 5-6ตัว
พริกขี้หนู​: 5-6เม็ด
มะนาว: 1ลูก
ซุปก้อน​ คนอร์: 1ก้อน"
ไข่เจียวชะอมกรอบ,"ไข่ไก่: 3ฟอง
น้ำปลา(ไม่ชอบก็เปลี่ยนเป็นซีอิ๊วขาวได้): 1ช้อนโต๊ะ
ชะอม: 1ถ้วย
น้ำมันพืชสำหรับทอด: 
แป้งทอดกรอบ: 1ถ้วย
เกล็ดขนมปัง: 1ถ้วย
ไข่ไก่ (ชุบแป้งทอด): 2"
หมูผัดพริกหวาน,"เนื้อหมู: 
พริกหวาน 3 สี: 
หัวหอมใหญ่: 
กระเทียม: 
น้ำมันถั่วเหลือง: 
น้ำเปล่า: 
คนอร์ซอสข้นปรุงรส: 
น้ำตาลทราย:"
หมูผัดพริกไทยดำ,"สันในหมูหั่นชิ้นบางๆ (เลือกสันในเพราะเนื้อนุ่ม ไม่เหนียว): 150 กรัม
กระเทียมสับ: 1 ช้อนโต๊ะ
หอมใหญ่ปอกเปลือกหั่นเสี้ยว: 1 ลูกกลาง
พริกหวานหั่นชิ้นพอคำ: 1 ลูกกลาง
ต้นหอมหั่นท่อน: 2-3 ต้น
พริกไทยดำบดใหม่ๆ หรือถ้าไม่มีเครื่องบดให้โขลกพอแตก พริกไทยดำบดใหม่ๆจะหอมมาก: 1 ช้อนโต๊ะ
น้ำตาลทรายนิดหน่อย: 
ซอสปรุงรส: 1 - 1 1/2 ช้อนโต๊ะ
น้ำมันหอย: 1 ช้อนโต๊ะ
น้ำมันสำหรับผัด: 1 ช้อนโต๊ะ"
มะละกอผัดไข่,"ไข่ไก่: 3 ฟอง
มะละกอ: 1 ชิ้น
ซีอิ๊วปรุงรส: ตามชอบ
น้ำมันหอย: 1 ช้อนโต๊ะ
น้ำตาล: 1/2 ช้อนชา
กระเทียม: 3-4 กลีบ"
หมูฝอย ไก่ฝอย เนื้อฝอย,"เนื้อหมูหรือเนื้อไก่หรือเนื้อวัว: 500 กรัม
น้ำตาลทราย: 200 กรัม
เกลือ: 1 ช้อนโต๊ะ
ผงคนอร์อร่อยชัวร์: 1 ช้อนชา
หอมแดงซอย: 100 กรัม
น้ำมันสำหรับทอด: พอท่วม"
แกงเผ็ดหมูใส่หน่อเหลียง,"หัวกะทิ: 
หมูสันใน: 
เครื่องแกงเผ็ด: 
หน่อเหลียง: 
ใบโหระพา: 
น้ำตาล: 
น้ำปลา: 
เกลือ: 
หางกะทิ: "
ยำมะเขือยาวเผาไข่ต้ม,"มะเขือยาวเผา: 2 ลูก
หมูสับ: 1/2 ถ้วย
ไข่ต้ม: 1-2 ฟอง
หัวหอมแดงซอย: 1/4 ถ้วย
พริกขี้หนูซอย: 5 เม็ด
น้ำปลา: 2 ช้อนโต๊ะ
น้ำตาล: 2 ช้อนโต๊ะ
น้ำมะนาว: 3 ช้อนโต๊ะ
ใบมะกรูดซอย: 3 ใบ"
ผัดชะอมวุ้นเส้นหมูสับ,"วุ้นเส้น (แช่น้ำจนนิ่ม): 
ชะอมเด็ดยอดอ่อน: 500 กรัม
เนื้อหมูสับ: 500 กรัม
กระเทียมสับ: 5 กลีบ
น้ำตาลทราย: 2 ช้อนโต๊ะ
ซอสปรุงรส: 2 ช้อนโต๊ะ
ซอสหอยนางรม: 1 ช้อนโต๊ะ"
ปลาซาบะนึ่งมะนาว,"ปลาซาบะ: 1-2 ตัว
พริก: 5 เม็ด
กระเทียม: 5 กลีบ
มะนาว: 3-4 ลูก
ขึ้นฉ่าย: 
ซีอิ๋วขาว: 1 ช้อนโต๊ะ
น้ำอุ่น: 1 ชต"
ปลาทับทิมทอดราดซอสมะขาม,"เนื้อปลาทับทิม (แร่เนื้อ): 1 ต้ว
เกลือป่น: 1 1/2 ช้อนชา
น้ำเปล่า: 1 1/2 ถ้วย
น้ำมะขามเปียก: 2 ช้อนโต๊ะ
น้ำปลา: 1 ช้อนโต๊ะ
น้ำตาลปี๊บ: 3 ช้อนโต๊ะ
กระเทียมเจียว: 1/4 ถ้วย
หอมเล็กเจียว: 1/4 ถ้วย
น้ำมันถั่วเหลือง: 1 ถ้วย
พริกกระเหรี่ยงคั่ว สำหรับตกแต่ง: 
ใบสาระแหน่ สำหรับตกแต่ง: 
ใบมะกูดหั่นฝอย สำหรับตกแต่ง: 
ตะใคร้หั่นฝอย (ทอด) สำหรับตกแต่ง:"
ข้าวหมูทอดกระเทียม,"เนื้อหมูสันนอก: 250 กรัม
กระเทียมไทย: 1 ถ้วย
รากผักชี: 7 ราก
น้ำมันหอย: 1 ช้อนโต๊ะ
ซีอิ๊วขาว: 2 ช้อนโต๊ะ
น้ำตาลทราย: 1/2 ช้อนโต๊ะ
พริกไทยขาวป่น: 1 ช้อนชา"
หลนปลาเค็ม หอมหวานกลมกล่อม,"หัวปลา: 2หัว
หมูบด: 3ขีด
กะทิ: 1กล่อง
หอมแดง: 2หัว
พริกหยวก: 3เม็ด
พริกเหลือง: 3เม็ด
น้ำมะขามเปียก: 1ชาม
มะนาว: 2ลูก
น้ำตาลปึกทุบแตก: 2-3ก้อน"
ปลาทูหอมทรงเครื่อง,"ปลาทูหอม: 1ตัว
พริกขี้หนู: 7เม็ด
พริกแดงจินดา: 5เม็ด
หอมแดง: 4หัว
มะนาว: 1/2ลูก
แป้งข้าวโพด: 2ช้อนโต๊ะ
น้ำมันพืช:"
ดอกหอมผัดไข่,"ดอกหอม: 1 กำ
ไข่ไก่: 2 ฟอง
เนื้อหมู: 100 กรัม
กระเทียม: 1 ช้อนโต๊ะ
น้ำมันหอย: 1/2 ช้อนโต๊ะ
ซีอิ๊วขาว: 1/2 ช้อนโต๊ะ
น้ำตาลทราย: 1/2 ช้อนโต๊ะ
น้ำมันดอกทานตะวัน: 1/2 ช้อนโต๊ะ"
ปิ้งงบหัวปลี,"หัวปลี: 4 หัว
เนื้อหมูสับ: 200 กรัม
เนื้อปลากราย: 200 กรัม
พริกแกงเผ็ด: 1 ขีด
ไข่: 1 ฟอง
น้ำปลา: 2 ช้อนโต๊ะ
น้ำตาล: 1 ช้อนโต๊ะ
ใบมะกรูดซอย: 15 ใบ
ใบตอง+ไม้กลัด: ให้พอที่หอ
กะทิ: 1 ถ้วย"
น้ำพริกหนุ่ม,"พริกหนุ่ม: 15 เม็ด
หอมแดง: 10 หัว
กระเทียม: 5 หัว
เกลือ: 1/2 ช้อนชา
มะนาว: 2 ลูก
น้ำตาล: 1/2 ช้อนชา
ผงคนอร์(รสหมู): 1 ช้อนโต๊ะ
ผงชูรส (ไม่ชอบไม่ต้องใส่): 1/2 ช้อนชา"
หมูฮ้อง,"หมูสามชั้น: 500 g
พริกไทยดำ-ขาว อย่างละ: 1 ช้อนโต๊ะ
กระเทียม: 2 ช้อนโต๊ะ
รากผักชี: 2 ช้อนโต๊ะ
อบเชย: 2 แท่ง
ดอกจันทร์: 3 ดอก
ซีอิ้วขาว: 3 ช้อนโต๊ะ
ซีอิ้วดำ: 1 ช้อนโต๊ะ
น้ำตาลทรายแดง: 2 ช้อนโต๊ะ
น้ำตาลปี๊บ: 1 ช้อนโต๊ะ
เกลือ: 1/2 ช้อนชา
ซุปรสหมูก้อนคนอร์: 1 ก้อน"
ก๋วยเตี๋ยวหลอดทรงเครื่องแบบห่อ,"เส้นใหญ่ไม่ตัด: 1 กก
ถั่วงอก: 1/2 กก
กุ้งแห้ง ตัวใหญ่ ใส่พะโล้: 1/2 ขีด
กุ้งแห้งฝอย ใส่ก๋วยเตี๋ยวหลอด: 1/2 ขีด
เห็ดหอมแห้ง: 5 ดอก
เต้าหู้ขาว: 1 แผ่น
หมูสันใน: 300 กรัม
ผงพะโล้: 1 ช้อนโต๊ะ
พริกไทย: 1 ช้อนโต๊ะ
ซอสหอยนางรม: 4 ช้อนโต๊ะ
ซีอิ้วขาว: 2 ช้อนโต๊ะ
ซีอิ้วดำ: 1 ช้อนโต๊ะ
น้ำตาลปี๊บ: 1 ช้อนโต๊ะ
น้ำจิ้มซีอิ้วดำ สูตรก่อนหน้า: 1 ถ้วย"
ต้มแซ่บกระดูกหมู,"ซี่โครงหมู: 800กรัม
เห็ดฟาง: 1ถ้วย
ตะไคร้ทุบ: 3ต้น
หอมแดงคั่ว: 4-5หัว
ข่าแก่หั่นแว่น: 4-5ชิ้น
น้ำมะขามเปียก: 3ช้อนโต๊ะ
พริกขี้หนูโขลกหยาบ: 7-8เม็ด
พริกป่น: 1/2 ช้อนโต๊ะ หรือตามชอบ
พริกแห้งคั่ว: 5เม็ด
ข้าวคั่ว: 1ช้อนโต๊ะ
เกลือ: 1ช้อนชา
น้ำปลา: 3ชต
ใบมะกรูด: 4-5 ใบ
มะเขือเทศเทศราชินี: 4-5ลูก
ผักชีฝรั่งซอย: 2ช้อนโต๊ะ
น้ำเปล่า:"
วุ้นเส้นหมูสับต้มยำ,"หมูสับ: 500 g
วุ้นเส้น: 1 ห่อ
พริกแดงป่น: 
ถั่วป่น: 
มะนาว: 
น้ำปลา: 
น้ำตาล: 
ผักชี: 
กระดูกหมูสำหรับต้มซุป: 200 g
เกลือ:"
แกงบอน ใส่กะทิ,"กระชายซอยละเอียด: 1/2ถ้วยเล็ก
ส่วนผสมของพริกแกง(เครื่องแกง): 
ตะใคร์ หั่นซอยละเอียด: 2ต้น
หอมแดงซอย: 10หัว
ผิวมะกรูดหั่นฝอย: 1ช้อนชา
กระเทียมแกะเปลือก: 4หัว
พริกขี้หนูแห้ง เอาเม็ดออกแช่น้ำให้พริกนิ่ม: 10เม็ด
กะปิ: 1ช้อนชา
ข่าหั่นเป็นแว่น: 4แว่น
เกลือ: 1ช้อนชา
ส่วนผสมของแกงบอน: 
หมูสามชั้น: 1/2กก.
ก้านบอนเอาที่อ่อนๆ หั่นเป็นท่อน: 15ก้าน
น้ำปลาร้าต้มสุก: 2ช้อนโต๊ะ
กะทิ: 1/2กก.
ใบมะกรูดฉีก: 5ใบ
มะกรูดผ่าครึ่งเอาเม็ดออก: 1ลูก
น้ำมะกรูด: 1ข้อนโต๊ะ
น้ำปลา: 3ช้อนโต๊ะ
น้ำตาลปี๊บ: 3ช้อนโต๊ะ
น้ำเปล่า: 2ถ้วย"
ต้มยำหัวปลาแซลมอนน้ำใส,"หัวปลาแซลมอนพร้อมพุง: 300 กรัม
ตะใคร้ ใบมะกรูด: 2 ชุด
มะนาว: 5 ลูก
พริกแดง: ตามความชอบ
หอมใหญ่: 1 หัว
มะเขือเทศ: 3 ลูก
น้ำปลา: ตามความชอบ"
ราดหน้ารวมมิตรใส่ไข่,"เส้นใหญ่: 400 กรัม
บะหมี่เหลืองลวก: 4 ก้อน
หมูสันคอหั่นชิ้นบาง: 400 กรัม
ปลาหมึกสดลวก: 200 กรัม
กุ้งสด: 200 กรัม
คะน้าฮ่องกงหั่นท่อน: 500 กรัม
เห็ดเออรินจิหั่นท่อน: 200 กรัม
เต้าเจี้ยวบด: 1 ช้อนโต๊ะ
กระเทียมสับ: 1 ช้อนโต๊ะ
น้ำมันหอย: 4 ช้อนโต๊ะ
ซอสปรุงรส: 3 ช้อนโต๊ะ
น้ำปลา: 1 ช้อนชา
น้ำตาลทราย: 2 ช้อนโต๊ะ
แป้งเท้า: 5 ช้อนโต๊ะ
น้ำเปล่า: 3 ลิตร
ไข่ไก่: 3 ฟอง
น้ำมันพืช (ผัดเส้น): 2 ช้อนโต๊ะ
น้ำมันพืช (ผัดน้ำราดหน้า): 1 ช้อนโต๊ะ"
ไข่ระเบิด,"ไข่ไก่: 
น้ำมัน: 
แครอท: 
หัวหอม: 
ข้าวโพดอ่อน: 
หมูสับ: 
ไส้กรอก: 
ต้นหอม: 
ผักชี: 
พริกไทยดำ: 
เกลือ: 
ซอสพริก: 
ซอสมะเขือเทศ: 
น้ำต้มสุก: "
หุง(นึ่ง)ข้าวเหนียว ด้วยไมโครเวฟ,"ข้าวเหนียวเขี้ยวงู: 1 ถ.
น้ำสะอาด: พอประมาณ"
หมูหวาน,"หมูสามชั้น: 300 กรัม
ซีอิ้วดำ: 1 ช้อนโต๊ะ
ซีอิ้วขาว: 1 ช้อนโต๊ะ
ซอสถั่วเหลือง: 1 ช้อนโต๊ะ
น้ำตาลปี๊บ: 1 ช้อนโต๊ะ
หอมแดง: 10 หัว
น้ำมันพืช: 1 ช้อนโต๊ะ
น้ำเปล่า: 1 ถ้วยตวง"
ผัดกะเพราเนื้อสับ,"เนื้อบด: 2 ขีด
ใบกะเพรา: 10 ใบ
กระเทียม: 5 กลีบ
พริกขี้หนูสวน: ตามใจชอบ
น้ำปลา: 1 ช้อนโต๊ะ
ซอสปรุงรส: 1 ช้อนโต๊ะ
ซอสหอยนางรม: 1 1/2 ช้อนโต๊ะ
น้ำตาล: 1 ช้อนชา
น้ำต้มสุก: 2-3 ช้อนโต๊ะ"
สังขยาฟักทองมันม่วง หวานละมุ่นนน,"ฟักทอง น้ำหนักไม่เกิน 1 kg: 1 ลูก
ไข่ไก่สด: 3 ฟอง
นมข้นจืด: 200 ml
ผงมันม่วงญี่ปุน100%: 2 ช้อนโต๊ะ
น้ำตาลมะพร้าว: 120 กรัม
น้ำตาลทราย: 50 กรัม
วานิลา: 1/2 ช้อนชา
เกลือ: หยิบมือนะ"
แกงจืดเต้าหู้หมูเด้ง,"หมูเด้งสำเร็จรูป: 200 กรัม
ผักกาดขาวล้างสะอาด: ตามชอบ
เต้าหู้ไข่แบบหลอดหั่นครึ่ง: 2หลอด
ต้นหอม ขึ้นช่ายหั่นท่อน: ตามชอบ
วุ้นเส้นสด: 100 กรัม
คนอร์ซุปก้อนรสหมู: 1 ก้อน
น้ำปลา: เล็กน้อย
พริกไทยป่น: เล็กน้อย
กระเทียมเจียว: เล็กน้อย"
ห่อหมกทะเล,"กุ้ง: 20 ตัว
ปลาหมึกกล้วยขนาดกลาง: 4 ตัว
เนื้อปลากราย: 1 กก.
พริกแกงเผ็ด: 1 ช้อนโต๊ะ
ไข่ไก่: 2 ฟอง
น้ำตาล: 2 ช้อนโต๊ะ
น้ำปลา: เล็กน้อย
กระทิ: 300 กรัม
แป้งมัน: 1 ช้อนโต๊ะ
กะหล่ำปลี: 1/2 หัว
ใบโหระพา: 1 มัด
ใบมะกรูด: 5 ใบ
พริกชี้ฟ้าแดง: 5 เม็ด
กระทงใบตอง: 20 กระทง"
กาละแม,"แป้งข้าวเหนียว: 400 กรัม
แป้งท้าวยายม่อม: 100 กรัม
น้ำกะทิ: 1 ลิตร
น้ำตาลทรายแดง(โอวทึ้ง): 500 กรัม
ดอกเกลือ: 1/2 ชต"
มะเขือยาวผัดหมูสับ,"มะเขือยาว: 2
หมูสับ: ตามชอบ
กระเทียม: ตามชอบ
ซีอิ๊วขาว: ปรุงรสเล็กน้อย
น้ำมันหอย: ปรุงรสเล็กน้อย
น้ำตาลทราย: ปลายช้อนชา
น้ำสะอาด: เล็กน้อย
ใบโหระพา:"
หมูสับต้มบ๊วย,"หมูสับ: 150 กรัม
บ๊วยดอง เอาเม็ดออก: 4-5 เม็ด
น้ำบ๊วยดอง: 1/2 ถ้วย
ซุปก้อน: 1 ก้อน
ต้นหอมหั่นท่อน: 3 ต้น"
ไก่บ้านนึ่งสมุนไพร,"ไก่บ้าน: 1 ตัว
ตะไคร้: 3หัว
ข่า: 1 หัว
ขิง: 1หัว
พริกแห้ง: 10 เม็ด
กระเทียม: 10 กลีบ
หอมแดง: 2-3หัว
กะปิแกง: 1 ช้อนโต๊ะ
ซีอิ๊วขาว: 1ช้อนโต๊ะ
ผักชี: 1กำ
ผักชีฝรั่ง: 2ต้น
รากผักชี: 1 ต้น"
ข้าวผัดปลาเค็มทรงเครื่อง,"ข้าวเสาไห้หุกสุกกำลังดี: 4ถ้วย
ไข่เป็ดหรือไก่: 3ฟอง
ปลาเค็มชิ้นหนาๆ: 1ชิ้น
แครอทหั่นฝอย: 1/2หัว
หอมใหญ่หั่นฝอย: 1/2หัว
ยอดคะน้าเอาแต่ก้านหั่นแว่น: 1กำ
แฮมหั่นเต๋า: 2-3แผ่น
น้ำตาล: 3ช้อนชา
พริกไท: 1ช้อนชา
น้ำปลาทิพรส: ตามชอบ"
แกงเขียวหวานตีนไก่,"ตีนไก่: 1 กิโล
เนื้อไก่ส่วนสะโพก: 200 กรัม
กระทิคั้น(ซื้อที่ตลาด): 1 กิโล
พริกแกงเขียวหวาน: 300 กรัม
หน่อไม้ หรือ ยอดมะพร้าว: 200 กรัม
พริกชี้ฟ้าแดง: 5-6 เม็ด
ใบมะกรูด: 5 ใบ
ใบโหระพา: 2-3 กำมือ"
เนื้อพิโรธ,"เนื้อสันในวัว: 1kg
พริกแกงแดง: 2ขีด
พริกแกงใต้: 1ขีด
ใบกระเพรา: เยอะๆ
พริกขี้หนูสวน: ตามชอบ
ใบยี่หร่า: ตามชอบ
กระชายหั่นซอย: 
ใบมะกรูดหั่นซอย: 
น้ำมันหอย: 
เหล้าจีน: 
ภูเขาทองฝาเขียว: 
น้ำปลา:"
เคบับไก่ (กะบับ) สูตรเร่งด่วนใน 10 นาที,"เนื้อไก่: 400 g
หัวหอมแขก หรือหอมแดงก็ได้ ผมใช้อย่างละครึ่ง: 1 หัว
มะเขือเทศ: 1ลูก
ผงมาซาล่า: 2 ช้อนโต๊ะ
ผงปาปริก้า: 1 ช้อนโต๊ะ
เมล็ดยี่หร่า: ครึ่งช้อนโต๊ะ
พริกไทยดำ: ครึ่งช้อนโต๊ะ
เกลือ: 2 ช้อนชา
กระเทียม: 1 หัว
เนยแท้: 1 ช้อน
ผักหรือสลัดตามชอบ: ตามชอบ"
🦐 กุ้งกระเทียม 🧄,"กุ้ง: 6 ตัว
กระเทียม: 4 กลีบ
รากผักชี: 2 ราก
น้ำมันพืช: 1 ช้อนโต๊ะ
ซีอิ๊วขาว: ตามชอบ
น้ำตาลทราย: ตามชอบ
ผงปรุงรส: ตามชอบ
พริกไทย: ตามชอบ"
"“ผัดฉ่าปลาดุกกรอบ""","น้ำมันพืช: 3 ช้อนโต๊ะ
พริกแกงเผ็ด: 2-3 ช้อนโต๊ะ
น้ำสะอาด: 1 ถ้วยเล็ก
ปลาดุกทอดกรอบ: 1 โล
น้ำตาลทราย: 3 ช้อนชา
น้ำปลา: 2-3 ช้อนชา
ผงปรุงรส: 1 ช้อนชา
กระชาย: 1 ถ้วยเล็ก
พริกไทยเม็ด: 2-3 กิ่ง
ใบมะกรูด: 6-7 ใบ
พริกใหญ่แดง: 1-2 เม็ด"
หมูกรอบ ฉุกเฉิน 15 นาที ...เร็วสุดในโลก,"หมูสามชั้น: 1เส้น
เกลือ: เล็กน้อย"
ป่นปลาทูสูตรเด็ด,"ปลาทู: 1ตัว
พริกเม็ดใหญ่ เขียว แดง: 20เม็ด
กระเทียม: 10เม็ด
หอมแดง: 10เม็ด
น้ำปลา: 1ช้อนโต๊ะ
น้ำมะนาว: 1ลูก
พริกป่น: 1ช้อนชา
น้ำมันพืช: 2ช้อนโต๊ะ"
น้ำพริกกุ้งสด (Nam Prik Goong Sod),"กุ้งแม่น้ำ (ทั้งเปลือก): 400 กรัม
กระเทียมไทย (ซอย): 20 กลีบ
กะทิ (ย่าง): 3 ช้อนโต๊ะ
พริกชี้ฟ้าเหลือง: 2 ช้อนโต๊ะ
พริกขี้หนูสวนเม็ดเล็ก (ซอย): 20 + สำหรับเสิร์ฟ
มะเขือพวง: 150 เม็ด
น้ำมะนาว: 4 ช้อนโต๊ะ
น้ำปลา: 2 ช้อนโต๊ะ
น้ำตาลปี๊บ: 2 ช้อนโต๊ะ
แตงไทยอ่อน: สำหรับจัดเสิร์ฟ
ยอดมะกอก: สำหรับจัดเสิร์ฟ
ผักกาดขาว: สำหรับจัดเสิร์ฟ
ฟักทองนี่ง: สำหรับจัดเสิร์ฟ
มะเขือเปราะ: สำหรับจัดเสิร์ฟ
มะเขือตอแหล: สำหรับจัดเสิร์ฟ
ขมิ้นขาว: สำหรับจัดเสิร์ฟ
ไข่เค็ม: สำหรับจัดเสิร์ฟ"
แกงคั่วปลาดุกใบชะพลู,"ปลาดุก 1ตัว: 10-15ชิ้น
ใบชะพลูหั่นฝอย: 20ใบ
ใบโหระพา: 1กำมือ
พริกชี้ฟ้าแดงหรือพริกขี้หนูแดง: 5เม็ด
พริกแกงคั่ว: 2ช้อนโต๊ะ
น้ำตาลปิ๊บ: 1 1/2 ช้อนโต๊ะ
น้ำปลา: 2ช้อนโต๊ะ
กะทิ1กล่อง: 250มิลลิลิตร
น้ำเปล่า: 1/2ถ้วยตวง
เกลือสำหรับล้างปลาดุก: 3ช้อนโต๊ะ"
ต้มยำทะเลน้ำใส,"กุ้งสด: 300 หรัม
ปลาหมึกสด: 200 กรัม
ตะไคร้: 2 ต้น
หอมแดง: 10 หัว
ข่าอ่อน: 4-5 แว่น
พริกขี้หนู: 5-7 เม็ด
น้ำมะขามเปียก: 2-3 ช้อนโต๊ะ
มะนาว: 1 ลูห
น้ำปลา: 3-4 ช้อนโต๊ะ
ผักชีฝรั่ง: 1 ต้น
ต้นหอมผักชีซอย: 1 ช้อนโต๊ะ
ใบมะกรูด: 4-5 ใบ
น้ำเปล่า: 3 ถ้วย
คนอร์ซุปก้อน: 1/2 ก้อน
มะเขือเทศ: 3 ลูก"
ผัดเผ็ดหมูสามชั้น,"พริกแกงเผ็ดปักษ์ใต้: 30 กรัม
หมูสามชั้น: 1 เส้น
กะปิ: 10 กรัม
น้ำมันพืช: 2 ช้อนโต๊ะ
น้ำปลา: 1 ช้อนชา
น้ำตาล: 1 ช้อนชา
ผงปรุงรสคนอร์หมู: 1 ช้อนชา
ใบมะกรูด: 3 ใบ
พริกไทยอ่อน: 2 ช่อ
น้ำเปล่า: 2 ช้อนโต๊ะ"
ยำปลาดุกฟู,"ปลาดุกย่าง: 2 ตัว
เกล็ดขนมปัง: 1-1/2ถ้วย
น้ำมันทอด: 2 ถ้วย
มะนาว: 1 ลูก
น้ำตาล: 1 ช้อนโต๊ะ
น้ำปลา: 2 ช้อนโต๊ะ
พริกจินดา: 5 เม็ด
มะม่วงเปรี้ยว: 1/2 ลูก
เม็ดมะม่วงหิมพานต์อบ: 2 ช้อนโต๊ะ
หอมแดง: 3 หัว"
ต้มยำปลาทู,"ปลาทูแม่กลอง (ตัวเล็ก): 10 ตัว
เครื่องต้มยำ / ข่า / ตะไคร้ /ใบมะกรูด: มีขายเป็นชุดๆ ใช้ 1 ชุด
มะนาว: 2 ลูก
มะเขือเทศ: 1 ลูก
พริกชี้ฟ้า: 3-4 เม็ด
เกลือ: 1 ช้อนชา
ผงปรุงรส: ตามใจชอบ
น้ำปลา: 2 ช้อนโต๊ะ"
แกงกะทิหมู,"เนื้อหมู: 
กะทิ: 
มะเขือเปาะ: 
ใบโหระพา: 
พริกชี้ฟ้าแดง หรือ เขียว: 
น้ำปลา: 
น้ำตาล: 
เกลือ: 
น้ำเปล่า: "
น้ำพริกตะไคร้หมูสับ,"ตะไคร้: 
หอมแดง: 
กระเทียม: 
พริกขี้หนู: 
น้ำมัน: 
หมูสับ: 
น้ำปลา: 
มะนาว: 
น้ำตาลปี๊บ: 
น้ำต้มสุก: "
กบผัดกระเพรา,"กบ (1 ตัว): 3 ขีด
พริกขี้หนู: 2 ช้อนโต๊ะ
กระเทียม: 6 กลีบ
ใบกระเพรา: 1 ถ้วย
ซีอิ๊วขาว: 1 ช้อนโต๊ะ
ซีอิ๊วดำ: 1 ช้อนโต๊ะ
น้ำมันหอย: 2 ช้อนโต๊ะ
น้ำตาลทราย: 1 ช้อนชา
น้ำมันพืช: 2 ช้อนโต๊ะ"
น้ำจิ้มซีฟู้ด สำหรับทำขาย,"พริกขี้หนูสวน: 4ขีด
ผักชี: 4ขีด
กระเทียม: 4ขีด
น้ำตาลปี๊บ: 1กิโล
น้ำมะนาว: 4กระบวย
น้ำอุ่น: 3กระบวย
ชูรส(ไม่ใส่ก็ได้): 3ช้อนโต๊ะ
เกลือทะเล: 5ช้อนแกง"
มะปรางลอยแก้ว,"มะปราง: 1/2กิโล
น้ำตาลทราย: 1ถ้วย
เกลือ: 2ชช
น้ำสะอาด: 2ถ้วย"
คอหมูย่าง (กระเทียมพริกไทยดำ),"คอหมู: 2 ชิ้น
กระเทียม (ตำหยาบ): 1 ช้อนโต๊ะ
พริกไทยดำ (ตำหยาบ): 1 ช้อนโต๊ะ
ผงปรุงรสหมู (คนอร์): 1 ช้อนโต๊ะ
น้ำตาลปี๊ป: 1 ½ช้อนโต๊ะ
น้ำมันหอย: ½ช้อนโต๊ะ
ซีอิ๊วขาว: ½ช้อนโต๊ะ
ต้นหอม (หั่น): สำหรับตกแต่ง
น้ำจิ้มแจ่ว (สำหรับทานคู่กับคอหมูย่าง):"
ปลาทูนึ่ง,"ปลาทู: 1 kg
เกลือ: 5 ช้อนโต๊ะ
น้ำเปล่า: 1 ลิตร
ตะไคร้: 2-3 ต้น
กระเทียม: 3 กลีบ
หอมแดง: 2 หัว"
น้ำพริกมะขามอ่อนผัด,"เนื้อหมู: 200 กรัม
มะขามอ่อน: 200 กรัม
หอมแดง: 200 กรัม
กระเทียม: 50 กรัม
กะปิเผา: 50 กรัม
น้ำตาลปี๊บ: 80 กรัม
เกลือ: 2 ช้อนชา
พริกขี้หนู: 30 กรัม
กุ้งแห้งป่น: 30 กรัม"
น้ำจิ้มซีฟู้ดพริกแดง (Spicy Red Sauce)🌶🌶,"พริกจินดา: 15-20 เม็ด
กระเทียม หัวกลางๆ: 1 หัว
มะนาว: 2 ผล
น้ำปลา: 2 ช้อนโต๊ะ
น้ำตาลทรายไม่ขัดสี: 1.5 ช้อนโต๊ะ
เกลือ: 1 ช้อนชา
น้ำสะอาด ต้มสุก: 2 ช้อนโต๊ะ
ผักชี: 1 ต้น"
ผักหวานผัดไข่,"ผักหวานเด็ดใบ: 3ขีด
ไข่ไก่: 2ฟอง
น้ำตาลทราย: 2ชช
น้ำปลา: 2-3ชช
น้ำมัน: 2ชต
กระเทียมสับ: 2ชช"
ข้าวคลุกกะปิ,"กะปิ: 
ข้าวสวย: 
หมูสามชั้น: 
น้ำตาล: 
กระเทียม: 
เนื้อสัปปะรด: 
กุนเชียง: 
ไข่ไก่: 
ไข่เค็ม: 
ปลาทู: 
ถั่วฝักยาว: 
หอมแดง: 
พริกขี้หนู: 
มะม่วง: 
กุ้งแห้ง: 
ผักชี: 
ซีอิ้วดำ: "
สตูไก่ สูตรไม่ใส่เครื่องเทศ,"สะโพกไก่: 3 ชิ้น
เกลือ: 1/2 ช้อนชา
พริกไทย: 1/2 ช้อนชา
มันฝรั่ง: 2 หัว
แครอท: 2 หัว
แป้งสาลี: 3 ช้อนโต๊ะ
น้ำมัน: 1/2 ถ้วย
เนย: 2 ช้อนโต๊ะ
กระเทียม: 4 กลีบ
หอมแขก: 1 หัว
ผงปรุงรส: 2 ก้อน
ซอสมะเขือเทศ: 1 ถ้วย"
ฟักทองแกงบวชสูตรเด็ด,"ฟักทอง: 1 ลูก
หางกะทิ: 1/2 kg.
หัวกะทิ: 1/2 kg.
ใบเตย: 3-4 ใบ
น้ำตาลปี๊บ: 1 ทัพพี
เกลือ: 1 ช้อนโต๊ะ"
ฉู่ฉี่กุ้งปลาหมึก 🦐🦑,"กุ้ง: 200 กรัม
ปลาหมึก: 200 กรัม
กะทิ: 150 กรัม
พริกแกงเผ็ด: 1 ช้อนโต๊ะ
มันกุ้ง: 1 ช้อนโต๊ะ
น้ำตาลปี๊บ: ปลายช้อน
ใบมะกรูด: 8 ใบ
พริกแดง: 5 เม็ด"
ผัดยอดมะพร้าวอ่อนใส่หมูสับ,"หมูสับ: 100 กรัม
ยอดมะพร้าวอ่อน: 200 กรัม
น้ำมันหอย: 1 ช้อนโต๊ะ
ซีอิ้วขาว: 1 ช้อนชา
ซอสปรุงรส: 2 ช้อนชา
น้ำตาลทราย: 2 ช่อนชา
กระเทียมกลีบเล็ก: 15 กลีบ
พริกขี้หนูสวน+พริกแดงจินดา: 15 เม็ด
ใบกะเพรา: 1 กำมือ
น้ำมันสำหรับผัด: 1 ช้อนโต๊ะ
น้ำเปล่าหรือน้ำซุป: 2 ช้อนโต๊ะ
พริกไทยป่น: เล็กน้อย"
กระเพราหมึกกุ้ง,"หมึกหั่นเเว่น: ครึ่งโล
กุ้งปอกเปลือก: ครึงโล
ใบกระเพรา: 1 กำมือ
พริกชีฟ้าเเดง: 5 เม็ด
กระเทียม: 1 หัว
พริกขี้หนูสวน: ึ10 เม็ด
ซีอิ๊วขาว: 2 ช้อนโต๊ะ
น้ำมันหอย: 2 ช้อนโต๊ะ
น้ำตาล: 1 ช้อนโต๊ะ
น้ำปลา: 1 ช้อนโต๊ะ
คนอร์: 1 ช้อนชา
น้ำมัน: 2 ช้อนโต๊ะ"
น้ำพริกปลาร้า,"พริกชี้ฟ้าเขียว: 10 เม็ด
หอมแดง: 5 หัว
กระเทียม: 10 กลีบ
ปลาร้า: 
น้ำเปล่า: 
มะนาว:"
ต้มซุปเปอร์ตีนไก่ แค่15นาที ก็ได้ดูดตีนกันมันแล้ว,"ตีนไก่: 1 กิโลกรัม
กระเทียมจีน: 10 กลีบ
รากผักชี: 6-7 ราก
เกลือ: 1 ช้อนโต๊ะ
น้ำสะอาด: 2 ลิตร
น้ำมันหอย: 5 ช้อนโต๊ะ
ซอสฝาเขียว: 4 ช้อนโต๊ะ
ซีอิ๊วดำ: 2 ช้อนโต๊ะ
น้ำตาลมะพร้าว: 2 ช้อนโต๊ะ
พริกขี้หนู: ตามชอบ
พริกจินดาแดง: ตามชอบ
ผักชี: 2 ต้น
น้ำมะนาว: 2 ลูก
เก๋ากี่:"
เทคนิคทอดปลาทูระดับส่งประกวด,"ปลาทูขนาดกลางๆ (ผมใช้เข่งละ 2 ตัว/30.-): 1 ตัวขึ้นไป
น้ำมันประมาณ 1 ถ้วยขึ้นไป: 1 ถ้วย
เกลือ: 1 หยิบมือ
กระทะเหล็ก: 1 ใบ"
กล้วยบวชชี (เมนูมัดใจหลัว),"กล้วยน้ำหว้า: 1 หวี
หัวกะทิ: 5 ถ้วย
เกลือ: 1 ช้อนชา
น้ำเปล่า: 5 ถ้วย"
กุ้งผัดผงกะหรี่,"กุ้งแกะเปลือก: 12 ตัว
ไข่ไก่: 2 ฟอง
แครอท: ตามชอบ
หัวหอมใหญ่: ตามชอบ
พริกหวานสีแดง: ตามชอบ
ต้นหอม: ตามชอบ
น้ำมัน: เล็กน้อย
ผงปรุงรสรสหมู: เล็กน้อย
น้ำพริกเผา: 1 ช้อนโต๊ะ
ผงกะหรี่สำเร็จ: 1 ซอง
น้ำเปล่า: 3-4 ช้อนโต๊ะ
น้ำตาล: เล็กน้อย
ซีอิ๊วขาว: เล็กน้อย
พริกชี้ฟ้า:"
กล้วยน้ำว้าอบเพื่อสุขภาพ,กล้วยน้ำว้า: 1 หวี
ต้มยำน้ำข้น,"หมูสามชั้นหั่นบาง: 450 กรัม
น้ำซุป: 2 ถต.
ซอสต้มยำ: 2 ช้อนโต๊ะ
หอมแดง: 6 หัว
ตะไคร้: 2 ต้น
พริกขี้หนูสวน: 10-15 เม็ด
ใบมะกรูด: 4-5 ใบ
ผักชี ผักชีฝรั่ง: 1 ต้น
น้ำปลาดี: 2 ช้อนโต๊ะ
มะนาว: 2-3 ลูก
กะทิเรียลไทย: 100 มล."
ซุปน่องไก่ใส่มันฝรั่ง,"1. น่องไก่ ขนาด 40-50 กรัม: 1 น่อง
2. แครอท: 50 กรัม
3. มันฝรั่ง: 50 กรัม
4. หอมหัวใหญ่: 30 กรัม
5. ผงซุปก้อนไก่: 1 ก้อน
6. ผักชีโรยหน้า:"
หมูสะดุ้ง (boiled pork spicy with lime ),"สันคอหมูหั่นชิ้น: 250 กรัม
น้ำมะนาว: 3 ช้อนโต๊ะ
น้ำปลา: 2 ช้อนโต๊ะ
น้ำตาลปึก: 0.5 ช้อนโต๊ะ
น้ำกระเทียมดอง: 2 ช้อนโต๊ะ
กระเทียมไทยตำละเอียด: 2 ช้อนโต๊ะ
พริกชี้ฟ้าตำละเอียด: 1.5 ช้อนโต๊ะ
รากผักชีโขลก: 0.5 ช้อนโต๊ะ
ก้านคะน้าอ่อน ปอกเปลือกแล้วนำไปแช่ฟรีส: 3-4 ต้น"
ต้มฟักน่องไก่ สูตรดอกเกลือ,"น่องไก่: 10-12 ชิ้น
ฝักเขียว(แก่): 1 kg
กระเทียม: 4-5 กลีบ
รากผักชี: 3-4 ราก
ผักชี: 3-4 ต้น
ดอกเกลือ: 4-5 ช้อนชา
พริกไทย: 2 ช้อนชา"
ถั่วฝักยาวผัดไข่,"ถั่วฟักยาว: 1 กำ
ไข่เป็ด/ไข่ไก่: 1-2 ฟอง
น้ำมันพืช: 2 ช้อนโต๊ะ
น้ำมันหอย: 2 ช้อนโต๊ะ
น้ำตาล: ตามใจชอบ
กระเทียมสับหยาบ: ตามใจชอบ
น้ำเปล่า: เล็กน้อย"
ส้มตำข้าวโพด ฉบับมือใหม่หัดแซ่บ,"แครอท: ตามชอบ
เส้นมะละกอ: ตามชอบ
ข้าวโพด: 1/3 ฝัก
ถั่วฝักยาว: 1 1/2 ต้น
ถั่วลิสง: 1ช้อนโต๊ะ
น้ำตาลปี๊บ: 1 1/3 ช้อนโต๊ะ
น้ำปลา: 2 ช้อนโต๊ะ
เกลือ: 1 ช้อนชา
น้ำมะนาว: 2 ช้อนโต๊ะ
พริกขี้หนู: ตามชอบ
กระเทียม: 2 กลีบ
มะเขือเทศ: ตามชอบ
กุ้งแห้ง: ตามชอบ"
หมูสามชั้นทอด,"คอหมูย่าง: 500 กรัม
ซอสข้นปรุงรส: 1 ช้อนโต๊ะ
แป้งทอดกรอบ: ตามชอบ
ผงบาร์บีคิว: ตามชอบ"
ต้มส้มปลากระบอก,"ปลากระบอก ขอดเกล็ด ทำความสะอาด หั่นเป็นท่อนๆ: 3-4 ชิ้น
ขิงซอย: 50 กรัม
ต้นหอมกับคึ่นฉ่ายหั่นเป็นท่อนๆ: 50 กรัม
พริกไทยเม็ด: 1 ช้อนโต๊ะ
หอมแดง: 2-3 หัว
กระปิ: 1/2 ช้อนโต๊ะ
น้ำเปล่า: 1 1/2 ถ้วย
น้ำตาลมะพร้าว: 1 1/2 ช้อนโต๊ะ
น้ำมะขามเปียก: 1 ช้อนโต๊ะ
น้ำปลา: 1 1/2 ช้อนโต๊ะ"
ผัดซีอิ้วหมูหมัก,"เส้นหมี่: แล้วแต่
หมูหมัก: 3 ขีด
ซีอิ้วดำ: 1 ช้อน
แครอท: 1/2 หัว
คะน้าฮ่องกง: 2-3 ต้น
น้ำมัน: 2-3 ช้อน
กระเทียบ: 5 กรีบ
ซีอิ้วขาว: 3-4 ช้อน
พริกไทย: 1/2 ช้อน
ผงปรุงรสหมู: 2 ช้อน
ผงฟู: 1/2 ช้อน
นมสด: 3-4 ช้อน
น้ำตาลปีบ: 1/2 ช้อน
เกลือ: 1/2 ช้อน
ไข่ไก่: 3 ใบ"
ไข่ยัดไส้,"ไข่ไก่: 2 ฟอง
หมูสับ: 300 กรัม
กระเทียมสับ: 1/2 ช้อนโต๊ะ
หอมหัวใหญ่สับ: 2 ช้อนโต๊ะ
แครอทสับ: 2 ช้อนโต๊ะ
น้ำมันมะกอก: 1/2 ช้อนโต๊ะ
ซีอิ๊วขาว: 1/2 ช้อนโต๊ะ
น้ำมันหอย: 1/2 ช้อนโต๊ะ
น้ำตาลทราย: 1 ช้อนชา
ซอสมะเขือเทศ: 1-2 ช้อนโต๊ะ
พริกไทย: ตามชอบ
เกลือ: ตามชอบ
น้ำ: 
มะเขืือเทศสับ: ถ้ามีก็ลดปริมาณของซอสมะเขือเทศได้"
เผือกหิมะ,"เผือกหอม: 0.5 กิโล
น้ำตาลทราย: 1.5 ถ้วย
เกลือ: 0.5 ช้อนชา
ใบเตย: 1 ต้น
น้ำมันพิช: เล็กน้อย
น้ำเปล่า: 1 ถ้วย"
ยำเห็ดหูหนูขาวกับหมูยอ,"หมูยอ: 1 แท่ง
เห็ดหูหนูขาว: 2 ถ้วย
มะเขือเทศ: 1/2 ถ้วย
ขึ้นฉ่าย: 1/2 ถ้วย
หอมหัวใหญ่: 1/2 ถ้วย
พริกขี้หนู: 1-2 ช้อนโต๊ะ
น้ำปลา: 2 ช้อนโต๊ะ
น้ำมะนาว: 3-4 ช้อนโต๊ะ
น้ำตาล: 1 ช้อนโต๊ะ
ซอสพริก(เพิ่มสี): 1 ช้อนโต๊ะ"
กระเพราหมูสับ สูตรพริกแห้ง,"พริกแห้ง: 6-8 เม็ด
พริกสด: 3-4 เม็ด
กระเทียมสับละเอียด: 3-4 กลีบ
หมูสับ: 300 กรัม
น้ำมันหอย: 1 ช้อนโต๊ะ
ซอสปรุงรส: 1/2 ช้อนโต๊ะ
น้ำปลา: 1 ช้อนโต๊ะ
น้ำตาลทราย: 1/2 ช้อนโต๊ะ
ใบกระเพรา: 3-4 ต้น
ใบมะกรูด: 1/2 ใบ"
มาม่าผัดกะเพราหมูสับ,"บะหมี่กึ่งสำเร็จรูป(มาม่า)ลวก: 70 กรัม
หมูสับ: 40 กรัม
ใบกะเพรา: 1 ถ้วย
คนอร์ซอสข้นปรุงรส รสหมู: 1 ช้อนโต๊ะ
น้ำตาลทราย: 1 ช้อนชา
ซีอิ๊วดำ: 1 ช้อนชา
กระเทียม.: 4 กลีบ
พริกแดงจินดา: 8 เม็ด
น้ำมันพืช.: เล็กน้อย
น้ำเปล่า: เล็กน้อย"
แกงคั่วหมูเค็มหน่อไม้ดอง,"หมูเค็มทอดแล้ว: 1-2ขีด
หน่อไม้ดอง: 1โล
ข่า: 1หัว
ตะไคร้ซอย: 6-8ต้น
ใบมะกรูด: 10ใบ
หอมแขก: 2ลูก
กะทิ: 1โล
พริกขี้หนูสวน: 20เม็ด
ส้มมะขาม: 1ปั้น
น้ำตาลปึก: 1/2ก้อน
น้ำปลา: 2ชต
กะปิ: 1/2ชต"
ต้มมะระกระดูกหมู,"กระดูกหมู: 1เส้น
มะระ: 1/2ลูก
เห็ดหอมแช่น้ำ: 4-5ดอก
เครื่องตุ๋นยาจีน: 
ต้นหอมผักชี: 
ซีอิ้วขาว: 
เกลือ: 
น้ำตาลทราย: 
พริกไทยป่น:"
บัวลอยเผือกไข่เค็ม,"เผือก: 150 กรัม
แป้งข้าวเหนียว: 1 ถ้วย
น้ำเปล่า: 1/3 ถ้วย
กะทิ: 250 มล
น้ำตาลปี๊บ: 100 กรัม
เกลือ: 1/4 ช้อนชา
ใบเตย: 1 มัด
ไข่แดงไข่เค็มนึ่งสุก: ตามชอบ
เนื้อมะพร้าวอ่อน: 60 กรัม"
กุ้งนึ่ง,"กุ้งขนาดกลาง: 8 - 10 ตัว
น้ำเปล่า:"
ราดหน้าหมี่กรอบ,"บะหมี่ไข่: 3 ก้อน
น้ำมันพืช: พอประมาณ
คะน้า: 3 ต้น
เนื้อหมู: 1 ถ้วย
ไข่ไก่ (หมักหมู): 1 ฟอง
แป้งมัน (หมักหมู: 1 1/2 ช้อนชา
ผงปรุงรส (หมักหมู): 1 ช้อนชา
พริกไทยขาวป่น (หมักหมู): 1 ช้อนชา
น้ำเปล่า: 
คนอร์ซุปก้อนรสหมู: 1 ก้อน
ผงปรุงรส: ตามชอบ
น้ำตาลทราย: ตามชอบ
ซีอิ๊วดำ: 1/2 ช้อนโต๊ะ
เต้าเจี้ยว: 1 ช้อนโต๊ะ
แป้งมัน: พอประมาณ"
ผัดแขนงผัดน้ำมันหอย,"แขนง: 300 กรัม
กระเทียม: 3-4 กรีบ
น้ำมันหอย: 2 ช้อน
น้ำตาล: เล็กน้อย
ซีอิ้วขาว: 1 ช้อน
ซอสปรุงรส: 1 ช้อน
น้ำมันพืช: 2 ช้อน"
ลาบหมู (ดิบ),"เนื้อหมูและเครื่องใน(สำหรับทำลาบ): 1 กิโล
เลือดหมูดิบ: *ที่ร้านจะแถมมาพร้อมเนื้อหมูถ้าบอกว่าจะไปทำลาบ
พริกลาบ: 2 ซอง(ซองละ10กรัม
เกลือ: 1ช้อนชา
ผักแพว(ผักไผ่): 1มัด
สะระแหน่: 1มัด
ผักชี: 1มัด
มะเขือเทศ(สำหรับแกล้ม): 3-4ลูก
ผักกาดขาว(สำหรับแกล้ม): 1หัว
น้ำปลา: 2ช้อนโต๊ะ
พริกแห้ง: 3-5 เม็ด
กระเทียมเจียว: ตามชอบ"
ข้าวยำน้ำบูดูของดีเมืองใต้,"ตะไคร้ซอย: 2 ต้น
ยอดใบมะม่วงหิมพาน: 1 ขีด
ใบมะกรูดซอย: 5 ใบ
มะม่วงซอย: ครึ่งลูก
แตงกวาหั่นชิ้น: 2 ลูก
เม็ดกระถิน: 5 ฝัก
มะนาว: 2 ลูก
หอมแดง: 2 ลูก
มะเขือเปราะหั่น: 4 ลูก
กุ้งแห้งป่น: 1 ช้อนโต๊ะ
มะพร้าวคั่ว: 1 ช้อนโต๊ะ
น้ำบูดู: 3 ช้อนโต๊ะ
ข้าวสวย: 2 ทัพพี
น้ำตาลปี๊ป: 2 ช้อนโต๊ะ"
ผัดเผ็ดเนื้อหน่อไม้ดอง,"เนื้อวัว (ติดมันเล็กน้อย): 250 กรัม
พริกแกงเผ็ด: 2 ช้อนโต๊ะ
พริกขี้หนู+กระเทียม สับ: 2 ช้อนโต๊ะ
น้ำปลาดี: 1 ช้อนโต๊ะ
น้ำตาลทราย: 1-2 ช้อนชา
ผงคนอร์อร่อยชัวร์: 1 ช้อนชา
หน่อไม้ดอง: 100 กรัม
กระชายซอย,พริกไทยอ่อน,ใบมะกรูด: 
ใบโหระพา,พริกชี้ฟ้าแดง เหลือง:"
ห่อหมกกุ้ง,"กุ้งสด: 14 ตัว
เนื้อปลาดอร์ลีสับ: 100 กรัม
พริกแกงเผ็ด: 40 กรัม
หัวกะทิ: 1 ถ้วยตวง
ไข่ไก่: 2 ฟอง
น้ำตาลปี๊บ: 1 ช้อนชา
น้ำปลา: 1/2 ช้อนโต๊ะ
กะหล่ำปลีซอย ลวกสุก: ตามชอบ
ใบมะกรูดซอย: ตามชอบ
พริกชี้ฟ้าแดงซอย: 3 เม็ด
หัวกะทิข้น: 5 ช้อนโต๊ะ
ผงปรุงรส คนอร์: 1/2 ช้อนโต๊ะ"
ปลาหมึก+กุ้ง ผัดไข่เค็ม 🦑🦐,"ปลาหมึกกล้วย: 1-2 ตัว
กุ้งสด: 10-12 ตัว
ไข่เค็ม (ไข่แดง): 3 ฟอง
ไข่เค็ม (ไข่ขาว): 1 ฟอง
น้ำพริกเผา: 3 ช้อนโต๊ะ
น้ำมันหอยนางรม: 1 ช้อนโต๊ะ
น้ำปลา: 1 ช้อนโต๊ะ
นมสดรสจืด หรือ คาเนชั่น: 2 ช้อนโต๊ะ
น้ำตาลทราย: 1 ช้อนชา
พริกชี้ฟ้าแดง: 1 เม็ด
หอมใหญ่: ครึ่งหัว
ต้นหอม: ตามชอบ
ขึ้นฉ่าย: ตามชอบ
กระเทียม: ตามชอบ
น้ำเปล่า: 2 ช้อนโต๊ะ"
หอยลายผัดพริกแกง,"หอยลาย: 300 กรัม
พริกแกงสำหรับผัด: 1 ช้อนโต๊ะ
น้ำปลา: 1 ช้อนชา
ซอลหอยนางรม: 1 ช้อนโต๊ะ
ซีอิ้วขาว: 1 ช้อนชา
น้ำมันพืช: 2 ช้อนโต๊ะ
กระเทียมทุบ: 1 -2 หัว
โหระพา (เด็ดใบ): 3-4 ช้อนโต๊ะ
น้ำเปล่า: 1 ถ้วยตวง"
ขนมจีนน้ำพริก แบบเร่งด่วน,"หมูสับ: 200 กรัม
กุ้งสด: 300 กรัม
กะทิ: 250 มล
มะกรูด: 1 ลูก
น้ำตาลปิ้บ: 2 ช้อนโต๊ะ
น้ำมะขามเปียก: 1 1/2 ช้อนโต๊ะ
เกลือ: 1/2 ช้อนชา
น้ำเปล่า: 200 มล
ถั่วลิสงตำ: 150 กรัม
เครื่องแกงมัสมั่น: 3 ช้อนโต๊ะ"
หอยดองแบบบ้าน,"เราทำด้วยหอยแมงภู่สด: 3กิโล
นํ้าปลา: 3ถ้วย
นํ้าส้มสายชู: 2ทัพพี
นํ้าตาลทรายแดง: 1ทัพพี
ผงปรุงรสคนอร์: 1ช้อนโต๊ะ"
สันคอหมูหม้อทอดไร้น้ำมัน,"สันคอหมู: 4 ขีด
วิกกี้ซอสหมักหมูนุ่ม: 2 - 3 ช้อนโต๊ะ
ผงปรุงรสรสหมู: 1 ช้อนชา
พริกไทย: ตามชอบ
น้ำมัน: 1 ช้อนโต๊ะ"
ไก่แดดเดียว,"เนื้ออกไก่: 320 ก.
น้ำตาลโตนด: 1 ช้อนชา
ซอสปรุงรส: 2.5 ช้อนชา
น้ำมันสำหรับทอด:"
หลนแหนม,"แหนม หั่นละเอียด: 100 กรัม
หอมแหงซอย: 50 กรัม
พริกชี้ฟ้าหลายๆสีหั่น: 4-5 เม็ด
ใบมะกรูดฉีก: 5-6 ใบ
พริกขี้หนูเด็ดก้านออก: 10-15 เม็ด
หัวกระทิ: ½ ถ้วย
กะทิ: 1 ถ้วย
น้ำตาลมะพร้าว: 1 ช้อนโต๊ะ
เกลือ: 1/2 ช้อนโต๊ะ"
หมูกระทะทำเองก็ได้ง่ายนิดเดียว,"เนื้อหมู: ตามต้องการ
หมูสามชั้น: ตามต้องการ
ไข่ไก่: 1 ฟอง
กระเทียม: 1 หัว
พริกไทย: 1/2 ช้อนชา
น้ำมันหอย: 1/2 ช้อนโต๊ะ
ซีอิ๊วขาว: 1 ช้อนชา
คนอร์ผง: 1 ช้อนชา
คนอร์ก้อน: 2 ก้อน
ผักต่างๆ: ตามต้องการ"
""" เมนู ปลากระพงทอดราดน้ำปลา+ ยำมะม่วง ""","ปลากระพงหั่นแว่น: 1 ชิ้น
มะม่วงสับ: 2 ช้อนโต๊ะ
หอมแดงซอย: 1 ช้อนโต๊ะ
ถั่วลิสงคั่ง: 2 ช้อนโต๊ะ
กุ้งแห้งทอด: 1 ชต
ใบผักชี/คึ่นฉ่าย: 2-3 ยอด
น้ำตาลมะพร้าว: 2 ช้อนโต๊ะ
น้ำปลาอย่างดี: 2 ช้อนโต๊ะ
น้ำเปล่า: 2 ช้อนโต๊ะ
พริกขี้หนูสับ: 5 เม็ด
น้ำตาลทราย: 1 ช้อนโต๊ะ
น้ำมะนาว: 1 ช้อนโต๊ะ
น้ำปลาแท้: 1 ชต
แป้งทอดกรอบ: 1 ช้อนโต๊ะ
น้ำมันพืช: 1 ถ้วย"
ข้าวหมกไก่ สูตรบ้าน,"น่องไก่ / สะโพกไก่: โลครึ่ง
ผงทำข้าวหมกไก่สำเร็จ: 37.5 กรัม
เนยสด: 1+1/2 ช้อนโต๊ะ
ผงกระหรี่: 3 ช้อนโต๊ะ
นมข้นจืด: 2 ช้อนโต๊ะ
หอมแดง: 3 ลูก
ข้าวสวยที่ยังไม่หุง: 2 ถ้วยครึ่ง"
ผัดกะเพราพริกแห้งรสจัดจ้านกับไข่ดาว,"หมูสับ: 500 กรัม
พริกแห้ง: 30 เม็ด
หัวหอมแดง: 4 หัว
กระเทียม: 1 หัว
ใบกะเพรา: 300 กรัม
ผงปรุงรสหมู: 2 ช้อนโต๊ะ
น้ำตาลทราย: 1 ช้อนโต๊ะ
น้ำเปล่า: 25 มล.
ไข่ไก่: 7 ใบ
น้ำมันพืช: 2 ช้อนโต๊ะ
น้ำมันพืชสำหรับทอดพอท่วมไข่: 
น้ำต้มสุก: 25 มล."
หมูสามชั้นทอดกระเทียม,"หมูสามชั้น: 300 กรัม
กระเทียมไทย: 2 หัว
รากผักชี: 2 ราก
พริกไทยเม็ด: 10 เม็ด
น้ำมันหอย: 2 ช้อนชา
ซอสปรุงรส: 2 ช้อนชา
เกลือ: เล็กน้อย
ผงปรุงรสหมู: 1 ช้อนชา
น้ำตาล: ครึ่งช้อนชา
แป้งมัน: 3 ช้อนโต๊ะ
แป้งสาลีชุบทอด: 3 ช้อนโต๊ะ
น้ำเย็นจัด: เล็กน้อย"
แกงไก่ยอดมะพร้าวอ่อน,"เครื่องในและส่วนต่างๆของไก่: 
กะทิ: 
พริกแกง: 
น้ำตาลปี๊บ: 
คนอร์: 
พริกชี้ฟ้า: 
ใบโหระพา: 
น้ำเปล่า: 
ยอดมะพร้าวอ่อน: 
ซอสฝาเขียว: "
ปลาทูราดพริกน้ำปลาหวาน,"ปลาทูมัน: 2 ตัว
หอมแดง: 10-15 หัว
พริกขี้หนูสวน: 3 เม็ด
พริกป่น: 1 ช้อนชา
น้ำตาลปี๊บ: 2 ช้อนโต๊ะ
น้ำตาลทราย: 1 ช้อนชา
มะขามเปียก: 1 ฝัก
น้ำปลา: 1 ช้อนชา"
ต้มยำรวมมิตรเห็ดน้ำใส,"เห็ดออรินจิ: 150 กรัม
เห็ดฟาง: 150 กรัม
เห็ดภูฐาน: 150 กรัม
เห็ดเข็มทอง: 100 กรัม
ข่าหั่นแว่น: 8 แว่น
ใบมะกรูดฉีก: 5 ใบ
ตะไคร้บุบ: 3 ต้น
น้ำเปล่าหรือน้ำซุป: 4 ถ้วย
คนอร์เล้งต้มแซ่บ: 2 ก้อน
พริกขี้หนูบุบสับหยาบ: 20 เม็ด
พริกขี้หนูแห้งทอด: 10 เม็ด
ผักชีใบเลื่อย: 2 ต้น
น้ำปลา: ตามชอบ
น้ำมะนาว: ตามชอบ"
ไก่ต้มซีอิ้ว 🐔,"ไก่: 1 ตัว
ตะไคร้: 12 ท่อน
ข่า: 1 แง่ง
ใบมะกรูด: 3 กิ่ง
ซีอิ้วขาว: 1 ถ้วย
ซอสปรุงรส: 1/2 ถ้วย
ซีอิ้วดำ: 2 ช้อนโต๊ะ
น้ำตาลปี๊บ: 4 ช้อนโต๊ะ
น้ำจิ้ม-พริกจินดา: 20 เม็ด
น้ำจิ้ม-กระเทียม: 20 กลีบ
น้ำจิ้ม-มะนาว: 1 ลูก
น้ำจิ้ม-น้ำตาล: 1/2 ช้อนชา
น้ำจิ้ม-น้ำปลา: 2 ช้อนโต๊ะ"
้น้ำตกคอหมู,"คอหมู: 300 กรัม
ซีอิ้วขาว: 1 ช้อนโต๊ะ
น้ำมันหอย: 2 ช้อนโต๊ะ
น้ำตาลปี๊บ: 1 ช่อนชา
หอมแดง: 5 หัว
ต้นหอม: 2 ต้น
ผักชีใบเลื่อย: 1 ต้น
ใบสะระแหน่: ตามชอบ
มะนาว: 2 ช้อนโต๊ะ
น้ำปลา: 2 ช้อนโต๊ะ
ข้าวคั่ว: 2 ช้อนโต๊ะ
น้ำตาลทราย: 1/2 ช้อนชา
น้ำมะขามเปียก: 1 ช้อนชา
พริกป่น: ตามชอบ
พริกขี้หนูซอย: ตามชอบ
ผักสด: ตามชอบ"
ผัดผักกวางตุ้งหมูสับ,"ผักกวางตุ้ง: 4 ต้น
หมูสับ: 2 ช้อนโต๊ะ
ซอสข้นปรุงรสคนอร์: 0.5 ช้อนโต๊ะ
น้ำตาลทราย: 1 ช้อนชา
กระเทียมสับ: 0.5 ช้อนโต๊ะ
น้ำเปล่า: เล็กน้อย
น้ำมันพืช: 1ช้อนโต๊ะ"
"“พะโล้น่องไก่""","น้ำมัน: 1-2 ช้อนโต๊ะ
3 เกลอ (กระเทียม พริกไทย รากผักชี): 2 ช้อนโต๊ะ
ผงพะโล้: 2 ช้อนโต๊ะ
ชุดพะโล้: 1 ชุด
น่องไก่: 800 กรัม
เต้าหู้ทอด: 2 ก้อน
ไข่ต้ม: 10 ฟอง
น้ำตาลปี๊บ: 2-3 ช้อนโต๊ะ
น้ำปลา: 2-3 ช้อนโต๊ะ
ซีอิ้วดำหวาน: 1-2 ช้อนโต๊ะ
เกลือ: 1 ช้อนชา
ผงปรุงรส: 1 ช้อนชา
ผักชี: 1-2 ต้น
น้ำสะอาด: 2-3 ถ้วย"
"“แกงป่าปลาดุก""","พริกแกงเผ็ด: 2 ช้อนโต๊ะ
น้ำสะอาด: 1/2 ถ้วย
ปลาดุก: 600 กรัม
มะเขือเปราะ: 10 ลูก
มะเขือพวง: 2 กิ่ง
กระชายซอย: 1 ถ้วยเล็ก
พริกใหญ่: 2 เม็ด
ใบกระเพรา: 1 กำมือ
ใบมะกรูด: 3-4 ใบ
น้ำตาลทราย: 2-3 ช้อนชา
เกลือ: 1/2 ช้อนชา
น้ำปลา: 3-4 ช้อนโต๊ะ
ผงปรุงรส: 1/2 ช้อนชา"
หมูกรอบคั่วพริกเกลือ,"หมูสามชั้น: 
ผงปรุงรสหมู: 
น้ำตาลปี๊บ: 
พริกไทยดำ: 
แป้งมัน: 
แป้งชุบทอด: 
น้ำมันหอย: 
นมสด: 
กระเทียม: 
น้ำมันพืช: 
พริกขี้หนู: 
เกลือ: "
ฉู่ฉี่ปลาทูสด,"ปลาทูสด: 2 ตัวใหญ่
พริกแกงฉูฉี่: 1+1/2 ช้อนโต๊ะ
กะทิ: 1 ถ้วย(กล่องเล็ก)
ใบมะกรูดซอย: 3 ใบ
พริกชี้ฟ้าหั่น: 2 เม็ด
น้ำปลา: 1/2-1 ช้อนโต๊ะ
น้ำตาลปี๊บ: 1/2-1 ช้อนโต๊ะ
ผงคนอร์อร่อยชัวร์: 1 ช้อนชา"
แกงพะแนงหมู,"เนื้อหมูหั่นเป็นชิ้น: 200 กรัม
หัวกะทิ: 1 ถ้วยตวง
หางกะทิ: 1 ถ้วยตวง
น้ำตาลปี๊บ: 1 ช้อนโต๊ะ
น้ำปลา: 1 ช้อนโต๊ะ
มะเขือพวง: 1/4 ถ้วยตวง
มะเขือเปราะ: 1/2ถ้วยตวง
ใบโหระพา: 1/4 ถ้วยตวง
ใบมะกรูดฉีกเป็นชิ้นเล็กๆ: 3 ใบ
พริกชี้ฟ้า: 3 เม็ด
น้ำมันพืช: 1 ช้อนโต๊ะ"
"“ฉู่ฉี่ปลาทูทอด""","น้ำมัน: 2 ช้อนโต๊ะ
พริกแกงเผ็ด: 2-3 ช้อนโต๊ะ
กะทิ: 400 กรัม
น้ำตาลทราย: 4-5 ช้อนชา
เกลือ: 1 ช้อนชา
น้ำปลา: 2-3 ช้อนโต๊ะ
ปลาทูสดทอด: 15 ตัว
ใบมะกรูดซอย: 7 ใบ
พริกใหญ่: 2 เม็ด"
ยำมะม่วงปูเค็ม,"ปูเค็ม: 5 ตัว
มะม่วงเปรี้ยวดิบ: 1 ลูก
หอมแดง: 8 หัว
พริกขี้หนูสวน: 25 เม็ด
น้ำตาลโตนด: 2 ช้อนโต๊ะ"
ไก่ทอดซอสสามรส,"อกไก่: 
แป้งชุบทอด: 
น้ำเปล่า: 
น้ำมันพืช: 
เกลือ: 
พริกไทย: 
กระเทียม: 
พริกขี้หนู: 
ผักชี: 
มะขามเปียก: 
ซีอิ๊วขาว: 
น้ำตาลปี๊บ: "
ข้าวผัดไทย,"ข้าวสวย: 400 กรัม
มันหมูแข็ง: 80 กรัม
เต้าหู้เนื้อแข็ง: 90 กรัม
กุ้ง: 8 ตัว
ไข่ไก่: 2 ฟอง
กระเทียม (สับ): 2 กลีบ
พริกจินดา: 2 เม็ด
หอมแดง (ซอย): 2 ช้อนโต๊ะ
หัวไชโป๊ (สับ): 1 ช้อนโต๊ะ
น้ำมะขามเปียก: 1 ช้อนโต๊ะ
น้ำพริกเผา: 1½ ช้อนโต๊ะ
น้ำปลา: 2 ช้อนชา
กุยช่าย (หั่นท่อน): 30 กรัม
ใบบัวบก: สำหรับเสิร์ฟ
หัวปลี: สำหรับเสิร์ฟ
มะนาว: สำหรับเสิร์ฟ"
แกงซี่โครงหมูใส่วุ้นเส้น,"ซี่โครงหมู: 320 กรัม
วุ้นเส้น: 40 กรัม
ใบมะกรูดฉีก: 3-4 ใบ
หอมแดงทุบ: 3 หัว
ตะไคร้หั่นท่อน: 1 ต้น
น้ำปลา: 3ช้อนโต๊ะ
น้ำตาลปี๊บ: 1/2 ช้อนโต๊ะ
ใบแมงลัก: 1 ถ้วย
ต้นหอมหั่นท่อน: 2 ต้น
น้ำเปล่า: 3ถ้วย
น้ำมันพืช: เล็กน้อย
เกลือป่น: เล็กน้อย
**เครื่องพริกแกง**: 
พริกแห้ง: 7 เม็ด
พริกแดงจินดา: 6 เม็ด
เกลือ: 1/2 ช้อนชา
ข่าซอย: 1 ช้อนโต๊ะ
ตะไคร้ซอย: 3 ต้น
หอมแดง: 4 หัว"
ปลากระป๋องผัดไข่,"ปลากระป๋อง: 1 กระป๋อง
ไข่ไก่: 2 ฟอง
น้ำมันพืช: เล็กน้อย
พริกขี้หนู: 4 เม็ด
หัวหอมแดง: 3 หัว
ํผักชี: 1 ต้น
มะนาว: ตามชอบ
น้ำปลา: ตามชอบ"
กล้วยน้ำว้าอบ,"กล้วยน้ำว้า: 1 หวี
งาขาว-งาดำ: ตามชอบ
เตาอบหรือหม้ออบลมร้อน:"
แกงเขียวหวาน​(หมู)​🐷,"หมู​หั่นชิ้น: 1กิโลกรัม​
มะเขือเปาะ: 1/2กิโลกรัม​
มะเขือ​พวง: 100​กรัม​
กระชายหั่นซอย: 100กรัม
ใบมะกรูด​ฉีก: 20ใบ
พริกชี้ฟ้า​แดง: 4เม็ด
ใบโหระพา​: 40ใบ
พริกแกง​เขียวหวาน​: 5ช้อนโต๊ะ​
พริกแกงเผ็ด​: 1ช้อนโต๊ะ​
กะทิกล่องสำเร็จ​แบบหัวกะทิ: 1000มล.
น้ำตาลปี้บ: 0.5ช้อนโต๊ะ​
ผงปรุงรส​: 1ช้อนโต๊ะ​
เกลือ​: หยิบมือ
น้ำเปล่า​: 250มล."
เนื้อปลากระพงทอดกระเทียมพริกไทย,"เนื้อปลากระพงตัวขนาดใหญ่: 1 kg
กระเทียมไทยเม็ดเล็ก: 3 ขีด
รากผักชี: 2 ขีด
พริกไทยเม็ด: 1 ขีด
ซีอิ๊วขาว: 
ซอสปรุงรสฝาเขียว:"
ผัดมะเขือเปราะหมูสามชั้นโหระพา,"มะเขือเปราะ: 1/2 กก
หมูสามชั้น: 1 เส้น
กระเทียม: 5 กลีบ
พริกจินดา: 7 เม็ด
น้ำมัน: 1 ช้อนโต๊ะ
ซอสหอยนางรม: 2 ช้อนโต๊ะ
เต้าเจี้ยว: 2 ช้อนโต๊ะ
น้ำตาล: 1/2 ช้อนชา
ใบโหระพา: 3 กิ่ง"
สายบัวผัดหมูสับ,"สายบัว: 1/2​ กก.
หมูสับ: 2​ ขีด
กระเทียม: 5​ กลีบ
ซอสปรุงรส: 1​ ช้อนโต๊ะ
น้ำตาลทราย: 1​ ช้อนชา"
ยำส้มโอกุ้งสด 🦐,"ส้มโอ: 1/2 ลูก
กุ้ง: 300 กรัม
หอมแดง: 10 หัว
ใบมะกรูด: 2 กิ่ง
ตะไคร้: 5 ท่อน
พริกจินดา: 10 เม็ด
กะทิ: 6 ช้อนโต๊ะ
น้ำพริกเผา: 2 ช้อนโต๊ะ
น้ำตาลปี๊บ: 1/2 ช้อนโต๊ะ
น้ำปลา: 3 ช้อนโต๊ะ
มะนาว: 2 ลูก
ถั่วลิสงคั่ว: 2 ช้อนโต๊ะ"
ไข่เจียวก้านคะน้าหอมซอย,"ไข่ไก่: 2 ฟอง
ก้านคะน้า: 5 ต้น
หอมแดง: 5 หัว
แม๊กกี้: 2 ช้อนชา
ผงปรุงรส: 1/3 ช้อนชา"
สูตรเด็ดตำน้ำพริกให้อร่อย ง่าย  ใครตำก็อร่อย เชื่อสิ เด็ดจริง,"พริกขี้หนูสวย เก็บใหม่ ๆ จะหอมมาก เผ็ดกลาง: 30 เม็ด
กระเทียม: 3 กลีบ
มะนาวสด ๆ จะได้หอม ๆ: 2 ลูก
กะปิอย่างดี: 1 ช้อนโต๊ะ
น้ำตาลปึก,น้ำตาลปี้บ,น้ำตาลมะพร้าว ได้หมดค่ะ: 1 ช้อนโต๊ะ
น้ำเปล่าต้มสุกที่เย็นแล้ว ใส่พอดี ๆ นะคะ: 1-2 ช้อนโต๊ะ"
มาม่าผัดต้มยำกุ้ง,"เส้นบะหมี่กึ่งสำเร็จรูป: 50กรัม
เห็ดฟาง: 40กรัม
กุ้งสดปอกเปลือกผ่าหลัง: 3ตัว
พริกเผา: 1ช้อนโต๊ะ
ซอสหอยนางรม: 1ช้อนโต๊ะ
น้ำปลา: 1ช้อนโต๊ะ
น้ำตาลทราย: 1ช้อนชา
ตะไคร้ทุบหั่นท่อนเล็ก: 2ต้า
หอมแดง: 3หัว
ข่าสับ: 1ช้อนโต๊ะ
ใบมะกรูดฉีก: 6ใบ
พริกแดงจินดา: 8เม็ด
กระเทียม: 5กลีบ
คนอร์ อร่อยชัวร์ ผงรสไก่: 1ช้อนชา
มะนาว: 1/2ลูก
น้ำมันพืช:"
ต้มแซ่บกระดูกหมู,"กระดูกหมู: 600 กรัม
น้ำสะอาด: 1.5 ลิตร
ตะไคร้: 4 ต้น
ใบมะกรูด: 5 ใบ
ข่า: 2 แง่ง
พริกจินดาแดง: 6-10 เม็ด
เกลือ: 1 ช้อนโต๊ะ
น้ำตาล: 1 ช้อนโต๊ะ
น้ำปลา: 1 ช้อนโต๊ะ
น้ำมะนาว: 2-3 ช้อนโต๊ะ
ผักชีฝรั่ง: 3 ต้น
เห็ดฟาง: ตามชอบ
หอมแดง: 5 หัว
พริกป่น: 1 ช้อนโต๊ะ
ข้าวคั่ว: 1 ช้อนโต๊ะ"
โรลข้าวน้ำพริกกะปิ,"น้ำพริกกะปิ: 1 ถ้วยตวง
ปลาทูย่างสุก: 2 ตัว
แตงกวา: 2 ลูก
แครอท: 1 ลูก
ชะอม (หั่นซอย): 1 ถ้วยตวง
ไข่ไก่: 1 ฟอง
ข้าวสวย: 1 ถ้วยตวง"
ปลาหมึกย่าง,"คางปลาหมึก: 500 กรัม
ซีอิ้วขาว: 2ช้อนชา
ซีอิ้วดำ: 2 ช้อนชา
ซอสข้นคนอร์: 1 ช้อนโต๊ะ
น้ำจิ้มซีฟู๊ด สำหรับทานคู่:"
แกงส้มผักรวมเจ,"พริกแกงส้มเจ: 3 ช้อนโต๊ะ
ถั่วเน่า(ใช้แทนกะปิ): 1/2 แผ่น
ขาเห็ดนางฟ้าต้ม: 10 ขา
น้ำตาลปี๊บ: 1 ช้อนชา
น้ำมะขามเปียก: 3 ช้อนโต๊ะ
เกลือ: 1 ช้อนชา
ผงปรุงรสเห็ดหอมเจ: 1 ช้อนชา
ถั่วฟักยาว: 5 ฟัก
หัวไชเท้า: 1/2 หัว
เห็ดนางฟ้าส่วนดอก: 10 ดอก
กวางตุ้ง: 3 ต้น
ดอกแค: 1 ถ้วย
น้ำเปล่า: 6 ถ้วย"
แกงสะแล,"สะแล: 300 กรัม
หมูสามชั้น: 300 กรัม
กระดูกหมู: 200 กรัม
มะเขือเทศ (สีดา): 10-15 ลูก
ต้นหอม-ผักชี: 1 กำ
พริกแห้ง: 15-20 เม็ด
กระเทียม: 1-2 หัว
หอมแดง: 4 หัว
กะปิ: 1 ช้อนโต๊ะ
ปลาร้าสับ: 1 ช้อนโต๊ะ
น้ำปลา: 2-3 ช้อนโต๊ะ
ตะไคร้: 1-2 ต้น"
ถุงทอง,"หมูบด: 200 กรัม
ต้นหอม: 5 ต้น
มันแกวหั่นเต๋าเล็ก: 250 กรัม
น้ำปลา: 2 ช้อนโต๊ะ
เกลือ: 1/2 ช้อนชา
สามเกลอ: 1 ช้อนโต๊ะ
น้ำตาลทราย: 1 ช้อนชา
น้ำมันพืช: 
ซอสพริก: 
แผ่นแป้งปอเปี๊ยะ: 
ผักชี:"
ทะเลผัดน้ำพริกเผา,"หอยแมลงภู่นิวซีแลนด์: 5 ตัว
กุ้ง: 5 ตัว
ปลาหมึก: 1 ตัว
คนอร์ซอสข้นรสหมู: 1 ช้อนชา
น้ำพริกเผา: 1ชต
ซอสปรุงรส: 1ชช
โหระพา: 2ต้น
กระเทียม: 2กลีบ
นมสดจืด: 1 ชต
หอมใหญ่: 1 หัว
พริกแดงจินดา: 3 เม็ด"
น้ำพริกอ่องอกไก่คลีน,"อกไก่สับ: 600 กรัม
พริกแห้ง: 4 เม็ด
หอมแดง: 20 หัว
กระเทียม: 5 หัว
เกลือป่น: ตามชอบ
น้ำตาลดอกมะพร้าว: 1/2 ช้อนโต๊ะ
น้ำมันมะกอก: 2ปั๊ม
มะเขือเทศราชินี: 30 ลูก"
ผัดไทยกุ้งสด หัวกุ้งทอดกรอบ,"เส้นหมี่: 1 ห่อ 200 กรัม
กุ้งสด: 8 ตัว
กุยช่าย: ตามชอบ
หอมแดง: 5 หัว
พริกแห้ง: 5
กระเทียม: 3 หัว
น้ำมะขาม: 3 ช้อนโต๊ะ
น้ำตาลทราย: 1 ช้อนโต๊ะ
เต้าหู้ขาว: ตามชอบ
ถั่วงอก: ตามชอบ
น้ำปลา:"
ข้าวมันไก่คลีน ❤️,"อกไก่: 6 ขีด
ข้าวกล้อง: 2ถ้วย
ข้าวขาว: 1 ถ้วย
แครอท: 1หัว
ไช้เท้า: 1หัว
หอมใหญ่: 1หัว
ขิงหั่นแว่น: ตามชอบ
กระเทียมทุบ: ตามชอบ
น้ำมันมะกอก:"
หมูสับนึ่งไข่เค็ม,"หมูสับ: 300 กรัม
กระเทียมสับ: 1 ช้อนโต๊ะ
รากผักชี: 2 ราก
ซอส หรือ ซีอิ๊วขาว: 1 ช้อนโต๊ะ
ผงปรุงรส: 2 ช้อนชา
พริกไทย: นิดหน่อย
ไข่แดงเค็ม: 3 ลูก"
กล้วยบวชชี,"กล้วยน้ำว้าสุก: 16 ลูก
กะทิกล่อง: 400 กรัม
น้ำเปล่า: 200 กรัม
เกลือ: 1/2 ช้อนชา
น้ำตาลทราย: 300 กรัม"
กระเพรากุ้งหมึก (สูตรเด็ดมากกกก),"กุ้ง: 1/2 kg
ปลาหมึกกล้วย: 3 ตัว
พริกขี้หนูสวน: 15 เม็ด
พริกจินดา: 5 เม็ด
กระเทียมไทย: 10 กลีบ
กระเพราบ้าน (ดูที่ใบเล็กๆนะคะจะหอมมาก): 1 กำ
น้ำปลา: 2 ช้อนโต๊ะ
น้ำตาลทราย: 1/2 ช้อนชา
น้ำมันหอย: 1 ช้อนโต๊ะ
รสดี (รสไก่): 1/2 ช้อนชา
น้ำมันพืช (สำหรับผัด): 2 ช้อนโต๊ะ"
ปลาทับทิมต้มแซ่บน้ำใส,"ปลาทับทิม: 1 ตัว
เห็ดนางฟ้า: 200 กรัม
ตะไคร้หั่นแฉลบ: 3 ต้น
ข่าหั่นเป็นแว่นใหญ่: 8 แว่น
ใบมะกรูดฉีก: 5 ใบ
หอมแดงทุบพอแตก: 5 หัว
พริกขี้หนูทุบพอแตก: 20 เม็ด
พริกแห้งคั่ว: 10 เม็ด
น้ำปลา: 1 ช้อนโต๊ะ
น้ำมะนาว: 3 ช้อนโต๊ะ
เกลือป่น: 1 ช้อนโต๊ะ
ผงปรุงรส: 1 ช้อนโต๊ะ
น้ำเปล่า: 3 ถ้วย
ผักชีฝรั่งหั่นหยาบ: 2 ต้น
ต้นหอมหั่นหยาบ: 1 ต้น
ผักชีหั่นหยาบ: 1 ต้น"
กระเพราหมูสับไข่ดาวเยิ้ม,"หมูสับ: ตามชอบ
พริก: ตามชอบ
กระเทียม: ตามชอบ
ใบกระเพรา: ตามชอบ
ผงปรุงรสหมู: นิดหน่อย
น้ำมันหอย: นิดหน่อย
ซีอิ๋วขาว: นิดหน่อย
ซีอิ๋วดำ: นิดหน่อย
ไข่ไก่เบอร์ 0: 1 ฟอง"
แกงเผ็ดเนื้อตุ๋นมะเขืออ่อน,"เนื้อน่อง: 2-3ขีด
มะเขือเปาะ: 6ผล
กระชายฝอย: 5บาท
พริกไทอ่อน: 2-3ฝัก
พริกชี้ฟ้า: 2เม็ด
โหระพา: 1กำ
พริกแกงเผ็ด: 10บาท
ใบมะกรูดฉีก: 3-4ใบ
กะทิ: 1กล่อง
น้ำมัน: 2ชต"
แกงเห็ดเผาะ,"น้ำแกงใบย่านางปลาย่าง ดูสูตรทำน้ำแกงเมนูด้านบน: 1 ถ้วย
เห็ดเผาะสด: 1 ขีด
ผักหวาน: 1 ถ้วย
ใบแมงลัก: 2-3ต้น
หอมแดงโขลก: 2หัว
พริกโขลก: 2-3 เม็ด
ตะไคร้: 1 ต้น"
ทอดมันปลาอย่างง่าย,"เนื้อปลากราย: 450 กรัม
น้ำพริกแกงเผ็ดแดง: 50 กรัม
กระชาย (สับ): 30 กรัม
ใบกะเพรา: 5 กรัม
น้ำปลา: 2 ช้อนชา
ถั่วฝักยาว: 80 กรัม
น้ำมันรำข้าว: สำหรับทอด
น้ำจิ้มไก่: สำหรับเสิร์ฟ
แตงกวา: สำหรับเสิร์ฟ
ถั่วลิสงคั่ว (บดหยาบ): สำหรับเสิร์ฟ"
ต้มแซบเอ็นข้อไก่,"เอ็นข้อไก่: 1 กก
ตะไคร้: 8 ต้น
ข่า: 2 แง่ง
ใบมะกรูด: 20 ใบ
ต้นหอม: 10 ต้น
ผักชี: 10 ต้น
ผักชีฝรั่ง: 10 ต้น
พริกจินดา: 20 เม็ด
ผงปรุงรส: 3 ก้อน
น้ำปลา: 4 ช้อนโต๊ะ
มะนาว: 7 ใบ"
ขนมจีนน้ำยาไก่,"เนื้อไก่: ครึ่งโล
กระทิ: ครึ่งโล
ข่า ตะไคร้ ใบมะกรูด: 1 กำ
ตีนไก่: ครึ่งโล
ลูกชิ้นปลาอย่างดี: 1 ถุงเล็ก
พริกแกงเผ็ด: 2 ขีด
เกลือ: 1 ช้อน
กระชาย: 2 ขีด
เส้นขนมจีนสด: 1 ห่อ"
ต้มแซบไก่,"ไก่: 1/2 ตัว
ตะไคร้: 10 ต้น
ข่า: 2 แง่ง
ใบมะกรูด: 3 กิ่ง
ต้นหอม: 5 ต้น
ผักชี: 5 ต้น
ผักชีฝรั่ง: 5 ต้น
มะนาว: 4 ลูก
พริกขี้หนู: 15 เม็ด
ผงปรุงรส: 2 ก้อน
น้ำปลา: 2 ช้อนโต๊ะ
พริกป่น: 1 ช้อนโต๊ะ"
ปลาดุกผัดน้ำพริกเผา,"ปลาดุก: 1 kg
น้ำมันพืช: 
กระเทียมสับหยาบ: 1 ช้อนโต๊ะ
หอมใหญ่หั่น: 1 ช้อนโต๊ะ
น้ำพริกเผาสูตรเผ็ดน้อย: 2 ช้อนโต๊ะ
น้ำปลา: 1 ช้อนชา
ผงปรุงรส: 1/2 ช้อนชา
ผักชี: 
น้ำตาล: 1/2 ช้อนชา"
พะแนงซี่โครงหมูสูตรเข้มข้นมาก,"พริกแกงพะแนง: 1 ถุง
กะทิกล่อง: 2 กล่อง
คนอร์: 2 ก้อน
น้ำตาลปี๊บ: ตามชอบ
ซี่โครงหมู: 1 กิโลกรัม
ใบมะกรูด: ตามชอบ
พริกชี้ฟ้า: ตามชอบ"
แกงคั่วหมูใบชะพลู,"เนื้อหมู: 200 กรัม
ใบชะพลู: 15-20 ใบ
พริกแกงใต้: 50 กรัม
กะทิ: 150 มล.
น้ำปลา: 
น้ำตาล: 
น้ำเปล่าหรือหางกะทิ:"
ยำหมูย่าง,"สันคอหมู: 300 กรัม
แตงกวาปอกเปลือกหั่นบางๆ: 70 กรัม
หอมใหญ่ปอกเปลือกหั่นเสี้ยวบางๆ: 70 กรัม
มะเขือเทศหั่นเสี้ยวบางๆ: 70 กรัม
ต้มหอมหั่นท่อน คึ่นฉ่ายหั่นท่อน: 50 กรัม
พริกขี้หนูกับกระเทียมโขลกหยาบๆ: 1 ช้อนโต๊ะ
น้ำตาลทรายสำหรับหมักคอหมู: 1 ช้อนโต๊ะ
ซิอิ๊วขาวสำหรับหมักคอหมู: 1 ช้อนโต๊ะ
พริกไทยป่น: 1 ช้อนชา
น้ำตาลทรายสำหรับน้ำยำ: 1/2 ช้อนโต๊ะ
น้ำมะนาวสำหรับน้ำยำ: 3 ช้อนโต๊ะ
น้ำปลาสำหรับน้ำยำ: 3 ช้อนโต๊ะ"
ต้มยำกุ้งน้ำข้น,"กุ้ง: 10 ตัว
ตะไคร้: 2 ต้น
ใบมะกรูด: 1 กำ
ข่า: 1/2 หัว
เห็ดฟาง: 1 ขีด
คนอร์ต้มยำ: 1 ก้อน
นมจืด: 1/2 กล่อง
น้ำพริกเผา: 2 ช้อน
น้ำพริกเผาเผ็ด: 1 ช้อน
พริก: 1 กำ
เกลือ: 
น้ำปลา: 
น้ำตาล: 
มะนาว: 2 ลูก"
แกงเลียงเห็ด 3 อย่าง,"เห็ดฟาง: 1 ขีด
เห็ดเข็มทอง: 1 ขีด
เห็ดออรินจิ: 2-3 ดอก
ฝักทอง: 100กรัม
บวบ: 1 หัว
ตำลึง: 200 กรัม
ใบแมงลัก: 1 กำ
พริกไทยขาว: 2 ชช
หอมแดง: 5-8หัว
กะปิน้ำพริก: 1 ชต
ข้าวโพดอ่อน: 100กรัม
แครอท: 50กรัม
น้ำสะอาด: 1 1/2 ถ้วย
เกลือ: 1/3 ชช
กุ้งแห้ง: 3 ชต
พริกแดง: 2 เม็ด"
ข้าวผัดแกงเขียวหวาน,"เนื้อหมู: 100 กรัม
ข้าวสวย: 1 ถ้วย
น้ำพริกแกงเขียวหวาน: 1/2 ช้อนโต๊ะ
มะเขือเปราะหั่น 4 หรือ 6: 1 ลูก
มะเขือพวงเด็ด: 10 เม็ด
ใบโหระพา(เด็ดเป็นใบ): 10-15 ใบ
พริกชี้ฟ้าแดงหั่นเฉียง: 5 ชิ้น
กะทิ: 2 ช้อนโต๊ะ
น้ำตาลปี๊บ: 1 ช้อนชา
น้ำปลา: 2 ช้อนชา"
ไข่เจียวกุ้ง,"ไข่ไก่: 3 ฟอง
กุ้งสับหยาบ: 1/4 ถ้วย
กุ้งเป็นตัว: 5 ตัว
ซีอิ้วขาว: 1 ช้อนชา
น้ำมันสำหรับทอด: 1 ช้อนชา
พริกไทยป่น(ไม่ใส่ก็ได้): 1/2 ช้อนชา"
กุ้งเผาน้ำจิ้มซีฟู้ด,"กุ้งหัวแก้ว: 5 ตัว
พริกจินดาแดง: 15 เม็ด
รากผักชี: 2 ราก
กระเทียมไทย: 15 กรีบ
น้ำตาล: 1 ชช
น้ำปลา: 1.5 ชต
เกลือ: 1/2 ชช
น้ำมะนาว: 1.5 ชต"
ต้มยำปลากระป๋อง,"ปลากระป๋อง: 3 กระป๋อง
ตะไคร้: 6 ท่อน
ข่า: 2 กิ่ง
ใบมะกรูด: 2 กิ่ง
เห็ดนางฟ้า: 200 กรัม
หอมแดง: 10 หัว
ผักชีฝรั่ง: 5 ต้น
ผงปรุงรส: 2 ก้อน
พริกป่น: 1 ช้อนโต๊ะ
พริกจินดา: 10 เม็ด
มะนาว: 4 ลูก"
ไข่พะโล้คลีน,"เต้าหู้ทอด: 1 แพค
เต้าหู้แข็ง: 1 ก้อน
อกไก่: 600 กรัม
น้ำตาลดอกมะพร้าว: 3 ช้อนโต๊ะ
ผงกลิ่นพะโล้: 5 ช้อนโต๊ะ
โปยกั๊ก: 5 อัน
อบเชย: 2 ก้าน
ซีอิ๊วขาว: ตามชอบ
น้ำปลา: ตามชอบ"
หมูหมักหม่าล่าทอดกระเทียม,"เนื้อหมูสันคอ: 350 กรัม
แป้งสำหรับทอด: 50 กรัม
น้ำมันหอย: 1.5 ช้อนโต๊ะ
ซีอิ๊วขาว: 1 ช้อนโต๊ะ
นมสด: 0.5 ถ้วยตวง
น้ำมันพืช: 2 ช้อนชา
พริกหม่าล่า: 1 ช้อนชา
กระเทียม: 30 กลีบ
น้ำมันสำหรับทอด:"
ยำผักกูดกุ้งสด,"ผักกูด: 150 กรัม
กุ้งสด: 5 ตัว
ไก่สับ: 50 กรัม
พริกขี้หนูสวน: 10 เม็ด
น้ำพริกเผา: 2 ช้อนโต๊ะ
กะทิเรียลไทย: 5 ช้อนโต๊ะ
มะนาว: 1 ลูก
น้ำปลาดี: 3 ช้อนโต๊ะ
น้ำตาลทราย: 1-2 ช้อนโต๊ะ
มะพร้าวคั่วป่น: 2 ช้อนโต๊ะ
ถั่วลิสงคั่วบด: 2 ช้อนโต๊ะ
หอมแดงซอย: 5 หัว
หอมเจียว,พริกแห้งทอด: 
ไข่ต้ม: 1-2 ฟอง
เกลือ:"
แกงจืดฟักซี่โครงหมู,"ฟักแก่จัด: 350 กรัม
ซี่โครงหมู: 400 กรัม
น้ำเปล่าหรือน้ำซุป: 10 ถ้วย
ซีอิ้วขาว: 2 ช้อนโต๊ะ
เกลือป่น: 1 ช้อนโต๊ะ
รากผักชี: 2 ราก
กระเทียมกลีบ: 4 กลีบ
พริกไทยเม็ด: 10 เม็ด
ต้นหอม+ผักชี หั่นท่อน: อย่างละ 1 ต้น
พริกไทยป่น: 1 ช้อนชา"
ปลาอินทรีเค็มทอด,"ปลาอินทรีเค็มอย่างดี: 2 ชิ้น
น้ำมันปาล์มสำหรับทอด กะท่วมเนื้อปลา: 
น้ำปลาพริกมะนาว: 
พริกขี้หนูสีแดง เขียว: 1 ขีด
มะนาวแป้น: 3 ลูก
กระเทียมสับหยาบ: 2 กลีบ
น้ำปลาดี: 1 ช้อนโต๊ะ"
หมูเค็มสูตรโบราณ🐽,"หมูสันคอหั่นชิ้นพอคำ: 1 กก
รากผักชี: 4-5 ราก
กระเทียม: 4-5 หัว
เม็ดพริกไทย: 8-10เม็ด
กุ้งแห้ง: 1 ช้อนโต๊ะ
ปลาหมึกแห้ง: 6-8 ตัว
เห็ดหอมแห้ง: 6-8 ดอก
นำ้ตาลปี๊บ: 1/2 ช้อนโต๊ะ
น้ำมันหอย: 3 ช้อนโต๊ะ
ซีอิ๊วขาว: 1 ช้อนโต๊ะ
น้ำมันงา: 1 ช้อนโต๊ะ"
ปลาหมึกย่าง รสบาร์บีคิว,"คางปลาหมึก: 500 กรัม
ซอสข้นปรุงรส: 
ผงบาร์บีคิว:"
คอหมูย่าง,"คอหมู: 1 ชิ้น
น้ำผึ้ง: 1 ช้อนโต๊ะ
ซอสปรุงรส: 1 ช้อนโต๊ะ
ซอสหอยนางรม: ½ ช้อนโต๊ะ
พริกไทยขาว: ¼ ช้อนชา
น้ำจิ้มแจ่วสำหรับรับประทานคู่:"
ผัดผักบุ้งหมูสับ,"ผักบุ้ง: 300 กรัม
กระเทียม: 5 กลีบ
พริกจินดา: 5 เม็ด
น้ำมันหอย: 1 ช้อนโต๊ะ
น้ำปลา: 1 ช้อนโต๊ะ
ซีอิ้วขาว: 1 ช้อนโต๊ะ
เต้าเจี้ยว: 1 ช้อนโตีะ
น้ำตาล: 1/2 ช้อนชา
น้ำมัน: 1 ช้อนโต๊ะ
หมูบด: 3 ช้อนโต๊ะ"
อาหารไทย ข้าวแห้งหน้าไก่,"อกไก่: 3 ชิ้น
เศษไก่: 2 ขีด
รากผักชี: 5 ราก
กระเทียม: 2 หัว
พริกไทย: 1 ช้อนโต๊ะ
ซอสหอยนางรม: 1/2 ทัพพี
ซอสปรุงรสฝาเขียว: 1/2 ทัพพี
ซีอิ้วดำหวาน: 2 ช้อนโต๊ะ
เกลือ: 1 ช้อนชา
น้ำตาลปิ๊บ: 1 1/2 ช้อนโต๊ะ
เห็ดหอมแห้ง: 3 ดอกใหญ่
น้ำมัน:"
ผัดกะเพราเป็ด,"เนื้อเป็ด: 2 ถ้วย
กระเทียม: 1 ช้อนโต๊ะ
พริกขี้หนู: 1 ช้อนโต๊ะ
ใบกะเพรา: 2 ถ้วย
พริกไทยป่น: 1/2 ช้อนชา
น้ำมันสำหรับผัด: 2 ช้อนโต๊ะ
น้ำตาล: ตามชอบ
น้ำปลา: ตามชอบ"
ลาบกุ้งสด,"กุ้งสด: 500 กรัม
น้ำปลา: 1 1/2 ช้อนโต๊ะ
หอมแดง (ซอย): 1 ช้อนโต๊ะ
ผักชีฝรั่ง: 1 ช้อนโต๊ะ 1
ต้นหอมซอย: 1/2 ช้อนโต๊ะ
ใบสะระแหน่: 10 ใบ
ผงคนอร์ (รสลาบ): 30 กรัม
มะนาว: 1 ลูก"
ข้าวผัดน้ำพริกลงเรือสูตรโบราณแกล้มหมูกรอบทอดน้ำปลา,"หมูสามชั้น: 1 ชิ้น
ปลาดุกฟู: 1 ถ้วยตวง
พริกขี้หนู: 15 เม็ด
กะปิย่าง: 2 ช้อนโต๊ะ
น้ำตาลปีบ: 2 ช้อนชา
กระเทียมกลีบเล็ก: 3 กลีบ
ถั่วฝักยาว: 1/3 ถ้วยตวง
ไข่เค็ม: 1 ฟอง
แครอทต้มสุก: 1/3 ถ้วยตวง
น้ำปลา: 3 ช้อนโต๊ะ
ซอสหอยนางรม: 1 ช้อนโต๊ะ
ซอสปรุงรส: 2 ช้อนโต๊ะ
น้ำตาลทราย: 2 ช้อนโต๊ะ"
ปลาหมึกผัดกระเทียม,"ปลาหมึก: 400 กรัม
กระเทียม: 1 กำมือ
พริกไทย: 1 ช้อนชา
ซอสหอยนางรม: 1-2 ช้อนโต๊ะ
ซีอิ้วขาว: 1 ช้อนชา
น้ำตาล: 1 ช้อนชา"
ไก่ย่างพริกไทยดำ🍽,"สะโพกไก่: 3 ชิ้น
รากผักชี: 5 ราก
กระเทียม: 15 กลีบ
พริกไทยดำ: 15 เม็ด
น้ำตาลทราย: 1/2 ชช
น้ำมันหอย: 2 ชต
ซีอิ๊วขาว: 1 ชต
ซอสแมคกี้: 1 ชช"
✿ แกงมัสมั่นไก่ ✿,"น้ำพริกแกงมัสมั่น: 100 กรัม
สะโพกไก่: 3 ชิ้น
กะทิ: 500 ml
มันฝรั่ง: 1
หัวหอมใหญ่: 1 ลูก
ขิง: 2 แว่น(ซอย)
คนอร์รสไก่: 1 ก้อน
น้ำเปล่า: 200 ml
อบเชย โป๊ยกั้ก ลูกกระวาน (ที่ซื้อมาไม่มีลูกกระวาน): 1 ห่อเล็ก
น้ำมะขามเปียก: 
น้ำตาลปี๊บ: 
เกลือ:"
ข้าวต้มมัด,"ข้าวเหนียวเก่า: 2 กระป๋อง
กะทิ: ครึ่งกิโลกรัม
ถั่วดำ: 1 ถ้วย
เกลือ: 2 ช้อนโต๊ะ
น้ำตาล: 8 ช้อนโต๊ะ
ใบตอง: 8 ใบใหญ่
ตอก: 
กล้วยน้ำว้าสุก: 1 หวี"
ต้มยำหมูเด้งน้ำข้น,"หมูเด้ง: 250 กรัม
ตะไคร้บุบ: 2 ต้น
ข่า: 1/2 หัว
หอมแดง: 4 หัว
กระเทียม: 4 กลีบ
พริกบุบ: ตามชอบ
นมข้นจืด: 100 มล.
ใบมะกรูด: 5-6 ใบ
มะนาว: 4-5 ลูก
มะเขือเทศราชินี: ตามชอบ
เห็ดออรินจิ: ตามชอบ
น้ำปลา: ตามชอบ
น้ำตาล: ตามชอบ
น้ำพริกเผา: 3 ชต
น้ำมันพริกเผา: 2 ชต
ผักชีฝรั่ง: ตามชอบ
น้ำสะอาด:"
ไก่ต้มน้ำปลา,"ปีกไก่: 6 ปีก
รากผักชี: 2 ราก
กระเทียม: 4 กลีบ
น้ำปลา: 1 ถ้วย
น้ำตาลปี๊ป: 2 ช้อนโต๊ะ
ซีอิ๊วดำ: 1 ช้อนโต๊ะ
น้ำมันหอย: 1/2 ถ้วย
น้ำเปล่า พอท่วมไก่:"
จิ้มจุ่มปลาทับทิมเด้งดึ๋ง,"ปลาทับทิมสดๆ: 1 ตัว
ตะไคร้: 2 ต้น
ใบมะกรูด: 4 ใบ
ข่า: 
หัวหอมแดง: 3 หัว
เกลือ: 1 ช้อนชา
น้ำตาลกรวด: 1 ช้อนโต๊ะ
ผงปรุงรส: 1 ช้อนชา
ผักบุ้ง: 
ผักกาดขาว: 
ผักชีฝรั่ง: 
ต้นหอม: 
น้ำเปล่า:"
ต้มยำปีกบนไก่,"ปีกบนไก่: 10 ชิ้น
ยอดมะพร้าว: 100 กรัม
เห็ดนางฟ้า,เห็ดชิเมจิ: 100 กรัม
น้ำมะนาว: 5 ช้อนโต๊ะ
มะเขือเทศ: 2 ลูก
น้ำพริกเผา: 2 ช้อนโต๊ะ
นมสด: 2 ช้อนโต๊ะ
ข่าแก่: 3ชิ้น
หอมแดง: 3 หัว
ตะไคร้: 1 ต้น
ใบมะกรูดฉีกหยาบ: 2 ใบ
พริกแดง: 4 ดอก
เกลือ: 1/2 ช้อนชา
น้ำตาลทราย: 2 ช้อนชา
น้ำปลา: 2 ช้อนโต๊ะ
น้ำเปล่า: 1 ถ้วยตวง"
"+ทำไก่ย่างธรรมดาโลกไม่จำ ชวนมาทำ ""ไก่ย่างหนังกรอบ!!"" หนังกร๊อบกรอบ+","เนื้อสะโพกไก่: 4 ชิ้น
ซีอิ๊วขาว: 3 ช้อนโต๊ะ
น้ำมันหอย: 3 ช้อนโต๊ะ
พริกไทขาว: 3 ช้อนชา
ลูกผักชี: 3 ช้อนชา
ผงปรุงรส: 2 ช้อนชา
น้ำมันมะกอก: 1 ถ้วย"
ต้มยำกุ้งน้ำข้น,"กุ้งขาว: 200
ข่า: 5 แว่น
ตะไคร้: 3 ต้น
ใบมะกรูด: 4 ใบ
หอมแดง: 5 หัว
นมข้นจืด: 1/4-1/2 ถ้วย
น้ำพริกเผา: 1 ช้อนโต๊ะ
น้ำเปล่า: 3 ถ้วย
เห็ดต่างๆ: ตามชอบ
คนอร์ซุปต้มยำ(ก้อน): 2 ก้อน
ผักชีฝรั่ง: 2 ต้น
ต้นหอม: 2 ต้น
พริกแห้งทอด: 4 เม็ด
น้ำปลา: 
น้ำมะนาว:"
คอหมูย่าง,"คอหมู: 1 ชิ้น
ซอสข้นปรุงรสคนอร์ (รสหมู): 1 ช้อนโต๊ะ
น้ำผึ้ง: 1/2 ช้อนโต๊ะ
ต้นหอม (สำหรับโรย): ตามชอบ
น้ำจิ้มแจ่ว: ทานคู่"
หลนปลาทู,"เนื้อปลาทูนึ่ง: 300กรัม
หมูสับ: 200กรัม
หัวกะทิ: 400กรัม
ตะไคร้ซอย: 3ช้อนโต๊ะ
หอมแดงซอย: 1/2ถต.
ใบมะกรูดซอย: 1ช้อนโต๊ะ
ข่าซอยนิดหน่อย (ไม่ใส่ก็ได้): 1ช้อนชา
พริกชี้ฟ้า เหลือง แดง เขียว: 5เม็ด
น้ำตาลมะพร้าว: 3ช้อนโต๊ะ
น้ำปลา: 3ช้อนโต๊ะ
น้ำมะขามเปียก: 5ช้อนโต๊ะ
ผักแกล้ม เช่น แตงกวา มะเขือกรอบ ถั่งพลู อื่นๆ: 500กรัม"
แกงเผ็ดเป็ด,"1. เป็ดย่าง หรือเป็ดพะโล้: 1 ½ ถ้วยตวง
2. มะเขือ: 4-5 ลูก
3. พริกแกงเผ็ด: 1-2 ช้อนโต๊ะ
4. น้ำตาลปี๊ป: 2-3ช้อนโต๊ะ
5. กะทิ: 1/2 กล่อง
6. น้ำเปล่า: 1ถ้วยตวง
7. มะเขือเทศ: 2 ผล
8. พริกสด: 3 เม็ด
9. โหระพา: 1 กำ
10. น้ำปลา: ½ ช้อนโต๊ะ"
แกงส้มผักรวม,"ผักสด (ตามสะดวก): 
ปลา(ตามสะดวก): 
พริกแห้ง: 
หอมแดง: 
กะปิ: 
น้ำตาลปี๊บ: 
น้ำปลา: 
เกลือ: 
น้ำมะขามเปียก: "
ผัดลูกฟักแม้วใส่ไข่,"ลูกฟักแม้วหรือลูกมะระหวาน: 300 กรัม
ไข่ไก่: 2 ฟอง
น้ำตาลทราย: 2 ช้อนชา
น้ำมันหอย: 1 ช้อนโต๊ะ
ซีอิ้วขาว: 1 ช้อนโต๊ะ
กระเทียมสับ: 2 ช้อนโต๊ะ
น้ำเปล่าหรือน้ำซุป: 1/2 ถ้วย
พริกไทยป่น: 1 ช้อนชา"
ต้มยำไก่ รสจัดจ้านกลมกล่อม,"เนื้อไก่(ผมใช้ลูกสันในเพราะเนื้อไม่แห้งและไม่มันเกิน): 1-2 ขีด
ตะไคร้: 3 หัว
ข่า: 1 หัว
ใบมะกรูด: 4-5 ใบ
มะนาว: 1/2-1 ลูก
มะเขือเทศ: 1-2 ลูก
เห็ดนางฟ้า: ตามชอบ
น้ำพริกเผา: 1 1/2 ช้อนโต๊ะ
น้ำปลา: ตามชอบ
น้ำสต็อกหรือน้ำเปล่า: 1/2 ลิตร
พริกแห้ง: 3-4 เม็ด"
ไก่ผัดเม็ดมะม่วงน้ำพริกเผา,"น้ำพริกเผา: 1 ช้อนโต๊ะ
หอมใหญ่ (หั่นชิ้นสี่เหลี่ยมใหญ่): 1/2 หัว
อกไก่หั่นชิ้น: 1 อก
เม็ดมะม่วงหิมพานต์อบ: 1/2 ถ้วยตวง
ซีอิ๊วขาว: 1 ช้อนโต๊ะ
น้ำตาลทรายแดง: 1/2 ช้อนโต๊ะ
พริกแห้ง: 15 เม็ด
ต้นหอม: 3 ต้น"
ข้าวมันไก่เด็กหอ,"น่องไก่ติดสะโพก: 2น่อง
ข้าว: 4กรัม
กระเทียม: 1หัว
ขิง: 1แง่ง
พริกสด: 1ขีด
น้ำตาลทราย: 3ช้อน
มะนาว: 3ลูก
ซอสปรุงรสสูตร1: 2ช้อน
เต้าเจี้ยว: 4ช้อน
ซุปคนอร์: 2ก้อน"
ปลาร้าทอดทรงเครื่อง,"ปลาร้า: 1 ตัว
หอมแดงซอย 1 หัว: 
กระเทียมกลีบใหญ่หั่น: 
พริกขี้หนูซอย ตามชอบ: 
พริกแห้ง ตามชอบ: 
แป้งทอดกรอบคนอร์ 2 ช้อนโต๊ะ: 
น้ำมันสำหรับทอด:"
น้ำพริกกากหมู,"มันหมูเจียวกรอบหรือหมูกระจก: 80 กรัม
พริกป่นหรือพริกแห้งตำละเอียด: 5 กรัม
น้ำตาลทราย: 2 กรัม
เกลือป่น: 3 กรัม
กระเทียมเจียวตำหยาบ: 2 กรัม
หอมเจียวตำหยาบ: 3 กรัม
น้ำมันหมู: 5 กรัม
คนอร์ผงรสหมู: 2 กรัม"
ห่อหมก แบบไม่ห่อ,"กุ้ง หอย ปลาหมึก สำหรับใส่ในห่อหมก: ตามชอบ
พริกแกงเผ็ด: 3 ช้อนโต๊ะ
ไข่ไก่: 2 ฟอง
กะทิ: 1 ขวดเล็ก
น้ำตาล: 2 ช้อนโต๊ะ
น้ำปลา: 1/2 ช้อนโต๊ะ
ใบโหระพา: 1 ต้น
พริกชี้ฟ้า หั่นซอย: 2 เม็ด
ใบมะกรูด: 3 ใบ
กระดาษฟอยล์:"
กระเจี๊ยบเขียวราดน้ำมันหอย,"กระเจี๊ยบเขียว: 150กรัม
เห็ดหอมแห้งแช่น้ำ: 3 ดอก
กระเทียมสับ: 1/2ช้อนโต๊ะ
ซอสน้ำมันหอย: 2 ช้อนโต๊ะ
ซีอิ๊วขาว: 1 ช้อนชา
น้ำตาลทราย: 1ช้อนชา
น้ำมันพืช: 2ช้อนโต๊ะ
แป้งมันละลายในน้ำ: 1 ช้อนโต๊ะ
กระเทียมเจียมโรยหน้า: 1ช้อนโต๊ะ"
ก๋วยเตี๋ยวผัดงอแง 🤪,"เส้นใหญ่ แบบผัด: 500 กรัม
กุนเชียง: 1 ท่อน
เต้าหู้แข็ง: 1 แผ่น
กุ้งแห้ง: 4 ช้อนโต๊ะ
ไชโป๊หวานสับ: 3 ช้อนโต๊ะ
น้ำมัน: 1/2 ถ้วย
ซอสพริกเสฉวน: 3 ช้อนโต๊ะ
กระเทียม: 4 กลีบ
ไข่ไก่: 4 ฟอง
ซอสหอยนางรม: 1 ช้อนโต๊ะ
ซีอิ้วขาว: 3 ช้อนโต๊ะ
ซีอิ้วดำ: 2 ช้อนโต๊ะ
น้ำตาล: 2 ช้อนโต๊ะ"
ปูอบวุ้นเส้น,"ปูไข่ (ตัวใหญ่): 1 ตัว
วุ้นเส้น(ต้นสน): 80 กรัม
น้ำตาลทราย: 2 1/2 ช้อนโต๊ะ
ซีอิ๊วดำ: 2 ช้อนชา
ซอสหอยนางรม: 3 ช้อนโต๊ะ
ซีอิ๊วขาว: 2 ช้อนโต๊ะ
น้ำซุป: 1 ถ้วย
เบคอน,ขิงแก่,กระเทียม,พริกไทยขาว,พริกไทยดำ,คื่นช่าย(ใส่ตามชอบ):"
หมูผัดต้มหอม,"สันคอ: 1/2 กิโลกรัม
ต้นหอม: 1 กำ
พริกเขียวแดง: 10 เม็ด
น้ำตาลทราย: 1/2ชต
น้ำปลา: 1/2 ลต
น้ำมันหอย: 3 ชต
ซีอิ้วขาว: 1 ชต
กระเทียบบุบ: 5-6 กลีบ
หอมใหญ่: 1 หัว"
ผัดมาม่า 🥢,"บะหมี่กึ่งสำเร็จรูป: 2 ซอง
หมูสับ: ตามชอบ
หมูยอ: 1 อัน
พริกขี้หนู: 10 เม็ด
กระเทียม: 2 กลีบ
ข้าวโพดอ่อน: 3 ฝัก
แครอท: ตามชอบ
ใบโหระพา: 2 ใบ
น้ำตาลทราย: ตามชอบ
ผงปรุงรส: ตามชอบ
ซอสหอยนางรม: ตามชอบ
น้ำมันถั่วเหลือง: เล็กน้อย"
ต้มจืดฟักเขียวอกไก่,"อกไก่: 500 กรัม
ฟักเขียว: 1 ลูก (1 กิโลกรัม)
ผักชี: 1 หยิบมือ
คนอร์ซุปไก่: 1 ก้อน
เกลือ: 1 ช้อนชา
น้ำปลา: 1/5 ช้อนโต๊ะ
น้ำเปล่า: 700 มิลลิลิตร"
พริกป่น..ไม่ง้อแดด,พริกจินดาสีแดง: 300 g
หมูผัดพริกแกงใส่สะตอสไตล์ปักษ์ใต้,"เนื้อหมู: 2ขีด
สะตอ: 20 เม็ด
พริกแกงเผ็ด: 2.5ช้อนโต๊ะ
น้ำมันพืช: 3 ช้อนโต๊ะ
น้ำตาลทราย: 0.5 ช้อนโต๊ะ
น้ำมันหอย: 1 ช้อนโต๊ะ
ซีอิ๊วขาว: 1 ช้อนโต๊ะ
ผงปรุงรส: 0.5 ช้อนชา"
กุ้งแช่น้ำปลา,"กุ้งสด (ตัวขนาดพอดีคำ): 4 ขีด
พริกชี้ฟ้าแดง: 15 เม็ด
กระเทียม: 1 หัว
รากผักชี: 2 ต้น
มะนาว: 4 ช้อนโต๊ะ
น้ำปลา: 4 ช้อนโต๊ะ
น้ำตาล: 2-3 ช้อนชา
ผงปรุงรส: ตามชอบ"
กะเพราเต้าหู้ไข่หมูสับ,"หมูสับ: 2 ขีด
เต้าหู้ไข่: 2 หลอด
แป้งทอดกรอบ: 4 ช้อนโต๊ะ
ใบกะเพรา: ตามใจชอบ
น้ำมันหอย: 1 ช้อนโต๊ะ
น้ำซุป/น้ำสะอาด: 1 ช้อนโต๊ะ
น้ำตาล: 1 ช้อนชา
ซีอิ๋วขาว: 1/2 ช้อนชา
กระเทียม: 3 กรีบ
พริก: ตามใจชอบ
คนอร์ผง: 1 ช้อนชา"
ขนมสาคูถั่วดำ,"สาคูเม็ดเล็ก: 250 กรัม
ถั่วดำ: 1 กิโล
กะทิแยกหัวและหางกะทิ: 1 กิโล
น้ำตาลปี๊บ: 500 กรัม"
ผัดพริกแกงถั่วฝักยาว​หมู​สาม​ชั้น​ทอด​,"หมูสามชั้น​: 250กรัม
ถั่วฝักยาว​: 15ฝัก
ใบมะกรูด​: 5ใบ
พริกแกงเผ็ด​: 1ขีด
น้ำปลา: 3ช้อน
น้ำตาลปี๊ป​: 2ช้อน"
หมูผัดกะปิตะไคร้,"หมูสันคอ: 3 ขีด
ตะไคร้: 3ขีด
หอมแดง: 1ขีด
กะปิ: 1 1/2 ชต
มะนาว: 1 ลูก
กระเทียม: 1 หัว
พริกแดง: 5-8เม็ด
พริกขี้หนู: 10 เม็ด
น้ำตาลปิ้บ: 1 ชต
พริกชี้ฟ้าเขียว: 2 ดอก
น้ำมันหอย: 3 ชต"
ไข่ตุ๋น แบบบ้าน,"เนื้อหมูสับ: 1 ขีด
ไข่เป็ด: 2 ฟอง
ต้นหอม: 1 ต้น
กระเทียม: 1 หัว
น้ำปลา: 2 ช้อนชา"
แกงส้มปลาช่อนทอด,"ปลาช่อน: 1 ตัว
แป้งทอดกรอบ: 5 ช้อนโต๊ะ
น้ำมัน: 1/2 ถ้วย
พริกแกงส้มสำเร็จ: 300 กรัม
ปลาทูน่า: 3 กระป๋องใหญ่
หัวไชเท้า: 1 หัว
ถั่วฝักยาว: 500 กรัม
ผักกาดขาว: 1 หัว
มะขามเปียก: 1 ปั้น
น้ำตาลปี๊บ: 2 ช้อนโต๊ะ
น้ำปลา (อาจไม่ใส่): 3 ช้อนโต๊ะ"
หมูผัดพริกสดโหระพา,"เนื้อหมูหั่น: 1ถ้วย
โหระพา: 1 ต้น
หอมแดง: 1ลูก
กระเทียม: 1ลูก
พริกแดง+เขียว: 1กำ
น้ำปลา: 1 ช้อน
ซีอิ๊วขาว: 5-6 เหยาะ
พริกไทย: 2 เหยาะ
น้ำมันหอย: 2 ช้อน"
หมูแดง,"เนื้อหมู: 1 กิโล
นํ้าตาลทราย: 3 ช้อนโต๊ะ
กระเทียมสับ: 1 ช้อนโต๊ะ
หอมแดงสับ: 1 ช้อนโต๊ะ
เม็ดผักชีคั่วป่น: 2 ช้อนชา
ขิงสับ: 1 ช้อนโต๊ะ
ซอสฮอยซิน: 2 ช้อนโต๊ะ
เกลือ: ครึ่งช้อนโต๊ะ
ซีอิ้วขาว: 1 ช้อนโต๊ะ
เหล้าจีน: 1 ช้อนโต๊ะ
นํ้าเปล่า: 1 ถ้วยตวง
สีแดง: 1/4 ช้อนชา
นํ้ามันพืช: 3 ช้อนโต๊ะ"
แกงป่าไก่,"น้ำพริกแกงป่า หรือถ้าไม่มีใช้น้ำพริกแกงเผ็ดแทนได้: 1 ขีด
สะโพก+น่องไก่สับเป็นชิ้นพอดีคำ: 100 กรัม
ยอดมะพร้าวหั่น: 1/4 ถ้วย
หน่อไม้ต้มหั่น: 1/4 ถ้วย
มะเขือเปราะผ่าสี่: 3-4 ลูก
กระชายซอย: 1/4 ถ้วย
พริกไทยอ่อนหั่นสั้นๆ: 3-4 ฝัก
พริกชี้ฟ้าหั่นแฉลบ: 2 เม็ด
น้ำปลา: 1-2 ช้อนโต๊ะ
น้ำตาลทราย: 1/2 ช้อนชา"
ซี่โครงหมูผัดตะไคร้,"ซี่โครงหมู: 430 กรัม
ตะไคร้ (เพิ่มหรือลดได้ตามชอบ): 5 ต้น
ข่าสับ (ไม่ใส่ก็ได้): 1ช้อนโต๊ะ
พริกแดงจินดาซอย: 8 เม็ด
กระเทียมสับ: 1 ช้อนโต๊ะ
น้ำตาลทราย: 1 ช้อนชา
คนอร์ซอสข้นปรุงรส รสหมู: 1 ช้อนโต๊ะ
ซีอิ๊วขาว: 1 ช้อนโต๊ะ
น้ำมันหอย: 1 ช้อนโต๊ะ
น้ำมันพืช.: 2 ช้อนโต๊ะ
ใบมะกรูดฉีก: 6 ใบ
น้ำเปล่า:"
ไก่ย่างจิ้มแจ่ว,"สะโพกไก่แล่กระดูกขนาดกลางๆ: 5ชิ้น
ลูกผักชีคั่ว: 3ช้อนชา
กระเทียม: 5กลีบ
พริกไทย: 1ช้อนชา
ซอสหอย: 2ช้อนโต๊ะ
ซอสปรุงรส: 3ช้อนชา
ผงปรุงรสไก่: 1ช้อนชา
น้ำตาลปี้บ: 1ช้อนโต๊ะ
ซีอิ้วดำ: 1/2ช้อนโต๊ะ
นมข้นจืด: 4ช้อนโต๊ะ
น้ำมันพืช: 1ช้อนโต๊ะ
*น้ำจิ้มแจ่ว*: 
น้ำมะขามเปียก: 2ช้อนโต๊ะ
น้ำมะนาว: 3ช้อนโต๊ะ
น้ำปลา: 3ช้อนโต๊ะ
ข้าวคั่ว: 2ช้อนชา
พริกป่น: 
ใบมะกรูดหั่นฝอย: 
น้ำต้มสุก: 2ชต"
หน่อไม้ต้มใบย่านาง,"หน่อใม้สด: 
ใบย่านาง: 
หอมแดง: 
ตะไคร้: 
กะปิ: 
น้ำตาลโตนด: 
เกลือ: "
ตำปลาร้าขาไก่ / ตำขาไก่,"ขาไก่: 10-15 ขา (ขาอวบๆ)
กระเทียม: 10 กลีบ
พริกชี้ฟ้าแดง: 10 เม็ด
น้ำปลา: 2 ทัพพี
ปลาร้าต้มสุก: 3 ทัพพี
มะนาว: 2 ทัพพี
น้ำตาลปี๊บ: 1 ทัพพี
มะเขือเทศสีดา: ตามชอบ
ผักชีฝรั่ง: ตามชอบ"
ผัดหัวปลี,"หัวปลี: 2 หัว
กระเทียมสับหรือกระเทียมเจียว: 1 ช้อนโต๊ะ
เกลือ: 1/2ช้อนชา
ซอสปรุงรส: 1ช้อนชา
ซีอิ๊วขาว: 1ช้อนชา
น้ำมันหอย: 1ช้อนชา
น้ำตาล: 2ช้อนชา
น้ำสต๊อคหมูหรือน้ำเปล่า: 1/2-1ถ้วย"
ซี่โครงหมูทอดกระเทียมพริกไทย สูตรหม้อทอดไร้น้ำมัน,"ซี่โครงหมู: 700 กรัม
ซอสหอยนางรม: 2 ช้อนโต๊ะ
ซีอิ้วขาว: 1 ช้อนโต๊ะ
น้ำปลา: 1 ช้อนโต๊ะ
น้ำตาล: 1/2 ช้อนโต๊ะ
มะนาว: 1/2 ใบ
กระเทียม: 15 กลีบ
รากผักชี: 6 ราก
พริกไทยดำ: 1 ช้อนโต๊ะ
ข้าวเหนียวเขี้ยวงู: 1 ถ้วย"
ข้าวหน้าไก่,"::ส่วนผสมหมักไก่::: 
เนื้อไก่หั่นพอดีคำ(สะโพกไก่): 380 กรัม
น้ำมันหอย: 1/2 ช้อนโต๊ะ
ซีอิ๊วขาว: 1/2 ช้อนโต๊ะ
น้ำตาลทราย: 1 ช้อนชา
พริกไทยป่น: 1 ช้อนชา
น้ำมันงา: 1 ช้อนชา
::ส่วนผสมน้ำราด::: 
น้ำสต๊อกไก่: 1 ถ้วย
ขิงสับ: 1 ช้อนชา
ซีอิ๊วขาว(น้ำราด): 1 ช้อนชา
ซีอิ๊วหวาน: เล็กน้อย
เกลือ: เล็กน้อย
รากผักชีสับ: 1 ราก
กระเทียมสับ: 1 ช้อนชา
แป้งข้าวโพด: 3 ช้อนโต๊ะ
น้ำเปล่า: เล็กน้อย
น้ำมันพืช: เล็กน้อย
หนังไก่: 
พริกชี้ฟ้าหั่น: ตามชอบ
แตงกวา: ตามชอบ"
ต้มซี่โครงหมูใบมะขาม,"ซี่โครงหมู: 1 กก.
รากผักชี: 2 ราก
เกลือ: 1 ช้อนชา
พริกไทยป่น: 1 ช้อนชา
ซีอิ๊ยวขาว: 1 ช้อนชา
พริกขี้หนู: 4-5 เม็ด
ใบมะขามอ่อน: 1 กำใหญ่"
หมูสับผัดซีอิ๊วดำหวาน,"หมูสับ: 300 กรัม
หมอแดง: 150 กรัม
กระเทียม: 10 กลีบ
พริกไทยป่น: 1 ช้อนชา
ซีอิ๊วดำ: 1 ช้อนโต๊ะ
น้ำตาลอ้อย: 1/2 ก้อน
น้ำมัน: 1 ช้อนชา"
โตเกียว,"แป้งสาลีอเนกประสงค์: 1 ถ้วยตวง
ผงฟู: 2 ช้อนชา
เกลือ: 1/2 ช้อนชา
ไข่ไก่: 1 ฟอง
น้ำตาลทราย: 1/4 ถ้วยตวง
กลิ่นวนิลา: 1 ช้อนชา
นมสด: 1 ถ้วยตวง
เนยละลาย(รสจืด): 1 ช้อนโต๊ะ
หมูสับ: 100 กรัม
ปูอัด: 4 แท่ง
ซอสปรุงรส: 1/4 ช้อนชา
ซอสหอยนางรม: 1/4 ช้อนชา
พริกไทย: ตามชอบ
ซอสมะเขือเทศ: ตามชอบ
น้ำพริกเผา: ตามชอบ
น้ำมันสำหรับผัด: 1/2 ช้อนชา"
ขาไก่ต้มพะโล้,"ขาไก่: 1/2 Kg
ผงพะโล้: 1 ซอง
รากผักชี: 3 ราก
กระเทียม: 2 หัว
อบเชยขนาด: 1 ชิ้น
โป๊ยกั๊ก: 3 ดอก
น้ำตาลปีบ: 1 ช้อนโต๊ะ
ซีอิ๊วขาว: 1 ช้อนโต๊ะ
ซีอิ๊วดำ: 1ช้อนโต๊ะ
น้ำมันพืช: 1 ช้อนโต๊ะ"
แกงส้มปลาทูสด,"ปลาทูสด: 4ตัว
พริกแกงส้ม: 2ช้อนโต๊ะ
น้ำปลา: 1 1/2ช้อนโต๊ะ
น้ำตาล: 1ช้อนโต๊ะ
น้ำมะขามเปียก: 2ช้อนโต๊ะ
ผักบุ้ง: 1กำ"
ผัดฉ่าหมูเด้งเดือด 🔥,"หมูเด้ง: 
น้ำเปล่า: 
น้ำมันพืช: 
พริกขี้หนู: 
กระเทียม: 
กระชาย: 
พริกไทยอ่อน: 
พริกชี้ฟ้า: 
น้ำตาลทราย: 
ซอสหอยนางรม: 
ผงปรุงรส รสหมู: "
ผัดผักรวมกุ้งน้ำมันหอย,"บร็อคโคลี่: 100 กรัม
แครอท: 100 กรัม
กุ้งขาว: 200 กรัม
น้ำมันหอย: 2 ช้อนโต๊ะ
น้ำตาลทราย: 1.5 ช้อนโต๊ะ
เกลือ: นิดหน่อย
พริกไทยป่น: นิดหน่อย
น้ำมันพืช: 
กระเทียมสับ: 10 กรัม"
หมูหวาน,"หมูสามชั้น: 500 g.
สามเกลอตำละเอียด: 1 ช้อนโต๊ะ
หอมแดง: 10 หัว
น้ำตาลมะพร้าว: 3 ช้อนโต๊ะ
น้ำตาลทราย: 1 ช้อนโต๊ะ
ซีอิ้วขาว: 2 ช้อนโต๊ะ
ซีอิ้วดำ: 1 ช้อนโต๊ะ
เกลือ: 1/2 ช้อนชา
ผงคนอร์อร่อยชัวร์: 1 ช้อนชา
น้ำเปล่า: 1 ถต."
ผัดพริกแกงกุ้ง,"1. กุ้งสด: 50 กรัม
2. ถั่วฝักยาว: 70 กรัม
3. ใบมะกรูด: 2 ใบ
4. พริก: 3-4 เม็ด
5. พริกแกงแดง: 2 ช้อนโต๊ะ
6. น้ำตาล: 1/2 ช้อนโต๊ะ
7. ผงซุปไก่ก้อน: 1 ก้อน
8. มะเขือ: 3. มะเขือ 70 กรัม
9. น้ำมัน: 2 ช้อนโต๊ะ"
ต้มยำปลาสวาย,"ปลาสวายหั่นชิ้น ล้างทำความสะอาดให้หมดเลือด ผึ่งให้หมาด: 2 - 3 ชิ้น
ตะไคร้ทุบโคนพอแตก หั่นท่อน: 2 ต้น
ข่าอ่อนทุบเบาๆ: 1 หัวเล็ก
ใบมะกรูดเด็ด: 3-4 ใบ
พริกขี้หนูแห้งล้างสะอาด ผึ่งให้สะเด็ดน้ำ: 10 เม็ด
หอมแดงทุบพอแตก หรือถ้าหัวใหญ่ให้หั่นเสี้ยว: 3 - 4 หัว
ผัดซีใบเลื่อยซอยหยาบๆ: 2 ช้อนโต๊ะ
มะขามเปียก (ใช้แต่เนื้อ): 1 ช้อนโต๊ะ
น้ำปลา: 1 1/2 ช้อนโต๊ะ
น้ำพริกเผา: เล็กน้อย
ผงดาชิ (ถ้าไม่มีใช้ซุปก้อนแทน): 1 ช้อนโต๊ะ
น้ำมะนาว: 1 ช้อนโต๊ะ
พริกขี้หนูบุบ: 1 ช้อนโต๊ะ"
ซี่โครงหมูต้มน้ำข้น สูตรคุณย่า,"ซี่โครงหมู: ครึ่งกิโลกรัม
กระเทียม: 5 กลีบ
หอมแดง: 5 หัว
พริกไทยดำ: 1 หยิบมือ
น้ำตาลปึก: 
น้ำปลา: 
เกลือ: 
ซีอิ๊วขาว: 
ต้นหอม: ตามชอบ
ไชเท้า: 1 หัว"
ข้าวเหนียวหน้ากุ้ง,"ข้าวเหนียว: 250 กรัม
หัวกระทิ: 125 กรัม
น้ำตาลทราย: 85 กรัม
เกลือป่น: 1 ช้อนชา
ขมิ้นผง: 1 ช้อนชา
**ส่วนผสมหน้ากุ้ง: -
เนื้อกุ้งสับ: 1 ถ้วยตวง
มะพร้าวขูด: 1 ถ้วยตวง
รากผักชี,กระเทียม,พริกไทย(โขลก): 1 ช้อนโต้ะ
สีผสมอาหาร(สีส้ม): 1/2 ช้อนชา
น้ำตาลทรายขาว: 3 ช้อนโต๊ะ
เกลือ: 2 ช้อนโต๊ะ
ใบมะกรูดหั่นฝอย: 1 ช้อนชา"
ไก่ทอดขมิ้น,"น่องติดสะโพกไก่: 2 ชิ้น
ขมิ้นสด: 2 ท่อน
กระเทียมไทยทั้งเปลือก: 15 กลีบ
กระเทียมจีนเอาแต่เนื้อ: 5 กลีบ
พริกชี้ฟ้าเหลือง: 2 เม็ด
พริกขี้หนูสวน: 7 เม็ด
เกลือป่น: 1 ช้อนชา
น้ำมันสำหรับทอด: 1/2 ขวด
พริกไทยเม็ด: 20 เม็ด"
ไก่บ้านรวนปลาร้า,"ไก่บ้าน: 500 กรัม
น้ำปลาร้า: 1/4- 1/2 ถ้วย
ตะไคร้: 6 ต้น
ใบมะกรูด: 10 ใบ
ข่า: 10 แว่น
พริกขี้หนูแดงจินดา: ตามชอบ
น้ำตาลปี๊บ: 1/4 ช้อนชา
น้ำเปล่า: 1 ถ้วย"
ตำมะม่วงกุ้งสด,"กุ้งสด: 300 กรัม
กระเทียม: 6 กลีบ
พริกชี้ฟ้าแดง: 5 เม็ด
น้ำปลา: 1 ทัพพี
น้ำปลาร้าต้มสุก: 2 ทัพพี
มะนาว: 2 ทัพพี
น้ำตาลปี๊ป: 1 ทัพพี
มะเขือเทศสีดา: ตามชอบ
ผักชีฝรั่ง: ตามชอบ
กุ้งแห้ง: ตามชอบ
มะม่วง: 1ลูก"
ผัดถั่วใส่ไข่หมูสับ,"ถั่วฝักยาว: 300กรัม
ไข่ไก่: 2ฟอง
หมูสับ: 100กรัม
กระเทียมสับ: 1ชต
น้ำตาลทราย: 2ชช
น้ำมันหอย: 1ชต
ซีอิ้วขาว: 1ชช
พริกไทป่น: 1/2ชช"
ผัดปวยเล้งน้ำมันหอย,"ปวยเล้ง: 
พริก และกระเทียมทุบ: 
น้ำมันหอย หรือซอสเห็ดหอม(สำหรับมังสวิรัติ): 
น้ำตาลนิดหน่อย: 
เกลือนิดหน่อย: "
ปลาทูทอดราดพริก,"ปลาทู: 2ตัว
พริกชี้ฟ้าแดง: 2เม็ด
พริกขี้หนูแดง: 2เม็ด
รากผักชี: 1ราก
กระเทียมแกะ: 1ชต
น้ำตาลปึก: 2ชต
น้ำปลา: 1ชต
น้ำมะขาม: 3ชต
น้ำมันสำหรับทอด:"
เครื่องในไก่ทอดกระเทียม,"เครื่องในไก่: 
พริกไทยขาวป่น: 
ผงปรุงรส: 
แป้งชุบทอด: 
กระเทียม: 
น้ำมันพืช: "
ต้มแซ่บกระดูกแก้ว,"ซี่โครงแก้ว: 500 กรัม
เห็ดชนิดต่างๆ ตามชอบ: 200 กรัม
พริกขี้หนูตำหยาบ: 20 เม็ด
หอมแขกปอกเปลือกผ่าเป็น4ส่วน: 1 หัว
มะนาว: 3-4ลูก
ผักชีฝรั่งหั่นห่อนเล็ก: 1-2ต้น
มะเขือเทศหั่นชิ้นใหญ่: 1-2 ลูก
ผักชีหั่นท่อนเล็ก: 1-2ต้น"
กะหล่ำปลีตุ๋นกระดูกหมูอ่อน,"กะหล่ำปลีขนาดย่อม: 1หัว
กระดูกหมูอ่อน: 300กรัม
น้ำตาล: 
น้ำปลา: 
ซีอิ๊วขาว: 
ซอสปรุงรสฝาเขียว: 
พริกไทยป่น:"
ไชโป๊วหวานผัดไข่,"ไชโป๊วหวาน: 200 กรัม
ไข่ไก่: 2 ฟอง
กระเทียมสับ: 3 กลีบ
น้ำมัน: สำหรับผัด
ผงปรุงรสคนอร์: 2 ช้อนชา
น้ำตาลทราย: 1 ข้อนชา
ซีอิ้วขาว: 1 ช้อนชา"
ต้มยำกุ้งน้ำใส,"กุ้ง 3 ตัว: 250 กรัม
เห็ดนางรมหลวง: 60 กรัม
ตะไคร้: 2 ต้น
ใบมะกรูด: 6 ใบ
พริกขี้หนูสวน สีแดง: 15 เม็ด
น้ำมะนาว: 1.5 ช้อนโต๊ะ
ซีอิ๊วขาว: 1.5 ช้อนโต๊ะ
น้ำสต๊อก: 350 กรัม
ข่าแก่: 6 แว่น"
กุ้งผัดกะปิ,"กุ้ง: 8 ตัว
กะปิ: 1ช้อน
กระเทียม: 2-3กลีบ
หอมแดง: 1-2หัว
น้ำตาลปี๊บ: 1ช้อน
น้ำปลา: 1/2ช้อน
พริกขี้หนู: 4-5เม็ด"
กล้วยบวชชีมะพร้าวอ่อน,"กล้วยน้ำหว้าสุก: 8 ลูก
กะทิ: 250 ml
น้ำตาลทรายขาว: 5 ช้อนโต๊ะ
เกลือป่น: 1/2 ช้อนชา
ใบเตย: 3 ใบ
น้ำมะพร้าว: 1 ลูก
เนื้อมะพร้าวหั่นชิ้นพอดีคำ: 1 ลูก"
ต้มข่าไก่,"เนื้อไก่: 
เห็ดนางฟ้า ( หรือเห็ดตามใจชอบ ): 
กะทิ: 
หอมแดง: 
ข่า: 
ตะไคร้: 
ใบมะกูด: 
ผักชีฝรั่ง: 
พริกขี้หนู: 
มะนาว: 
น้ำปลา ( หรือเกลือตามใจชอบ): 
น้ำตาล: 
น้ำเปล่า: 
เกลือ: 
มะเขือเทศ: "
หลนปูเค็ม,"ปูเค็ม ลวกน้ำเดือดซัก 2 รอบ เด็ดปลายขา แล้วแกะกระดองออก: 300 กรัม
หมูสับ: 80 กรัม
หอมแดงซอย: 5-6 หัว
พริกชี้ฟ้าหลายๆสีหั่น: 4-5 เม็ด
ใบมะกรูดฉีก: 2-3 ใบ
พริกขี้หนูเด็ดก้านออก: 10-15 เม็ด
หัวกระทิ: 1/2 ถ้วย
กะทิ: 1 ถ้วย
น้ำตาลมะพร้าว: 1 1/2 ช้อนโต๊ะ
น้ำมะขามเปียกคั้นข้นๆ: 2-3 ช้อนโต๊ะ
เกลือ: 1/2 ช้อนชา"
ขิงดอง,"ขิงอ่อนหั่นชิ้นบางๆ: ตามชอบ
น้ำส้มสายชู+น้ำสะอาด: 50+ 150 มล.
น้ำตาลทรายขาว: 35 กรัม
น้ำเลมอนหรือมะนาว: 1/2 ลูก
เกลือผสมน้ำสะอาด: แช่ขิง"
แกงคั่วสับปะรดหมูสามชั้น,"หมูสามชั้น: 2เส้น
สับปะรด: ครึ่งลูก
พริกแกงเผ็ด: 1ขีด
กะทิกล่อง: 1กล่อง
ใบมะกรูด: 3-4ใบ
พริกแดง: 2เม็ด
น้ำตาลทราย เกลือ ผงปรุงรส: 
น้ำเปล่า:"
กุ้งแม่น้ำทอดเกลือ,"กุ้งแม่น้ำขนาด 4 ตัวโลขึ้นไป: 1 kg
เกลือ: ตามชอบ
ผงปรุงรส: ตามชอบ
น้ำตาล: นิดหน่อย
น้ำมันพืช:"
ข้าวกะเพราเนื้อไข่ดาว เมนูนี้ไม่มีเบื่อ,"ไข่ไก่: 1 ฟอง
เนื้อสับ หรือหั่นเป็นชิ้น/หรือจะใช้เนื้อสัตว์อย่างอื่นก็ได้ค่ะ: 250 กรัม
ซอสหอยนางรม: 1 ช้อนชา
น้ำปลา หรือ ซอสปรุงรส: 1 ช้อนชา
น้ำตาล: 1/2 ช้อนชา
ใบกระเพรา: 2 กำมือ
กระเทียม: 3 กลีบ
พริก: 3-4 เม็ด"
ผัดไทยวุ้นเส้นกุ้งสด,"วุ้นเส้น: 
ถั่วงอก: 
ต้นกุ๋ยช่าย: 
เต้าหู้: 
ถั่วลิสง: 
กุ้งสด: 
ซอสมะเขือเทศ: 
ซอสพริก: 
น้ำตาลปี๊บ: 
น้ำมะนาว: 
น้ำมัน: 
หอมเเดง: 
ไข่ไก่: "
ข้าวห่อใบบัว,"ข้าวสารหอมมะลิ: 2 ถ้วยตวง
เห็ดหอมแห้งแช่น้ำพอนุ่มหั่นชิ้น: 4 ดอก
กุนเชียงคั่วพอหอม: 100 กรัม
เม็ดบัวแช่น้ำพอนุ่มต้มสุก: 50 กรัม
เม็ดเก๋ากี้: 1 ช้อนโต๊ะ
รากผักชีทุบ: 3-4 ราก
กระเทียมทุบพอแตก: 5 กลีบ
เกลือป่นหยาบ: 1/4 ช้อนชา
ซอสปรุงรส: 1 1/2 ข้อนโต๊ะ
ซอสเห็ดหอม: 3 ช้อนโต๊ะ
น้ำมันงา: 1 ช้อนโต๊ะ
พริกไทยป่น: 1 1/2 ช้อนชา
น้ำมันพืช: 2 ช้อนโต๊ะ
น้ำมันพืชสำหรับทอด: 1 1:2 ถ้วยตวง
น้ำซุป: 2 1/4 ถ้วยตวง
ไข่เค็ม (เฉพาะไข่แดง): 5 ลูก
ผักชีเด็ดยอด: 
ใบบัวสำหรับห่อ:"
ตำมะยม,"มะยมสด: 1 ถ้วย
กุ้งแห้ง: 2 ช้อนโต๊ะ
น้ำปลา: 1 ช้อนโต๊ะ
น้ำตาลปี๊บ: 1 ช้อนโต๊ะ
พริกขี้หนู: 10 เม็ด
ถั่วลิสง: 2 ช้อนโต๊ะ"
ซุปไก่มันฝรั่ง เมนูคลาสสิค ทานได้ทั้งครอบครัว,"ปีกไก่: 6 ชิ้น
มันฝรั่ง: 4 ลูกเล็ก
แครอท: ½ หัว
หอมหัวใหญ่: ½ หัว
มะเขือเทศ (มะเขือเทศญี่ปุ่นหวานดีค่ะ): 1 ลูกใหญ่ หรือ 5-10 ลูกเล็ก
กระเทียม: 4 กลีบ
รากผักชี: 2 ต้น
พริกไทย: สำหรับเด็กใส่ตามชอบได้
เกลือป่น: ½ ช้อนชา
ซีอิ๊วขาว: 1 ช้อนโต๊ะ
น้ำสะอาด: 1.5-2 ลิตร"
ผัดพริกแกงคั่วไก่ใบยี่หร่า,"สะโพกไก่หั่นชิ้น: 300 กรัม
พริกแกงคั่วกลิ้ง: 2 ช้อนโต๊ะ
กะทิ: 150 ml
กะปิ: 2 ช้อนชา
น้ำตาลปี๊ป: 2 ช้อนชา
ใบยี่หร่าหั่นท่อน: 10 ใบ
ใบมะกรูดฉีก: 5 ใบ
น้ำปลา: 1 ช้อนชา
น้ำเปล่า: 1/2 ถ้วย"
มะม่วงกวน,"ลูกพลัมหรือมะม่วง: 3 กิโลกรัม
เกลือ: 1 ช้อนชา
น้ำตาลทราย: ใส่หรือไม่ใส่ก็ได้"
หลนกุ้ง,"กุ้งสด: 14 ตัว
สันในไก่: 4 ชิ้น
พริกเขียว: 2 เม็ด
พริกแดง: 2 เม็ด
กระชาย: 3 ต้น
ใบมะกรูด: 4ใบ
ตะไคร้: 2 ต้น
หอมแดง: 15 หัว
กะทิ: 250 มล.
น้ำเปล่า: 100 มล.
น้ำตาลปี๊บ: ½ ช้อนโต๊ะ
เกลือ: 1 ช้อนโต๊ะ
น้ำมะขามเปียก: 1 ช้อนโต๊ะ
ข่าอ่อน: 6 เเว่น"
กากหมูผัดพริกแกง,"กากหมูทอดแล้ว: ครึ่งกิโลกรัม
น้ำมันพืช: 2ช้อนโต๊ะ
ตะไคร้หั่นแว่น: 1/2ช้อนโต๊ะ
ผิวมะกรูด: 1/3ช้อนโต๊ะ
กระเทียมสับ: 1/2
พริกจินดาแห้ง: 5เม็ด
พริกโอ่งแห้ง: 2เม็ด
น้ำตาลทราย: 1.5ช้อนโต๊ะ
น้ำปลา: 1ช้อนโต๊ะ
ถั่วฝักยาว(หั่น): 1/2ถ้วย"
หมี่ฮกเกี้ยนผัด,"หมี่ฮกเกี้ยน: 1/3 ห่อ
กุ้ง: 4ตัว
ผักกวางตุ้ง: 2-4 ต้น
หมู: 5-6 ชิ้น
ไข่: 1 ฟอง
กระเทียม: 3 กลีบ
ซีิอิ้วดำ ปริมาณแล้วแต่ยี่ห้อ สีเข้มอ่อนไม่เท่ากันค่ะ: 
พริกไทย: ตามชอบ
น้ำตาล: 
น้ำมันหอย: 
ซอสปรุงรส:"
ทอดปลาส้ม (ให้เป็นชิ้นสวย),"ปลาส้ม: 1 ชิ้น
แป้งทอดกรอบ: 1/2 ซอง
หอมแดงซอย: 4 หัว
พริกแห้งทอดกรอบ: 8 เม็ด
น้ำมันสำหรับทอด:"
ต้มยำรวมมิตรน้ำใสใบกะเพรา,"น้ำเปล่า: 800 มล.
ตะไคร้: 3 ต้น
ข่า: 5-6 แว่น
ใบมะกรูด: 5 ใบ
ไก่สับปั้นก้อน: 200 กรัม
กุ้ง: 10 ตัว
ปลาหมึก: 5 ตัว
ผงปรุงรส: 2 ช้อนชา
เกลือป่น: 1 ช้อนชา
น้ำปลา: 3 ช้อนโต๊ะ
มะนาว: ตามชอบ
พริกขี้หนูบุ: ตามชอบ
ใบกะเพรา: ตามชอบ
น้ำมันพริกเผา: 2 ช้อนโต๊ะ
เห็ดออรินจิ: 6 หัว
หอมแดง: 4 หัว"
ยำเล็บมือนาง,"เล็บมือนาง: 500 กรัม
ต้นหอม: 2 ต้น
ผักชี: 2 ต้น
หอมใหญ่: 1 หัว
มะเขือเทศ: 2 ลูก
พริกจินดา: 4 เม็ด
มะนาว: 2 ลูก
น้ำปลา: 3 ช้อนโต๊ะ
น้ำตาล: 1 ช้อนชา
เกลือ: 1/2 ช้อนชา"
ผัดมักกะโรนีกุ้ง,"มักกะโรนี: 250 กรัม
กุ้งสด (แกะเปลือก): ตามชอบ
ไข่ไก่: 3 ฟอง
หอมหัวใหญ่ (หั่น): 1 หัว (ใหญ่)
มะเขือเทศ (หั่น): 2 ลูก
ต้นหอม หั่นท่อน: 2-3 ต้น
เนย (สำหรับผัด): ตามชอบ
ออริกาโน่: ตามชอบ
ซอสมักกะโรนี สำเร็จรูป Prego รสดั้งเดิม: 1 กระป๋อง
น้ำมันพืช: 
เกลือ: 
พริกชี้ฟ้า: ตามชอบ"
ข้าวเหนียวชุบไข่ทอด,"ข้าวเหนียวนึ่ง: 3 ห่อ
ไข่ไก่: 3 ฟอง
ผงปรุงรสคนอร์ครบรส: 2 ช้อนชา
พริกไทยดำบด: 1 ช้อนชา
น้ำมัน: 
น้ำเปล่า:"
พริกแกง เจ,"พริกชี้ฟ้าแห้ง 40 เม็ด: 40 ก.
ตะไคร้ 4 ต้นใหญ่: 40 ก.
ข่า 1 แง่งใหญ่ ๆ: 30 ก.
มะกรูด 1 ลูก ( ใช้เฉพาะผิว ): 10 ก.
เกลือป่น: 1 ช้อนชา
กะปิเจ: 1 ช้อนโต๊ะ"
หมึกผัดกระเทียมพริกไทย,"หมึกกล้วย: 1/2 กก.
กระเทียมสับ: 2 ช้อนโต๊ะ
พริกไทย: 1 ช้อนชา
น้ำมันหอย: 2 ช้อนโต๊ะ
ซีอิ๊วขาว: 1 ช้อนโต๊ะ
น้ำตาลทราย: 1 ช้อนชา
น้ำมันพืช: 2 ช้อนโต๊ะ"
แกงจืดซี่โครงหมูกับกะหล่ำปลี,"ซี่โครงหมู: ตามต้องการ
กะหล่ำปลี: 1/2 หัว
เกลือ: เล็กน้อย
น้ำปลา: 
ซอสปรุงรส: 
กระเทียม: 2-3 กลีบ
รากผักชี: 3 ราก
น้ำ: 
ผักชี: เล็กน้อย"
"ผัดกะเพราโบราณ, ผัดกะเพราเนื้อสับ","เนื้อสับ: 300 กรัม
พริกขี้หนูเน้นสีแดง: 35 เม็ด
กระเทียมจีน: 1 หัว
ใบกะเพรา: ตามชอบ
ซอสปรุงรส: 2 ช้อนโต๊ะ
น้ำปลา: 1/2 ช้อนโต๊ะ
น้ำตาลทราย: 1 ช้อนชา
ซอสหอยนางรม: 1 ช้อนโต๊ะ
น้ำดื่ม: 1 ทัพพี"
แกงเทโพหมูสามชั้น,"หมู 3 ชั้น: 400 g.
พริกแกงใต้(แกงเผ็ด): 100 g.
น้ำตาลมะพร้าว: 20 กรัม
ใบมะกรูด: 3 ใบ
มะขามเปียก: 1/2 ช้อนโต๊ะ
น้ำปลาแท้: 2 ช้อนโต๊ะ
ผักบุ้งไทย: 8-10 ต้น
น้ำมันพืช: 1 ช้อนชา
กะทิ: 250 ml."
ตำไข่แดงเค็ม....นัวน้ำปลาร้า,"ไข่แดงเค็ม 10 ฟอง: 
กระเทียม6 กลีบ: 
พริกชี้ฟ้าแดง5 เม็ด: 
น้ำปลา1 ทัพพี: 
น้ำปลาร้าต้มสุก2 ทัพพี: 
มะนาว2 ทัพพี: 
น้ำตาลปี๊ป1/2 ทัพพี: 
มะเขือเทศสีดาตามชอบ: 
ผักชีฝรั่งตามชอบ: 
ถั่วฝักยาว ตามชอบ: 
หอมแดง (หอมแขก) ซอย 1/2 หัว: 
ใบมิ้นท์ ตามชอบ:"
แกงเลียงปลากรอบ,"ปลากรอบเอาไปปิ้งหรือเอาไปอบให้หอม แกะเอาแต่เนื้อ: 1 ตัว
น้ำเต้าปอกเปลือก ล้างให้สะอาด หั่นเป็นชิ้นพอดีคำ: 1 ลูกเล็ก
บวบ ฝานคมออกให้หมด ล้างน้ำให้สะอาด หั่นชิ้นพอดีคำ: 1/2 ลูก
ข้าวโพดอ่อน หั่นชิ้นพอดีคำ: 2-3 ฝัก
ใบแมงลักเด็ด ล้างน้ำให้สะอาด สะเด็ดน้ำ: 1/2 ถ้วย
พริกไทยเม็ด: 1/2 ช้อนโต๊ะ
หอมแดง: 4-5 หัว
กุ้งแห้งแช่น้ำให้นิ่ม สะเด็ดน้ำ: 25 กรัม
พริกขี้หนูสด: 10 เม็ด
กะปิ: 1/2 ช้อนโต๊ะ"
ปลากะพงทอดน้ำปลา,"ปลากระพง: 1 ตัว
น้ำมันสำหรับทอด: 
น้ำปลา: 2 ช้อนโต๊ะ
น้ำตาลปี๊บ: 2 ช้อนโต๊ะ
น้ำเปล่า: 1/4 ถ้วย
เม็ดมะม่วงหิมพานต์ ถั่วลิสง: สำหรับโรย
ใบผักชี: สำหรับโรย"
แกงบวดฟักทอง,"ฟักทอง: 100 g
น้ำตาลทราย: 3 ช้อนโต๊ะ
กะทิ: 100 มล.
เกลือ: เล็กน้อย"
แกงขี้เหล็กปลาย่าง,"หางกะทิ: 2 ลิตร
หัวกะทิ: 500 มล.
เนื้อปลาย่าง: 300 กรัม
กะปิ: 1 ช้อนโต๊ะ
ตะไคร้: 2 ต้น
หัวหอมแดง: 4 หัว
กระเทียม: 1 หัว
พริกไทย: 1/2 ช้อนชา
ขมิ้น: 1 หัว
เกลือเม็ด: 1 ช้อนชา
ผงปรุงรสหมู: 1 ช้อนโต๊ะ
ใบขี้เหล็กอ่อน: 500 กรัม
พริกสด: 5 เม็ด"
ผัดผักกระเฉดน้ำมันหอย,"ผักกระเฉด: 
กระเทียม: 
พริกขี้หนู: "
แหนมผัดวุ้นเส้นใส่ไข่,"แหนมสับหรือยี: 250 กรัม
วุ้นเส้นแช่น้ำจนนิ่ม ตัดเป็นท่อนสั้นๆ: 100 กรัม
ไข่ไก่: 2 ฟอง
ต้นหอมตัดเป็นท่อนๆ: 3-4 ต้น
กระเทียมสับละเอียด: 1 ช้อนโต๊ะ
น้ำมันสำหรับผัด: 2 ช้อนโต๊ะ
น้ำตาลทราย: ½ ช้อนโต๊ะ
น้ำปลา: 1 ช้อนโต๊ะ
น้ำมันหอย: 1 ช้อนโต๊ะ"
แกงส้มผักกระเฉด,"ผักกระเฉด: 300กรัม
กุ้งผ่าหลัง: 5-6ตัว
ปลากระป๋อง: 2กระป๋อง
พริกสด: 50กรัม
พริกแห้งป่น: 2ช้อนชา
หอมแดง: 7-8หัว
กระชาย: 2ช้อนโต๊ะ
กระปิ: 2ช้อนโต๊ะ
เกลือป่น: 1/2ช้อนชา
น้ำตาล: 1ช้อนโต๊ะ
น้ำปลา: 3ช้อนโต๊ะ
น้ำมะขามเปียก: 4ช้อนโต๊ะ
มะนาว: 3ลูก"
หลนเนื้อปู,"เนื้อปูจ๋า: 2 ขีด
น้ำตาลปี๊ป: ตามชอบ
มะขามเปียก: ตามชอบ
ตะไคร้: 5ต้น
ผักชี: 3ต้น
เต้าเจี้ยว: ตามชอบ
กะทิ: 1ขวด
หัวหอม: 12-15ลูก
ใบมะกรูด: 5ใบ
พริกหยวก: 8หัว
พริกหวาน: 2หัว"
ไก่เบตง,"สะโพกไก่และอกไก่: 1 กก.
ขิงแก่: 7 แว่น
ต้นหอม: 2 ต้น
รากผักชี: 2 ราก
น้ำสะอาด: พอท่วมไก่
น้ำซอสราดไก่: 
จิ๊กโฉ่ว: 1/2 ทัพพี
ซีอิ้วดำหวาน: 1 ทัพพี
น้ำตาลทราย: 1/2 ทัพพี
ซอสฝาเขียว: 1 ทัพพี
น้ำมันงา: ตามชอบ
น้ำมันกระเทียมเจียว: ตามชอบ
น้ำที่ได้จากการต้มไก่: 2 ทัพพี"
หมูสามชั้นผัดตะไคร้,"เนื้อหมูสามชั้น: 250 กรัม
ตะไคร้: 4 ต้น
ใบมะกรูด: 5 ใบ
กระเทียม: 8 กลีบ
พริกสด: 1 ช้อนโต๊ะ
น้ำมันพืช: 2 ช้อนโต๊ะ
น้ำปลา: 1 ช้อนโต๊ะ
น้ำมันหอย: 1 ช้อนโต๊ะ
น้ำตาล: 2 ช้อนชา
น้ำเปล่า: 1/2 ถ้วย"
ต้มจืดผักกวางตุ้ง,"ผักกวางตุ้ง: 1 กำ
กระดูกอ่อน: 3 ขีด
กระเทียม: 1 หัว
คนอร์ซุปรสหมูก้อน: 1 ก้อน
น้ำปลา:"
ยำผักกาดดอง,"ผักกาดดองกระป๋อง: 1
พริกขี้หนูสวน: 4-5 เม็ด
มะนาว: 1 ลูก
กระเทียม: 6-7 กลีบ
หอมแขก: 1 หัว
น้ำปลา: 1 ชต"
ต้มจืดไชเท้า ใส่ปลาหมึกแห้ง,"หัวไชเท้า: 1 kg
กระดูกหมู: 1/2 kg
ปลาหมึกแห้ง: 20 g
น้ำเปล่า: 5 ลิตร
คนอร์ซุปรสหมูก้อน: 1 ก้อน
เกลือ: 1/4 ช้อนชา
พริกไทยดำเม็ด: 1 ช้อนชา
ซีอิ๋วขาว: 1 ช้อนชา"
ผัดกระเพราไก่-ไข่ดาว,"เนื้อไก่ (สับ): 200 กรัม
กระเทียม: 3-4 กลีบ
พริกขี้หนู (ล้าง): 5 เม็ด (เผ็ดกลาง)
เห็ดออรินจิ (หั่น): 4 ดอก (เล็ก)
ใบกระเพรา (เด็ด): 4 กิ่ง
น้ำมันหอย: 2 ช้อนโต๊ะ
น้ำปลา: 1 ช้อนโต๊ะ
น้ำตาลทราย: 1 ช้อนชา
ซีอิ๊วขาว: ครึ่งช้อนโต๊ะ
น้ำมันพืช: 2 ช้อนโต๊ะ"
ไข่เค็มใบเตย,"ไข่เป็ด​: 1 ถาด
ดินสอพอง: 1.5 กิโลกรัม
เกลือ: 500​ กรัม
ใบเตยหั่นละเอียด: 1 ถุงใหญ่
น้ำเปล่า: 500​ กรัม"
ปลาหมึกย่าง,"ปลาหมึกหอม (1kG.): 2-3 ตัว
ซีอิ้วขาว: 2ช้อนชา
ซีอิ้วดำ: 2 ช้อนชา
ผงปรุงรส คนอร์: 1 ช้อนโต๊ะ
น้ำจิ้มซีฟู๊ด สำหรับทานคู่:"
ก๋วยเตี๋ยวคั่วไก่,"เส้นใหญ่: 
อกไก่: 
เห็ดหูหนูขาว (ใช้แทนหมึกกรอบ): 
ากผักชี, กระเทียม, พริกไทย (สำหรับหมักไก่): 
ไข่ไก่: 
ซีอิ๊วขาว, ซีอิ๊วดำ, น้ำปลา, ซอสพริก: 
ผักกาดหอม: 
พริกเหลือง, น้ำส้มสายชู (สำหรับทำพริกดอง): 
ไก่เชียง, หนังไก่ (เครื่องโรยหน้า): "
ข้าวผัดกระเทียม 🐲 (bbq plaza),"ข้าวสวย: 
กระเทียม: 
น้ำมันพืช: 
ผงปรุงรส: 
แครอท: 
ต้มหอม: 
น้ำตาลทราย: "
ไก่กรอบทอดกระเทียม,"เนื้อไก่ติดหนัง: 180 กรัม
กระเทียมสับหยาบ (ตัดหัวท้ายกระเทียม ไม่ต้องเอาเปลือกออก): 3ช้อนโต๊ะ
ซอสหอยนางรม: 2 ช้อนโต๊ะ
ซอสปรุงรส: 1 ช้อนโต๊ะ
ผงปรุงรส: ½ ช้อนชา
เกลือป่น: ¼ ช้อนชา"
แกงคั่วสับปะรดกุ้ง,"กุ้งสด: 250 กรัม
สับปะรด: 1 ลูก
กะทิเรียลไทย: 500 มล.
พริกแกงคั่ว: 2 ช้อนโต๊ะ
น้ำมะขามเปียก: 1-2 ช้อนโต๊ะ
น้ำตาลมะพร้าว: 1/2 ช้อนโต๊ะ
น้ำปลาดี: 2 ช้อนโต๊ะ
เกลือ: 1/2 ช้อนชา"
ผัดกะเพราปลากะพง,"เนื้อปลากะพงแล่เป็นชิ้น: 300 กรัม
แป้งชุบทอดกรอบ: 2 ช้อนโต๊ะ
กระเทียม: 0.5 กรัม
พริกขี้หนูแดง: 7 เม็ด
พริกไทยดำ: 10 เม็ด
หอมใหญ่หั่นชิ้น: 50 กรัม
ข้าวโพดอ่อนหั่นชิ้น: 50 กรัม
แครอทหั่นชิ้น: 50 กรัม
ถั่วฝักยาวหั่นชิ้น: 50 กรัม
พริกเหลืองซอย: 10 กรัม
ใบกระเพรา: 70 กรัม
น้ำมันพืช: 2 ช้อนโต๊ะ
ซอสหอยนางรม: 1 ช้อนโต๊ะ
ซีอิ้วขาว: 1.5 ช้อนโต๊ะ
น้ำตาลทราย: 0.5 ช้อนโต๊ะ"
ต้มโคล้งปลาสลิดทอด,"เนื้อปลาสลิดทอดแกะก้าง: 1-2 ตัว
น้ำซุป: 4 ถ้วย
น้ำตาลทราย: 1 ช้อนชา
น้ำปลา: 2-3 ช้อนโต๊ะ
น้ำมะขามเปียก: 3 ช้อนโต๊ะ
ใบมะกรูด: 4-5 ใบ
ตะไคร้: 2 ต้น
หอมแดงแขก: 4 หัว
กระเทียม: 4 กลีบ
ผักชีฝรั่ง: 2 ต้น
ข่า: 1 หัว
พริกป่น: 1 ช้อนโต๊ะ"
น้ำพริกปลาร้า,"ปลาดุก: 1 ตัว
หอมแดง: 7 หัว
กระเทียม: 10 กลีบ
พริกขี้หนูสวน: 15 เม็ด
มะนาว: 2 ช้อนโต๊ะ
น้ำปลา: 1 ช้อนโต๊ะ
น้ำปลาร้าต้มสุก: 1 ถ้วยตวง
น้ำเปล่า: 1 ถ้วยตวง"
ลาบไข่มดแดง,"ไข่มดแดง: 100กรัม
ข้าวคั่ว: 2 ช้อนโต๊ะ
หอมแขกซอย (หอมแดงก็ได้): 20กรัม
น้ำปลาอย่างดี: 1 ช้อนโต๊ะ
น้ำตาลทราย: 1ช้อนชา
น้ำมะนาว: 1 ช้อนโต๊ะ
พริกขี้หนู: 3เม็ด
ผักชีฝรั่งซอย: ตามชอบ
ใบสะระแหน่: ตามชอบ"
แกงเขียวหวานสำเร็จรูป,"หมูสันใน: 200 กรัม
ผงปรุงรสแกงเขียวหวาน: 1 ซอง
น้ำกะทิ: 100 มล.
ใบมะกรูด: 
โหระพา: 
พริกชี้ฟ้าแดง: 
มะแว้งเขียว: 150 กรัม
น้ำเปล่า: 50 มล."
แจ่วหมูโบราณ,"หมูสับ: 1 kg
พริกแห้ง: 200 g
ข่าหั่นแว่น: 200 g
ตะไคร้ซอย: 100 g
หอมแดง: 200 g
กระเทียม: 100 g
น้ำปลา: 4 ช้อนโต๊ะ
น้ำตาล: 1 ช้อนโต๊ะ
ผงปรุงรส: 1 ช้อนโต๊ะ
เกลือ: 1 ช้อนชา
กะปิ: 1 ช้อนชา"
ขนมจีบต้ม 🐷,"หมูสับ: 
พริกไทยขาว: 
ซีอิ๊วขาวเห็ดหอม: 
กระเทียม: 
รากผักชี: 
น้ำตาลทราย: 
น้ำมันงา: 
แผ่นเกี๊ยว: 
น้ำเปล่า: 
น้ำมันกระเทียมเจียว: 
น้ำจิ้มขนมจีบ: 
แป้งมัน: "
ผัดมะเขือยาวหมูสับ,"มะเขือยาว: 1 ลูก
หมูสับ: 150 กรัม
พริกขี้หนู: 3 เม็ด
โหระพา: 2 ต้น
น้ำมันหอย: 1 ช้อนโต๊ะ
น้ำตาล: 2 ช้อนชา
ซอสปรุงรส: 1 ช้อนชา
เต้าเจี้ยว: 1/2 ช้อนโต๊ะ"
ผัดมะเขือยาวหมูสับ,"มะเขือยาว: 1 ลูก
หมูสับ: 150 กรัม
พริกขี้หนู: 3 เม็ด
โหระพา: 2 ต้น
น้ำมันหอย: 1 ช้อนโต๊ะ
น้ำตาล: 2 ช้อนชา
ซอสปรุงรส: 1 ช้อนชา
เต้าเจี้ยว: 1/2 ช้อนโต๊ะ"
ต้มซุป,"น่องไก่เล็ก: 1/2 โล
แครอท: 1-2 หัว
หัวหอมใหญ่: 1-2 หัว
คื่นซ่าย: 1 กำเล็ก
ชีอิ้วขาว: 2 ช้อน
เกลือ: 1/2 ช้อนเล็ก
ซุปก้อน: 1 ก้อน
น้ำตาล: 1/2 ช้อน
มะเขือเทศ: 2-3 ลูก"
ต้มซุป,"น่องไก่เล็ก: 1/2 โล
แครอท: 1-2 หัว
หัวหอมใหญ่: 1-2 หัว
คื่นซ่าย: 1 กำเล็ก
ชีอิ้วขาว: 2 ช้อน
เกลือ: 1/2 ช้อนเล็ก
ซุปก้อน: 1 ก้อน
น้ำตาล: 1/2 ช้อน
มะเขือเทศ: 2-3 ลูก"
แกงคั่วกระดูกใบยี่หร่า,"กระดูกซี่โครงหมู: 1 กิโลกรัม
พริกแกงใต้: 300 กรัม
ใบยี่หร่า: 200 กรัม
ใบมะกรูดฉีก: 
ผงปรุงรส: 
น้ำปลา:"
แกงคั่วกระดูกใบยี่หร่า,"กระดูกซี่โครงหมู: 1 กิโลกรัม
พริกแกงใต้: 300 กรัม
ใบยี่หร่า: 200 กรัม
ใบมะกรูดฉีก: 
ผงปรุงรส: 
น้ำปลา:"
แกงมัสมั่นไก่,"สะโพกไก่: 500 กรัม
พริกแกงมัสมั่น: 60 กรัม
กะทิเรียลไทย: 750 มล
ถั่วลิสงคั่ว: 50 กรัม
มันฝรั่ง (หั่นเต๋า): 4-5 ลูก
หอมใหญ่: 2 หัว
น้ำตาลมะพร้าว: 2-3 ชต
น้ำปลาดี: 1-2 ชต
น้ำมะขามเปียก น้ำส้มซ่า: 2-3 ชต
อบเชย โป๊ยกั๊ก: 
ลูกกระวาน ใบกระวาน: 
เกลือ: 1/2 ชช"
ยำไชโป๊ว,"พริกขี้หนูสวน: 5-7 เม็ด
หัวไชโป๊ว: 2 ช้อนโต๊ะ
หอมแดง: 2 หัว
น้ำปลา: 2 ช้อนโต๊ะ
น้ำตาล: 2 ช้อนชา
มะนาว: 1 ลูก"
ข้าวกะเพราไก่ไข่ดาว,"เนื้อไก่สับ: 70กรัม
ใบกะเพรา: 1ถ้วย
พริกแดงจินดา: 8เม็ด
กระเทียม: 5กลีบ
ซีอิ๊วดำ: 1/2 ชช
ซอสหอยนางรม: 1/2 ช้อนโต๊ะ
น้ำปลา: 1/2 ชต
น้ำตาลทราย: 1ช้อนชา
คนอร์ เนเชอรัล ผงรสหมูสูตรไม่ใส่ผงชูรส: 1ช้อนชา
ไข่ไก่: 1ฟอง
น้ำมันพืช: 
ข้าวสวย: 1ถ้วย"
ข้าวผัดกระเพราคลุกเบคอน,"ข้าวสวย: 1 ถ้วย
กระเทียม: 3 กลีบ
พริก: 10 เม็ด
ซอสน้ำมันหอย: 1 ช้อนโต๊ะ
ซีอิ๋วขาว: 1 ช้อนโต๊ะ
น้ำตาลทราย: 1/4 ช้อนชา
ใบกระเพรา: ตามใจชอบ
น้ำมัน: 2 ชต
ซอสปรุงรส: 1 ช้อนโต๊ะ
เบคอน/กากหมู: ตามใจชอบ
หัวหอม: ครึ่งหัว"
ผัดเผ็ดถั่วฝักยาวหมูสามชั้น,"ถั่วฝักยาว: 1 กำ
หมูสามชั้น: 200 กรัม
พริกแกงเผ็ด: 2 ช้อนโต๊ะ
พริกชี้ฟ้า: 
ใบโหระพา:"
น้ำพริกโจร,"กุ้ง: 2 ขีด
น้ำเปล่า: 6 ช้อนโต๊ะ
หอมแดง: 8 หัว
พริกขี้หนูสวน: 20 เม็ด
มะนาว: 2 ลูก
กะปิ: 1 ช้อนโต๊ะ
น้ำตาลปี๊บ: 1 ช้อนโต๊ะ
น้ำปลา: 1 ช้อนโต๊ะ"
ต้มซุปเปอร์ตีนไก่,"ตีนไก่: 500 กรัม
น้ำเปล่าหรือน้ำซุป: 1 ลิตร
น้ำปลา: ตามชอบ
น้ำมะนาว: ตามชอบ
พริกขี้หนูสับหยาบ: ตามชอบ
ผักชีใบเลื่อย ซอย: 1 ต้น
ต้นหอม ซอย: 2 ต้น
คนอร์เล้งต้มแซ่บ: 1 ก้อน
น้ำเปล่าต้มตีนไก่: พอท่วม"
หมึกต้มตะไคร้,"ปลาหมึก: 600 กรัม
ตะไคร้: 3 ต้น
น้ำเปล่า: 500 มล
น้ำตาลปิ้บ: 1 ช้อนโต๊ะ
น้ำมะขามเปียก: 1 ช้อนโต๊ะ
หอมแดง: 6-7 หัว
มะนาว: 2 ลูก
น้ำปลาดี: 1 ช้อนโต๊ะ
พริกทอด: 1-3 ดอก"
ถั่วงอกผัดไข่,"ถั่วงอก: 400 กรัม
ต้มหอม: 4 ต้น
กระเทียม: 3 กลีบ
พริก: 3 เม็ด
น้ำมันหอย: 2 ช้อนโต๊ะ
ซอสฝาเขียว: 1ช้อนโต๊ะ
น้ำตาล: 1 หยิบ
ไข่ไก่: 2 ฟอง
หมูสับ: 2 ช้อนโต๊ะ"
วุ้นเส้นผัดซีอิ้วหมูหมัก,"เนื้อหมูหมัก: 300 กรัม
วุ้นเส้น: 1 ห่อ
ผักคะน้า: 5 ต้น
ไข่ไก่: 2 ฟอง
กระเทียมสับ: 1/4 ถ้วย
น้ำตาลทราย: 1 ช้อนโต๊ะ
ซีอิ้วดำ: 2 ช้อนโต๊ะ
น้ำมันหอย: 1 ช้อนชา
ซอสปรุงรส: 1 ช้อนชา
ซีอิ้วขาว: 1 ช้อนชา
ผงคนอร์อร่อยชัวร์: 1 ช้อนชา
พริกไทยป่น: 1/2 ช้อนชา
น้ำมันสำหรับผัด: 2 ช้อนโต๊ะ
น้ำเปล่า:"
แกงส้มกุ้งสับปะรด,"กุ้งขาว: 4 ขีด
สับปะรดเปรี้ยวอมหวาน: 1/2 ลูกเล็ก
เครื่องแกงส้มใต้: 2 ช้อนโต๊ะ
กะปิ: 1.5ช้อนโต๊ะ
น้ำปลา: 1.5 ช้อนโต๊ะ
เกลือป่น: 1 หยิบมือ
น้ำตาล: 1.5 ช้อนโต๊ะ
น้ำมะขามเปียก: 1 ถ้วยน้ำซุป
มะนาว: 1.5 ลูก"
ตำหอยแครงไข่แดงเค็ม,"หอยแครง: 600 กรัม
ไข่แดงเค็ม (ดิบ): 5 ฟอง
พริกชี้ฟ้าแดง: 10 เม็ด
กระเทียม: 1/2 หัว
น้ำปลา: 2 ทัพพี
ปลาร้าต้มสุก: 3 ทัพพี
มะนาว: 2 ทัพพี
น้ำตาลปี๊บ: 1 ทัพพี
มะเขือเทศสีดา: ตามชอบ"
หมูผัดขิงเห็ดหูหนู,"เนื้อหมู: 150 กรัม
เห็ดหูหนูแช่น้ำจนนิ่ม: 50 กรัม
ขิงอ่อนซอย: 1/4 ถ้วย
พริกชี้ฟ้าสีเขียวอ่อน: 2 เม็ด
ต้นหอม: 2 ต้น
กระเทียมสับ: 1 ช้อนโต๊ะ
ซีอิ้วขาว: 1 ช้อนโต๊ะ
น้ำมันหอย: 1+1/2 ช้อนโต๊ะ
น้ำตาลทราย: 1 ช้อนชา
เต้าเจี้ยวเม็ด: 1 ช้อนชา
น้ำมันพืชสำหรับผัด: 2 ช้อนโต๊ะ
น้ำปล่าหรือน้ำซุป: 2 ช้อนโต๊ะ"
ตามล่าไข่ปลาหมึกแมคโครมาลงกระทะ 🐙,"ไข่ปลาหมึกกล้วย: 0.5 Kg
แป้งโกกิ: 1 ช้อนโต๊ะ
ผงปรุงรส: 2 ช้อนชา
เกลือ: 1 ช้อนชา
กระเทียมจีน: 5 กลีบ
พริก: 5 เม็ด
มะนาว: 2 ลูก
น้ำตาลปี๊บ/น้ำตาลทราย: 1 ช้อนโต๊ะ
กะหล่ำปลี: 1/4 หัว"
ไข่ลูกเขย,"ไข่ไก่: 5ใบ
หอมแดงหัวใหญ่: 1หัว
มะขามเปียก: 
น้ำตาลปี๊บ: 
เกลือ: 
น้ำปลา: 
พริกแห้ง:"
ข้าวไข่ขยี้กุ้ง,"1.กุ้งสด 20 ตัว: 
2.ไข่ไก่ 3 ฟอง: 
3.กระเทียมสับหยาบ: 
4.เครื่องปรุงรส (ซีอิ้วขาว พริกไทยดำป่น ผงปาปริก้า น้ำตาลทราย) *ตามชอบเลยนะคะ: 
5.คื่นช่าย (ตามชอบ):"
หมูสามชั้นชุบแป้งทอด (Air Fryer),"หมูสามชั้น: 250 กรัม
น้ำปลา: 2 ช้อนโต๊ะ
น้ำตาลทราย: 1 ช้อนชา
พริกไทยป่น: 1/2 ช้อนชา
ผงปรุงรส: 1/2 ช้อนชา
แป้งทอดกรอบ:"
สันคอหมูสไลด์ผัดพริกหยวก,"สันคอหมูสไลด์: ประมาณ 200 กรัม
กระเทียมปลอกเปลือกหั่น: 5 กลีบ
พริกหยวก: 1-2 เม็ด
หอมหัวใหญ่ซอย: 1/2 หัว
น้ำมันมะกอก: เล็กน้อย
น้ำมันหอย: 1/2 - 1 ช้อนโต๊ะ
ซีอิ๊วเห็ดหอม: 1/2 - 1 ช้อนโต๊ะ
สารให้ความหวานแทนน้ำตาล: 1/2 ช้อนชา"
ข้าวผัดน้ำพริกนรก,"กระเทียมไทย (ซอย): 30 กรัม
หอมแดง (ซอย): 50 กรัม
เนื้อมะขามเปียก (สับ): 3 ช้อนโต๊ะ
กะปิ: 1 ช้อนโต๊ะ
พริกแห้งเม็ดเล็ก: 15 กรัม
ปลาเนื้ออ่อนรมควัน: 4 ช้อนโต๊ะ
น้ำปลา: 1 ช้อนโต๊ะ
เกลือ: ¼ ช้อนชา
ข้าวสวย: 200 กรัม
น้ำมันรำข้าว: 1½ ช้อนโต๊ะ
ถั่วฝักยาว (ซอย): 2 ช้อนโต๊ะ
กุ้งแห้ง (ทอดกรอบ): สำหรับเสิร์ฟ
ปลาสลิด (ทอดกรอบ): สำหรับกินแนม
ไข่เค็ม: สำหรับเสิร์ฟ
แตงกวา: สำหรับเสิร์ฟ
ถั่วฝักยาว: สำหรับเสิร์ฟ
ผักชี: สำหรับเสิร์ฟ"
ตับหมูผัดใบโหรพา,"ตับหมู: 1/2กิโล
พริกชี้ฟ้าแดงเขียว: 2-3เม็ด
หอมใหญ่: 1หัว
โหรภา: 1กำ
กระเทียมสับ: 3-5กลีบ
พริกกะเหรี่ยงสับ: 5เม็ด
น้ำมันหอย: 2ชต
ซอสปรุงรส: 2ชต
น้ำตาลทราย: 1-2ชช
พริกไท: 1ชช
น้ำปลา: 1ชต
น้ำมัน: 1-2ชต"
สะโพกไก่ทอดน้ำปลาน้ำจิ้มแจ่ว,"สะโพกไก่: 1/2 กิโลกรัม
น้ำปลาดี: 3 ช้อนโต๊ะ
ส่วนผสมน้ำจิ้มแจ่ว: 
น้ำปลา: 2 ช้อนชา
น้ำมะขามเปียก: 2 ช้อนชา
น้ำตาลทราย: 1/2 ช้อนชา
หอมแดง: 2 หัว
ผักชีใบเลื่อย(ผักชีฝรั่ง): 1 ต้น
พริกป่น: 2 ช้อนชา
ข้าวคั่ว: 1 ช้อนชา
พริกขี้หนู(แดงจินดา): 2 เม็ด
น้ำมะนาว: ตามชอบ"
แหนมไก่ทอด,"เนื้อไก่ หรือเอ็นข้อไก่: 500 g.
ดอกเกลือ: 2 ช้อนชา
กระเทียมสับ: 5 ช้อนโต๊ะ
ข้าวเหนียว: 100 g.
ผงคนอร์อร่อยชัวร์: 1 ช้อนชา"
กุ้งชุบเกล็ดขนมปังทอด,"กุ้งสด: 5 ตัว
น้ำมัน: 
แป้งทอดกรอบ: 
ไข่ไก่: 1 ฟอง
เกล็ดขนมปัง: 
ผงปรุงรส:"
พะแนงเนื้อ,"เนื้อวัว: ครึ่งกิโล
พริกแกงพะแนง: 1ขีด
กะทิชาวเกาะ: 1กล่อง
มะเขือพวง: 
ใบมะกรูด: 
พริกแดง: 
น้ำตาล: 
เกลือ:"
สามชั้นสไลด์ทอดกรอบ น้ำจิ้มแจ่ว,"หมูสามชั้นสไลด์บาง: 1 แพ็ค
ผงคนอร์อร่อยชัวร์: 1 ช้อนโต๊ะ
น้ำตาลทราย: 1 ช้อนโต๊ะ
น้ำปลา: 3 ช้อนโต๊ะ
พริกไทย: 1 ช้อนโต๊ะ
แป้งทอดกรอบ: 3 ช้อนโต๊ะ
น้ำเย็น: 3 ช้อนโต๊ะ
น้ำมันสำหรับทอด: ครึ่งลิตร
พริกป่น: 1 ช้อนชา
ข้าวคั่ว: 1 ช้อนชา
น้ำตาลทราย (สำหรับแจ่ว): 1 ช้อนชา
มะนาว: 2-3 ซีก
ต้นหอม: 1 ต้น
ผักชี: 1 ต้น
ผักชีฝรั่ง: 1 ต้น
หอมแดงหัวเล็ก: 2 หัว
แตงร้าน: 1 ลูก"
หมูสามชั้นทอด,"หมูสามชั้น: 500 กรัม
ซอสข้นปรุงรส: 1 ช้อนโต๊ะ"
กุ้งอบวุ้นเส้น,"กุ้ง: 10 ตัว
ขิง: 3-4 ชิ้น
น้ำมันพืช: 1 ช้อนโต๊ะ
วุ้นเส้น: 1 ห่อ
น้ำเปล่า หรือน้ำซุป: 1 ถ้วย
ผักชี: 1 ต้น
ซีอิ้วดำ: 1 ช้อนชา
ซีอิ้วขาว: 2 ช้อน
พริกไทยดำ: 1 ช้อนโต๊ะ
น้ำมันหอย: 2 ช้อนโต๊ะ
น้ำตาลทราย: 2 ช้อนชา"
ต้มจิ๋วไก่,"เนื้ออกไก่ (หั่นเต๋า): 250 กรัม
มันเทศ (หั่นเต๋า): 150 กรัม
ใบกะเพรา: 25 กรัม
ใบโหระพา: 25 กรัม
หอมแดง: 6-8 หัว
พริกขี้หนูสวน: 15 เม็ด
น้ำมะขามเปียก: 2 ช้อนโต๊ะ
น้ำปลาดี: 2 ช้อนโต๊ะ
มะนาว: 1 ลูก
เกลือ: หยิบมือ
น้ำเปล่า: 3 ถต.
ซุปไก่ก้อนคนอร์: 1 ก้อน"
ไก่กรอบซอสเปรี้ยวหวาน( สูตรไม่ใส่สับปะรด) แต่คอนเฟริมความอร่อย 😁,"**ส่วนผสมไก่กรอบ**: 
ไก่หั่นเป็นชิ้นพอดีคำ: 400 กรัม
ซอสปรุงรส: 1 ช้อนโต๊ะ
เบกกิ้งโซดา(ไม่มีไม่ใส่ก็ได้): 1/4 ช้อนชา
เกลือป่น: 1/4 ช้อนชา
แป้งสาลีเอนกประสงค์หรือแป้งทอดกรอบ: 1 - 1 1/2 ถ้วยตวง
ไข่ไก่: 2ฟอง
**ส่วนผสมสำหรับผัด**: 
น้ำมันพืชเล็กน้อย: 
กระเทียมสับ: 1 ช้อนโต๊ะ
พริกหวานสามสีแดง,เหลือง,เขียวหั่นเป็นชิ้นพอดีคำ: สีละ 1 ผล รวม 3 ผล
หอมหัวใหญ่ หั่นเป็นชิ้นพอดีคำ: 2 ถ้วยตวง
**ส่วนผสมซอส**: 
ซอสสำหรับปรุงรส: 1/4 ถต.
ซอสมะเขือเทศ: 1/4 ถต.
น้ำตาล: 1/4 ถต.
น้ำเปล่า: 1/4 ถต.
น้ำส้มสายชูสำหรับทำอาหาร: 1/4 ถต.
น้ำจิ้มไก่: 2 ช้อนโต๊ะ
เกลือ: 3/4 ช้อนชา
แป้งข้าวโพด: 1 ช้อนโต๊ะ"
กรือโป๊ะ กระโป๊ะ,"กรือโป๊ะ: 1 เส้น
น้ำมัน: ครึ่งถ้วย"
ต้มยำซี่โครงอ่อน น้ำใส,"ข่า: 1หัว
มะกรูด: 5-7ใบ
ตะไคร้: 2ก้าน
เห็ดฟาง: 100กรัม
พริกขี้หนู: 10เม็ด
ซี่โครงหมูอ่อน: 300 กรัม
น้ำซุป: 2+1/2ถ้วย
น้ำปลา: 
มะนาว: 
พริกแห้ง: 
เกลือ: 
ผักชี:"
ปลากะพงลุยสวน,"ปลากะพง: 1 ตัว
ตะไคร้: 50 กรัม
หอมแดงซอย: 30กรัม
น้ำมะนาว: 2 ชต
น้ำปลา: 1ช้อนโต๊ะ
ขิ่งหั่นเตา: 2ชต
มะนาวหั่นเต๋า: ตามชอบ
เม็ดมะม่วงหิมพานต์ทอด: 30กรัม
พริกขี้หนูซอย:"
ต้มยำกระดูกอ่อนน้ำข้น,"กระดูกหมูอ่อน: 200 กรัม
เครื่องต้มยำ ข่า ตะไคร้ ใบมะกรูด: 1 ชุด
ซุปคนอร์ก้อนต้มยำ/เล้ง: 1-2 ก้อน
น้ำพริกเผา: 1 ชต
นมข้นจืด: 1 ทัพพี
มะนาว: ตามชอบ
พริกสด: ตามชอบ
ผักชีฝรั่ง/ผักชีไทย: ตามชอบ"
ต้มแซ่บหมูเด้ง 🌶,"หมูเด้ง: 
เห็ดออรินจิ: 
น้ำเปล่า: 
คนอร์ซุปก้อน: 
หัวหอมแดง: 
ตะไคร้: 
ใบมะกรูด: 
เกลือ: 
น้ำปลา: 
มะนาว: 
พริกป่น: "
แกงเขียวหวาน สันในหมู,"เครื่องแกงเขียวหวาน: 100g
สันในหมู: 400g
มะเขือเปราะ: 100g
มะเขือพวง (ไม่ใส่เพราะไม่ชอบครับ): 0
พริกชี้ฟ้า: นิดหน่อย
โหระพา: นิดหน่อย
กะทิ: 500ml
ซอสหอยนางรม: 3 ชต
น้ำปลา: 4 ชต
น้ำตาล: 4-5 ชช"
ทอดมันปลากรายพริกแกงใต้,"เนื้อปลากรายขูด: 200 กรัม
ถั่วฝักยาวซอย: 80 กรัม
พริกแกงใต้: 1.5 ช้อนโต๊ะ
ไข่ไก่: 1 ฟอง
ใบมะกรูดซอย: 5 - 6ใบ
น้ำตาลทราย: 1/2 ช้อนชา
ซีอิ๊วขาว: 2 ช้อนชา"
หมูสามชั้นผัดฉ่า,"หมูสามชั้น: 1/2 กก.
เครื่องผัดฉ่า: 1 ชุด
พริกแกงเผ็ด: 2 ช้อนโต๊ะ
น้ำตาล: 1/2 ช้อนชา
เกลือ: 1/4 ช้อนชา"
มะระหวานผัดไข่ (ฟักแม้ว),"ฟักแม้ว: 2-3ลูก
ไข่เป็ด: 2ฟอง
กระเทียมสับ: 1ชต
น้ำตาลทราย: 2ชช
น้ำมันหอย: 2ชต
น้ำปลา: 2ชช
พริกไท: 1/4ชช
น้ำมันพืช: 2ชต"
ฉู่ฉี่ปลาทู,"ปลาทูสด: 3ตัว
กะทิกล่องอร่อยดี: 250 ml.
พริกแกงเผ็ด: 3 ชต
น้ำปลา: 2 ช้อนโต๊ะ
น้ำตาลปี้บ: 1/2 ช้อนโต๊ะ
ใบมะกรูด: 
พริกแดง:"
ไก่อบซอสบาบีคิวน้ำผึ้ง,"ไก่: 1 kg.
ซอสบาบีคิว: 1/4 ถต.
ซอสปรุงรส: 1/4 ถต.
น้ำผึ้ง: 1/4 ถต.
ฮอทซอสหรือซอสพริกศรีราชา ไม่มีไม่ใส่ก็ได้: 2 ช้อนโต๊ะ
พริกไทยดำป่น: 1 ช้อนชา
กระเทียมสับละเอียด: 1 ช้อนชา
ขิงสับละเอียดหรือขิงขูด: 1/2 ช้อนชา"
ฉู่ฉี่ไข่ดาว,"ไข่ไก่: 6 ฟอง
พริกแกงเผ็ด: 2 ช้อนโต๊ะ
น้ำมันพืช: 
น้ำปลา: 
น้ำตาลทราย: 
น้ำเปล่า: 
ใบมะกรูดหั่นฝอย: 4 ใบ"
แกงเลียงกะทิสด,"กุ้งขาวแกะเปลือกผ่าหลัง: 2 ขีด
หัวหอมแดง: 3 หัว
ข่า(ใส่ดับกลิ่นคาวนิดนึง): 1ช้อนชา
กระชาย: 2ช้อนชา
กะปิ: 1ช้อนชา
พริกไทยขาวเม็ด: 2-3 ช้อนชา
กุ้งแห้ง: 2 ช้อนชา
ฟักทอง: 
ข้าวโพดอ่อน: 
บวบ: 
เห็ดโคนญี่ปุ่น: 
ใบแมงลัก: 1ขีด
กะทิสด: 1/2 ถ้วย
น้ำปลา ตามชอบ เราใส่แค่: 1ช้อน"
"ทำเครื่อง""ผัดพริกขิง"" เก็บไว้ใช้","หอมแดง: 3 หัว
กระเทียม: 3 หัว
ผิวมะกรูด: ครึ่งช้อนโต๊ะ
พริกแห้ง: 15 เม็ด
พริกแกงแดง: 1 ช้อนโต๊ะ
เกลือ: ครึ่งช้อน
กุ้งแห้ง: 1 ช้อน"
"ทำเครื่อง""ผัดพริกขิง"" เก็บไว้ใช้","หอมแดง: 3 หัว
กระเทียม: 3 หัว
ผิวมะกรูด: ครึ่งช้อนโต๊ะ
พริกแห้ง: 15 เม็ด
พริกแกงแดง: 1 ช้อนโต๊ะ
เกลือ: ครึ่งช้อน
กุ้งแห้ง: 1 ช้อน"
แกงส้มชะอมทอด,"กุ้ง: 3 ขีด
ปลาทูทอดแกะก้าง: 1 ตัว
พริกแกงส้มใต้: 1 1/2 ช้อนโต๊ะ
พริกแกงส้มกลาง: 1 1/2 ช้อนโต๊ะ
น้ำตาลปี้บ: 2 ช้อนโต๊ะ
น้ำปลา: 1/2 ทัพพี
เกลือป่น: 1 หยิบมือ
น้ำมะขามเปียก: 1/2 ถ้วยตวง
น้ำสะอาด: 750 มล.
ผักกาดขาว: 1 หัว
แครอท: 1 หัว
หัวไชท้าว: 1 หัว
ชะอมทอด: 1 แพ"
แกงแคกบ,"กบ: 
พริกแห้ง: 
ตะไคร้: 
ข่า: 
กระเทียม: 
มะข่วง: 
มะแขว่น: 
ปลาร้า: 
ข้าวคั่ว: 
ผักต่างๆ: 
น้ำปลา: 
น้ำสะอาด: 500 ml"
แกงแคกบ,"กบ: 
พริกแห้ง: 
ตะไคร้: 
ข่า: 
กระเทียม: 
มะข่วง: 
มะแขว่น: 
ปลาร้า: 
ข้าวคั่ว: 
ผักต่างๆ: 
น้ำปลา: 
น้ำสะอาด: 500 ml"
กุ้งทอดกระเทียม (สูตรมันกุ้ง),"กุ้ง: 
กระเทียม: 
น้ำมันพืช: 
แป้งทอดกรอบ: 
ซอสถั่วเหลือง: 
น้ำมันหอย: 
น้ำปลา: 
พริกไทย: 
เกลือ: "
ทอดมันปลา (ยี่สก),"เนื้อปลายี่สก: 1/2 โล
พริกแกงแดง: 1/2 ขีด
ถั่วฝักยาวซอย: 4 ฝัก
ใบมะกรูดซอย: 6 ใบ
น้ำจิ้มไก่: 5 ช้อนโต๊ะ
น้ำส้มสายชู: 1 ช้อนชา
ถั่วลิสงบด: 20 เม็ด
แตงกวา:"
ผัดไก่ใบยี่หร่า,"เนื้อไก่: 200 กรัม
ขาไก่: 1 ขา
เครื่องในไก่: เล็กน้อย
พริกแกงแดง: 1 ช้อนชา
พริกจินดาแดง: 5 เม็ด
พริกขี้หนูสวน: 20 เม็ด
พริกไทย: 40 เม็ด
กระเทียม: 15 - 20 กลีบ
ใบยี่หร่า: ตามชอบ
พริกชี้ฟ้า/ใบมะกรูด: เล็กน้อย
ซีอิ๊วขาว: 1/2 ช้อนโต๊ะ
เกลือ: 1/8 ช้อนชา
น้ำมัน: เล็กน้อย"
ยำอกไก่ฉีก 🌶,"อกไก่: 1 ชิ้น
น้ำเปล่า: พอประมาณ
แตงกวา: 2 ลูก
มะเขือเทศเชอร์รี่: 3 ลูก
หัวหอมแดง: 1 ลูก
เกลือ: 1 ช้อนชา
มะนาว: 1 ลูก
พริกขี้หนู: 6 เม็ด
น้ำเชื่ิอม: 1 ช้อนชา
ขึ้นฉ่าย: 2 ต้น
พริกป่น: 1 ช้อนชา
น้ำตาลทราย: 1 ช้อนโต๊ะ"
น่องไก่ติดสะโพกอบสมุนไพร,"น่องไก่ติดสะโพก: 4 ชิ้น
น้ำมันหอย: 4 ช้อนโต๊ะ
ซีอิ้วขาว: 2 ช้อนโต๊ะ
กระเทียมป่น: 2 ช้อนชา
พริกไทยดำป่น: 2 ช้อนชา
รากผักชีป่น: 1 ช้อนชา
เม็ดผักชีป่น: 1 ช้อนชา
น้ำมันงา: 2 ช้อนชา
งาดำหรืองาขาว: 1 ช้อนโต๊ะ"
แกงคั่วกุ้งใบชะพลู,"กุ้ง: 15 ตัว
พริกแกงคั่วใต้: 1 ช้อนโต๊ะ
กะทิ: 250 มล.
กะปิ: 1 ช้อนชา
เกลือ: 1 หยิบมือ
น้ำตาลปี๊บ: 1/2 ช้อนโต๊ะ
น้ำเปล่า: 100 มล.
ใบชะพลู: 20-30 ใบ"
ปลาส้ม ( ปลาจีน ),"เนื้อปลาจีน: 882 ก.
เกลือ ( ตักพูนๆ ): 5 ช้อนโต๊ะ
กระเทียม หัวใหญ่: 5 หัว
ข้าวเหนียว (ซื้อร้านหมูปิ้ง): 1-2 ห่อ
น้ำสะอาด ( กะแค่ท่วมปลา ):"
ปลาแนม,"หนังหมู: 2 ขีด
มะพร้าวขูด: 5 ขีด
หอมแดง: 5 หัว
พริกขี้หนู: 5 เม็ด
มะนาว: 1 ลูก
ใบชะพลู: 1 กำ
ปลาย่าง: 2 ขีด"
คะน้าผัดปลากระป๋อง,"คะน้า: 1กำ
ปลากระป๋อง: 1ป๋อง
กระเทียมสับ: 2-3กลีบ
🌶พริกแดง: 2เม็ด
ซอสปรุงรส: 1-2ชช
น้ำตาล: 1ชช"
ก๋วยเตี๋ยวไก่ตุ๋นมะระ,"น่องไก่: 1 kg.
มะระ: 1 ผล
เห็ดหอม: 6 ดอก
รากผักชี: 5 ราก
กระเทียมจีนบุบพอหยาบ: 10 กลีบ
เมล็ดพริกไทย: 2 ชข.
อบเชย: 3 แท่ง
โป๊ยกั๊ก: 4 ดอก
เครื่องตุ๋นยาจีนชุดเล็ก: 1 ชุด
ผงพะโล้: 1 ช้อนโต๊ะ
น้ำตาลกรวดหรือน้ำตาลทราย: 30 กรัม
น้ำตาลมะพร้าวหรือน้ำตาลปี๊บ: 3 ช้อนโต๊ะ
เกลือป่น: 1 ช้อนโต๊ะ
ซอสเห็ดหอม/หอยนางรม: 1/4 ถต.
ซีอิ้วขาว: 3 ช้อนโต๊ะ
ซอสปรุงรส: 3 ช้อนโต๊ะ
ซีอิ้วดำหวาน: 1 ชต
น้ำเปล่า: 12 ถต.
เส้นก๊วยเตี๋ยวตามชอบ: 
ผักต่างๆตามชอบ เราใช้ถั่วงอก: 
กระเทียมเจียวตามชอบ: 
ต้นหอมซอยโรยหน้า: 
ผักชีซอยโรยหน้า: 
เกลือป่นสำหรับคลุกกับมะระ:"
แกงฟักทองใส่หมู(คนอร์),"เนื้อหมู หั่นชิ้นพอประมาณ: 200 กรัม
ฟักทอง หั่นชิ้นพอคำ: 300 กรัม
กระทิ: 250 กรัม
พริแกงเผ็ด: 2 ช้อนโต๊ะ
คนอร์ รสหมู: 1 ช้อนชา
ใบมะกรูดฉีก: 8 ใบ
พริกขี้หนูแดง หั่นเฉลียง: 2 เม็ด
ใบโหระพา: 1 ก้าน
น้ำปลา: 2 ช้อนโต๊ะ
น้ำตาลปี๊บ: 1 ช้อนชา
น้ำเปล่าสะอาด: 100 กรัม"
กากหมูเจียว,"มันหมูแข็งติดหนังหั่นชิ้น: ตามชอบ
น้ำส้มสายชูและเกลือป่น: ล้างมันหมูให้สะอาด
น้ำเปล่า: พอท่วม
เกลือป่น: ตามชอบ"
แกงคั่วหมูหน่อไม้ดอง,"เนื้อหมูติดมัน: 200 กรัม
พริกแกงคั่ว: 80 กรัม
หน่อไม้ดอง: 200 กรัม
กะทิเรียลไทย: 250 มล.
ชะอม: 60 กรัม
พริกชี้ฟ้า: 2 เม็ด
น้ำตาลมะพร้าว: 1 ช้อนโต๊ะ
น้ำปลา: 2-3 ช้อนโต๊ะ
เกลือ: 1/2 ช้อนชา"
ปูผัดขึ้นฉ่าย(สูตรข้าวแกง),"ปูม้าสด: 2ตัว
ขึ้นฉ่าย: 3กำ
ไข่: 3ฟอง
น้ำตาล: 1ชต
ซอสหอยนางรม: 2ชต
ซอสปรุงรส: 2ชช
ผงกะหรี่ตราปืนคู่: 1-2ชต
น้ำปลา: 1-2ชช"
"“แกงเลียงกุ้งสด""","พริกแห้ง: 5-6 เม็ด
หอมแดง: 10 หัว
กระชาย: 10 แง่ง
เกลือ: 1 ช้อนชา
กะปิ: 1/2 ช้อนโต๊ะ
กุ้งสด: 10 ตัว
น้ำสะอาด: 3 ถ้วย
ฟักทอง: 400 กรัม
บวบ: 2 ลูก
ข้าวโพด: 2 ฝัก
เห็ดออรินจิ: 6 ดอก
ใบแมงลัก: 1 กำ
น้ำตาลทราย: 4-5 ช้อนชา
น้ำปลา: 5-6 ช้อนโต๊ะ
ผงปรุงรส: 1 ช้อนชา
พริกไทยป่น: 1 1/2 ช้อนชา"
ปลาทูต้มมะดัน,"ปลาทูสด: 3-4 ตัว
พริกขี้หนูทุบ: 15 เม็ด
หอมแดงทุบ: 3 กลีบ
ข่าหั่นแว่น: 1 หัวเล็ก
ตะไคร้ทุบ: 3 ต้น
มะนาว: 2 ซีก
ผักชีฝรั่ง: 2 ต้น
ใบมะกรูดฉีก: 8 ใบ
มะดัน: 5 ลูก
เกลือ: 1 ช้อนโต๊ะ
น้ำปลา: 1 ช้อนโต๊ะ
น้ำเปล่าสำหรับต้ม: ตามเหมาะสม"
หมูผัดน้ำมันหอย,"เนื้อหมู: 
น้ำมันถั่วเหลือง: 
น้ำเปล่า: 
น้ำมันหอย: 
น้ำตาลทราย: 
อร่อยชัวร์: 
ซีอิ๊วดำ: "
หมูทอดกระเทียมโบราณ และข้าวกล้องผัดไข่,"เนื้อหมูส่วนสะโพก: 300 กรัม
กระเทียม: 1 หัวใหญ่
ซอสถั่วเหลืองปรุงรส: 2 ช้อนโต๊ะ
น้ำมันหอย: 1 ช้อนโต๊ะ
พริกไทยเม็ด: 1 ช้อนชา
พริกไทยป่น: 2-3 เหยาะ
น้ำตาลทราย: 1 ช้อนชา
ส่วนผสมของข้าวผัดไข่: 
ไข่ไก่: 2 ฟอง
ต้นหอม: 1 ต้น
ข้าวกล้องไรซ์เบอรี่ผสมข้าวหอมมะลิ: 2 ถ้วย
น้ำมันพืช: 1 ช้อนโต๊ะ
ผงปรุงรสคนอร์: 1 ช้อนชา"
ต้มแซบขาหมูเผา 🐷,"ขาหมูเผา: 1 กก
ตะไคร้: 10 ท่อน
ข่า: 1 แง่ง
ใบมะกรูด: 3 กิ่ง
มะนาว: 4 ลูก
ผงปรุงรส: 3 ก้อน
พริกจินดา: 10 เม็ด
พริกป่น: 2 ช้อนโต๊ะ
พริกแห้งทอด: 10 เม็ด
หอมแดง: 10 หัว
ผักชีฝรั่ง: 10 ต้น"
ปลาทอดขมิ้น,"ปลาทะเล ขอดเกล็ด ควักไส้ บั้ง: 
กระเทียม: 
ขมิ้น: "
เห็ดชิเมจิผัดน้ำมันหอย 🍄,"เห็ดชิเมจิขาว: 1 แพ็ค
เห็ดชิเมจิดำ: 1 แพ็ค
ต้นหอม: 3-4 ต้น
พริก: 1-2 เม็ด
น้ำมันหอย: 2 ช้อนโต๊ะ
ซีอิ้วขาว: 1 ช้อนโต๊ะ
น้ำตาล: 1 ช้อนชา
กระเทียม: ตามชอบ
พริกไทยขาวป่น: นิดหน่อย"
กระดูกหมูตุ๋นผักกาดดอง,"กระดูกซี่โครงหมู: 1/2 กิโล
เนื้อหมูติดกระดูกอ่อน: 1/2 กิโล
ผักกาดดองเค็ม: 2 กระป๋อง
กระเทียม: 5 กลีบ
เห็ดหอมสด หรือแห้งก็ได้: 6 ดอก
ซีอิ้วขาว: ตามชอบ
เม็ดพริกไทยดำแห้ง: 3-5 เม็ด"
กั้งคั่วพริกเกลือ,"กั้ง: 1/2 โล
กระเทียม: 1 หัวใหญ่
ต้นหอมซอย: 1 ต้น
ซอสปรุงรสฝาเขียว: 2 ช้อนชา
เกลือ: นิดหน่อย
น้ำตาล: นิดหน่อย
น้ำมันพืช: 1 ช้อนโต๊ะ
รากผักชี: 1 ราก
พริกขี้หนู: 10 เม็ด"
หมูผัดขิง และ เห็ดหูหนู,"หมูสันใน: 2 ขีด
ขิงอ่อน: 1 ขีด
เห็ดหูหนูจีนแห้ง: 1 กำมือ
ซีอิ๊วขาว: 1 ช้อนโต๊ะ
น้ำตาลทราย: 1 ช้อนชา
น้ำเปล่า: 1 ถ้วย
น้ำมันพืช: เล็กน้อย"
ไข่พะโล้หมูสามชั้น,"หมูสามชั้น: 400 กรัม
ไข่ไก่: 10 ฟอง
กระเทียม: 15 กลีบ
รากผักชี: 10 ราก
พริกไทย: 1 ช้อนโต๊ะ
โป๊ยกั๊ก: 6 ดอก
อบเชย: 4 ท่อน
ซวงเจีย: 1 ช้อนชา
ซอสหอยนางรม: 8 ช้อนโต๊ะ
ซีอิ้วขาว: 8 ช้อนโต๊ะ
ซีอิ้วดำ: 3 ช้อนโต๊ะ
น้ำตาลปี๊บ: 2 ช้อนโต๊ะ
เต้าหู้ทอด: 1 พวง"
แกงไก่ใส่ฟักทอง(ไม่เผ็ด),"เนื้อไก่หั่นเป็นชิ้นพอดีคำ: 270 กรัม
ฟักทองหั่นเป็นชิ้นพอดีคำ: 370 กรัม
ใบแมงลัก: 1 ถ้วย
ใบมะกรูดฉีก: 3-4 ใบ
น้ำปลา: 1+1/2ช้อนโต๊ะ
น้ำเปล่า: 3 ถ้วย
น้ำมันพืช: เล็กน้อย
::พริกแกงเด็ก::: 
พริกหวานสีแดง: 30กรัม
กระเทียม: 4 กลีบ
หอมแดง: 3 หัว
เกลือป่น: 1/3ข้อนชา
ตะไคร้ซอย: 1 ต้น"
สันคอหมูคั่วพริกเกลือ,"สันคอหมูสไลด์: 400 กรัม
พริกสับหยาบ: 15 เม็ด
กระเทียมสับหยาบ: 10 เม็ด
เกลือ: 1 ช้อนชา
น้ำตาล: 1/2 ช้อนชา"
ฉู่ฉี่ปลานิล (สูตรคุณยาย),"ปลานิล: 1 ตัว
พริกแกงเผ็ด: 3 ช้อนโต๊ะ
ใบมะกรูดหั่นฝอย ประมาณ: 1 ½ ช้อนโต๊ะ
น้ำปลา: 3 ช้อนโต๊ะ
น้ำตาล: 1 ½ ช้อนโต๊ะ
ผงชูรส: 1 ช้อนชา
น้ำมันพืช:"
ผักกาดขาวผัดไข่,"ผักกาดขาว: 3/4 หัว
ไข่ไก่: 1ฟอง
กระเทียม: 5-6 กลีบ
น้ำมันหอย: 1 ช้อนโต๊ะ
น้ำปลา: 1 ช้อนชา"
ข้าวไก่กรอบซอสเขียวหวาน,"อกไก่: 1 ชิ้น
ไข่ไก่: 1 ฟอง
แป้งทอดกรอบ: 1/2 ถ้วย
เกล็ดขนมปัง: 1 ถ้วย
พริกแกงเขียวหวาน: 1 ช้อนโต๊ะ
หัวกะทิ: 1 ถ้วย
น้ำปลา: 1 ช้อนโต๊ะ
น้ำตาลปิ๊บ: 1/2 ช้อนโต๊ะ
น้ำมันสำหรับทอด:"
แกงไก่ใส่เส้นร้อน,"เนื้อไก่หั่นเป็นชิ้น: 200กรัม
วุ้นเส้น: 80กรัม
ตะไคร้ทุบหั่นท่อน: 1ต้น
ใบมะกรูดฉีก: 8ใบ
หอมหัวแดงทุบ: 3หัว
ใบแมงลัก: 1ถ้วย
น้ำปลา: 2ช้อนโต๊ะ
เกลือ: 1ช้อนชา
น้ำตาลมะพร้าว: 1/2ช้อนชา
น้ำเปล่า: 3ถ้วย
---พริกแกง---: 
ตะไคร้ซอย: 2ต้น
หอมแดง: 3หัว
ข่าหั่นแว่น: 5ชิ้น
พริกแดงจินดา: 6เม็ด
พริกขี้หนูแห้ง: 8เม็ด
เกลือป่น: เล็กน้อย
น้ำมันพืช: เล็กน้อย
ต้นหอมหั่นท่อน: 2ต้น"
แกงกะทิหมูหน่อไม้,"หมูสามชั้น: 200 กรัม
กะทิ: 1 กล่องเล็ก
หน่อไม้: 100 กรัม
เครื่องแกงกะทิ: 3 ช.ต
กะปิ: 1 ช.ต
น้ำปลา: 1 ช.ต
น้ำตาล: 1/2 ช.ต
ผงปรุงรสคนอร์: 1 ช.ช
น้ำเปล่า: พอประมาณ
ใบโหระพา:"
✿ แกงมะระ ✿,"มะระจีน: 1 ลูก
สันคอหมู: 2 ขีด
กะทิ: 1 ขวดเล็ก
พริกแกง: 1-2 ช้อนโต๊ะ
คนอร์: 1 ก้อน
น้ำเปล่า: 400 มล.
เครื่องปรุงรสตามครัว:"
ไข่ลวก,"ไข่ไก่: 2 ฟอง
น้ำเปล่า: 1/2 ลิตร"
ต้มส้มปลาหมอใบมะขามอ่อน,"ปลาหมอ: 3 ตัว
หอมแดง: 3 หัว
พริกไทยเม็ด: 1 ช้อนชา
ต้นหอมหั่นเป็นท่อน: 2 ต้น
กะปิ: 1 ช้อนโต๊ะ
น้ำปลา: ครึ่งช้อนโต๊ะ
น้ำเปล่า: 1 ลิตร
น้ำตาลปี๊บ: ครึ่งช้อนโต๊ะ
น้ำมะขามเปียก: 2 ช้อนโต๊ะ
ใบมะขามอ่อน: 1 กำมือ"
ต้มโคล้งปลากรอบ,"ปลาทับทิมทอดกรอบ: 1 ตัว
เห็ดฟาง: 5 ลูก
ใบกระเพรา: 1 ก้าน
ผักชีฝรั่ง: 2 ต้น
มะเขือเทศ: 3 ลูก
หอมแดง: 4 หัว
ข่า: 5 แว่น
ตะไคร้: 1 ต้น
พริกแดง: 5 ดอก
พริกแห้ง: 2ดอก
ใบมะกรูด: 2ใบ
มะนาว: 5 ช้อนโต๊ะ
น้ำเปล่า: 1 ถ้วยตวง
น้ำปลา: 5 ช้อนโต๊ะ
น้ำตาล: 2 ช้อนชา
เกลือ: 1/2 ช้อนชา"
ผัดเผ็ดเนื้อหน่อไม้ดอง,"เนื้อสด: 500 กรัม
หน่อไม้ดอง: 700 กรัม
น้ำปลา: 2 ช้อนโต๊ะ
ผงปรุงรส: 2 ช้อนช้า
น้ำตาลทราย: 3 ช้อนชา
ใบมะกรูดฉีก: 6-10 ใบ
พริกแกงใต้: 200 กรัม
น้ำมันหอย: 2 ช้อนโต๊ะ"
ผัดเห็ดรวมน้ำมันหอย,"เห็ดออรินจิ: 100 กรัม
เห็ดฟาง: 100 กรัม
เห็ดนางฟ้าภูฐาน: 100 กรัม
กระเทียมสับ: 1 ช้อนโต๊ะ
น้ำมันพืช: 1 ช้อนโต๊ะ
ซีอิ้วขาว: 1 ช้อนโต๊ะ
น้ำตาลทราย: 1/2 ช้อนโต๊ะ
น้ำมันหอย: 2 ช้อนโต๊ะ
น้ำเปล่าหรือน้ำซุป: 2 ช้อนโต๊ะ
ต้นหอม: 2 ต้น
พริกไทยป่น: 1/2 ช้อนชา
พริกชี้ฟ้าแดง: 1 เม็ด"
ใบเหลียงผัดไข่ ใส่กากหมู,"ใบเหลียง: 100 กรัม
ไข่ไก่: 2 ฟอง
กระเทียมสับหยาย: 1 ช้อนโต๊ะ
น้ำมันหอย: 1 ช้อนโต๊ะ
น้ำตาล: 1/2 ช้อนโต๊ะ
ซีอิ๋วขาว: 1/3 ช้อนโต๊ะ
น้ำมัน: 2 ช้อนโต๊ะ"
สูตร ไก่รวนปลาร้า เมนูพื้นบ้านที่ใครก็บอกว่าแซ่บ,"เศษเนื้อน่องไก่: 250 กรัม
ตะไคร้: 3-4 ต้น
ใบมะกรูด: 6-8 ใบ
ข่า: 1 แง่ง
หอมแดง: 7-8 หัว
พริกจินดาแดง: 10 เม็ด
พริกจินดาแห้ง: 10 เม็ด
พริกขี้หนูสวน: 15 เม็ด
น้ำปลาร้า: 3 ช้อนโต๊ะ
น้ำเปล่า: 4 ช้อนโต๊ะ
น้ำตาลทราย: 1/2 ช้อนโต๊ะ
ผงชูรส: 1 ช้อนชา"
ผัดกะเพราวุ้นเส้นหมูสับ,"หมูสับ: 200กรัม
วุ้นเส้นสด: 2ห่อเล็ก
พริก: 20เม็ด
กระเทียม: 1หัว
น้ำปลา: 2ช้อนโต๊ะ
น้ำตาล: 1ช้อนโต๊ะ
ซีอิ้วขาว: 1 1/2ช้อนโต๊ะ
ซอสหอย: 1ช้อนโต๊ะ
กะเพรา: ตามชอบ"
ไก่ย่าง กะทิ สูตรโบราณ หอม นุ่ม เด้งฉ่ำ,"สะโพกไก่ (หรือน่องไก่ 3-4 น่อง): 2 ชิ้น
สามเกลอ(กระเทียม พริกไทย รากผักชีตำรวมกัน): 1-2 ข้อนโต๊ะ
ซีอิ๊วขาว: 2 ช้อนโต๊ะ
น้ำตาลปี๊บ: 1ช้อนโต๊ะ
เกลือ: 1 ช้อนชา
ซีอิ๊วดำ: 1 ช้อนชา
กะทิสด: 3 ช้อนโต๊ะ"
เมี่ยงคำบัวหลวง,"น้ำตาลมะพร้าว: 400 มล.
น้ำเปล่า: 200 มล.
ข่า: 50 กรัม
ตะไคร้: 50 กรัม
ขิง: 25 กรัม
หอมแดง: 25 กรัม
กะปิ ห่อใบตองย่าง: 1 ช้อนโต๊ะ
ดอกเกลือ: 1 ช้อนชา
มะพร้าวคั่วป่น: 2 ช้อนโต๊ะ
กุ้งแห้งป่น: 2 ช้อนโต๊ะ
ถั่วลิสงคั่วป่น: 2 ช้อนโต๊ะ"
เขียวหวานแห้งไก่ เอาใจสายคลีนนนนน,"เนื้ออกไก่: 100กรัม
น้ำพริกแกงเขียวหวาน: 1-2 ช้อนโต๊ะ
มะเขือเปราะ: 3 ลูก
ใบโหระพาตามชอบ: 
พริกชิ้ฟ้า: 2เม็ด
น้ำปลา: 1ช้อนโต๊ะ
น้ำตาล(ใส่หรือไม่ใส่ก็ได้): 1ช้อนชา
น้ำเปล่า: 50 มิลลิลิตร"
กะปิคั่ว สูตรโบราณ,"พริกชี้ฟ้าแห้ง: 10 เม็ด
ตะไคร้: 2 ต้น
หอมแดง: 5 หัว
กระเทียมไทย: 15-20 กลีบ
กระชาย: 5 ราก
ข่า: 5 แว่น
ผิวมะกรูด: 1/2 ลูก
รากผักชี: 1 ราก
กะปิอย่างดี: 2 ช้อนโต๊ะพูน
กุ้งแห้งป่น: 2 ช้อนโต๊ะพูน
น้ำตาลปี๊ป 1 ช้อนโต๊ะ: 1 ช้อนโต๊ะ
กะทิอัมพวา: 450 กรัม"
หมูย่างเกลือ,"เนื้อหมู: 
เกลือ: 
น้ำมันพืช: 
ต้นหอม: "
หอยตลับผัดน้ำพริกเผา,"หอยตลับ 500 กรัม: 500 g
โหระพา: 
พริกชี้ฟ้าตามชอบ: 
น้ำพริกเผา 2 ช้อนโต๊ะ: 
กระเทียม 1 ช้อนโต๊ะ: 
น้ำตาล 1 ช้อนชา: 
ซีอิ๊วขาว 1/2 ช้อนโต๊ะ: 
น้ำซุปหรือน้ำเปล่า 1/2 ถ้วย: 
น้ำพันพืช 1 ช้อนโต๊ะ: 
พริกขี้หนู 1/2 ช้อนโต๊ะ ( ถ้าชอบรสเผ็ดสามารถเพิ่มได้):"
พริกแกงแดง ( พื้นฐาน ),"พริกแห้ง: 
ตะไคร้: 
ข่า: 
ผิวมะกรูด: 
หอมแดง: 
กระเทียม: 
กะปิ: "
ผัดเผ็ดเนื้อใส่สะตอ,"เนื้อวัว: 200 กรัม
สะตอ: 10 เม็ด
ใบโหระพา: 2 ต้น
น้ำตาล: 1 ช้อนชา
น้ำปลา: 2 ช้อนโต๊ะ
พริกแกงคั่วกลิ้ง: 1 ช้อนโต๊ะ
น้ำมันพืช: 2 ช้อนโต๊ะ
น้ำเปล่า: 150 กรัม"
ปลาฉิงฉ้างทอด,"ปลาฉิงฉ้าง: 200 กรัม
น้ำมัน: 1 ช้อนโต๊ะ
น้ำตาล: 1 ช้อนโต๊ะ"
ผัดพริกแกงกุ้งหน่อไม้,"กุ้งสดผ่าหลังปลอกเปลือก: 1 ขีด
หน่อไม้ดองล้างสะอาด: ครึ่งขีด
โหระพาเด็ดใบ: 1 ต้น
พริกแดง: 2 เม็ด
พริกแกงแดง: 1 ช้อนโต๊ะ
น้ำมันพืช: 2 ช้อนโต๊ะ
น้ำมันหอย: 1 ช้อนโต๊ะ
ซีอิ้วขาว: 1 ช้อนโต๊ะ
น้ำตาลทราย: 1 ช้อนโต๊ะ
ซีอิ้วดำ: ครึ่งช้อนชา"
แกงเห็ดรวม (ไม่ใส่ปลาร้า),"น้ำซูปใบย่านางปลาย่าง (ดูวิธีทำจากสูตรด้านบน): 1 ถ้วย
เห็ดนางฟ้า เห็ดหูหนู เห็ดเข็มทอง (เห็ดอะไรก็ได้ตามชอบครับสัก3อย่าง): 1 ถ้วย
ตะไคร้ทุบ: 1 ต้น
หอมแดง+พริก สับ/โขลก: อย่างละ 1ช้อนโต๊ะ
ฟักทองหั่น: 1 ถ้วยเล็ก
ชะอม: 2 ต้น
ใบแมงลัก: 2 ต้น"
ปลาทับทิมราดพริกสามรส,"ปลาทับทิม: 1 ตัว
แป้งทอดกรอบ: 6 ช้อนโต๊ะ
น้ำมันทอด: 1 ถ้วย
พริกชี้ฟ้า แดง เขียว เหลือง อย่างละ 2 เม็ด: 6 เม็ด
กระเทียม: 10 กลีบ
น้ำมะขามเปียก: 4 ช้อนโต๊ะ
น้ำตาลปี๊บ: 1 ช้อนโต๊ะ
น้ำปลา: 3 ช้อนโต๊ะ"
น้ำจิ้มหมูกะทะ,"พริกจินดา: 
กระเทียม: 
ผงชูรส: 
น้ำตาลปีป: 
น้ำปลาแท้: 
น้ำต้มสุก: 
มะนาว: "
ห่อหมกปลาทับทิม,"เนื้อปลากรายขูด: 200 กรัม(2 ขีด)
ปลาทับทิมแร่เอาแต่เนื้อ: 1 ตัว
กะทิ: 2 ถ้วย
พริกแกงเผ็ด: 3 ช้อนโต๊ะ
ใบยอ ใบโหระพา: ตามชอบ
ใบมะกรูดซอย: 5 ใบ
น้ำตาลทราย: 1/2 ช้อนโต๊ะ
น้ำปลา: 2 ช้อนโต๊ะ
พริกชี้ฟ้าหั่นเป็นเส้น: 1 เม็ด
แป้งข้าวเจ้า: 1 ช้อนชา"
ห่อหมกไก่บดห่อกะหล่ำปี,"ไก่บด: 40บาท
นมจืด: 1 กระป๋อง
คนอร์: 1 ก้อน
พริกแกง: 2 ชต
กะหล่ำ: 1/2 หัว
พริก เผื่อตกแต่ง: 1-2 เม็ด
ใบมะกูดซอย: 5-6 ใบ
ไข่ไก่: 1 ฟอง
แป้งข้าวโพด: 1 ช้อนโต๊ะ"
แกงคั่วไก่หน่อไม้ดอง,"หน่อไม้ดอง: 
เนื้อไก่: 
เลือดไก่: 
ใบโหระพา: 
ใบมะกูด: 
พริกชี้ฟ้า: 
พริกแกงกะทิ: 
กะทิ ( กล่อง ): 
เกลือ: 
น้ำปลา: 
น้ำตาลปี๊บ: 
ผงชูรส: "
เนื้อผัดโหระพา,"เนื้อวัว (ล้ำ): 300กรัม
กระเทียมจีน: 6 กลีบ
พริกขี้หนู: 14 เม็ด
ใบโหระพา: 
ซอสปรุงรส: 1 ช้อนโต๊ะ
น้ำปลา: 1/2 ช้อนโต๊ะ
น้ำมันหอย: 2 ช้อนโต๊ะ
น้ำตาลทราย: 1/2 ช้อนโต๊ะ"
พะแนงอกไก่นมสด,"เนื้ออกไก่ลอกหนัง: 1 อกใหญ่
พริกแกงพะแนงแบบไม่มีวัตถุกันเสียและผงชูรส: 1ซอง
มะเขือพวง: 1กำมือ
พริกชี้ฟ้า: 1เม็ด
นมสด: 1กล่อง
น้ำมันมะกอก: 1ช้อนชา
หญ้าหวาน: 1/4ช้อนชา"
ทอดปลาไม่ให้ติดกระทะ และหนังกรอบ เนื้อนุ่ม แบบร้าน,"น้ำมัน: ครึ่งนึงบองปลา
เกลือ: ครึ่งช้อนโต๊ะ
ปลา: 1 ชิ้น"
แกงส้มผักรวมปลากระพง,"เนื้อปลากระพง: 250 g.
พริกแกงส้ม: 2-3 ช้อนโต๊ะ
มะละกอ: 100 g.
หัวไชเท้า,แครอท: 100 g.
ผักบุ้งไทย: 100 g.
ถั่วฝักยาว,ถั่วพู: 100 g.
น้ำมะขามเปียก: 4-5 ช้อนโต๊ะ
น้ำตาลมะพร้าว: 1-2 ช้อนโต๊ะ
น้ำปลาดี: 3 ช้อนโต๊ะ
เกลือ: 1/2 ช้อนชา
น้ำเปล่า: 3 ถต."
อกไก่ผัดพริกเกลือ 🌶️,"อกไก่: 
พริกขี้หนู: 
เกลือ: 
น้ำมันพืช: "
ปลาทับทิมทอดกรอบราดซอส,"เนื้อปลาทับทิม (แร่เนื้อ): 1 ตัว
น้ำมัน(สำหรับทอด): 1 ถ้วย
น้ำเปล่า: 1 1/2 ถ้วย
น้ำมะขามเปียก: 3 ช้อนโต๊ะ
น้ำปลา: 1 ช้อนโต๊ะ
น้ำตาลปี๊บ: 3 ช้อนโต๊ะ
พริกแห้ง: 5 เม็ด
หอมเล็กเจียว (กินข้างเคียง): 3 ช้อนโต๊ะ
ใบมะกูดหั่นฝอย(กินข้างเคียง): 5 ใบ
ตะใคร้หั่นฝอย (กินข้างเคียง): 1 ต้น"
ตำข้าวโพด ไข่เค็ม,"ข้าวโพดหวาน: 1 ฝัก
ไข่เค็ม: 2 ฟอง
กุ้งแห้ง: 1 ช้อนโต๊ะ
มะเขือเทศ: 1 ลูก
มะเขือกรอบ: 3 ลูก
พริกขี้หนู: 6 เม็ด
กระเทียม: 4 กลีบ
มะนาว: 1 ลูก
น้ำตาลปี๊บ: 1 ช้อนโต๊ะ
น้ำปลาร้าต้มปรุงรส: 1.5 ช้อนโต๊ะ
ถั่วลิสงคั่ว: 1 ช้อนโต๊ะ
ผักเคียงจาน: ตามชอบ"
ต้มข่าไก่,"เนื้อไก่: 100 กรัม
ผงสำเร็จต้มข่าไก่ ตราคนอร์: 1 ซอง
เห็ดนางฟ้า: 1 กำมือ
มะเขือเทศ: 1 ลูก
ผักชีฝรั่ง รากผักชี ใบมะกรูด ตะไคร้ ข่าอ่อน: 
กะทิ: 100 มล.
หอมใหญ่: 1/2 หัว"
น้ำตกเนื้อ,"เนื้อสันนอกติดมัน: 1 ชิ้น
น้ำปลาดี: 2 ชต
มะนาว: 1-2 ลูก
พริกป่น: 1 ชต
ข้าวคั่ว: 1 ชต
หอมแดง: 5 หัว
ต้นหอม: 2 ต้น
ผักชีฝรั่ง,สะระแหน่: 
ใบมะกรูดซอย: 4-5 ใบ
พริกขี้หนู,กระเทียม: 
ผงคนอร์อร่อยชัวร์: 1 ชช"
หมูสับผัดใบยี่หร่าพริกแห้ง,"เนื้อหมูสับ หรือบด: 200 กรัม
พริกแห้ง (ใครชอบเผ็ดเติมเอานะคะ): 7 เม็ด
กระเทียม: 1หัว
น้ำตาลทราย: 1/2ช้อนชา
น้ำปลา: 2 ช้อนชา
ซีอิ๊วดำ: 1ช้อนชา
น้ำมันหมู: 1ช้อนชา"
ขนมจีนน้ำยากะทิไก่ข้น (หลัวรักหลัวหลง),"เนื้ออกไก่: 
กะทิ: 
น้ำปลา: 
ปลาร้า (ตามชอบ): 
พริกแห้ง หอมแดง กระเทียม ตะไคร้ ใบมะกรูด กระชาย: "
ข้าวผัดสับปะรด,"ข้าวหอมมะลิ: 800 กรัม
สัปปะรด: 1 ลูก
หัวหอม: 40 กรัม
ลูกเกดดำ: 32 กรัม
ลูกเกดเหลือง: 32 กรัม
มะม่วงหิมพานต์คั่ว: 60 กรัม
ผงกระหรี่: 20 กรัม
หอมเจียว: 60 กรัม
เนยจืด: 80 กรัม
แครอท: 80 กรัม
ต้นหอม: 40 กรัม
กุ้งสด: 360 กรัม
เกลือ: 20 กรัม
ซีอิ๊วขาว: 80 กรัม"
สูตร เมี่ยงหมูกรอบ ด้วยหม้อทอดไร้น้ำมัน พร้อมน้ำจิ้มถั่ว น้ำจิ้มซีฟู้ด,"น้ำจิ้มซีฟู้ด: 
พริกจินดา: 10 เม็ด
พริกจี้หนูสวน: 10 เม็ด
กระเทียม: 5 กลีบ
รากผักชีปั่น: 1 ช้อนโต๊ะ
น้ำตาลปี๊บ: 1-1/2ช้อนโต๊ะ
น้ำมะนาว: 2-1/2 ช้อนโต๊ะ
น้ำปลา: 2 ช้อนโต๊ะ
ผงชูรส: 1 ช้อนชา
น้ำอุ่น: 4 ช้อนโต๊ะ
น้ำจิ้มถั่ว: 
พริกขี้หนูสวน: 10 เม็ด
ถั่วตัด: 3 แผ่น
หมูสามชั้น: 500 กรัม
เกลือ: 2-3 ช้อนโต๊ะ
น้ำส้มสายชู: เทท่วมหนังหมู"
ปลากะพงทอดสมุนไพร,"ปลากะพงแร่แต่เนื้อ: 1 ตัว
กระชายซอย: 1 ขีด
พริกไทยอ่อน: 3-4 พวง
ใบมะกรูด: 5-6 ใบ
ตะไคร้ซอย: 1 ขีด
แป้งทอดกรอบ (แห้ง): 1 จาน
แป้งทอดกรอบผสมน้ำเย็น อัตรส่วน3ต่อ2: 1 ถ้วย
พริกแห้งทอด: 3-4 เม็ด
ผงปรุงรสคนอร์: 1 ช้อนชา"
กะเพราไก่เด็กน้อย👨‍🍳,"ไก่บด: 2 ขีด
กะเพรา: 1 กำมือ
กระเทียมตำ: 4 กลีบ
พริกขี้หนู: 4 ดอก
น้ำมันหอย: 2 ช้อนโต๊ะ
แมกกี้: สำหรับเหยาะ
น้ำปลา: 1 ช้อน
น้ำตาล: 1 ช้อน
น้ำมัน: นิดหน่อย
ซีอิ๊วดำ: นิดหน่อย"
แกงผักอิตุ๊ด,"ผักอิตุ๊ด: 1 ถ้วย
ปลาย่าง: 6 ตัว
หอมแดง: 4 หัว
กระเทียม: 2 หัว
กะปิอย่างดี: 1/2 ชช
คนอร์ก้อน: 1 ก้อน
พริกแห้ง: 6-8 เม็ด
น้ำปลาอย่างดี: 3 ชต"
เกี๊ยวหมูต้มยำ,"แผ่นเกี๊ยว: 
หมูสับ: 
รากผักชี: 
พริกไทยขาว: 
กระเทียม: 
น้ำตาลทราย: 
ซีอิ๊วขาวเห็ดหอม: 
คะน้า: 
น้ำเปล่า: 
คนอร์ซุปก้อนรสหมู: 
เนื้อหมู: 
ถั่วลิสง (แต่เราไม่มี ใช้เม็ดมะม่วงหิมพานต์แทน): 
น้ำปลา: 
น้ำส้มสายชู: 
พริกป่น: 
ผักชี: 
แป้งมัน: 
น้ำมันถั่วเหลือง: 
กระเทียมเจียว: "
กะเพราตับไก่,"ตับไก่: 500 กรัม
กระเทียม: 5 กลีบ
พริกจินดา: 8 เม็ด
กะเพรา: 6 กิ่ง
น้ำมัน: 1 ช้อนโต๊ะ
ซอสหอยนางรม: 2 ช้อนโต๊ะ
น้ำปลา: 1 ช้อนโต๊ะ
ซีอิ้วขาว: 1 ช้อนโต๊ะ
น้ำตาล: 1/2 ช้อนชา"
ต้มยำกระดูกหมูอ่อน😋,"กระดูกหมูอ่อนหั่น: 50 บาท
เครื่องต้มยำ: 1 ชุด
น้ำปลา: 1 ชต
มะนาว: 2 ชต
คนอร์: 1 ก้อน
ต้นหอม ผักชี ซอย: 3 ต้น"
แกงคั่วฟักทองกับหมู,"เนื้อหมู: 150 กรัม
ฟักทอง: 300 กรัม
กะทิกล่อง: 1 กล่องเล็ก
พริกแกงคั่ว: 2 ช้อนโต๊ะ
ใบโหระพา: ตามชอบ
พริกชี้ฟ้าหั่น: 1-2 เม็ด
น้ำตาลปี๊บ: 2 ช้อนชา
น้ำปลา: 1/2 ช้อนโต๊ะ
คนอร์ซุปก้อน: 1 ก้อน
น้ำเปล่าหรือน้ำซุป: 1+1/2 ถ้วย
ซีอิ้วขาว: 1 ช้อนชา
ซอสปรุงรส: 1 ช้อนชา
น้ำมันผัดพริกแกง: 1 ช้อนโต๊ะ"
เนื้อปูไข่ปูผัดพริกเกลือ,"เนื้อปูนึ่งสุก: 100 กรัม
ไข่ปูนึ่งสุก: 150 กรัม
พริกขี้หนูสวน: แล้วแต่ชอบ
ต้นหอมซอย: 2 ต้น
กระเทียมจีน: 5-6 กลีบ
เกลือ: 2 ช้อนชา
น้ำตาล: 1 ช้อนชา
ผงปรุงรสคนอร์อร่อยชัวร์: 1 ช้อนชา
ซอสปรุงรส: 1 ช้อนชา"
ขนมจีนแกงไตปลา,"ไตปลา: 1 ถ้วย
ข่า: 6 แว่น
ตะไคร้: 3 ต้น
ใบมะกรูด: 10 ใบ
น้ำเปล่า: 4 ถ้วย
พริกแกงไตปลา: 1/4 ถ้วย
เนื้อปลาย่าง: 1 ถ้วย
หน่อไม้ต้ม: 1 ถ้วย
ฟักทอง: 1 ถ้วย
ถั่วฟักยาว: 1/2 ถ้วย
มะเขือเปราะ: 1/2 ถ้วย
มะเขือพวง: 1/4 ถ้วย
้น้ำมะขามเปียก: 1/4 ถ้วย
น้ำตาลปี๊บ: 1 ช้อนโต๊ะ
ขนมจีน: ตามชอบ"
โหระพาหมูสับ,"หมูสับ: 200g
โหระพาเด็ดใบล้างน้ำ: 1 จาน
กระเทียมโขลก (แบ่งใส่หมูสับ1 ช้อน): 2 ช้อนโต๊ะ
พริกโขลก: 1 ช้อนโต๊ะ
น้ำปลา: 1 ช้อนโต๊ะ
ซีอิ๊วขาว: 1 ช้อนโต๊ะ
น้ำมันหอย: 1 ช้อนโต๊ะ
พริกไทย: 1 เหยาะ"
ต้มจืดผักกาดดอง กระดูกหมู หมูสามชั้น,"ผักกาดดองเปรี้ยว: 1 หัว
กระดูกหมู: 200 กรัม
หมูสามชั้น: 200 กรัม
กระเทียม: 3 กลีบ
รากผักชี: 3 ราก
พริกไทยเม็ด: 1 ช้อนชา
พริกจินดา: 6 เม็ด
ผงปรุงรส: 2 ก้อน
เกลือ: 1/2 ช้อนชา
น้ำตาลทราย: 1 ช้อนโต๊ะ
ซีอิ้วขาว: 6 ช้อนโต๊ะ"
หุงข้าวเหนียวด้วยไมโครเวฟ,"ข้าวเหนียว: ตามชอบ
น้ำร้อน: แช่ข้าวเหนียว
น้ำสะอาด: หุง"
ซุปไก่อิสลาม,"น่องบน: 5-6 อัน
มันฝรั่ง ปอกเปลือก ล้างให้สะอาด หั่นชิ้นพอดีคำ: 1 ลูก
แครอท ปอกเปลือก ล้างให้สะอาด หั่นชิ้นพอดีคำ: 1 ลูก
หอมใหญ่ ปอกเปลือก ล้างให้สะอาด ถ้าหัวใหญ่ก็ผ่า 4 – 6 ส่วน ถ้าหัวเล็กๆ ก็ใส่ทั้งหัว: 3 ลูก
มะเขือเทศ หั่นเสี้ยว: 3 ลูก
ขึ้นฉ่ายหั่นเป็นท่อนๆ: 2 ต้น
กระเทียมจีน ปอกเปลือก ทุบให้แตก: 3 กลีบ
พริกไทยดำบุบพอแตก: 1 ช้อนชา
รากผักชี บุบพอแตก: 2 ราก
ซุปก้อน: 1 ก้อน
หอมเจียว: 1 ช้อนชา
น้ำเปล่า: 1 1/2 ถ้วย"
กระเพราเป็ดย่าง!!!,"เป็ดย่าง: 200กรัม
พริกขี้หนูตำพอแหลก: 3-4เม็ด
กระเทียมสับ: 2ชช
ใบกระเพราขาว: 1กำ
พริกหยวก: 1-2เม็ด
น้ำตาล: 1ชช
น้ำมันหอย: 2ชช
น้ำปลา: 1ชช
พริกไทป่น: 1/4ชช
น้ำมัน: 2ชต"
ห่อหมกทะเลมะพร้าวอ่อนในลูกมะพร้าว,"เนื้อปลากรายขูด: 500 กรัม
ปลาหมึก: 2 ตัว
กุ้ง: 6 ตัว
กะทิ: 1 ถ้วย
พริกแกง: 150 กรัม
ไข่ไก่: 2 ฟอง
น้ำตาลปี๊บ: 1 ช้อนโต๊ะ
โหระพา: 3 กิ่ง
พริกแดง: 2 เม็ด
มะพร้าวอ่อน: 2 ลูก
ใบมะกรูด: 10 ใบ"
กระเพราหมูสับ ตับ พริกกะเหรี่ยงซีอิ้วดำ,"หมูสับ: 3ขีด
ตับหมู: 2ขีด
พริกกะเหรี่ยง: 3-5เม็ด
กระเทียมสับ: 4กลีบ
ใบมะกรูดซอย: 2ใบ
ใบกระเพราเด็ด: 2ต้น
น้ำมันหอย: 1ชต
น้ำตาลทราย: 1-2ชช
ซอสปรุงรส: 1ชช
ซีอิ้วดำ: 1ชช
น้ำปลา: 1-2ชช"
หลนปูม้า,"ปูม้า: 1ตัว (ขนาดที่ทำน้ำหนัก 4 ขีด)
ไก่สับ: 2 ขีด
น้ำมะขามเปียก: 3 ช้อนโต๊ะ
เกลือ: 1 ช้อนโต๊ะ
น้ำตาลปี๊บ: 1 ช้อนโต๊ะ
น้ำปลา: 1 / 2 ช้อนโต๊ะ
กะทิ: 300 mL
หอมแดง: 7 หัว
หอมใหญ่: 1 หัว
กระชาย: 3 แง่ง
พริกแห้ง: 5 เม็ด
พริกขี้หนู: 20 เม็ด
ตะไคร้: 2 ต้น
ใบมะกรูด: 5 ใบ
ข่า: 5 แว่น"
ต้มจืดมะระยัดไส้,"มะระ: 
หมูสับ: 
วุ้นเส้น: 
พริกไทย: 
ซอสหอยนางรม: 
ผงปรุงรส: 
ซุปก้อน: 
น้ำเปล่า: 
รากผักชี: 
ผักชี: 
เก๋ากี้: 
เห็ดหอม: "
ยำมาม่า (ไม่ใส่ผัก >..<),"หมูสับ: ตามชอบ
กุ้ง: ตามชอบ
มาม่าต้มยำกุ้ง: 1 ห่อ
ลูกชิ้น: ตามชอบ
บาโลน่าพริก(หั่น 4 ส่วน): 6 ชิ้น
พริก: 2 เม็ด
กระเทียม: 2 กลีบ
น้ำตาลปี๊บ: 1 ช้อนชา
น้ำปลา: 1 ช้อนโต๊ะ
มะนาว: 1 ลูก"
ต้มข่าปลาสลิด,"ปลาสลิดทอด: 4 ตัว
ข่าอ่อน: 2 แหง่ง
ตะไคร้: 2 ต้น
ใบมะกรูด: 8 ใบ
หอมแดง: 6 หัว
น้ำเปล่า: 2 ถต.
กะทิเรียลไทย: 1 ถต.
น้ำปลาดี: 2-3 ช้อนโต๊ะ
น้ำมะขามเปียก: 2-3 ช้อนโต๊ะ
น้ำตาลทราย: 1 ช้อนโต๊ะ
เห็ดฟาง: 10 ลูก
พริกขี้หนูสวน: 15 เม็ด
ผักชีฝรั่ง: 2 ต้น"
กระทงทอง,"กระทงทอง: 
แป้งข้าวเจ้า: 1/2 ถ้วย
แป้งสาลีอเนกประสงค์: 1/2 ถ้วย
น้ำปูนใส: 1/4 ถ้วย
ไข่แดง: 1 ฟอง
น้ำตาลมะพร้าว: 1 ช้อนชา
น้ำมัน: 1 1/2 ช้อนชา
เกลือ: 1/2 ช้อนชา
ส่วนผสมทำไส้: 
ไก่สับ: 1/2 ถ้วย
กุ้งสับ: 1/2 ถ้วย
ข้าวโพดต้มสุก: 1/2 ถ้วย
แครอทต้มสุก หั่นเต๋า: 1/4 ถ้วย
ถั่วแขก: 1/4 ถ้วย
พริกหวาน: 1/4 ถ้วย
รากผักชีกระเทียมพริกไทยโขลก: 1 ช้อนโต๊ะ
ซีอิ้วขาว: 2 ช้อนโต๊ะ
น้ำตาลทราย: 150 กรัม
เกลือ.: 1 ช้อนชา
ทิชชู่: 
ใบผักชี: 
สูตรทำน้ำตะไคร้: 
ตะไคร้: 8 ต้น
ใบเตย: 4 ใบ
น้ำเปล่า: 1000 กรัม"
หอยลายผัดน้ำมันหอย,"หอยลาย: ตามใจชอบ
ใบโหระพา: ตามใจชอบ
กระเทียมสับ: 1 ช้อนโต๊ะ
น้ำมันหอย: 2 ช้อนโต๊ะ
น้ำมันพืช: เล็กน้อย
น้ำตาลทราย: เล็กน้อย
น้ำเปล่า: ครึ่งแก้ว"
ผัดกะเพรากุ้ง,"กุ้งแกะเปลือก: 15 ตัว
พริกชี้ฟ้าและกระเทียมโขลก: 1 ช้อนโต๊ะ
ใบกะเพรา: ตามชอบ
น้ำตาลทราย: 2 ช้อนชา
น้ำปลา: 1 ช้อนโต๊ะ
น้ำมันรำข้าวสำหรับผัด:"
ต้มแซ่บปลาทู,"ปลาทู: 2ตัว
ข่า: 1 หัว
ตะไคร้: 2 ต้น
ใบมะกรูด: 1ขีด
พริกขี้หนู: 1ขีด
ใบมะขาม: 
รากผักชี: 2ราก
น้ำปลา: 2ช้อนโต๊ะ
มะนาว: 1ลูก"
ผัดหมี่ฮกเกี้ยน ในแบบภูเก็ต,"เส้นหมี่ฮกเกี้ยน: 200 กรัม
ผักกวางตุ้ง: 200 กรัม
ลูกชิ้นปลาเล็ก: 100 กรัม
ไข่ไก่: 2 ฟอง
หมูสันใน: 150 กรัม"
แกงจืดฟักเขียวไก่,"ฟักเขียว: ครึ่งลูก
ปีกไก่บน: 9-10 ชิ้น
แครอท: 1 หัว
เกลือ: 
ซีอิ้ว: 
กระเทียม: 
พริกไทย: 
น้ำสตอค:"
กุ้งผัดหน่อไม้ฝรั่ง,"กุ้งสด: 10ตัว
หน่อไม้ฝรั่ง: 15ต้น
กระเทียม: 3กีบ
น้ำตาล: 
ซอสหอยนางรม: 
น้ำปลา: 
น้ำเปล่า: 
แป้งมัน: 
น้ำมันพืช:"
หลนปลาร้า,"น้ำปลาร้าต้มสุก: 1 ถ้วย
กระทิ: 250 มล.
หมูบด: 200 กรัม
ไข่ไก่: 1 ฟอง
น้ำมะขามเปียก: 
น้ำตาลมะพร้าว: 
น้ำปลา: 
ตะไคร้หั่นเฉียง: 1 ถ้วย
ข่าแก่หั่นแว่น: 3-4 ชิ้น
ใบมะกรูดฉีก: 5 ใบ
หอมแดง: 3-4 หัว
พริกแดง: ตามชอบ"
ผักกาดดองผัดวุ้นเส้นใส่ไข่,"ผักกาดดองหั่น: 200 กรัม
วุ้นเส้น: 1/3 ถุง
ต้มหอมผักชี: 1 กำ
ไข่ไก่: 2 ฟอง
กระเทียม: 5 กลีบ
น้ำปลา: 2 ช้อนโต๊ะ
น้ำตาล: 1 ช้อนโต๊ะ"
ข้าวผัดเขียวหวานไก่ 💚🐔,"น้ำมัน สำหรับผัด: เล็กน้อย
พริกแกงเขียวหวาน: 3 ช้อนโต๊ะ
กะทิมะพร้าว: 1 Cup
อกไก่หั่น: 2 ชิ้น
น้ำตาลปี๊บ: 1 ช้อนชา
น้ำปลา: เล็กน้อย
ข้าวสวย: 2.5 ถ้วย
ใบโหระพา: ตามชอบ
พริกชี้ฟ้า: ตามชอบ"
แกงเผ็ดหมูตะลิงปลิง,"หมูเนื้อแดงหรือหมูสามชั้น: 200-350 กรัม
ตะลิงปลิง: 1 ถ้วย
พริกแกงเผ็ด: 10-15 กรัม
กะทิ: 1 กล่องเล็ก
น้ำเปล่า: 200 ml.
น้ำปลา: 
น้ำตาลปี๊บ: 
เกลือแกง: 
โหระพา:"
ราดหน้าฮ่องกง + สอนเทคนิคผัดเส้นระดับโปร ♥️,"เนื้อวัว หรือเนื้อหมู: 100 g
คะน้า: 100 g
เส้นใหญ่: 100g
เห็ดฟาง: 6 ลูก
แป้งมันฮ่องกง: 2 ช้อน
น้ำมันหอย: 2-3 เหยาะ
ซีอิ้วขาว: 2-3 เหยาะ
ซีอิ๊วดำ: 4-5 เหยาะ"
ต้มยำปลากระพงน้ำข้น,"เนื้อปลากระพง: 1 ตัว
ตะไคร้: 15 ท่อน
ข่า: 1 แง่ง
ใบมะกรูด: 4 กิ่ง
หอมแดง: 10 หัว
พริกจินดา: 20 เม็ด
พริกแห้งทอด: 10 เม็ด
นมข้นจืด: 1 กระป๋อง
น้ำพริกเผา: 3 ช้อนโต๊ะ
ผักชีฝรั่ง: 
คนอร์ก้อนต้มยำ: 2 ก้อน
มะนาว: 4 ลูก
น้ำปลา: เหยาะๆ ลงไป
เห็ดนางฟ้า: 400 กรัม"
แกงขั่วมะละกอหมู,"เนื้อหมู: 100 กรัม
มะละกอ: 500 กรัม
น้ำเปล่า: 1 ถ้วย (เป็นชามข้าวที่เรากินได้)
น้ำตาลทราย: 2 ช้อนชา
นำ้ปลา: 4 ช้อนโต๊ะ
ข้าวขั่ว: 1-2 ช้อนโต๊ะ
พริกแกง(ใส่เยอะได้ถ้าชอบเผ็ดๆ): 200 กรัม
น้ำมัน:"
พล่ากุ้งสด,"กุ้งแชบ๊วย: 1/2 กิโล
ตะไคร้ซอย: 3 ต้น
หอมแดงซอย: 2 ช้อนโต๊ะ
น้ำพริกเผา: 1 ช้อนโต๊ะ
น้ำปลา: 1 ช้อนชา
น้ำมะนาว: 1 ช้อนโต๊ะ
พริกขี้หนูสวน: 10 เม็ด
ใบมะกรูดซอย: 1 ช้อนโต๊ะ
ใบสะระแหน่: 1/3 ถ้วยตวง
มะม่วงซอย: 1/3 ถ้วยตวง
น้ำตาลทราย: 1 ช้อนโต๊ะ"
ปลาจาระเม็ดราดพริก,"ปลาจาระเม็ด: 1 ตัว
ต้นหอม: 1 ต้น
น้ำตาล: 1 ช้อนชา
พริกขี้หนูสวนสับ: 15 เม็ด
กระเทียมสับ: 10 กลีบ
ซอสพริก: 2 ช้อนโต๊ะ
น้ำจิ้มไก่: 2 ช้อนโต๊ะ
น้ำมะนาว: 2 ช้อนชา
น้ำมันหอย: 2 ช้อนชา
ซอสปรุงรส: 2 ช้อนชา"
กะพงต้มส้ม (แบบใส่กะปิ),"ปลากะพง: 1 ตัว
กะปิ: 1 ช้อนชา
หอมแดง: 10 หัว
ขิง: 1 ช้อนโต๊ะ
น้ำตาลปิ้บ: 1 ช้อนโต๊ะ
น้ำมะขามเปียก: 1 1/2 ช้อนโต๊ะ
ต้นหอม: 4 ต้น"
แกงจืดหัวไชโป๊วหวาน,"หัวไชโป๊วหวานแบบหัว: 200 กรัม
กระดูกหมู: 200 กรัม
น้ำเปล่าหรือน้ำซุป: 1.5 ลิตร
กระเทียม: 7 กลีบ
รากผักชีบุบ: 2 ราก
พริกไทยเม็ด: 10 เม็ด
พริกไทยป่น: 1/2 ช้อนชา
เกลือป่น: 1/2 ช้อนโต๊ะ
คนอร์ซุปหมูก้อน: 1 ก้อน"
เต้าเจี้ยวหลนทรงเครื่องสูตรคุณยาย✨,"เต้าเจี้ยวสำหรับหลน: 1 ถุงเล็ก
น้ำเปล่า: ครึ่งหม้อเล็ก
กะทิกล่อง: 1 กล่อง
หัวหอมแดง: 5 หัว
หมูสับ: ตามชอบ
ไข่ไก่: 2 ฟอง
น้ำตาลปี๊บ: ตามชอบ
พริกขี้หนู: 16 เม็ด
ผักชี: 3 ต้น"
ข้าวกะเพราเนื้อสับ-ไข่ดาว,"เนื้อวัวสับ: 70กรัม
พริกแดงจินดา: 4 เม็ด
กระเทียมสับ: 3 กลีบ
น้ำปลา: 1 ช้อนโต๊ะ
ซีอิ๊วขาว: 1/2 ช้อนโต๊ะ
น้ำตาลทราย: 1 ช้อนชา
ใบกะเพรา (ตามชอบ): 1กำ
น้ำมันรำข้าว 2 ช้อนโต๊ะ: 2 ช้อนโต๊ะ"
น่องไก่ติดสะโพกนึ่ง เมนูสุขภาพ,"น่องไก่ติดสะโพก: 2 ชิ้น
น้ำมันหอยนางรม: 1 ช้อนโต๊ะ
น้ำมันงาหรือน้ำมันมะพร้าว: 1 ช้อนโต๊ะ
น้ำตาลทรายแดงหรือน้ำตาลมะพร้าว: 1 ช้อนโต๊ะ
ซีอิ้วขาว: 1ช้อนโต๊ะ
กระเทียมไทย: 10 กลีบ
พริกไทยขาวเมล็ด: 1 ช้อนชา
รากผักชี: 1 ต้น
เกลือป่น: 1/3 ช้อนชา"
กุ้งอบวุ้นเส้น,"กุ้งขาว (ล้างให้สะอาด): 1/2 kg.
วุ้นเส้น 80 กรัม: 2 ห่อ
น้ำตาลปี๊ป: 2 ช้อนโต๊ะ
ซีอิ๊วดำ: 2 ช้อนชา
ซอสหอยนางรม: 2 ช้อนโต๊ะ
ซีอิ๊วขาว: 1 ช้อนโต๊ะ
น้ำเปล่า: 1 ถ้วย
เบคอน,ขิงแก่,กระเทียม,พริกไทยป่น,พริกไทยดำ,คื่นช่าย,ต้นหอม: ตามชอบ
ซอสข้นคนอร์: 1/2 ช้อนโต๊ะ"
ลูกตาลลอยแก้วน้ำเชื่อมอัญชัน,"ลูกตาล: 2 ถุง
น้ำตาลทราย: 5 ช้อนโต๊ะ
อัญชันอบแห้ง: 1 กำมือ
น้ำสะอาด: 1 เหยือก"
ผักบุ้งผัดกะปิกุ้งสด,"ผักบุ้งไทย: 2 กำ
พริกขี้หนูสวน: 15 เม็ด
กระเทียมไทย: 10 กลีบ
หมูบด: 100 กรัม
กุ้งแชบ๊วยสด: 20 ตัว
ใบมะกรูด: 1/2 ถ้วย
พริกเหลือง: 2 เม็ด
กะปิ: 2 ช้อนชา
น้ำตาลทราย: 1 ช้อนโต๊ะ
ซอสปรุงรส: 2 ช้อนโต๊ะ
ซอสหอยนางรม: 1 ช้อนโต๊ะ
น้ำมันพืช: 1 ช้อนโต๊ะ"
ผัดกะเพรากุ้ง,"กุ้งสดปอกเปลือก: 500 กรัม
ผงปรุงรสผัดกะเพราสำเร็จรูป: 1 ช้อนโต๊ะ
น้ำตาลทราย: 1/2 ช้อนชา
กะเพรา: 1 กำมือ
พริกชี้ฟ้าเขียว: 1 ดอก
พริกขี้หนูสด: 2 ดอก
กระเทียมสับ 5-6 กลีบ: 1-2 ช้อนชา
น้ำมันมะกอก: 1 ช้อนโต๊ะ
น้ำอุ่น: 50 มล."
ผัดเปรี้ยวหวานหมู,"เนื้อหมู: 100 กรัม
แตงกวา: 3 ลูก
สับปะรดเนื้อ 2: 100 กรัม
หอมหัวใหญ่: 1 หัว
มะเขือเทศ: 6 ลูก
พริกหยวกสีเขียว: 3 เม็ด
กระเทียมสับ: 1 ช้อนโต๊ะ
น้ำตาล: 1/2 ช้อนโต๊ะ
น้ำปลา: 1 ช้อนโต๊ะ
ซอสมะเขือเทศ: 3 ช้อนโต๊ะ
น้ำเปล่าหรือน้ำซุป: 1/4 ถ้วย
น้ำมันสำหรับผัด: 2 ช้อนโต๊ะ
ต้นหอมหั่นท่อน: 1 ต้น"
ปลาช่อนโบราณ,"ปลาช่อน ขนาดกลาง: 2 ตัว
น้ำมัน: 1 ขวด
เกลือ: 2 ช้อนชา
มะนาว: 4 ผล
พริกขี้หนูสวน: 15 เม็ด
น้าตาลปี๊ป: 2 ช้อน
กระเทียมสด: 3 หัว
หัวหอมแดง: 3 หัว
ผักชีหูกระต่าย: 5 ต้น
สะระแหน่: 2 ต้น
ถั่วคั่ว หรือ เม็ดมะม่วงหิมพานต์คั่ว: 2 ช้อนโต๊ะ
พริกแห้งทอด: 5 เม็ด"
กุ้งทอดซอสมะขาม,"กุ้ง: 
แป้งชุบทอด: 
น้ำมันพืช: 
มะขามเปียก: 
น้ำตาลปี๊บ: 
น้ำปลา: 
พริกแห้ง: 
หอมเจียว: 
ผักชี: "
ต้มจืดเกี่ยมฉ่าย,"เกี่ยมฉ่าย: 1 ถุง
กระดูกหมู: 100 กรัม
น้ำเปล่าหรือน้ำซุป: 1+1/2 ถ้วย
น้ำปลา: ตามชอบ
ขึ้นฉ่ายหั่นท่อน: 1 ต้น
พริกไทยป่น: 1/2 ช้อนชา"
สปาเกตตี้น้ำยาทูน่า,"ปลาทูน่าในน้ำแร่: 1 กระป๋อง
พริกแกงเผ็ด: 2 ช้อนโต๊ะ
กระชาย: 50 กรัม
กะทิกล่อง (ยี่ห้ออร่อยดี): 150 กรัม
น้ำตาลทราย: 1 ช้อนชา
น้ำปลา: 1 ช้อนโต๊ะ
น้ำเปล่า: -
น้ำมันพืช: 1/2 ช้อนโต๊ะ
เส้นสปาเกตตี้: 400 กรัม
ผักเคียงตามชอบ เช่น แตงกวา กะหล่ำ: -"
หมูสับทอดข้าวโพด,"หมูสับ: 120 กรัม
ข้าวโพด: 2 ฝัก
รากผักชี: 2 ราก
กระเทียมไทย: 10 กลีบ
พริกไทยป่น: 1/4 ช้อนชา
น้ำมันหอย: 1 ช้อนชา
ซีอิ้วขาว: 1 ช้อนชา
ซอสปรุงรส: 1/2 ช้อนชา
แป้งทอดกรอบ: 1 ช้อนโต๊ะ
น้ำมันสำหรับทอด:"
กระเพราหอยแมลงภู่ราดข้าว,"เนื้อหอยแมลงภู่สด: 5 ขีด
กระเทียมจีน: 1 กลีบ
พริกขี้หนู: 5 เม็ด
พริกแดงจินดาหั่นแฉลบ: 3 เม็ด
ถั่วฝักยาว: 1-2 เส้น
ใบกระเพรา: 1 ต้น
น้ำมันพืช: 1 ช้อนโต๊ะ
น้ำปลา: 1/2 ช้อนโต๊ะ
น้ำมันหอย: 1 ช้อนโต๊ะ
ผงปรุงรสคนอร์อร่อยชัวร์: 1 ช้อนชา"
ปลาร้าทรงเครื่อง,"ปลาดุก(สด): 1 ตัว
หน่อไม้ต้ม: 3 หน่อ
มะเขือเปราะ: 5 ลูก
ถั่วฝักยาว: 4 ฟัก
กะทิ: 2 ถ้วย
น้ำปลาร้าต้มปรุงรส: 1/2 ถ้วย
ตะไคร้: 3 ต้น
พริกขี้หนู: 10 เม็ด
พริกขี้ฟ้าสีเขียวอ่อน: 3 เม็ด
น้ำตาลปี๊บ: ตามชอบ
น้ำมะขามเปียก: ตามชอบ
น้ำปลาหรือเกลือป่น: ตามชอบ
คนอร์ซุปก้อนหมู: 1 ก้อน
กระชายฝอย: 1/4 ถ้วย"
แกงยอดมะพร้าวใบย่านาง (แกงเปรอะ),"ใช้นำแกงใบย่านางสูตรไม่ใส่ปลาร้าด้านบน: 2 ถ้วย
ยอดมะพร้าว หรือหน่อไม้: 100g
เห็ดนางฟ้า เห็ดฟาง เห็ดหูหนู ใส่ตามชอบ: 100g
ชะอม: 100g
ผักหวาน: 100g
ฟักทอง: 100g
ข้าวเบือ ความหนืดจะเรื่มที่ 2 ไปจนถึง-3-4 ช้อน: ความหนืดตามชอบ
บวบ: 100g
ใบแมงลัก: 2-3 ต้น"
ผัดหอยลายพริกเผาใส่นมข้นจืด,"หอยลาย: 500 กรัม
กระเทียมจีน: 5 กลีบ
พริกแดงจินดา: 5 เม็ด
พริกขี้หนูสวน: 10 เม็ด
ใบโหระพา: 2-3 ต้น
น้ำพริกเผา: 2 ช้อนโต๊ะ
น้ำปลา: 2 ช้อนโต๊ะ
นมข้นจืด: 2 ช้อนโต๊ะ
น้ำเปล่า: 1/4 ถ้วย"
ผัดพริกขิงถั่วฝักยาว,"ถั่วฝักยาว: 8 เส้น
น้ำพริกแกง: 1.5 ช้อนโต๊ะ
กุ้งแห้งป่น: 2 ช้อนโต๊ะ
น้ำตาลปี๊ป: 1ช้อนชา
คนอร์ อร่อยชัวร์ รสหมู: 1/2 ช้อนชา
ซีอิ๊วขาว: 1/2 ช้อนชา
ใบมะกรูดซอย: 6 ใบ"
ปลาดอลลี่ทอดกรอบผัดพริกไทยดำ,"เนื้อปลาดอลลี่: 350 กรัม
แป้งทอดกรอบ: 1/2 ถต.
น้ำมันสำหรับทอดปลา: 
น้ำมันสำหรับผัด: 1 ช้อนโต๊ะ
ต้นหอมหั่นท่อน: 4 ต้น
พริกหวาน/พริกหยวกสามสี(แดง,เหลือง,เขียว สีละครึ่งลูก): 
หอมหัวใหญ่ขนาดกลาง: 1 หัว
กระเทียมสับละเอียด: 1 ช้อนโต๊ะ
พริกไทยดำโขลกหยาบ: 2 ช้อนโต๊ะ
พริกแดงจินดาหั่นแฉลบ: 5 เม็ด
ซอสปรุงรส: 1 ช้อนโต๊ะ
ซอสหอยนางรม: 2 ช้อนโต๊ะ
น้ำตาลทราย: 2 ช้อนชา
น้ำเปล่า: 3 ช้อนโต๊ะ"
กุ้งแห้งทอด,"กุ้งแห้ง: 1 ขีด
น้ำมัน: 3 ช้อนโต๊ะ"
ลาบหมูทอด (Larb Moo Tod),"หมูบด: 250 กรัม
หอมแดง (ซอย): 4 หัว
ต้นหอม (ซอย): 1 ช้อนโต๊ะ
ผักชีฝรั่ง (ซอย): 1 ช้อนโต๊ะ
น้ำปลา: 2 ช้อนโต๊ะ
น้ำมะนาว: 2 ช้อนโต๊ะ
พริกป่น: 2 ช้านชา
ข้าวคั่ว: 2+2 ช้อนโต๊ะ
แป้งข้าวโพด: 2 ช้อนโต๊ะ
ไข่ไก่: 1 ฟอง
น้ำมันรำข้าว: สำหรับทอด
พริกแห้งเม็ดเล็ก: สำหรับเสิร์ฟ
แตงกวา: สำหรับเสิร์ฟ
ถั่วฝักยาว: สำหรับเสิร์ฟ
กะหล่ำปลี: สำหรับเสิร์ฟ
สะระแหน่: สำหรับเสิร์ฟ
โหระพา: สำหรับเสิร์ฟ"
ปลานึ่งบ๊วย น้ำจิ้มสูตรเต้าเจี้ยว,"ปลาทับทิม: 1 ตัว
น้ำซุป: 2 ถ้วยตวง
น้ำตาล: 1 ช้อนชา
ซอสหอยฯ: 2 ช้อนโต๊ะ
ซีอิ๊ว: 1 ช้อนโต๊ะ
ซอสถั่วเหลือง: เล็กน้อย
น้ำมันงา: เล็กน้อย
ขิงซอย: 20 กรัม
พริกแดง: 3 เม็ด
ส่วนผสมน้ำจิ้ม: 
น้ำส้มสายชู: 
เต้าเจี้ยว: 
น้ำตาลทราย: 
พริกซอย: 
กระเทียมซอย: 
รากผักชี: 
ขิงซอยหั่นเล็กๆ:"
เกี๊ยวทอด,"แผ่นเกี๊ยว: 
น้ำมันพืช: "
แกงจืดไข่ม้วนไส้ผักกาดขาวหมูสับ,"ไข่ไก่: 4 ฟอง
หมูสับ: 200 กรัม
ต้นหอมซอย: 1 ต้น
ต้นหอมเด็ดให้เป็นเส้น: 6 เส้น
แครอท: 1 หัว
ผักกาดขาว: 5 ใบ
ผักกาดหอม: 4 ใบ
ผักชีตกแต่ง: 1 ต้น
ซุปก้อนรสหมู: 1 ก้อน
ซีอิ๊วขาว: 3 ช้อนโต๊ะ
น้ำเปล่า: 1 ลิตร"
ข้าวขาหมู,"ขาหมู: 1-2 kg
โป๊ยกั๊ก: 10 ดอก
แท่งอบเชย: 3 แท่ง
กระเทียมทุบ: 10 กลีบ
รากผักชี: 5 ราก
พริกไทยดำเม็ด: 1 ช้อนโต๊ะ
เห็ดหอม: 10-15 ชิ้น
ผงพะโล้: 5-10 กรัม
ซีอิ๋วดำหวาน: 3 ช้อนโต๊ะ
ซีอิ๋วขาว: 1/4 ถ้วย
ซอสปรุงรสฝาเขียว: 3 ช้อนโต๊ะ
น้ำตาบปี๊บ: 200 กรัม
น้ำสะอาด: 3 ลิตร"
ต้มข่าปลาช่อน,"ปลาช่อน (หั่นชิ้น): 500 กรัม
กะทิเรียลไทย: 1 ถต.
ข่าอ่อน: 2 แหง่ง
ตะไคร้: 2-3 ต้น
หอมแดง: 10 หัว
ใบมะกรูด: 5 ใบ
น้ำปลาดี: 2 ช้อนโต๊ะ
น้ำมะนาว: 2-3 ช้อนโต๊ะ
น้ำตาลทราย: 1/2 ช้อนโต๊ะ
พริกขี้หนู: 15 เม็ด
น้ำเปล่า: 1.5 ถต."
แกงป่าไก่พริกสด,"อกไก่: 100 กรัม
พริกสด: 3 ดอก
กระเทียม: 4 กลีม
ข่า: 2 ช้อนโต๊ะ
หัวหอมแดง: 4 หัว
ใบมะกรูด: 3 ใบ
ตะไคร้: 2 ต้น
เกลือ: 1 ช้อนชา
น้ำเปล่า: 100 กรัม"
หมูย่างเนยจิ้มแจ่ว,"หมูสันใน: 
นมจืด: 
รากผักชี: 
กระเทียม: 
พริกไทย: 
อร่อยชัวร์: 
น้ำตาลทราย: 
้เนย: 
พริกป่น: 
น้ำปลา: 
มะนาว: 
ต้นหอม: 
ผักชี: 
ข้าวคั่ว: "
แกงเห็ดไข่ห่าน,"พริกขี้สวน: 20 เม็ด
หอมแดง: 10 เม็ด
กระเทียม: 15 เม็ด
น้ำปลาร้าสุก: 1 ถ้วยตวง
เกลือ: 2 ช้อนชา
น้ำปลา: 2 ช้อนโต๊ะ
เห็ดไข่ห่าน หรือเห็ดระโงก: 1 กิโล
ชะอม: 1 แพ
ใบแมงลัก: 2 ต้น
ตำลึง: 1 กำ
ตะไคร้: 3 ต้น
ฟักทอง: 1 ถ้วยตวง
บวบ: 1 ถ้วยตวง"
น้ำจิ้มปลาเผา (มะขาม),"มะขาม: 1 ปั้น
น้ำตาลปิ้บ: 1 ช้อนโต๊ะ
น้ำเปล่า: 1 ถ้วย
พริกขี้หนู: 10 เม็ด
หอมแดง: 8 หัว"
แกงส้มผักรวมน้ำข้น,"น้ำ: 1/2ลิตร
หัวไชเท้า: 1หัว
แครอท: 1หัว
ถั่วฝักยาว: 1กำ
เนื้อปลาดอลลี่แช่แข็ง(หรือจะใช้ปลาชนิดอื่นได้ แต่ควรเป็นปลาเนื้ออ่อน): 2ชิ้น
ผงทำแกงส้มคนอร์: 1ซอง
น้ำมะขามเปียก (ตอนอยู่ที่อเมริกาไม่มี เราแอบใช้น้ำส้มสายชูแทน แต่ถ้าหาได้น้ำมะขามจะหอมกว่าเยอะ): 1ถ้วยเล็ก
น้ำตาลทราย: 2ช้อนโต๊ะ
น้ำปลา: 1ช้อนโต๊ะ"
ยำรวมมิตร 🌶️,"บะหมี่กึ่งสำเร็จรูปรสต้มยำกุ้ง: 1 ซอง
ลูกชิ้นหมู: 15 ลูก
หมูยอ: 2 แท่ง
ตีนไก่เล็บมือนาง: 4 ขีด
หมูสับ: 1 ขีด
แครอท: ตามชอบ
ขึ้นฉ่าย: 3 ต้น
หัวหอมใหญ่: 1/2 หัว
พริกขี้หนู: ตามชอบ
น้ำปลา: ตามชอบ
น้ำตาลปี๊บ: ตามชอบ
น้ำตาลทราย: ตามชอบ
มะนาว: ตามชอบ
น้ำเปล่า: เล็กน้อย"
ไก่ใต้น้ำ บนกระทะ,"ไก่บ้าน หรือเนื้อส่วนอื่นๆ: 500 กรัม
รากผักชี: 2 ราก
กระเทียม หอมแดง: 5 กลีบ 2 หัว
ตะไคร้: 5 ต้น
ข่า: 3 แว่น
ใบมะกรูด: 5 ใบ
ขมิ้นแง่งเล็ก หรือ ขมิ้นผง: 1 ช้อนชา
พริกขี้หนูแห้ง: 10 เม็ด
น้ำปลาร้า: 1 ทัพพี
น้ำเปล่า: 1 ถ้วย
น้ำปลา: 1ทัพพี
น้ำตาลทราย: 1/2 ช้อนชา"
ไข่เจียวกากหมู,"ไข่เป็ด: 2 ฟอง
กากหมูทอด: ตามชอบ
น้ำปลา: 1 ช้อนโต๊ะ
พริกไทย: ตามชอบ"
หลนเต้าเจี้ยว,"หมูสับ: 
กุ้งสับ: 
หอมแดง: 
เต้าเจี้ยว: 
กะทิ: 
น้ำตาลปี๊บ: 
มะขามเปียก: 
พริกชี้ฟ้า: "
ปลาผัดขิง,"ปลากระพง: 
ขิง: 
คื่นช่าย: 
พริกแดง: 
แป้งทอดกรอบ: 
น้ำมันมะกอก: 
น้ำปลา: 
น้ำตาล: 
คนอร์ซอลข้นปรุงรส รสไก่: 
กระเทียมสับ: "
ขนมจีนน้ำนัวเรณูนคร ข้าวปุ้นเรณู,"ขนมจีน 1 ห่อ: 60 กรัม
น้ำนัว ปลาร้า หรือกะปิ: 1 ห่อ
พริกเปียก: 1 ซอง
ผักลวก เช่น ผักบุ้ง กะหล่ำปลี ถั่วฝักยาว: ตามใจชอบ
ผักสด เช่น ผักชี สาระแหน่ ถั่วฝักยาว: ตามใจชอบ
เครื่องปรุง เช่น น้ำตาล น้ำปลา พริกป่น:"
ซุปหมูใส่มันฝรั่ง,"สันคอหมู: 1/2 กก
มันฝรั่ง: 4 ลูก
หอมใหญ่: 6 ลูก
มะเขือเทศ: 10 ลูก
ผงปรุงรส: 2 ก้อน
เกลือ: 1 ช้อนชา
พริกไทย: 1 ช้อนชา
ต้นหอม: 2 ต้น"
ข้าวยำเครื่อง,"ข้าวสวย: 250 กรัม
ลูกเดือย (ต้มสุก): 50 กรัม
น้ำปลา: 2 ช้อนโต๊ะ
น้ำตาลปี๊บ: 4 ช้อนโต๊ะ
เกลือ: ¼ ช้อนชา
ข่าอ่อน (ซอย): 2 ช้อนโต๊ะ
ใบมะกรูด (ซอย): สำหรับเสิร์ฟ
ใบขมิ้น (ซอย): สำหรับเสิร์ฟ
ใบชะพลู (ซอย): สำหรับเสิร์ฟ
ใบข่า (ซอย): สำหรับเสิร์ฟ
ถั่วฝักยาว (ซอย): สำหรับเสิร์ฟ
ดอกอัญชัน: สำหรับเสิร์ฟ
ส้มโอ: สำหรับเสิร์ฟ
มะม่วงเปรี้ยว (ซอย): สำหรับเสิร์ฟ
มะพร้าวคั่ว: 2 ช้อนโต๊ะ
กุ้งแห้งป่น: 1 ช้อนโต๊ะ
พริกป่น: 1 ช้อนชา
ไข่ต้ม: 2 ฟอง
พริกไทยดำเม็ด (พริกแกง (3 ช้อนโต๊ะ): ½ ช้อนชา
พริกแห้งเม็ดเล็ก (พริกแกง (3 ช้อนโต๊ะ): 10 กรัม
เกลือ (พริกแกง (3 ช้อนโต๊ะ): ½ ช้อนชา
ตะไคร้ (ซอย) (พริกแกง (3 ช้อนโต๊ะ): 3 ต้น
ขมิ้นสด (พริกแกง (3 ช้อนโต๊ะ): 5 กรัม
หอมแดง (พริกแกง (3 ช้อนโต๊ะ): 5 หัว
กระเทียมไทย (พริกแกง (3 ช้อนโต๊ะ): 15 กลีบ
กะปิ (พริกแกง (3 ช้อนโต๊ะ): 2 ช้อนชา"
แกงคั่วส้มโอ,"ส้มโอฉีกเป็นชิ้นพอคำ: 1 1/2 ถ้วย
น้ำมะขาม: 1 ช้อนโต๊ะ
น้ำตาลปี๊บ: 1 ช้อนชา
หางกะทิ: 1 ถ้วย
หัวกะทิ: 1/2 ถ้วย
พริกแกง: 2 ช้อนโต๊ะ
น้ำปลา: 2 ช้อนโต๊ะ
ใบมะกรูดซอยสำหรับโรยหน้า: 
กุ้งผ่ากลางอบ: 3 ตัว"
แกงส้มปลาทู (แกงส้มใต้),"ปลาทู: 3 ตัว
มะละกอ: 300 กรัม
ผักบุ้งไทย: 100 กรัม
น้ำมะขามเปียก: 2 ช้อนโต๊ะ
น้ำตาลทราย: 1 ช้อนชา
น้ำสะอาด: 600 มล
เครื่องแกงส้มใต้: 1 1/2 ช้อนโต๊ะ
กะปิ: 1 ช้อนชา
มะนาว: 1 ลูก"
ต้มกะทิปลาสลิดกับฟักเขียว,"ปลาสลิด: 4 ตัว
ฟักเขียว: 300 กรัม
หัวกะทิ: 1 ถ้วย
หางกะทิ: 2 ถ้วย
หอมแดง: 10 หัว
กะปิ: 1+1/2 ช้อนชา
พริกไทยป่นหรือเม็ด: 1/2 ช้อนชา
น้ำมะขามเปียก: 3-4 ช้อนโต๊ะ
น้ำตาลปี๊บ: 1-2 ช้อนโต๊ะ
น้ำปลา: 1-2 ช้อนโต๊ะ
เกลือป่น: 1/2 ช้อนชา"
ขนมจีนน้ำยาปลาช่อน X ตีนไก่+ลูกชิ้นปลา,"ขนมจีน: 2กก
ปลาช่อน: 1ตัว
กะทิหัวหาง: 1กก
พริกแกงเผ็ด: 2ขีด
กระชายซอย: 20บาท
ปลาอินทรีย์เค็ม: 1ชิ้น
กะปิ: 1ชต
น้ำปลา: 1-2ถ้วย
ผักสดต่างๆ: 
ผักกาดดอง: 
ใบแมงลัก: 
พริกแห้ง:"
ซูชิไข่เจียวชะอม,"ไข่ไก่: 3 ฟอง
ชะอม: 1 กำ
ข้าวสวย: 1 ถ้วย
น้ำพริกกะปิ: 
ผงปรุงรส:"
หมูคั่วเค็ม,"หมูติดมัน: 300 กรัม
เกลือเม็ด: 1+1/2 ช้อนชา
ซีอิ๊วดำหวาน: 1 ช้อนชา
กระเทียมเจียว: 1 ช้อนโต๊ะ
น้ำเปล่า: 2 ถ้วยตวง"
ข้าวผัดน้ำพริกเผา,"ข้าวสวย(ข้าวเย็น): 1 ถ้วย
หมูยอหั่น: 1/4 ถ้วย
หอมหัวใหญ่: 1/4 ถ้วย
กระเทียมสับ: 1 ช้อนโต๊ะ
น้ำพริกเผา: 1 ช้อนโต๊ะพูนๆ
น้ำมันสำหรับผัด: 2 ช้อนโต๊ะ
น้ำปลา: 1/2 ช้อนโต๊ะ
น้ำตาลทราย: 1/2 ช้อนโต๊ะ
คนอร์ผงปรุงรส(รสหมู): 1 ช้อนชา
ใบโหระพาเด็ด: 1/4 ช้อนชา
พริกชี้ฟ้าหั่นเฉียง: 1/2 เม็ด
ผักสดเช่นแตงกวา,ใบโหระพา ฯลฯ: ตามชอบ"
อาหารไทย โปรตีนเกษตรผัดพริกขิง,"โปรตีนเกษตร: 1 ถุง
พริกแกงเผ็ด: 1ช้อนโต๊ะ
น้ำตาลทรายแดง: 2 ช้อนชา
ซีอิ้วขาว: 3 ช้อนชา
ใบมะกรูด: 10 ใบ
น้ำมันทอด:"
ดอกหอมผัดหมู,"ดอกหอม: 10 ต้น
กระเทียม: 2 กลีบ
คนอร์อร่อยชัวร์: 1 ชช
นน้ำมันหอย: 2 ชต
ซอสปรุงรส: 1 ชต
หมูสับ: 100 กรัม
แครอท: เล็กน้อย
น้ำเปล่าเล็กน้อย: 
น้ำมัน: 1 ชต"
พะแนงหมู สูตรโบราณ By หญิงกบ,"สันในหมู: 500 กรัม
พริกแกงพะแนง: 100 กรัม
กะทิ: 250 มิลลิกรัม
น้ำตาลปี๊บ: 1 ช้อนโต๊ะ
มะเขือพวง: 100 กรัม
ใบมะกรูด: 10 ใบ
พริกจินดา: 5 เม็ด
ถั่วลิสงคั่วบด: 2 ช้อนโต๊ะ
แป้งข้าวเจ้า: 1 ช้อนโต๊ะ"
ปลาช่อนแม่ลาทอดกรอบผัดพริกขิง,"ปลาช่อนแดดเดียวสับเป็นชิ้นใหญ่ๆ: 2 ตัว
น้ำพริกผัดพริกขิง หรือ น้ำพริกแกงเผ็ด: 80 กรัม
ใบมะกรูดหั่นฝอย: 2 ช้อนโต๊ะ
น้ำมันสำหรับทอด: 1 ถ้วย
น้ำตาลทราย: 2-3 ช้อนโต๊ะ
น้ำปลา: 1 ช้อนโต๊ะ"
ปลาดุกผัดเผ็ดเมืองระยอง,"ปลาดุก: 1 ตัว
ใบยี่หร่า: ตามชอบ
พริกชี้ฟ้า: 1 กรัม
กระชาย: 1 กรัม
ผงชูรส: 1 ช้อนชา
น้ำตาลทราย: 3 ช้อนโต๊ะ
น้ำปลา: 2 ช้อนโต๊ะ
พริกแกงเผ็ด: 2 ขีด
มะเขือเปราะ: 5-8 ลูก
น้ำเปล่า: 1 ถ้วย"
เจี๋ยนปลาทับทิม สูตร 2 น้ำมะขามเปียก,"ปลาทับทิม: 1 ตัว
เกลือ: 1/2 ช้อนโต๊ะ
น้ำมัน: 1 ถ้วย
กระเทียม: 5 กลีบ
ขิงอ่อนซอย: 3 ช้อนโต๊ะ
เต้าเจี้ยว: 2 ช้อนโต๊ะ
ซอสหอยนางรม: 2 ช้อนโต๊ะ
น้ำตาลปี๊บ: 1 ช้อนโต๊ะ
น้ำมะขามเปียก: 4 ช้อนโต๊ะ
ต้นหอม: 4 ต้น
พริกจินดา: 6 เม็ด
น้ำเปล่า: 1/2 ถ้วย"
มะระตุ๋นซี่โครงหมู,"คนอร์ซุปหมูก้อน: 1 ก้อน
มะระจีน: 1 ลูกใหญ่
กระดูกหมู: 300 กรัม
ซีอิ้วขาว: 1 ช้อนโต๊ะ
น้ำเปล่า: 1.5 ลิตร
ต้นหอมผักชีหั่นท่อน: ตามชอบ
เกลือป่น(คลุกมะระ): 1+1/2 ช้อนโต๊ะ
รากผักชี: 2 ราก
กระเทียม: 6 กลีบ
พริกไทยเม็ดดำหรือขาวก็ได้: 10 เม็ด
พริกไทยป่น: ตามชอบ
ดอกเกลือปรุงรส: 1/2 ช้อนชา"
ยำไส้ตันสมุนไพร,"ไส้ตันต้มสุก ทำความสะอาดแล้ว: 400 กรัม
ต้นหอม: 2 ต้น
ผักชี: 2 ต้น
ตะไคร้: 4 ต้น
พริกขี้หนู: 10-15 เม็ด
น้ำปลา: 5 ช้อนโต๊ะ
น้ำตาล: 2 ช้อนโต๊ะ
น้ำมะนาว: 5 ช้อนโต๊ะ
น้ำสต๊อกไก่: 3 ช้อนโต๊ะ
กระเทียม: 4-5 กลีบ
หัวหอมหั่นแว่น: 1-2 หัว
ใบสระแหน่: 9-10 ใบ"
ต้มผักกาดดองใส่กระดูกหมู,"กระดูกหมู: 1-1.5 kg
ผัดกาดดองเค็ม: 2 กระป๋อง
กระเทียม: 5 กลีบ
เกลือ: 1 ช้อนชา
น้ำ: 1-2 ลิตร"
ห่อหมกปลาดอลลี่ในถ้วยกระหล่ำปลี,"เนื้อปลาดอลลี่: 300 กรัม
ไข่ไก่: 1 ฟอง
พริกแกงเผ็ด: 2 ช้อนโต๊ะ
น้ำปลา: 1 ช้อนโต๊ะ
กระทิ(ถ้าอยากให้เป็นเมนูลดนน.เปลี่ยนใช้นมสดรสจืด1/2ถต): 1/2 ถต.
น้ำตาลมะพร้าว: 1 ช้อนโต๊ะ
ใบกระหล่ำปลีลวก: 
ใบมะกรูดตามชอบ: 
พริกชี้ฟ้าแดงตกแต่งตามชอบ: 
**ส่วนของกระทิราดหน้า**: 
น้ำกระทิ(ถ้าอยากให้เป็นเมนูลดนน.เปลี่ยนใช้นมสดรสจืด1/2ถต): 1/2 ถต.
แป้งข้าวโพด: 1 ช้อนโต๊ะ
เกลือป่นเล็กน้อย:"
เมี่ยงหอยแครง น้ำจิ้มถั่วตัด/ถั่วกระจก,"หอยแครง: 1 kg.
ถั่วตัดหรือถั่วกระจก: ครึ่งถ้วยน้ำจิ้ม
น้ำปลา: ตามชอบ
มะนาว: ตามชอบ
น้ำตาลปี๊ป: ตามชอบ
เกลือ: 1 ช้อนชา
พริกขี้หนู: ตามชอบ
กระเทียม: 1 หัว
ผักกาดขาว: ตามชอบ
ผักกาดหอม: ตามชอบ
ต้นหอม: 10 บาท
ผักชี: 10 บาท
สะระเเหน่: 10 บาท
ผักอื่นๆ: ตามชอบ
ขนมจีน: 1 เข่งเล็ก"
ข้าวผัดกุ้ง,"ข้าวสวย: 2 ถ้วย
กุ้งสดแกะเปลือกผ่าหลัง: 110 กรัม
ไข่ไก่: 2 ฟอง
แครอทซอย: 2ช้อนโต๊ะ
ซอสปรุงรส: 2 ช้อนโต๊ะ
ผงปรุงรส: 1 ช้อนชา
น้ำตาลทราย: 1 ช้อนชา
เกลือป่น: เล็กน้อย
เนย: 8กรัม
พริกไทยป่น: 1 ช้อนชา
น้ำมันพืช: 2 ช้อนโต๊ะ
ต้นหอมซอย: 2 ต้น"
น้ำยากุ้ง,"กุ้งนางไซส์เล็ก10ตัว: 180 ก.
มะพร้าวขูด: 150 ก.
พริกแกง: 30 ก.
กระชาย: 2 เส้น
เกลือ: 1/4 ช้อนชา
ซีอิ๊วขาว: 2 ช้อนชา"
ปีกไก่ทอดน้ำปลา,"ปีกไก่: 500 กรัม
น้ำปลา: 2 ช้อนโต๊ะ
พริกไทยดำป่น: 1 ช้อนโต๊ะ
แป้งทอดกรอบ: 3 ช้อนโต๊ะ
น้ำเย็น: 4 ช้อนโต๊ะ
น้ำมันพืชสำหรับทอด:"
ต้มยำปลาทับทิมน้ำใส 🐟,"ปลาทับทิมหั่นท่อน: 1 ตัว
ตะไคร้: 1 ต้น
ใบมะกรูด: 5 ใบ
ข่าหั่นแว่น: 4 แว่น
กระเทียมใหญ่: 3 กลีบ
หัวหอมแดง: 4 หัว
เห็ดฟาง: 10 ดอก
มะนาว: 1 ช้อนโต๊ะ
เกลือ: 1 ช้อนชา
น้ำปลา: 1 ช้อนโต๊ะ
น้ำตาลทราย: 1 ช้อนชา
น้ำมะขามเปียก: 2 ช้อนโต๊ะ
พริกขี้หนู: 8–10 ดอก
ผักชีฝรั่ง: 2 ต้น"
หอมเจียว,"หัวหอมแดง: 
แป้งชุบทอด: 
น้ำมันพืช: "
วุ้นเส้นผัดเนื้อปู,"วุ้นเส้นสด: 1ถุงเล็ก
ไข่ไก่: 2ฟอง
เนื้อปู: ตามชอบ
กะหล่ำปลีฝอย: 1/4หัว
หอมหัวใหญ่ซอย: 1หัว
มะเขือเทศผ่าควักไส้ทิ้ง: 1ลูก
น้ำมันพืช: 3ชต
น้ำตาล: 2-3ชช
ซอสปรุงรส: 1ชช
น้ำมันหอย: 1ชต
น้ำปลา: 2-3ชช
พริกไทป่น: 1/2ชช"
ข้าวแมวขโมย,"ปลาทูอบหม้อลมร้อน (ฉีกเป็นชิ้นเล็ก ๆ ): 1 ตัว
มะม่วงสับ: 1 ถ้วย
หอมแดงซอย: 2 ช้อนโต๊ะ
พริกขี้หนูซอย: 1 ช้อนโต๊ะ
มะนาวผ่า: 1 ซีก"
บัวลอยมันหวานญี่ปุ่น,"แป้งข้าวเหนียว: 3 ถ้วย
กะทิ: 500 มล.
น้ำตาลมะพร้าว: 3 ช้อนโต๊ะ
เกลือป่น: 1/4 ช้อนชา
มันหวานญี่ปุ่นหั่นเต๋า: 1 ถ้วย
มันหวานญี่ปุ่นบด: 1/2 ถ้วย"
ผัดไทยโคราช จากน้ำผัดไทยสำเร็จรูป(สูตรข้าง),"น้ำผัดไทยสำเร็จรูป(ดูวิธีทำที่สูตรด้านล่าง): 2 ช้อนโต๊ะ
เส้นหมี่โคราช: 1 กำ
ถั่วงอก: 1 กำ
กุยช่าย: 2-3 ต้น
เต้าหู้เหลืองหั่นเต๋า: 1 หยิบมือ
ไชโป้วหวานหั่นเต๋า: 1 หยิบมือ
ไข่เจียวซอยฝอย: 1 หยิบมือ
กุ้ง: 2-3 ตัว
หมูหมักซีอิ๊วกระเทียมพริกไทย: 1 หยิบมือ
หอมแดงหั่น: 1 หัว"
เส้นใหญ่ทอด สูตร 2,"เส้นใหญ่: 100 กรัม
น้ำมัน: 1 ถ้วย
แป้งทอดกรอบ: 3 ช้อนโต๊ะ"
ส้มตำหอยดอง,"มะละกอดิบสับ: 1+1/2 ถ้วย
หอยดอง: 1/2 ถ้วย
ผักชีฝรั่งซอย: 1/4 ถ้วย
ถั่วฝักยาวหั่นท่อน: 2 ฝัก
พริกขี้หนูสด: 8 เม็ด
กระเทียมไทย: 5 กลีบ
น้ำปลา: 1 ช้อนโต๊ะ
น้ำตาลปี๊บ: 1 ช้อนชา
น้ำมะนาว: 1+1/2 ช้อนโต๊ะ
ผักสด: ตามชอบ"
ผัดพริกไก่โหระพา,"ไก่ส่วนที่ชอบ: 
พริกแกง: 
พริกขี้หนู: 
กระเทียม: 
ใบโหระพา: 
เกลือ: 
ผงปรุงรส: 
น้ำตาลทราย: 
ซีอิ๊วดำ: 
น้ำมันพืช: 
น้ำเปล่า: "
ปลาทอดซอสสามรส,"ปลาจาระเม็ดดำ: 1 ตัว
กระเทียมสับ: 3 ช้อนโต๊ะ
พริกแดงโขลก: 5 เม็ด
น้ำมะขาม: 5 ช้อนโต๊ะ
น้ำปลา: 3 ช้อนโต๊ะ
น้ำตาล: 4 ช้อนโต๊ะ
น้ำมันพืชสำหรับทอดปลา: 1 ขวด
น้ำเปล่า: 1 ถ้วยตวง"
สะโพกไก่ต้ม,"สะโพกไก่: 1 1/2 กิโลกรัม
รากผักชี: 2 ราก
กระเทียม: 6-7 กลีบ
พริกไทยดำ: 1 ช้อนชา
เกลือ: 1/2 ช้อนโต๊ะ
น้ำเปล่า: 1 ลิตร"
เส้นใหญ่ผัดซีอิ๊วไก่,"เส้นใหญ่: 350 กรัม
ไก่หั่นเป็นชิ้น: 200 กรัม
ไข่ไก่: 2 ฟอง
คะน้าหั่นท่อน: 3 ต้น
กระเทียมสับ: 1 ช้อนโต๊ะ
ซีอิ๊วดำ: 2 ช้อนโต๊ะ
น้ำปลา: 1 ช้อนโต๊ะ
ซอสปรุงรส: 2 ช้อนชา
ซีอิ๊วขาว: 1 ช้อนโต๊ะ
น้ำมันพืช: 
มะนาว. พริกไทย:"
เมนู🐔: แกงจืดฟักน่องไก่ Winter melon with chicken drumsticks soup.,"รากผักชี: 3-4 ราก
น่องไก่: 10-11 น่อง
ซีอิ๊วขาว: เล็กน้อย
เกลือ: เล็กน้อย
ผักชี: ตามชอบ
เก๋ากี้: ตามชอบ
ฟักเขียว: 1 ฟัก
ต้นหอม: ตามชอบ"
ข้าวผัดแหนม,"ข้าวหอมมะลิหุงสุกแช่ตู้เย็น 1 คืน: ปริมาณตามจำนวนประชากร
แหนมหมูผสมไก่: 5 แท่ง
น้ำร้อน: 1/2 ถ้วย
น้ำมันพืช: 2 ชต
กระเทียมตำ: 1 หัว
ไข่ไก่: 6 ฟอง
ผงปรุงรสหมู: 1 ชต
น้ำตาลทราย: 1 ชต
ซอสปรุงรสฝาเขียว: กะเอา
ซอสปรุงรสภูเขาทอง: กะเอา
ต้นหอมซอย: ตามชอบ"
พะโล้,"หมูสามชั้น: 
ไข่ไก่ต้ม: 
เครื่องพะโล้ 2 ห่อ: 
กระเทียม รากผักชี พริกไทยเม็ด (โขลกละเอียด): 
ซีอิ๊วหวาน: 
ซีอิ๊วขาว: 
เกลือ: 
น้ำตาลปี๊บ: 
น้ำมันพืชสำหรับผัด: 
น้ำเปล่า:"
พะโล้ขาหมูเห็ดหอม,"ไข่ต้มแข็ง: 10 ฟอง
ขาหมู เลาะเอาแต่เนื้อ หั่นเป็นชิ้นใหญ่ๆ: 500 – 700 กรัม
เต้าหูพวง ถ้าใหญ่มากให้หั่นครึ่ง: 10 – 15 อัน
เห็ดหอมแห้ง แช่น้ำจนนิ่ม: 10 – 15 ดอก
รากผักชี พริกไทย กระเทียม ตำละเอียด: 3 ช้อนโต๊ะ
น้ำตาลมะพร้าว: 3 ช้อนโต๊ะ
น้ำปลา: 5-6 ช้อนโต๊ะ
ซอสปรุงรส: 3-4 ช้อนโต๊ะ
ซีอิ๊วดำหวาน: (เผื่อไว้ถ้าสีไม่เข้มสะใจ)"
"“ต้มมะระน่องไก่""","น้ำสต็อก หรือ น้ำสะอาด: 2 ถ้วย
น่องไก่: 6-10 น่อง
มะระ: 2 ลูกใหญ่
รากผักชี: 2 ราก
เห็ดหอมแช่น้ำ: 6 ดอก
ซีอิ้วปรุงรส: 2 ช้อนโต๊ะ
ผงปรุงรส: 1 ช้อนชา"
ไข่ลูกเขยเศรษฐี (Wealthy Son-in-Law Eggs),"กุ้ง: 300 กรัม
ไข่เป็ด: 4 ฟอง
แป้งมันสำปะหลัง: ½ ถ้วย
หอมแดง: 6 หัว
กระเทียม: 4 กลีบ
พริกแห้งเม็ดเล็ก: 8 เม็ด
ผักชี: สำหรับเสิร์ฟ
น้ำมันรำข้าว: สำหรับทอด
น้ำตาลมะพร้าว (ส่วนผสมสำหรับขั้นตอน3): 120 กรัม
น้ำมะขามเปียก (ส่วนผสมสำหรับขั้นตอน3): 5 ช้อนโต๊ะ
น้ำปลา(ส่วนผสมสำหรับขั้นตอน3): 3 ช้อนโต๊ะ"
หมูผัดบล็อคโคลี่,"บล็อคโคลี่: ครึ่งหัว
เนื้อหมู: 100 กรัม
เห็ดหอม: 2 ดอก
กระเทียมสับ: ครึ่ง ช้อนโต๊ะ
น้ำมันหอย: 1 ช้อนโต๊ะ
ซีอิ้วขาว: 1/2 ช้อนชา
น้ำตาลทราย: 1/2 ช้อนชา
ผงปรุงรสหมู: 1/2 ช้อนชา
น้ำเปล่าหรือน้ำแช่เห็ดหอม: 5 ช้อนโต๊ะ
น้ำมันพืช: 1 ช้อนโต๊ะ"
ยำวุ้นเส้นเครื่องล้น,"วุ้นเส้นสด: 1ห่อ
หมูสับ: 2กรัม
เห็ดเข็มทอง: 1ห่อ
หอมแขก: ครึ่งหัว
ขึ้นช่าย: 2ต้น
แครอท: เล็กน้อย
ผักกาดขาว: 3ใบ
น้ำปลา: 2ช้อนโต๊ะ
น้ำมะนาวสด: 2ช้อนโต๊ะ
น้ำตาล: 1ช้อนชา
พริกป่น: 1ช้อนโต๊ะ"
เคล็ดลับ ส้มตำ แซ่บ นัวร์,"มะละกอ: 1 กำ
ถั่วฝักยาว: 1 หยิบมือ
พริกแห้ง: 1หยิบมือ
พริกกะเหรี่ยง: 4-5 เม็ด
มะเขือเทศ: 1 ลูก
มะเขือเทศเชอร์รี: 8-9 ลูก
ปูเค็ม: 2 ตัว
น้ำปลาร้าต้มสุก: 1 ค่อนทัพพี
น้ำปลา: ค่อนทัพพี
น้ำตาลปี๊บ: 1 ช้อนชา
มะนาว: 1 เสี้ยว"
ต้มยำปลาคัง,"เนื้อปลาคัง+หัวปลาคัง: 500 กรัม
ตะไคร้: 3 ต้น
ใบมะกรูด: 10 ใบ
ข่าหั่นแว่น: 5 แว่น
ต้นหอม: 2ต้น
ผักชีฝรั่ง: 2ต้น
ผักชี: 2ต้น
น้ำปลา: 1ช้อนโต๊ะ
น้ำมะนาว: 3ช้อนโต๊ะ
พริกขี้หนูทุบ: 15 เม็ด
พริกขี้หนูแห้งคั่ว: 15เม็ด
หอมแดง: 5หัว
ซีอิ๋วขาว: 1ช้อนโต๊ะ
น้ำเปล่า: 500 มล.
มะเขือเทศ: 2ลูก
ผงปรุงรสคนอร์ แบบก้อน: 1ก้อน
กระเทียม: 4 กลีบ"
ไข่ดาวลูกเขย,"ไข่ดาว: 3 ฟอง
หอมแดงเจียม: 
~ น้ำราด ~: 
น้ำตาลปี๊บ: 3 ช้อนโต๊ะ
น้ำมะขาม: 2 ช้อนโต๊ะ
น้ำปลา: 2 ช้อนโต๊ะ
น้ำเปล่า: 2 ช้อนโต๊ะ
ผักชีหรือต้นหอม:"
ปลาจาระเม็ดดำทอดราดพริก,"ปลาจาระเม็ดดำล้างทำความสะอาด ควักไส้ บั้ง: 3 ตัว
น้ำมันสำหรับทอด: 
พริกขี้หนูสวนกับกระเทียมตำรวมกัน หยาบๆ: 3-4 ช้อนโต๊ะ
น้ำตาลทราย: 1/3 ถ้วย
น้ำปลา: 1/2 ถ้วย"
น้ำจิ้มสะเต๊ะ,"กะทิสด: 500 กรัม
น้ำพริกแกงมัสมั่น: 200 กรัม
น้ำตาลปี๊บ: 3 ทัพพี
น้ำมะขามเปียก: 3 ทัพพี
เกลือป่นเล็กน้อย: 
ถั่วลิสงคั่วป่น: 300 กรัม"
กุ้งผัดน้ำมันหอย,"กุ้งแกะเปลือก: 300 กรัม
หอมใหญ่: 110 กรัม
ต้นหอม: 45 กรัม
กระเทียมเจียว: 2 ช้อนโต๊ะ
น้ำตาลทราย: 1 ½ ช้อนโต๊ะ
ซอสปรุงรส: 2 ช้อนโต๊ะ
ซอสหอยนางรม: 3 ช้อนโต๊ะ"
ไข่เจียวหอมแดง,"ไข่ไก่: 4 ฟอง
หอมแดง: 5-6 หัว
น้ำปลา: 2 ช้อนโต๊ะ"
ปลาซาบะย่างซีอิ้ว,"ปลาซาบะ 2ตัว นน.รวม: 1 kg
**ส่วนผสมซอสซีอิ้ว**: 
ซีอิ้วขาว: 4 ช้อนโต๊ะ
ซอสหอยนางรม: 4 ช้อนโต๊ะ
น้ำตาลมะพร้าว/น้ำตาลปี๊บ: 2 ช้อนโต๊ะ
งาขาวคั่วตามชอบสำหรับโรยหน้า:"
กุ้งอบวุ้นเส้น,"กุ้ง: 300 กรัม
วุ้นเส้น: 100 กรัม
ซอสอบวุ้นเส้น: 1 ซอส
ผักชี: 2-3 ต้น
น้ำมันงา: 1 ช้อนชา
คื่นไช้: 1-2 ต้น"
ซี่โครงหมูอบ,"ซี่โครงหมู: 500 กรัม
รากผักชี: 2 หัว
กระเทียม: 5 กลีบ
พริกไทย: 1/2 ช้อนชา
หอมแดง: 2 หัว
ผงคนอร์รสหมู: 1 ช้อนชา
ซอสปรุงรสฝาเขียว: 1 ช้อนโต๊ะ
ซีอิ๊วขาว: 1 ช้อนโต๊ะ
น้ำมันหอย: 1 ช้อนโต๊ะ
น้ำตาลปี๊ป: 1 ช้อนโต๊ะ"
ผัดสะตอกุ้งหมูสับ,"กุ้ง: 10 ตัว
หมูสับ: 1/2 ถ้วย
สะตอ: 2 ฟัก
พริกจินดาแดง: 5 เม็ด
พริกขี้หนู: 5 เม็ด
กระเทียมกลีบเล็ก: 1 ช้อนโต๊ะ
พริกชี้ฟ้าแดง: 1 เม็ด
กะปิดี: 1 ช้อนโต๊ะ
น้ำปลาแท้: 1 ช้อนโต๊ะ
น้ำตาลทราย: 1 ช้อนโต๊ะ
มะนาว: 2 ช้อนโต๊ะ
น้ำมันพืช: 3 ช้อนโต๊ะ
น้ำมันหอย: 2 ช้อนโต๊ะ"
ไข่พะโล้เทวะ,"เนื้อหมูสามชั้น: 500 กรัม
ไข่ไก่ หรือไข่เป็ด: 10 ฟอง
เครื่องพะโล้: 1 ห่อ
กระเทียม 1 หัว: 1 ช้อนโต๊ะ
รากผักชี: 5 ราก
พริกไทยเม็ด หยิบมือปลายนิ้ว: 1 ช้อนชา
ซีอิ๊วดำ: 1 ช้อนชา
ซีอิ๊วขาว: 1 ช้อนโต๊ะ
เกลือ: ครึ่งช้อนชา
น้ำตาลปี๊บหรือน้ำตาลปึก: 1 ช้อนโต๊ะ
ต้นผักชี 1 ต้น: 1 ต้น
น้ำมันพืช: 2 ช้อนชา"
ไก่ผัดขิง,"เนื่อไก่: 1/2 กิโล
ขิงอ่อน: 1/2 กิโล
เห็ดหูหนู: 3 ขีด
ต้นหอม: 2 ขีด
หัวหอมใหญ่: 2 หัว
กระเทียมจีน: 5 กลีบ
พริกชี้ฟ้า: 10 เม็ด"
มัสมั่นเนื้อ Short Rib,"short rib: 4 เส้น
หอมใหญ่: 1 หัว
มันฝรั่ง: 2 หัว
ถั่วลิสงคั่ว: 
พริกแกงมัสมั่น: 
กะทิ: 
น้ำปลา: 
น้ำตาลปี๊บ: 
น้ำมะขามเปียก:"
หลนปลาอินทรีย์เค็ม,"เนื้อปลาอินทรีย์เค็มทอด: 
หมูและกุ้งสับ: 
น้ำกะทิ: 
ตะไคร้ซอย: 
ข่าซอย: 
หอมแดงซอย: 
ใบมะกูดฉีกเล็ก: 
พริกชี้ฟ้าเขียว,แดง,เหลือง: 
ข้าวหมาก: 
น้ำตาลมะพร้าว: 
น้ำมะขามเปียก: 
น้ำปลา: "
ไก่ผัดขิงสด,"เนื้ออกไก่หั่นชิ้น: 300 กรัม
หัวหอมใหญ่หั่นชิ้นใหญ่: 1 หัว
ขิงซอย: 100 กรัม
ข้าวโพดอ่อนหั่นชิ้น: 100 กรัม
ต้นหอมหั่นท่อน: 2-3ต้น
น้ำปลา: เล็กน้อย
น้ำตาลทราย: เล็กน้อย
น้ำมันหอย: เล็กน้อย"
แกงเผ็ดหมูใส่ฟักเขียว,"หมูสันใน: 1/2 กก
มะเขือเปราะ: 3 ขีด
มะเขือพวง: 1 ขีด
ฟักเขียว: 1 กก
พริกแกงเผ็ด: 2 ขีด
กะทิ: 500 กรัม
โหระพา: 2 กรัม
น้ำตาลปี๊บ: 2 ช้อนโต๊ะ
คนอร์หมู: 1 ก้อน
น้ำปลา: เหยาะๆ ลงไป"
ข้าวหมูกระเทียมพริกไทย,"เนื้อหมู: 
ซอสหมูกระเทียมพริกไทยสำเร็จรูป: 
น้ำมันถั่วเหลือง: 
น้ำเปล่า: "
แกงเลียงใบตำลึง,"ใบตำลึง: 2 กำ
ไข่ไก่: 2 ฟอง
กะปิ: 1 ช้อนโต๊ะ
ปลาฉิ้งฉ้าง: 1/2 ถ้วย"
แกงคั่วสับปะรดหอยแมลงภู่,"สับปะรดหั่นชิ้นพอคำ: 
หอยแมลงภู่: 
ใบมะกรูด: 
กะทิ: 
น้ำปลา: 
น้ำตาลปี๊บ: 
น้ำมะขามเปียก: "
เขียวหวานหมูผัดแห้ง,"หมูสันคอ: 400 กรัม
มะเขือเปราะ: 6 ลูก
มะเขือพวง: 50 กรัม
โหระพา: 3 กิ่ง
พริกแกงเขียวหวาน: 2 ช้อนโต๊ะ
กะทิ: 100 กรัม
น้ำตาลปี๊บ: 1/2 ช้อนโต๊ะ
น้ำปลา: เหยาะๆ ลงไป"
ยำขนมจีนปลาทู [ไม่ใส่ปลาร้า],"ขนมจีน: 2จับ
ปลาทูนึ่ง: 1 ตัว
หมูยอหั่นเป็นชิ้น: 60 กรัม
น้ำตาลมะพร้าว: 1 ช้อนโต๊ะ
น้ำปลา: 2ช้อนโต๊ะ
น้ำมะขาวเปียก: 2 ช้อนโต๊ะ
พริกป่น: 1/2 ช้อนโต๊ะ
พริกขี้หนู+พริกแดงจินดาซอย: 1 ช้อนโต๊ะ
หอมแขก: 1 หัว
ถั่วฝักยาวซอย: 5ฟัก(หรือตามชอบ)
ถั่วพู: 4ฟัก(หรือตามชอบ)
ผักชีฝรั่งซอย: 2 ช้อนโต๊ะ
ถั่วลิสงอบ: ตามชอบ
น้ำมันสำหรับทอด:"
ยำคอหมูย่างมะเขือเปราะ,"คอหมู: 200 กรัม
ซอสหอยนางรม: 1 ช้อนโต๊ะ
เกลือ: ปรุงรส
พริกไทย: ปรุงรส
มะเขือเปราะ: 2 ผล
กระเทียม (สับ): ½ ช้อนโต๊ะ
น้ำมะนาว: 2 ช้อนโต๊ะ
น้ำตาลทราย: ½ ช้อนโต๊ะ
น้ำปลา: ½ ช้อนโต๊ะ
พริกป่น: ½ ช้อนโต๊ะ
ตะไคร้ (ซอย): ¼ ถ้วย
หอมแดง (ซอย): ¼ ถ้วย
ใบสะระแหน่: ¼ ถ้วย"
หัวไฉ้โป้วเค็ม-หวาน,"หัวไฉ้เท๊าตัดแต่งแล้ว: 2,148 ก.
เกลือป่น ( 1 ) : 22 ก.
เกลือป่น ( 2 ): 10 ก.
น้ำตาลทราย: 170 ก."
ปลาหมึกผัดน้ำดำ,"ปลาหมึกหั่นชิ้น: 1/2 กก.
กระเทียม: 6 กลีบ
หอมแดงซอย: 4 หัว
น้ำมันรำข้าว: 1 ชต
ซอสปรุงรส: 
น้ำตาลทราย: 
ซอสหอยนางรม:"
ปลาทูทอด,"ปลาทู: 2 ตัว
น้ำมัน: 3 ช้อนโต๊ะ"
ผัดถั่วงอกหัวโตเต้าหู้ทอด,"ถั่วงอกหัวโต: 250 กรัม
เต้าหู้ขาวแข็ง: ครึ่งก้อน
คึ่นช่าย: 3 ต้น
พริกชี้ฟ้าเขียวแดง: 2 เม็ด"
ปั้นขลิบนึ่งไส้ปลา,"แป้งข้าวเจ้า: 1/2 ถ้วย
แป้งข้าวเหนียว: 1 ช้อนโต๊ะ
แป้งมันสำปะหลัง: 1 1/2 ช้อนชา
แป้งท้าวยายม่อม: 1 1/2 ช้อนชา
น้ำมันพืช: 1 1/2 ช้อนชา
หางกะทิ: 1/2 ถ้วย
ตัวไส้: 
ปลาช่อนนึ่งโขลก: 200 กรัม
ข่าโขลกละเอียด: 1 ช้อนโต๊ะ
น้ำมันพืช.: 1 ช้อนโต๊ะ
สามเกลอ: 1 ช้อนโต๊ะ
หอมแดงซอย: 3 ช้อนโต๊ะ
น้ำปลา: 2 ช้อนโต๊ะ
เกลือป่น: 1/2 ช้อนชา
น้ำตาลทราย: 1 ช้อนโต๊ะ
น้ำมัน+กระเทียมเจียว:"
มะละกอผัดพริกแกงกุ้งฝอย,"มะละกอดิบ: 1 ลูกใหญ่
กุ้งฝอย: ตามชอบ
พริกแกง: 2 ช้อนโต๊ะ
พริกอ่อน: ตามใจชอบ
น้ำมันพืช: เล็กน้อย
น้ำปลา: ตามใจชอบ
น้ำตาลทราย: ตามใจชอบ
น้ำเปล่า: ครึ่งแก้ว"
หมูสับผัดพริกเผาไข่เค็ม,"หมูสับ: 300 กรัม
พริกเผา: 1 1/2 ช้อนโต๊ะ
ไข่เค็มต้มสุก: 2 ฟอง
น้ำมันมะกอกสเปรย์: 
ต้นหอม: ตามชอบ"
กุ้งลายเสืออบเกลือ,"กุ้งลายเสือขนาด 6-7ตัว/โล: 2กิโลกรัม
เกลือทะเล: 1/4 ชช"
สะเดาน้ำปลาหวานกับปลาดุกย่าง,"น้ำตาลปี๊บ: 2 ถ้วย
น้ำปลา: 1/2 ถ้วย
น้ำมะขามเปียกข้นๆ: 1/2 ถ้วย
หัวหอมเจียว: 1/2 ถ้วย
กระเทียมเจียว: 1/2 ถ้วย
พริกขี้หนูแห้งทอด: 1/4 ถ้วย
น้ำมันสำหรับทอด: 2 ถ้วย
ปลาดุกย่าง: ตามชอบ
สะเดา: 5 กำ"
ผัดฟักทองใส่ไข่ นิ่ม ฟิน,"ฟักทอง: 500 กรัม
ไข่ไก่: 2 ฟอง
น้ำตาล: 1 ช้อนโต๊ะ
น้ำปลา: 1/2 ช้อน
แมกกี้: เหยาะๆให้หอม
น้ำมันหอย: 2 ช้อนโต๊ะ
กระเทียม: 4 กลีบ"
น้ำพริกกะปิกุ้งแห้ง,"กะปิอย่างดี: 30 กรัม
กุ้งแห้ง: 1+1/2 ช้อนโต๊ะ
พริกขี้หนูสวน: 25 เม็ด
กระเทียมไทยกลีบเล็ก: 15 กลีบ
น้ำปลา: ตามชอบ
น้ำตาลปี๊บ: ตามชอบ
น้ำมะนาว: ตามชอบ
น้ำเปล่าต้มสุก: 1 ช้อนโต๊ะ
ใบตองหรือใบต้นกระชาย: 1 ใบ
มะเขือพวง: 10 เม็ด"
ผัดวุ้นเส้นผักกาดแก้ว,"วุ้นเส้นสด: 1/2ห่อ
ผักกาดแก้ว: 1/2หัว
หอมหัวใหญ่: 1/2หัว
มะเขือเทศสีดา: 4/5ผล
หมูบด: 1ขีด
ไข่ไก่: 2ฟอง
กระเทียมจีนสับ: 3กลีบ
น้ำมันหอย: 2ชต
ซอสปรุงรส: 2ชช
น้ำปลา: 2ชต
น้ำตาลทราย: 2-3ชช
น้ำมันพืช: 2ชต"
ปลาลิ้นหมาทอด,"ปลาลิ้นหมา: 1 กิโลกรัม
เกลือ: 2 ช้อนชา
น้ำมันพืช:"
ผัดไข่มดแดง,"ไข่มดแดง: 2 ขีด
ไข่ไก่: 3 ฟอง
ต้นหอมญี่ปุ่น(ใช้ต้นหอมบ้านเราได้ค่ะ): 2 ต้น
กระเทียม: 6 กลีบ
พริกชีฟ้า: 4 เม็ด
มะเขือเทศสีแดงลูกใหญ่: 1 ลูก
น้ำมันหอย: ตามชอบ
ซีอิ๊วขาว: ตามชอบ
ผงปรุงรส รสหมู: ตามชอบ
น้ำมันพืช: 1 -2ช้อนโต๊ะ"
ต้มกะทิปลาสลิดกับใบมะขามอ่อน,"ปลาสลิด: 3-4 ตัว
ใบมะขามอ่อน: 1/2 ถ้วย
หัวกะทิ: 1 ถ้วย
หางกะทิ: 1+1/2 ถ้วย
กะปิ: 3/4 ช้อนชา
พริกไทยเม็ด: 10 เม็ด
หอมแดง: 8 หัว
รากผักชี: 1 ราก
น้ำมะขามเปียก: ตามชอบ
น้ำตาลปี๊บ: 2 ช้อนชา
น้ำปลา: 1+1/2 ช้อนโต๊ะ"
มะม่วงน้ำปลาหวาน,"น้ำตาลมะพร้าว: 280 กรัม
น้ำตาลทรายแดง: 80 กรัม
น้ำปลาอย่างดี: 5ช้อนโต๊ะ
กะปิ ( เพิ่ม ลดได้ ): 1/2 ช้อนโต๊ะ
พริกขี้หนู: 20เม็ด
พริกแดงจินดา: 5เม็ด
หอมแดงซอย.: 100 กรัม
กุ้งแห้ง: 55 กรัม
กุ้งแห้งป่น(กุ้งแห้งโขลกละเอียด): 65กรัม
น้ำเปล่า: 7ช้อนโต๊ะ
เกลือป่น: 1/2ช้อนชา"
ลาบหมูทอด,"หมูสับ: 300 กรัม
น้ำตาล: 1 ½ ช้อนโต๊ะ
น้ำปลา: 3 ช้อนโต๊ะ
น้ำมะนาว: 3 ช้อนโต๊ะ
ผงปาปริก้า หรือ พริกป่น: 1 ช้อนโต๊ะ
ข้าวคั่ว: 1 ช้อนโต๊ะ
ต้นหอม ผักชี และผักชีฝรั่ง: 1 ถ้วยเล็ก
แป้งทอดกรอบ: 3 ช้อนโต๊ะ
แป้งทอดกรอบ และน้ำมัน สำหรับทอด:"
ต้มข่าไก่,"สะโพกไก่: 2 ชิ้น
กะทิ: 500 กรัม
เห็ดฟาง: 100 กรัม
ข่าหั่น: 7 แว่น
พริกขี้หนูตำ: 1 ช้อนโต๊ะ
มะนาว: 2 ช้อนโต๊ะ
น้ำปลา: 4 ช้อนโต๊ะ
น้ำตาลทราย: 1 ช้อนโต๊ะ
ใบมะกรูดฉีก: 10 ใบ
เลือดไก่: 1 ก้อน
ผักชีซอย: 2 ชอ้นโต๊ะ"
แหนมเอ็นข้อไก่ 🐔,"เอ็นข้อไก่: 1 กก
ข้าวเหนียว: 1 ห่อ
เกลือ: 2 ช้อนโต๊ะ
กระเทียม: 1/2 ถ้วย
น้ำมัน: 1/2 ถ้วย"
ยำทูน่า แบบคลีน🌱,"ทูน่ากระป๋องในน้ำแร่: 1 กระป๋อง
ข้าวโพดต้ม: ตามชอบ
มะเขือเทศ: ตามชอบ
หอมแดงซอย: 4 หัวเล็ก
ต้นหอมผักชีซอย: ตามชอบ
แตงกวาซอย: ตามชอบ
มะเขือเทศลูกเล็ก: ตามชอบ
มะนาว: 1 ลูก
น้ำตาลจากหญ้าหวาน: 1 ช้อน
เกลือลดโซเดียม: 1 ช้อน
ซีอิ๊วขาว: นิดหน่อย"
แกงเผ็ดมะเขือยาวหมูสับ,"เนื้อหมูสับ: 75 กรัม
มะเขือยาวขั้วเล็ก: 1 ลูก
พริกแกงเผ็ด: 1 ช้อนโต๊ะ
หัวกะทิ: 150 กรัม
ซีอิ๊วขาว: 1 ช้อนชา
เกลือ: 1/8 ช้อนชา
น้ำตาลปี๊ป: 1 ก้อนปลายนิ้ว
พริกชี้ฟ้า: 2 ฝัก
ใบมะกรูด: 4 ใบ
ใบโหระพา: 1 กิ่ง"
น้ำพริกกะปิปลาทู,"กะปิ 5 ช้อนโต๊ะ: 
น้ำตาลปี๊บ 1 ช้อนโต๊ะ: 
มะนาว 7 ช้อนโต๊ะ: 
กระเทียม 6 ช้อนโต๊ะ: 
พริกขี้หนู 20 เม็ด: 
ปลาทู 2 ตัว: 
น้ำต้มสุก 6 ช้อนโต๊ะ:"
กะเพราหมูหมัก เด้งนุ่ม,"เนื้อหมู: 120 g
กะเพราแดง(ไม่เเดงก็ได้): 3 ต้น
กระเทียม: 15 กลีบ
พริกขี้หนู: 10 เม็ด
ซีอิ๊วขาว: 3 เหยาะ
น้ำปลา: 2 เหยาะ
น้ำตาล: 2 ช้อนชา
พริกไทย: 2 เหยาะ
ผงฟู: ครึ่งช้อนชา
น้ำเปล่า: 5 ช้อนโต๊ะ"
สาคูไส้หมู,"สาคูเม็ดเล็ก: 210 กรัม
น้ำเปล่า: 1 ลิตร
สีผสมอาหาร: เล็กน้อย
✅ ไส้สาคูไส้หมู: หัวข้อสูตร
หมูบด: 200 กรัม
ถั่วลิสงบด: 100 กรัม
น้ำตาลมะพร้าว: 120 กรัม
ไชโป๊วหวาน: 100 กรัม
ซีอิ๊วขาว: 1 ช้อนโต๊ะ
✅ ส่วนผสม 3 เกลอ: หัวข้อสูตร
รากผักชี: 15 กรัม
กระเทียมแกะเปลือก (จีน): 6 กลีบ
พริกไทยเม็ด: 1 ชช
✅ กระเทียมไทย: 25 กรัม
น้ำมันพืช: 1/4 ถ้วยตวง"
ข้าวปลาแกะ🐱,"ข้าวสวย: 1 ทัพพี
ปลานิลทอด: 1 ตัว
น้ำปลา: ตามชอบ
มะนาว: 1 ลูก
ซีอิ๊วดำ: 1 ช้อนชา
หัวหอมแดง: 2 หัว
พริกขี้หนู: 6 เม็ด
ผักชี: 1 ต้น"
ต้มยำปลาหมึกน้ำใส,"ปลาหมึก(หั่นเป็นชิ้นพอคำ): 1 ตัว
ข่า. (หั่นเป็นชิ้น): 2 ชิ้น
ตะไคร้(ทุบพอแตก): 1 ต้น
พริกขี้หนูบุบ: 5 เม็ด
ใบมะกรูด (ฉีก): 1 ใบ
หอมแดง: 1/2 ลูก
ผักชีฝรั่ง(หั่นหยาบๆ): 1 ใบ
เห็ดนางรมหลวง(หั่นเป็นชิ้นเล็ก): 1 ดอก
น้ำมะนาว: 1 ช้อนโต๊ะ
น้ำตาล: 1 ช้อนชา"
ผัดขนมจีน,"ขนมจีน: 200 กรัม
ซีอิ้วดำ: 2 ช้อนโต๊ะ
เต้าเจี้ยว: 2 ช้อนโต๊ะ
กระเทียม: 3 กลีบ
ต้นหอม: 2 ต้น
ผักชี: 2 ต้น
กระเทียมเจียว: 2 ช้อนโต๊ะ
ผักกาดดอง: 2 ช้อนโต๊ะ
แคบหมู: ยิ่งเยอะยิ่งดี"
น้ำพริกไข่เค็มสูตรคุณยาย,"ไข่แดงเค็ม: 
พริกขี้หนู: 
กระเทียม: 
หัวหอมแดง: 
น้ำปลา: 
น้ำตาลปี๊บ: 
มะนาว: "
แกงจืดไชเท้าหมูสับ,"ไชเท้า: 1 กิโลกรัม
หมูสับ: 1/2 กิโลกรัม
ต้นหอม/ผักชี: 
3 เกลอ: 
ซีอิ้วขาว: 4 ช้อนโต๊ะ
พริกไทยป่น: 1 ช้อนโต๊ะ"
สะโพกไก่ทอด,"สะโพกไก่: 
รากผักชี: 
กระเทียม: 
พริกไทยขาว: 
น้ำตาลทราย: 
ผงปรุงรส: 
ซอสปรุงรสฝาเขียว: 
พริกเผา: "
คอหมูย่างน้ำผึ้ง,"คอหมู: 2 ชิ้น
ปรุงปรุงรสคนอร์: 1 ช้อนโต๊ะ
น้ำผึ้ง: 1 ช้อนโต๊ะ
ซอสหอยนางรม: 1/2 ช้อนโต๊ะ
พริกไทยขาว: 1/2 ช้อนโต๊ะ
น้ำตาลปี๊ป: 1/2 ช้อนโต๊ะ
ซีอิ้วดำ: 1/2 ช้อนโต๊ะ
กระเทียม: ตามชอบ"
ต้มยำหัวปลีซี่โครงหมู,"ซี่โครงหมู: 200 กรัม
หัวปลีเผา: 2 หัวใหญ่
ข่า: 6 แว่น
ตะไคร้: 2 ต้น
ใบมะกรูด: 5 ใบ
น้ำปลา: 2 ช้อนโต๊ะ
น้ำมะนาว: 3-4 ลูก
พริกขี้หนูบุบ: 5 เม็ด
พริกขี้หนูแห้งทอด: 4 เม็ด
น้ำเปล่า: 2 ถ้วย
คนอร์ซุปก้อนหมู: 1 ก้อน"
พริกหยวกผัดไข่,"พริกหยวก: 
ไข่ไก่: 
น้ำตาลปี๊บ: 
น้ำปลา: 
น้ำมันถั่วเหลือง: 
น้ำเปล่า: 
กระเทียม: "
มาม่าผัดมันกุ้งแม่น้ำ!,"มันกุ้งแม่น้ำแช่แข็ง: 2ช้อนโต๊ะ
เส้นไวไว: 1ห่อ
น้ำตาล: 2ช้อนชา
ซอยหอยนางรม: 2ช้อนโต๊ะ
ไข่ไก่: 1 ฟอง
น้ำมัน: 1 ช้อนโต๊ะ"
สปาเกตตี้ผัดหอยลาย,"เส้นสปาเกตตี้ลวก: 250 กรัม
เกลือป่น: 1 ช้อนชา
น้ำมัน: 3 ช้อนโต๊ะ
กระเทียมสับ: 2 ช้อนโต๊ะ
หอยลายกระป๋อง: 70 กรัม
พริกสด: 3 เม็ด
พริกไทยอ่อน: 2 พวงเล็ก
พริกชี้ฟ้าแดงใหญ่หั่นแฉลบ: 1 เม็ด
กระชายซอย: 1 หยิบมือ
ซอสหอยนางรม: 2 ช้อนโต๊ะ
น้ำปลา: 1 ช้อนโต๊ะ
น้ำตาลทราย: 1/2 ช้อนโต๊ะ
ใบโหระพา: 1 กำมือ"
มะม่วงน้ำปลาหวาน,"น้ำตาลปี๊ป: 3/4 ถ้วย
น้ำปลา: 2 1/2 ช้อนโต๊ะ
กะปิ: 1 ช้อนโต๊ะ
น้ำเปล่า: 3/4 ถ้วย
กุ้งแห้ง: 1/2 ถ้วย
หอมแดงซอย: 4-5 ลูก
พริกขี้หนูซอย: ตามชอบ
มะนาว: 1/2 ซีก"
ยำถั่วพลูกุ้งสด,"ถั่วพลู: 
กุ้งสดผ่าหลัง: 
หอมแดงซอย: 
น้ำพริกเผา: 
หอมเจียว: 
พริกทอด: 
หัวกะทิ: 
น้ำปลา: 
น้ำมะนาว: 
แป้งข้าวโพด: 
ถั่วลิสงคั่ว ตำหยาบ: "
ต้มมะระหมูสับวุ้นเส้น,"มะระจีน: 1 ลูก
หมูสับ: 300 กรัม
รากผักชี: 1 ช้อนชา
กระเทียม: 5 กลีบ
พริกไทย: 10 เม็ด
เกลือป่น: ตามชอบ
ซีอิ้วขาว: ตามชอบ
คนอร์ซุปก้อน: 1 ก้อน
วุ้นเส้นแช่น้ำ: 100 กรัม
น้ำตาลกรวด: 1 ก้อนเล็ก"
ไก่ทอด ฮอต แอนด์ สไปซี่,"ปีกบนไก่: 10 ปีก
ผงปรุงรสคนอร์(รสไก่): 1 ช้อนโต๊ะ
น้ำปลา: 1 ช้อนโต๊ะ
แป้งทอดกรอบคนอร์: 1 ช้อนโต๊ะ
น้ำมัน: สำหรับทอด
ผงปรุงรส ฮอต แอนด์ สไปซี่: 1 1/2 ช้อนโต๊ะ"
ยำไข่ดาว,"ไข่ไก่: จำนวนตามด้องการ
พริกขี้หนูซอย: 1 ช้อนโต๊ะ
มะเขือเทศหั่นเสี้ยว: 1-2 ลูก
หอมใหญ่สไลด์: 1-2 ลูก
ต้นหอมกับขึ้นฉ่ายหั่นท่อน: 3-4 ต้น
น้ำมะนาว: 2 ช้อนโต๊ะ
น้ำกระเทียมดอง: 2 ช้อนโต๊ะ
น้ำปลา: 2 ช้อนโต๊ะ
น้ำตาลทราย: เล็กน้อย"
คั่วกลิ้งสะตอ,"หมูสับ: 250 กรัม
พริกแกงคั่วกลิ้ง: 2 ช้อนโต๊ะ
กะปิ: 1 ช้อนชา
ใบมะกรูดหั่นฝอย: 5 ใบ
สะตอ: 10 เม็ด
น้ำปลา: 1/2 ช้อนชา
น้ำตาลทราย: 1/4 ช้อนชา
น้ำมันพืช: 1 ช้อนโต๊ะ
น้ำเปล่า: 2 ช้อนโต๊ะ"
ยำมะเขือยาวหมูสับไข่ต้มยางมะตูม,"มะเขือยาว: 2 ผล
หมูสับ: 100 กรัม
ไข่เป็ด: 2 ฟอง
น้ำปลา: 1 ช้อนโต๊ะ
น้ำตาลมะพร้าว: 1 ช้อนชา
มะนาว: 2-3 ซีก
น้ำพริกเผาแบบคลีน: 1 ช้อนชา
หอมแดง: 2 หัวเล็ก
ใบสะระแหน่: เล็กน้อย
ผักชี: เล็กน้อย
พริกขี้หนูแดง: 3-4 เม็ด"
ลอดช่องน้ำตาลข้น,"แป้งมัน: 500 กรัม
ผักเคลผง: ตามชอบ
น้ำร้อนจัด: กะเอา
น้ำกะทิสด: ตามชอบ
เกลือป่น: ตามชอบ
สูตรน้ำเชื่อมน้ำนาลข้น: 
น้ำตาลโตนด: 500 กรัม
น้ำร้อน: 1/2 ถ้วย
ผงกาแฟโบราณ: 1 ชต
กลิ่นวนิลา: 2 ชต
น้ำแข็งบดละเอียด: 
ใบเตย:"
ลูกชิ้นปลาผัดฉ่า,"ลูกชิ้นปลา: 300g
โหระพา: 
พริกชี้ฟ้า: 
ถั่วฝักยาว: 
พริกไทยเม็ด: 
กระชายซอย: 
น้ำปลา: 
กะทิ: 
น้ำตาลปี้บ:"
เต้าหู้ผัดขึ้นฉ่ายไก่สับ,"เต้าหู้หลอด: 3 หลอด
ไก่สับ: 2 ช้อนโต๊ะ
ขึ้นฉ่าย: 10 ต้น
กระเทียม: 5 กลีบ
เต้าเจี้ยว: 2 ช้อนโต๊ะ
ซอสหอยนางรม: 1 ช้อนโต๊ะ
ซีอิ้วขาว: 1 ช้อนโต๊ะ
น้ำตาล: 1/2 ช้อนชา
พริกจินดา: 5 เม็ด"
ต้มจืดเต้าหู้อ่อน,"เต้าหู้ไข่: 2 หลอด
หมูสับ: 200 กรัม
คนอร์ก้อนต้มจืด รสหมู: 2 ก้อน
ผักกาดขาว: 1 หัวกลาง
ต้นหอม ขึ้นฉ่าย: อย่างละ 1 ต้น
น้ำเปล่า: 3 ถ้วยตวง
ซีอิ๊วขาว: 3 ช้อนโต๊ะ
พริกไทยเม็ด: 20 เม็ด"
แกงจืดผักกาดขาวเต้าหู้หมูสับ,"หมูสับปรุงรสสำเร็จ เป็นแพคจาก ซุปเปอร์มาร์เก็ต: 4 ขีด
เต้าหู้ไข่ : 2 หลอด
ผักกาดขาว: 2 หัว ครึ่งกิโล
คนอร์ซุปรสหมูก้อน: 2 ก้อน"
ไข่ตุ๋นหม้อไฟ,"ไข่ไก่: 5 ฟอง
หมูสับ: ตามชอบ
กุ้ง: ตามชอบ
น้ำเปล่า: 
น้ำปลา: 
เนย: 2ก้อน
ต้นหอม: 
ผักชี:"
หมี่ไก่ตุ๋น,"สะโพกไก่: 2 ชิ้น
เครื่องเทศทำก๋วยเตี๋ยว: 1 ห่อ
ผักชี: 1 ต้น
ไชเท้า: 2 หัว
กะหล่ำปลี: 3-4 ซีก
ซีอิ๊วดำ: 1/2 ทัพพี
น้ำตาลปึก: 1 ช้อนโต๊ะ
น้ำตาลทราย: 
เกลือ: 
น้ำปลา:"
ปลาหมอแดดเดียวทอดน้ำปลา,"ปลาหมอ 1-2 ตัว: 1 kg
เกลือ: 1 ช้อนชา
น้ำปลา: 3 ช้อนโต๊ะ
น้ำมันพืช:"
ต้มยำไข่เจียวน้ำข้น,"ไข่ไก่: 3 ฟอง
เนื้อไก่: 50 กรีม
เห็ดตามชอบ: 
เครื่องต้มยำ(ใบมะกรูด,ข่า,ตะไคร้): 
หอมแดง: 
มะเขือเทศ: 
ผักชีใบเรื่อย: 
มะนาว: 
น้ำปลา: 
คนอร์รสต้มยำ: 
น้ำพริกเผา: 
น้ำข้นจืด: 
พริกขี้หนูทุบ:"
แกงส้มไหลบัวปลากระพงปักษ์ใต้,"ไหลบัว: 8 เส้น
พริกป่นแบบใต้ที่ละเอียด: 2 ช้อนโต๊ะ
กะปิ: 1 ช้อนโต๊ะ
เกลือ: 1/2 ช้อนชา
ปลากระพงหั่นชิ้นขนาดพอคำ: 1 ตัว
มะนาว: 7 ช้อนโต๊ะ
พริกไทยเม็ดดำ: 10 เม็ด"
ข้าวต้มหมูทรงเครื่อง,"ข้าวสวย: 2 ถ้วย
หมูสับปั้นเป็นก้อนกลม: 150 กรัม
คนอร์ซุปก้อน: 1 ก้อน
น้ำเปล่า: 3-4 ถ้วย
ขิงแก่ซอย: 2 ช้อนโต๊ะ
กระเทียมสดแกะเปลือก: 1 ช้อนโต๊ะ
กุ้งแห้ง: 1 ช้อนโต๊ะ
ปลาหมึกแห้ง: 1 ช้อนโต๊ะ
คื่นช่ายหั่นซอย: 1 ช้อนโต๊ะ
พริกไทยป่น: 
เกลือ: 1/3 ช้อนชา
ซอลแม็กกี้: 1 1/2 ช้อนชา"
ก๋วยเตี๋ยวบก สูตรหมูสับเห็ดหอม,"หมูสับ: 100-200 กรัม
เส้นใหญ่: 1/2 กก
แครอทหั่นเตา: 1 หัว
เห็ดหอมสดหั่นเต๋า: 4-5 ดอกใหญ่
ใบโหระพา: 1 กำ
ในสะระแหน่: 1 กำ
ผักกาดหอม: 1 กำ
น้ำจิ้มซีฟู๊ต สำเร็จรูป: 
พริกไทยดำ ป่นหยาบ: 
ผงปรุงรส: 
ซีอิ้วขาว: 
น้ำมันหอย: 
น้ำตาลทราย: 
กระเทียมกลีบเล็กสับหยาบ: 
น้ำมันพืชสำหรับผัด: 
น้ำเปล่าหรือน้ำสต๊อก:"
ต้มยำกุ้งแม่น้ำ (น้ำข้น),"กุ้งแม่น้ำ: 5ขีด
เม็ดฟาง: 
ข่า: 
ตะไคร้: 
ใบมะกรูด: 
มะนาว: 
พริก: 
น้ำปลา: 
น้ำตาล: 
นมสดจืด:"
ผัดหมี่เบตง,"หมี่เบตง: 1 ห่อ
หมูบดปรุงรส: ตามชอบ
หมูแดงหั่นชิ้น: ตามชอบ
กุนเชียงหั่นชิ้น: ตามชอบ
ฮือก๊วยหั่นชิ้น: 1 เส้น
ผักคะน้า: ตามชอบ
ต้นหอมและผักชีซอย: ตามชอบ
ผงปรุงรสหมู: 2 ชต
น้ำมันหอย: 2 ชต
น้ำตาลทราย: 3 ชต
น้ำซุปผัก(หัวไชเท้า/มะระ/กะหล่ำ): 1 ถ้วยตวง
กระเทียมสับ: 7 กลีบ
น้ำมันรำข้าว: 1 ทัพพี
น้ำสำหรับลวกเส้นหมี่เบตง: 
ซีอิ้วดำ: ตามชอบ"
ปีกไก่อบ,"ปีกไก่: 1 Kg
กระเทียม: 2 ช้อนโต๊ะ
พริกไทย: 1 ช้อนโต๊ะ
รากผักชี: 1 ช้อนโต๊ะ
น้ำตาลทราย: 1 ช้อนโต๊ะ
น้ำมันหอย: 3 ช้อนโต๊ะ
ซีอิ๊วขาว: 3 ช้อนโต๊ะ"
สุกี้รวมมิตรหม้อไฟ,"เนื้อหมู: 0.5 kg
กุ้ง: 1 kg
คนอร์ก้อน: 1 ก้อน
น้ำจิ้มสุกี้: 1 ขวด
ผักบุ้ง: 3 กำ
ผักกาดขาว: 2 หัว
แฮม: 1 ถุง
ปูอัด: 15 แท่ง
เห็ดเข็มทอง: 1 ห่อ
ไข่ไก่: 3 ฟอง
น้ำเปล่า: 3 ลิตร"
โสนผัดน้ำมัน,"ดอกโสน(เด็ดแล้ว): 1 ถ้วย
น้ำมัน: 1 ช้อนโต๊ะ
ซีอิ้วขาวหรือน้ำมันหอย: 1/2 ช้อนโต๊ะ
กระเทียมสับ: 3 กลีบ"
ผัดเผ็ดไก่มะเขือเปาะ,"อกไก่: 1อก
ตับไก่: 20บาท
มะเขือเปาะ: 6-8ลูก
โหระพา: 5บาท
ใบมะกรูดฉีก: 5-6ใบ
พริกแกงเผ็ด: 10บาท
กะทิกล่องเล็ก: 1กล่อง
น้ำตาลปึก: 2/4:ก้อน
น้ำปลา: 3-5ชต"
แกงส้มฟักแม้วกุ้งสด,"ฟักแม้ว: 2 หัว
ปลานิล: 1 ตัว
พริกแกงส้ม: 1 ขีด
น้ำมะขามเปียก: 5 ช้อน
น้ำปลา: 4 ช้อน
น้ำตาลปีบ: 1 ช้อน
กุ้ง: 6-7 ตัว
เกลือป่น: 1/2"
แกงเขียวหวานหน่อไม้ไก่,"เนื้อสะโพกไก่: 3 ชิ้น
พริกแกงเขียวหวานสำเร็จรูปตามตลาดสด: 10 บาท
กะทิ: 0.5 กิโล
ใบโหระพา: 5 บาท
หน่อไม้ดอง: 0.5 กิโล
น้ำปลา: ตามชอบ
น้ำตาล: ตามชอบ"
ไก่ผัดสะตอ,"อกไก่: 3 ขีด
สะตอ: 5 ฝัก
กระเทียม: 3 ช้อนโต๊ะ
หอมแดง: 3 ช้อนโต๊ะ
พริกขี้หนู: 30 เม็ด
กะปิ: 1 ช้อนโต๊ะ
น้ำตาลปี๊บ: ½ ช้อนโต๊ะ
น้ำปลา: 1 ช้อนโต๊ะ
น้ำมันหอย: 1 ช้อนโต๊ะ
น้ำมันพืช: เล็กน้อย"
ต้มผักกาดดองกับปลาช่อนทอด,"ปลาช่อน: 300 กรัม
ผักกาดดอง: 300 กรัม
เต้าเจี้ยวเม็ด: 2 ช้อนโต๊ะ
รากผักชี: 2 รากใหญ่
กระเทียม: 10 กลีบ
หัวหอม: 8 หัว
พริกไทยเม็ด: 10 เม็ด
น้ำตาลปี๊บ: 1/2 ช้อนโต๊ะ
ซีอิ้วดำ: 1 ช้อนโต๊ะ
น้ำเปล่า: ท่วมผักกาดดอง
เกลือป่น: ใส่สุดท้ายให้ชิมก่อน
คนอร์ซุปก้อนหมู: 2 ก้อน"
ปลาทับทิมลุยสวน,"ปลาทับทิม: 1 ตัว
น้ำมันทอด: 1 ถ้วย
เกลือ ใส่น้ำมันทอด: 1 ช้อนชา
มะม่วง: 1/2 ลูก
หอมแดง: 3 หัว
พริกขี้หนูสวน: 5 เม็ด
พริกจินดา: 5 เม็ด
พริกขี้หนูทอด: 8 เม็ด
ผักชีฝรั่ง: 1 ต้น
สะระแหน่: 5 กิ่ง
ขิงแก่: 1 ข้อ
มะนาว: 2 ลูก
น้ำพริกเผา: 2 ช้อนโต๊ะ
น้ำปลา: 2 ช้อนโต๊ะ
น้ำตาล: 1/2 ช้อนโต๊ะ
ถั่วลิสง: 2 ช้อนโต๊ะ
ตะไคร้: 3 ท่อน
ใบมะกรูด: 6 ใบ"
ขนมจีนน้ำยา สูตรเด็ด,"ปลาทับทิม: 1 โล
กะทิ: 1 โล
หางกะทิ: 1 โล
ลูกชิ้นปลา: ตามใจชอบ
กระชาย: 2 ขีด
กะปิ: 1 ช้อนโต๊ะ
น้ำปลา: 1 ช้อนโต๊ะ
พริกแกงน้ำยา: 2 ขีด
คนอร์: 2 ก้อน
น้ำตาลปี๊บ: 1 ช้อนชา"
นํ้าพริกนํ้าย้อยกากหมู,"หอมแดง: ครึ่งโล
กระเทียม: ครึ่งโล
มันหมูแข็ง 1 กิโล เจียวให้ได้กากหมู: 3-4 ขีด
เกลือ: 2 ช้อนโต๊ะ
คนอร์: 1 ช้อนโต๊ะ
พริกป่น: ครึ่งโล"
ข้าวผัดต้มยำกุ้ง,"ข้าวสวย: 1ถ้วย
กุ้งสดปอกเปลือกผ่าหลัง: 40กรัม
ข่าซอย: 1ช้อนโต๊ะ
ตะไคร้ซอย: 2ต้น
ใบมะกรูดซอย: 1ช้อนโต๊ะ
หอมแดงซอย: 2หัว
มะเขือเทศหั่นเต๋าเล็ก: 1ช้อนโต๊ะ
น้ำมะนาว: 1ช้อนโต๊ะ
พริกแดงซอย: 1ช้อนโต๊ะ
เห็ดฟาง: ตามชอบ
กระเทียมสับ: 1ช้อนโต๊ะ
น้ำพริกเผา: 1 1/2 ช้อนโต๊ะ
น้ำปลา: 1/2ชต
น้ำตาลทราย: 1/2ช้อนชา
น้ำมันพืช: 
ต้นหอมซอย:"
ไข่เจียวทูน่าพริกสับ,"ปลาทูน่า: 1 กระป๋อง
พริกขี้หนู: 6 เม็ด
ไข่ไก่: 2 ฟอง
น้ำปลา: เล็กน้อย
น้ำมันพืช: พอประมาณ"
แกงส้มชะอมไข่ใส่ปลาทู,"ชะอมเด็ดเอาแต่ใบ: 1ถ้วย
ไข่ไก่: 1ฟอง
ผักกาดขาว: 1หัว
หัวไชเท้า: 1หัว
พริกแกงส้มตามสูตรเคยที่ให้ไว้นะคะ: 3 ช้อน
น้ำมะขามเปียก: 5 ช้อน
น้ำตาลปีบ: 2ช้อน
น้ำปลา: 3ช้อน
น้ำมันพืชสำหรับทำไข่ชะอม: 1 ช้อนชา
ปลาทูย่างแกะเอาแต่เนื้อ: 2 ตัว"
วุ้นไข่,"ไข่ไก่: 1 ฟอง
ผงวุ้น: 1 ช้อนโต๊ะ
น้ำตาลทราย: 80 กรัม
น้ำ: 500 กรัม
กลิ่นวนิลลา: 1 หยด"
หมึกไข่ต้มเค็ม,"ปลาหมึกไข่: 6ตัว
รากผักชี,กระเทียม,พริกไทย: 1ช้อน
น้ำตาลปึก: 3-4ช้อน
น้ำปลา: 1-2ช้อน
น้ำเปล่า: สำหรับต้ม
ผักชี: สำหรับตกแต่ง"
ยำหูหมู กับเทคนิคการหั่นหูหมู,"หูหมู: 1 หู
หอมแดง: 2-3 หัว
พริกขี้หนู: ตามชอบ
หอมใหญ่: 1ช้อน
ต้นหอมผักชีหันฝอย: 1 ถ้วย
ขิง: 1 หยิบมือ
น้ำปลา: 2 ช้อน
น้ำตาลปี๊ป: 1 ช้อน
มะนาว: 1 ลูก"
กุ้งถังทะเลแตก (รสชาติเข้มข้นถึงใจ❤),"กุ้ง: 1 kg.
ปลาหมึก: 1 kg.
หอยแมลงภู่นิวซีแลนด์: 1/2 kg.
ข้าวโพด: 2 ฝัก
เนยสด: 3 ช้อนโต๊ะ
กระเทียมสับ: 3 ช้อนโต๊ะ
น้ำพริกเผา: 5 ช้อนโต๊ะ
มันกุ้ง: 5 ช้อนโต๊ะ
ซอสพริก: 3 ช้อนโต๊ะ
ผงปาปริก้า: 4 ช้อนโต๊ะ
พริกป่น: 2 ช้อนโต๊ะ
น้ำตาลทราย: 3 ช้อนโต๊ะ
เกลือป่น: 1/2 ช้อนชา
พริกไทยป่น: 1 ช้อนโต๊ะ
ออริกาโน่ป่น ไม่มีไม่ต้องใส่ก็ได้: 2 ช้อนโต๊ะ
น้ำเปล่า/นมสด/กระทิ: 1/2 ถ้วยตวง
ต้นหอมซอยโรยหน้า สำหรับตกแต่ง:"
ต้มยำอกไก่,"อกไก่: 50 กรัม
มะนาว: 1 1/2 ลูก
เครื่องต้มยำ: 1 กำ
น้ำ: 200 มล
เกลือ: ปลายช้อน
พริก: 6 ดอก
ผักชีฝรั่ง: 1 ต้น
มะเขือเทศ: 1 ลูก
หอมใหญ่: 1/2 ลูก
เห็ดฟาง: เยอะตามชอบ"
"“ต้มเค็มปลาตะเพียน""","น้ำตาลปี๊บ: 5 ช้อนโต๊ะ
น้ำสะอาด: 3 ถ้วย
มะขามเปียก: 2 ช้อนโต๊ะ
น้ำปลา: 1 ถ้วยเล็ก
พริกแห้ง: 15 เม็ด
ตะไคร้: 3 ต้น
ใบมะกรูด: 5 ใบ
ผงปรุงรส: 1 ช้อนชา
พริกไทยป่น: 2 ช้อนชา
ปลาตะเพียน: 5 ตัว"
ต้มยำปลากระป๋อง,"1.ปลากระป๋อง: 2 กระป๋อง
2.ข่า: 8 แว่น
3.ตะไคร้: 3 ต้น
4.ใบมะกรูด: 5-6 ใบ
5.หอมแดง: 3 หัว
6.น้ำเปล่า: 3 ถ้วย
7.มะนาว: 2 ลูก
8.น้ำปลา: 1+1/2 ช้อนโต๊ะ
9.ซุปคนอร์ก้อน: 1 ก้อน
10.พริกขี้หนูบุบ: 10 เม็ด
11.ผักชีใบเลื่อย: 3 ใบ
12.เห็ดนางฟ้า: 1 ถ้วย"
ยำมะเขือยาวกุ้งแห้ง,"มะเขือยาว: 1 ลูก
กุ้งแห้ง: ตามชอบ
พริกแดงจินดา: 6 เม็ด
หัวหอม: 2-3 หัว
ต้นหอม: 1 ต้น
กระเทียมจีน: 2 กลีบ
มะนาว: 1 ลูก
น้ำปลา: ปริมาณเท่ากับน้ำมะนาว
น้ำตาลทราย: 1 ช้อนชา
หมูบด: 100 กรัม
ผักชี: สำหรับตกแต่ง"
แกงส้มใต้มันขี้หนู,"มันขี้หนู: 300 กรัม
ปลาทูสดหรือปลาอะไรก็ได้: 4-5 ตัว
น้ำพริกแกงเหลือง: 2 ช้อนโต๊ะ
น้ำเปล่า: 4 ถ้วย
น้ำปลา: 3 ช้อนโต๊ะ
น้ำตาลปี๊บ: 1 ช้อนโต๊ะ
น้ำมะขามเปียก: 3 ช้อนโต๊ะ
ส้มแขก: 3 ชิ้น
น้ำมะนาว: ตามชอบ
กะปิ: 2 ช้อนชา"
แกงจืดหน่อไม้สดหมูสับ,"หน้อไม้สด: 280 กรัม
น้ำตาลมะพร้าว: 1 ช้อนโต๊ะ
เกลือ: 1 ช้อนชา
หมูสับ: 150 กรัม
ซอสปรุงรส: 1 ช้อนโต๊ะ
สามเกลอโขลกละเอียด(กระเทียม. พริกไทย รากผักชี): 1 ช้อนโต๊ะ
เห็ดหอมแห้งแช่น้ำ: 5 ดอก
ซีอิ๊วขาว: 2 ช้อนโต๊ะ
น้ำตาลทราย: 1 ช้อนชา
แครอทหั่น: 100 กรัม
รากผักชีทุบ: 1ราก
ผักชี: ตามชอบ
น้ำเปล่า:"
ข้าวต้มไก่ by คุณยาย,"ซี่โครงไก่: 
ขิง: 
ข้าวสวย: 
ต้นหอม: 
ผักชี: 
กระเทียม: 
พริกไทย: 
น้ำเปล่า: 
เกลือ: 
ซุปก้อน: 
ซีอิ๊วขาว: 
รากผักชี: "
แจ่วมะเขือเทศ,"มะเขือเทศ: 2 ลูก
หอมแดง: 3 ลูก
กระเทียม: 2 กลีบ
พริก (ขึ้นอยู่กับความชอบ): 5 เม็ด
น้ำปลาร้า หรือน้ำบูดูต้มสุก: 2 ช้อนโต๊ะ
น้ำมะนาว: 2 ช้อนโต๊ะ
น้ำตาลปี๊บละลาย: 1 ช้อนโต๊ะ"
ข้าวต้มเต้าหู้หมูสับทรงเครื่อง,"หมูสับ: 200 กรัม
เต้าหู้ไข่ไก่: 1 หลอด
ข้าวสวย หรือข้าวที่หุงแฉะ: 1 ถ้วย
ต้นหอมซอย: 1 ต้น
ต้นขึ้นฉ่าย: 1 ต้น
กระเทียมสับสำหรับเจียว: 1 หัว
พริกไทย: 
ซีอิ๊วขาว: ครึ่งช้อนโต๊ะ
น้ำมันหอย: ครึ่งช้อนโต๊ะ
ผงปรุงรสคนอร์รสหมู: 1 ช้อนโต๊ะ
น้ำสะอาด: 2 ถ้วยหรือครึ่งหม้อน้ำย่อม
น้ำมันพืช: 2 ช้อนโต๊ะ"
หลนปลาร้าทรงเครื่อง,"น้ำปลาร้า: 4 ขีด
หัวกะทิ: 1/2 Kg
ปลานิล: 1 Kg
ตะไคร้: 4 ก้าน
กระชาย: 2 ขีด
หอมแดง: 3 ลูก
ใบมะกรูด: 10 ใบ
พริกชี้ฟ้า/พริกขี้หนู: ตามความชอบ"
ต้มกะทิเนื้อเค็มหน่อไม้ดอง,"เนื้อเค็มหรือหมูเค็ม: 1 ถ้วย
หน่อไม้ดอง(ไม่เอาน้ำ): 1 ถ้วยพูนๆ
กะทิ: 2 ถ้วย
พริกขี้หนูสวน(ลูกโดด): ตามชอบ
ใบมะกรูด: 8 ใบ
น้ำตาลปี๊บ: ตามขอบ
น้ำมะขามเปียก: ตามชอบ
ซีอิ้วขาว: ตามชอบ
กระเทียมไทย: 8 กลีบ
พริกไทย: 10 เม็ด
หอมแดงซอย: 10 หัว"
คะน้าหมูกรอบ,"คะน้า: 1.5 กก
หมูกรอบ ตัดชิ้น: 8 ชิ้น
คนอร์: 1/2 ชช
น้ำมันพืช: 1/2 ชต
น้ำตาล: 1/2 ชต
น้ำมันหอย: 1/2 ชต"
ยำปลาสลิด,"ปลาสลิดแดดเดียว: 3 ตัว
น้ำมันทอด: 1 ถ้วย
น้ำปลา: 1 ช้อนโต๊ะ
น้ำตาล: 1 ช้อนชา
มะนาว: 1 ลูก
ขิงอ่อน: 2 ช้อนโต๊ะ
ต้นหอม: 2 ต้น
ผักชี: 1 ต้น
หอมแดง: 2 หัว"
สูตร แกงเลียง ระดับเทพ อร่อยกว่าร้านดังแน่นอน,"ผักหวาน: 1 กำ
กวางตุ้งแบบมีดอก: 1 กำ
ชะอม: 1 กำ
ใบแมงลัก: 1 กำ
บวบ: 5-6 อัน
ฟักทอง: ซีกนึง
เห็ดนางฟ้า: 1 กำ
เห็ดหูหนู: 1 กำ
เห็ดเข็มทอง: 1 กำ
เห็ดฟาง: 1 กำ
กุ้ง: ครึ่ง กก
กระดูกหมู: 1 กิโลกรัม
พริกกระเหรี่ยง: 1 กำ
กระชาย: 1 กำ
หอมแดง: 1 กำ
กระปิอย่างดี: 2 ช้อนโต๊ะ
พริกไทยขาว: 2 ช้อนโต๊ะ
ปลาทูนึ่ง: 12 ตัว
น้ำปลาตราปลาหมึก: ตามความชอบ"
ผัดดอกหอมกุ้งสด,"ดอกหอม: 2 ขีด
กุ้ง: 10 ตัว
น้ำมันหอย: 1 ช้อนโต๊ะ
คนอร์: 1 ช้อนชา
ซีอิ๋วขาว: 1 ช้อนชา"
ยำคะน้ากุ้งสด,"กุ้งสด: 6-8 ตัว
ก้านคะน้า: 100 กรัม
พริกขี้หนูแดงสับละเอียด: 6-8 เม็ด
หอมใหญ่ซอย: 1/2 หัว
หอมแดงซอย (หอมแขก): 1 หัว
ขึ้นฉ่ายซอย: 1 ต้น
มะเขือเทศหั่นซีก: 1 ลูก
น้ำมะนาว: 2-3 ช้อนโต๊ะ
น้ำปลา: 1 ช้อนโต๊ะ
น้ำตาล: 1 ช้อนชา"
ยำก้านคะน้าฮ่องกง,"คะน้าฮ่องกง(เอาแต่ก้าน): 200 กรัม
หมูบด: 50 กรัม
กุ้งสด: 5 ตัว
รากผักชี: 1 ราก
ซีอิ๊วขาว: 1/2 ช้อนโต๊ะ
กุ้งแห้ง: 1 ช้อนโต๊ะ
หอมแขกซอย: 1 หัว
พริกขี้หนูซอย: 1 ช้อนโต๊ะ
น้ำปลา: 2 ช้อนโต๊ะ
น้ำตาลมะพร้าว: 1 ช้อนโต๊ะ
น้ำกระเทียมดอง: 2 ช้อนโต๊ะ
น้ำมะนาว: 3 ช้อนโต๊ะ
มะเขือเทศหั่น: 1 ลูก
แครอทซอย: ตามชอบ
ขึ้นฉ่ายหั่น: 1ต้น
น้ำเปล่า: 
เกลือ:"
ปลากระพงย่างเกลือ,"ปลากระพง: 1 ต้ว
เกลือ: 
ตะใคร้: 
ใบมะกูด:"
ข้าวขาหมู,"เนื้อขาหมูที่เลาะกระดูกแล้ว ล้างน้ำให้สะอาด ผึ่งให้หมาด: 1.5 กิโลกรัม
ไข่ต้มแข็ง: 4 ฟอง
เห็ดหอมแห้งแช่น้ำจนนิ่ม: 8-9 ดอก
ยอดคะน้า: 10-12 ยอด
โป๊ยกั๊ก: 5 ดอก
อบเชย: 2 แท่ง
พริกไทย กระเทียม รากผักชี ตำรวมกัน: 3 ช้อนโต๊ะ
น้ำเปล่า: 3-4 ลิตร
น้ำตาลมะพร้าว: 3-4 ช้อนโต๊ะ
น้ำปลา: 3-4 ช้อนโต๊ะ
ซอสปรุงรส: 3-4 ช้อนโต๊ะ
ซีอิ๊วดำหวาน: 2 ช้อนโต๊ะ"
แกงเขียวหวานไก่,"เนื้ออกไก่: 2 กิโลกรัม
เลือดไก่: 2 ก้อน
เครื่องในไก่: 5-6 พวง
น้ำพริกแกงเขียวหวาน: 6-8 ขีด แล้วแต่ความเผ็ด
มะเขือเปราะ: 1/2 กิโลกรัม
หัวกะทิ: 1 กิโลกรัม
หางกะทิ: 2 กิโลกรัม
น้ำปลา: 6 ช้อนโต๊ะ
เกลือ: 1-2 ช้อนโต๊ะ
ใบโหระพาเด็ด: ปริมาณตามชอบ
พริกชี้ฟ้าหั่นแฉลบ: ปริมาณตามชอบ
น้ำตาลปี๊บ: เล็กน้อย"
น่องไก่ต้มน้ำปลาสูตรคลีน,"น่องไก่ลอกหนัง: 4น่อง
น้ำเปล่า: 1ลิตร
คนอร์ซุปก้อนรสไก่สูตรไม่ใส่ผงชูรส: 1ก้อน
น้ำปลา: 7-10ช้อนโต๊ะ(สามารถปรับรสได้ตามความชอบ)
ซีอิ้วขาว: 1-2ช้อนโต๊ะ(เพิ่มสีและกลิ่น)"
""" กุ้งผัดพริกขี้หนูใบโหระพา ""","กุ้งขาวไซส์ใหญ่: 15 ตัว
พริกขี้หนู(เหลือง+แดง): 10 เม็ด
กระเทียมจีน: 5 กลีบ
ใบโหระพา: 1กำมือ
ซอสหอยนางรม: 1 ช้อนโต๊ะ
ซอสฝาเขียว: 1 ช้อนชา
ผงปรุงรส: 1 ช้อนชา
น้ำตาลทราย: 1 ช้อนชา
มันกุ้ง: 1 ช้อนชา"
ทอดมันหัวปลี,"หัวปลี: 1 หัว
ไข่ไก่: 1 ฟอง
พริกแกงเผ็ด: 1 ช้อนโต๊ะ
น้ำตาลปี๊บ: 1 ช้อนโต๊ะ
น้ำปลา: 1 ช้อนโต๊ะ
ใบมะกรูด: 10 ใบ
แป้งทอดกรอบ: 4 ช้อนโต๊ะ
น้ำมัน: 1 ถ้วย"
ปลาทูทอดหนังกรอบ / ทอดปลาทู,"ปลาทู: 2 ตัว
น้ำมันพืช: 1/2 กระทะ"
ห่อหมกปลาทับทิม(อาหารเด็ก),"เนื้อปลาทับทิม: 180กรัม
ไข่ไก่: 2 ฟอง
พริกแกงเด็ก(ตามสูตรที่เคยเขียนไว้): 2 ช้อนโต๊ะ
น้ำปลา: 1 ช้อนโต๊ะ
เกลือ: 1/2ช้อนชา
กะทิ: 2 ถ้วย
น้ำตาลมะพร้าว: 1/2ช้อนโต๊ะ
ผักกาดขาว: ตามชอบ
ใบโหระพา: ตามชอบ
กะทิสำหรับหยอดหน้า: 1/3ถ้วย
แป้งข้าวเจ้า: 1/2ช้อนโต๊ะ
กระทงใบตอง,ถ้วยใบเล็ก: 
พริกหวานแดงซอยไว้โรยหน้า: ตามชอบ"
ไก่ย่างหนังกรอบ,"ปีกไก่: 18 ชิ้น
ผงปรุงรสคนอร์ไก่: 2 ช้อนโต๊ะ
ซอสหอยนางรม: 3 ช้อนโต๊ะ
น้ำตาลทราย: 3 ช้อนชา
น้ำตาลปี๊บ: 1.5 ช้อนโต๊ะ
เกลือแกง: 1.5 ช้อนชา
พริกไทยดำ: 1 ช้อนโต๊ะ
ซีอิ้วขาว: 2 ช้อนโต๊ะ"
แกงคั่วสับปะรดกับหอยแมลงภู่,"สับปะรดลูกใหญ่: 1/2 หัว
หอยแมลงภู่แกะเอาแต่เนื้อ: 1 ถ้วย
พริกแกงคั่ว: 3 ช้อนโต๊ะ
หัวกะทิ: 1 ถ้วย
หางกะทิ: 2 ถ้วย
น้ำตาลปี๊บ: 1-2 ช้อนโต๊ะ
เกลือป่น: 1 ช้อนชา
น้ำมะขามเปียก: 2-3 ช้อนโต๊ะ
น้ำปลา: 2 ช้อนโต๊ะ
พริกชี้ฟ้าหั่นเฉียง: 1 เม็ด
ใบโหระพา: ตามชอบ"
🐷 ผัดขึ้นฉ่ายหมูสับ 🌿,"ขึ้นฉ่าย: 
หมูสับ: 
กระเทียม: 
น้ำเปล่า: 
คนอร์ขวดซอสข้นปรุงรส: 
น้ำตาลทราย: 
น้ำมันถั่วเหลือง: "
แกงองุ่นเป็ดย่างโหรภา,"เป็ดย่างเลาะกระดูก: 300กรัม
องุ่นไร้เม็ด: 1ขีด
มะเขือเทศสีดาผ่า4: 6ผล
ใบมะกรูด: 6ใบ
โหระพา: 1กำ
มะเขือพวง: 1/2ขีด
พริกหนุ่มซอยไม่เอาเมล็ด: 1เม็ด
พริกแกงเผ็ดแบบหยาบ: 10บาท
กะทิ: 1ขวด
น้ำตาลทราย: 2-3ชช
น้ำปลาอย่างดี: 2-3ชต"
ทอดมันหมูเด้ง,"หมูเด้ง: 1กก
หมูปรุงรส: 1/2กก
พริกแกงเผ็ด: 20บาท
ถั่วฝักยาวซอย: 12-15เส้น
ใบมะกรูดซอยฝอย: 5-10ใบ
ไข่ไก่: 2ฟอง
น้ำมันสำหรับทอด: 
น้ำจิ้มไก่: 
แตงกวา:"
แกงคั่วหมูสามชั้นใบยี่หร่า,"หมูสามชั้น: 
พริกแกง สูตรภาคใต้ แบบสำเร็จ: 
กะทิกล่องเล็ก: 
ใบยี่หร่า: 
ใบมะกรูด: "
ไข่เจียวห่อหมก 🍳,"ไข่ไก่: 2 ฟอง
ใบมะกรูด: 3 ใบ
พริกแกง: ตามชอบ
น้ำปลา: ตามชอบ
น้ำตาลทราย: ตามชอบ
กะทิ: เล็กน้อย"
ผัดลูกชิ้นถั่วฝักยาว,"ถั่วฝักยาว: 500 กรัม
ลูกชิ้น: 250 กรัม
กระเทียม: 7 กลีบ
พริกจินดา: 10 เม็ด
ซอสหอยนางรม: 2 ช้อนโต๊ะ
น้ำปลา: 1/2 ช้อนโต๊ะ
ซีอิ้วขาว: 1/2 ช้อนโต๊ะ
น้ำตาล: 1/2 ช้อนชา"
หมูมะนาว,"สะโพกหมู: 100 กรัม
กระเทียมไทย: 20 กลีบ
กระเทียมจีน: 5-6 กลีบ
พริกขี้หนู: 20 เม็ด
มะนาว: 2 ลูก
น้ำปลา: 1 ช้อนโต๊ะ
น้ำตาลปิ้บ: 1/2 ช้อนโต๊ะ"
แกงเขียวหวานลูกชิ้นปลากราย,"ลูกชิ้นปลากรายเม็ดจิ๋ว: 1/2กก
พริกแกงเขียวหวาน: 1ขีด
กะทิ: 2กล่อง
มะเขือเปาะ: 10-15ลูก
กระชายฝอย: 1/2ขีด
โหรภา: 1กำ
พริกชี้ฟ้าแดง: 3เม็ด
ใบมะกรูดฉีก: 5-6ใบ
น้ำตาลปึก: 3 ก้อน
น้ำปลา: 1ถ้วย
น้ำตาลทราย: 3-5ชช"
ไก่ผัดพริกขิงถั่วฝักยาว,"ไก่: 500 กรัม
ถั่วฝักยาว: 500 กรัม
พริกแกงผัดพริก: 3 ช้อนโต๊ะ
น้ำตาลมะพร้าว (น้ำตาลปี๊ป): 1 ช้อนโต๊ะ
ผงปรุงรส: 1 ช้อนชา
น้ำมัน: 2 ช้อนโต๊ะ
น้ำ: 1/4 ถ้วย"
กะเพราเต้าหู้ 🌶,"เต้าหู้ขาว: ครึ่งก้อน
พริกขี้หนู: 6 เม็ด
น้ำมันถั่วเหลือง: 1 ช้อนโต๊ะ
อร่อยชัวร์: ตามชอบ
น้ำตาลทราย: ตามชอบ
ซีอิ๊วดำ: เล็กน้อย
น้ำเปล่า: 1 ทัพพี
กะเพรา: 2 ต้น"
ข้าวคลุกกะปิ สูตรเชฟหมีประตูชัย,"ข้าวสวย: 1 ถ้วย
หมูสามชั้น: 50 กรัม
ไข่ไก่: 1 ฟอง
มะม่วงเปรี้ยว: ครึ่งลูก
หอมแดง: 2-3 หัว
ถั่วฝักยาวซอย: 2 ช้อนโต๊ะ
พริกขี้หนูซอย: 1 ช้อนโต๊ะ
มะนาว: แล้วแต่ชอบเปรี้ยว
กุนเชียง: มีก็ได้ ไม่มีก็ได้
น้ำตาลมะพร้าว: 2 ช้อนโต๊ะ
น้ำปลาดี: ครึ่งช้อนโต๊ะ
ซีอิ๊วดำ: ครึ่งช้อนโต๊ะ
เกือบลืม กะปิ: 3/4 ช้อนโต๊ะ
กุ้งแห้งดี: 1 ช้อนโต๊ะ
น้ำมันพืช: 1 ถ้วย"
ต้มมะระเห็ดหอมเจ,"มะระ: 1 ลูก
เห็ดหอม: 5-7 ดอก
ซีอิ้วขาว: 2 ช้อนโต๊ะ
ผงปรุงรสเจ: 2 ช้อนชา
น้ำตาล: นิดหน่อยตัดเค็ม"
"“ผัดใบมะกอก""","พริกแห้งแบบเผ็ดมาก: 6 เม็ด
พริกแห้งแบบเผ็ดน้อย: 15 เม็ด
หอทแดง: 15 หัว
กระเทียมกลีบ: 12 กลีบ
ข่า: 1 นิ้ว
ใบมะกอก: 2 กำ
หมูสับ: 200 กรัม
น้ำปลา: 2-3 ช้อนโต๊ะ
น้ำตาลปี๊บ: 1-2 ช้อนโต๊ะ
น้ำมันพืช: 2 ช้อนโต๊ะ
น้ำสะอาด: 3 ช้อนโต๊ะ"
ยำกุนเชียง,"กุนเชียงทอด จะทอดก่อนหั่น จะหั่นก่อนทอด จะทอดน้ำมันหรือทอดน้ำ ... ตามถนัดเลยคราบ: 150 กรัม
มะเขือเทศหั่นเสี้ยวบางๆ: 1 ลูก
หอมใหญ่สไลด์บางๆ: 1/2 ลูก
แตงกวาหั่นชิ้นบางๆ: 2 ลูก
พริกขี้หนูซอย: 2 ช้อนโต๊ะ
น้ำตาลทราย: 1/2 ช้อนโต๊ะ
น้ำมะนาว: 2-3 ช้อนโต๊ะ
น้ำปลา: 1 ช้อนโต๊ะ
น้ำส้มสายชู: 1/2 ช้อนโต๊ะ"
เมี่ยงคำ,"....ส่วนประกอบน้ำเมี่ยงคำ....: 
น้ำเปล่า 300 กรัม: 
น้ำตาลมะพร้าว 250 กรัม: 
น้ำปลา 20 กรัม: 
กะปิ 10 กรัม: 
ตะไคร้คั่ว 30 กรัม: 
ข่าคั่ว 30 กรัม: 
ขิงคั่ว 30 กรัม: 
มะพร้าวคั่ว 30 กรัม: 
ถั่วลิสงคั่ว 30 กรัม: 
.....เครื่องเคียง.....: 
ขิง: 
หอมแดง: 
มะนาว: 
พริกขี้หนู: 
กุ้งแห้ง: 
ถั่วลิสงคั่ว: 
มะพร้าวคั่ว: 
ใบชะพลู / ใบทองหลาง / ใบคะน้า:"
ขิงดองน้ำผึ้ง 🐝,"ขิง: 1 แง่ง
น้ำเปล่า: 1/2 ถ้วย
น้ำผึ้ง: 6 ช้อนโต๊ะ
น้ำตาล: 6 ช้อนโต๊ะ
เกลือ: 1 ช้อนโต๊ะ
มะนาว: 1 ลูก"
กะเพราไก่ผัดพริกแห้ง,"สันในไก่: 300 กรัม
พริกจินดา: 5 เม็ด
พริกขี้หนูแห้ง: 6 เม็ด
กระเทียม: 5 กลีบ
กระเพรา: 5 กิ่ง
ซอสหอยนางรม: 2 ช้อนโต๊ะ
ซีอิ้วขาว: 1/2 ช้อนโต๊ะ
น้ำปลา: 1/2 ช้อนโต๊ะ
น้ำตาล: 1/2 ชอ้นชา
น้ำมัน: 1/2 ช้อนโต๊ะ"
กะเพราไก่ผัดพริกแห้ง,"สันในไก่: 300 กรัม
พริกจินดา: 5 เม็ด
พริกขี้หนูแห้ง: 6 เม็ด
กระเทียม: 5 กลีบ
กระเพรา: 5 กิ่ง
ซอสหอยนางรม: 2 ช้อนโต๊ะ
ซีอิ้วขาว: 1/2 ช้อนโต๊ะ
น้ำปลา: 1/2 ช้อนโต๊ะ
น้ำตาล: 1/2 ชอ้นชา
น้ำมัน: 1/2 ช้อนโต๊ะ"
ผัดกระเพราเนื้อปู,"เนื้อปู: 200 กรัม
พริกขี้หนูสวน: 10 เม็ด
กระเทียมไทย กลีบเล็ก: 15 กลีบ
ใบกระเพรา: 1 ถ้วย
ซีอิ๊วขาว: 1 ช้อนโต๊ะ
ซอสปรุงรส: 1 ช้อนชา
น้ำตาลทราย: 1 ช้อนชา
น้ำมันมะพร้าว: 3 ช้อนโต๊ะ"
แกงคั่วมะระสันคอหมู,"สันคอหมู: 300 กรัม
มะระ: 1 ลูก
กะทิ: 1000 มิลลิลิตร
พริกแกงคั่ว: 150 กรัม
น้ำตาลปี๊บ: 1 ช้อนโต๊ะ
เกลือ: 1/2 ช้อนชา"
หม่าล่า เบคอนพันเห็ดเข็มทอง,"เห็ดเข็มทอง: 1 ห่อ
เบคอน: 1/2 ห่อ
เนย: 1 ก้อน (หั่นเป็นชิ้นเล็กๆ)
ผงหม่าล่า: ตามชอบ"
ยอดมะพร้าวผัดกุ้ง,"ยอดมะพร้าว: 300กรัม
กุ้งสด: 3-4ตัว
ต้นหอม: 2ต้น
กระเทียมสับ: 2ชช
น้ำตาลทราย: 2ขข
น้ำมันหอย: 2ชต
ซอสปรุงรส: 1ชช
น้ำมัน: 3ชต
น้ำสุก: 1ทัพพี"
หอมหัวใหญ่ผัดหมูสับพริกหวาน,"หมูสับ: 80 กรัม
หอมหัวใหญ่ซอย: 150 กรัม
พริกหวานหั่นเต๋า: 50 กรัม
ซีอิ๊วขาว: 1/2 ช้อนโต๊ะ
ซอสน้ำมันหอย: 1 + 1/2ช้อนโต๊ะ
กระเทียมสับ: 1/2ช้อนโต๊ะ
น้ำมันพืช: เล็กน้อย
น้ำเปล่า: เล็กน้อย"
ไก่ต้มขมิ้น,"ปีกกลาง: 500 กรัม
น้ำเปล่า (ถ้วยตวง): 5 ถ้วย
ขมิ้น(บุพอแตก): 7 ชิ้น
ข่า(บุพอแตก): 1 หัวเล็ก
ตะไคร้(บุพอแตก): 3 ต้น
ใบมะกรูด: 5ใบ
เห็ดนางฟ้า(ไม่ใส่ก็ได้): 1 แพค
ผงปรุงรส: 2 ช้อนชา
เกลือ: 1/2 ช้อนโต๊ะ
น้ำปลา: 1 ช้อนโต๊ะ
น้ำตาลทราย: 2 ช้อนชา
พริกขี้หนู(บุพอแตก): 
กระเทียม(บุพอแตก): 5 กลีบ
น้ำมะนาวหรือส้มแขก: 
หอมแดง(บุพอแตก): 4 หัว"
ข้าวมันกะทิใบเตย,"ข้าวสารหอมมะลิเก่า: 1 ถ้วยตวง
หัวกะทิผสมหางกะทิ: 1 1/2 ถ้วยตวง
น้ำตาลทราย: 1 1/2 ชต
เกลือป่น: 1/2 ชช
ใบเตย: 
สีผสมอาหาร:"
ขนมจีนน้ำยากะทิไก่ไม่เผ็ดสำหรับเด็ก,"เนื้อไก่บด (ไก่ต้มที่ได้จากทำน้ำสต็อก): 100 กรัม
กะทิ (แบ่ง 2ส่วน ส่วนละ150มล): 300 มล.
พริกแกงเด็ก(ตามสูตรที่ลงไว้): 80 กรัม
น้ำสต็อกไก่: 2 ถ้วย
เลือดไก่: 80 กรัม
น้ำปลา: 2 ช้อนโต๊ะ
น้ำตาลปี๊บ: 1/2 ช้อนโต๊ะ
ต้นหอมหั่น: 2 ต้น
ใบมะกรูดฉีก: 3 ใบ
น้ำมันพืช: 1 ช้อนโต๊ะ
เส้นขนมจีนอัญชัน: ตามชอบ
ผักเครื่องเคียง: ตามชอบ
ไข่ต้ม:"
ลูกชิ้นไก่ไร้แป้ง Super Clean โปรตีนสูง,"อกไก่: 500g
พริกไทย: 1-2 ช้อนชา
เกลือ: 1-2 ช้อนชา"
ต้มยำไก่น้ำใส,"อกไก่หั่นพอดีคำ: 
ข่า: 
ตะไคร้: 
ใบมะกรูด: 
น้ำเปล่า: 
เห็ดฟาง: 
มะเขือเทศ: 
หอมหัวใหญ่: 
พริก: 
มะนาว: 
น้ำปลา: "
ยำปลากระป๋องทอดกร๊อบกรอบ,"ปลากระป๋อง: 3 กระป๋อง
มะนาว: 3 ลูก
น้ำปลา: 1 ช้อนโต๊ะ
ต้นหอมหั่นท่อน: 4 ต้น
พริกขี้หนูซอย: 3 ช้อนโต๊ะ
แครอทซอยเป็นเส้นๆ: 1 ถ้วย
ขึ้นฉ่ายหั่นท่อน: 1 ต้น
น้ำตาลทราย: 1 ช้อนชา
ไข่ไก่: 1 ฟอง
เกล็ดขนมปัง: 1 จาน
แป้งเอนกประสงค์: 1 จาน
น้ำมัน:"
ข้าวผัดแจ่วคอหมูย่าง,"ส่วนผสมคอหมูย่าง: 🐷🐷
สันคอหมู: 100 กรัม
น้ำมันหอย: 1/2 ช้อนโต๊ะ
ซีอิ๊วขาว: 1/2 ช้อนโต๊ะ
พริกไทยป่น: 1/4 ช้อนชา
นมสด: 1 ช้อนโต๊ะ
ส่วนผสมน้ำจิ้มแจ่ว: 🌶🌶
น้ำมะนาว: 2-3 ช้อนโต๊ะ
น้ำปลา: 3-4 ช้อนโต๊ะ
น้ำตาล: 1 ช้อนชา
พริกป่น: 1 ช้อนโต๊ะ
ข้าวคั่ว: 1 ช้อนโต๊ะ
ส่วนผสมข้าวผัด: 🍚🍚
ข้าวสวย: 1 ถ้วย
ไข่ไก่: 1 ฟอง
กระเทียบสับ: 3 กลีบ
หอมแดงซอย: 3 หัว
พริกขี้หนูซอย: 5-6 เม็ด
ต้นหอมซอย: 2 ต้น
ใบมะกรูดซอย: 3 ใบ
น้ำมันพืช: 1 ช้อนโต๊ะ"
ข้าวผัดรถไฟ (ข้าวผัดซีอิ๊ว)​,"หมู: 50 กรัม
ไข่ไก่: 2 ฟอง
ข้าวสวย: 3 ถ้วย
ต้มหอม: 2 ต้น
หอมใหญ่: 1/4 หัว
มะเขือเทศ: 1 ลูก
คะน้า: 2 ต้น
น้ำตาล: 1 ชต
ซีอิ๊ว: 1 ชต
เกลือ: 1 ชต
น้ำมันหอย: 1 ชต
ซีอิ๊วดำ: 1 ชช
กระเทียม: 3 กลีบ"
ตับหมูผัดพริก,"ตับหมู: 200 กรัม
น้ำส้มสายชู: 1 ถ้วยเล็ก
นมสด: 1 ถ้วยเล็ก
พริกหยวก: 80 กรัม
หอมหัวใหญ่: 40 กรัม
กระเทียมสับ: 1/2 ช้อนโต๊ะ
น้ำพริกเผา: 1ช้อนโต๊ะ
ต้นหอมหั่นท่อน: 3 ต้น
พริกแดงจินดาซอย (ไม่ใส่ก็ได้): 3เม็ด
ซีอิ๊วขาว: 1/2 ช้อนโต๊ะ
น้ำตาลทราย: 1 /2ช้อนโต๊ะ
คนอร์ ซอสข้นปรุงรส รสหมู: 1 ช้อนโต๊ะ
น้ำเปล่า: เล็กน้อย"
แกงส้มดอกแคเนื้อปลานินทอดกรอบ,"พริกแกงส้ม: 2ขีด
น้ำเปล่า: 1ลิตร
น้ำมะขามเปียก: 1ถ้วยเล็ก
น้ำตาลปี้ป: 1/2ทัพพี
ดอกแค: 20ดอก
น้ำปลา: 2 ช้อนโต๊ะ
เนื้อปลานิน: 1ตัว"
ผัดเผ็ดปลาดุกพริกสด,"ปลาดุก: 
มะเขือเจ้าพระยา: 
ใบมะกรูด: 
กระชาย: 
พริกไทยอ่อน: 
ซอสปรุงรส: 
น้ำมันหอย: 
ผงปรุงรส: 
กระเทียม: 
พริกขี้หนู: "
ส้มตำหมึกสาย,"หมึกสายลวก: 5-6ตัว
หอยแครงลวก: 100กรัม
มะละกอ: 
กระเทียม: 10กลีบ
พริกสด: 15 เม็ด
มะเขือเทศ: 2ลูก
มะนาว: 3ช้อนโต๊ะ
น้ำปลา: 3ช้อนโต๊ะ
น้ำตาลปิ๊บ: 2ช้อนโต๊ะ
น้ำปลาร้า: 2-3ช้อนโต๊ะ
น้ำมะขามเปียก: 1ช่้อนโต๊ะ
แครอท: 
มะเขือ:"
หมูผัดกะปิถั่วฝักยาว,"เนื้อหมู: 200 กรัม
ถั่วฝักยาว: 200 กรัม
กะปิดี: 1 ช้อนโต๊ะ
พริกเหลือง: 4 เม็ด
พริกขี้หนู: ตามชอบ
กระเทียม: 1 ช้อนโต๊ะ
หัวหอม: 1 ช้อนโต๊ะ
น้ำปลา: 1/2 ช่อนชา
น้ำตาลปี๊บ: 1-2 ช้อนชา
น้ำเปล่าหรือน้ำซุป: 1/3 ถ้วย
น้ำมันสำหรับผัด: 2 ช้อนโต๊ะ"
แกงส้มไข่ปลาเรียวเซียว,"ยอดมะพร้าว: 200กรัม
ไข่ปลาเรียวเซียว: 200กรัม
เนื้อปลาช่อน: 100กรัม
น้ำสต็อก: 2ถ้วย
พริกแกงส้ม: 1ชต
ข่า ตะไคร้ ใบมะกรูด: 1/2 ถ้วย
น้ำปลา: 1ชต
น้ำตาลปี๊บ: 1ชต
มะขามเปียก: 1/2ถ้วย"
ปูนิ่มคั่วพริกเกลือ,"ปูนิ่ม: 2 ตัว
แป้งทอดกรอบแบบปรุงรส: 200 กรัม
กระเทียมสับ: 3 หัว
พริกขี้หนูสวนสับ: 2 เม็ด
พริกชี้ฟ้าแดงสับ: 1 เม็ด
รากผักชีสับ: 5 ราก
ต้นหอมซอย: 1 ต้น
โคนต้นหอมซอย: 2 โคน
ผักชี(สำหรับตกแต่ง): เล็กน้อย
เกลือ: 1/2 ช้อนชา
น้ำตาล: 1/2 ช้อนชา
น้ำมันพืช: ยงพอสำหรับการทอด"
น้ำพริกกากหมู,"มันหมูแข็งหั่นชิ้น: 3 กก.
กระเทียมไทยตำละเอียด: 1 กก.
หอมเจียว: 3 กก.
มะกรูดซอย: 100 กรัม
พริกกะเหรี่ยงป่น: ตามชอบ
รสดีหมู: 
น้ำตาลทราย: 
เกลือป่น: 
น้ำสะอาด:"
ต้มยำปลากระพงน้ำใส,"ปลากระพง: 1 kg
ตะไคร้: 3 ต้น
ข่า: 2 กิ่ง
หอมแดง: 5 หัวขนาดกลาง
ใบมะกรูด: 10 ใบ
มะนาว: 
พริกขี้หนู: 
น้ำปลา:"
ขนมจีนน้ำยากะทิหมู 🐷,"หมูบด: 250 กรัม
พริกแกงเผ็ด: 70 กรัม
กระชายซอย: 50 กรัม
กะทิ: 500 มล.
ใบมะกรูด: 1 กิ่ง
ผงปรุงรส: 1 ก้อน
ขนมจีน ผัก ตามชอบ: 1 ชุด"
ปลาทูสดต้มเต้าเจี้ยว,"ปลาทูสด ควักไส้ออกโดยไม่ผ่าท้อง ล้างให้สะอาด: 3-4 ตัว
ขิงซอย: 1 ขีด
หอมใหญ่ซอย: 1 หัว
ต้นหอมซอย: 1-2 ต้น
น้ำเปล่า: 1 1/2 ถ้วย
ซุปผง: 1/2 ช้อนชา
น้ำตาลทราย: เล็กน้อย
เต้าเจี้ยว: 1 ช้อนโต๊ะ"
หมูผัดพริก,"เนื้อหมูหั่นชิ้นบางๆ: 150 กรัม
หอมใหญ่ฝานเป็นเสี้ยวบางๆ: 50 กรัม
พริกหนุ่มซอย: 50 กรัม
พริกชี้ฟ้าหลายๆสีซอย: 50 กรัม
ต้นหอมหั่นท่อน: 50 กรัม
กระเทียมสับ: 1 ช้อนโต๊ะ
น้ำตาลทราย: ½ ช้อนโต๊ะ
น้ำปลา: ½ ช้อนโต๊ะ
ซอสปรุงรส: ½ ช้อนโต๊ะ
น้ำมันหอย: 1 ช้อนโต๊ะ
น้ำมันพืช: 1 ช้อนโต๊ะ"
หอยทอด(ทะเลทอด),"แป้งทอดกรอบ: 1ถ้วย
กุ้ง: 12ตัว
หมึก: 3ตัว
หอยแมงภู่: 100กรัม
น้ำเย็ดจัด: 1ถ้วย
นมสด: 1/2ถ้วย
ไข่ไก่: 3ฟอง
ถั่วงอกดิบ: ตามชอบ
พริกไทยป่น: ตามชอบ
ซีอิ้วขาว: 2ช้อนโต๊ะ
น้ำปลา: 1ช้อนโต๊ะ
น้ำตาล: 1ช้อนโต๊ะ
ต้นหอมผักชี: 2-3ต้น"
หมูสามชั้นผัดพริกแกงถั่วฝักยาว,"หมูสามชั้น: 200 กรัม
พริกแกงเผ็ดแบบหยาบ: 3 ช้อนโต๊ะ
ถั่วฝักยาว: 5-6 ฝัก
ใบมะกรูด: 4-5 ใบ
พริกชี้ฟ้าหั่นแฉลบ: 2 เม็ด
น้ำมันสำหรับผัด: 2 ช้อนโต๊ะ
น้ำปลา: 1 ช้อนโต๊ะ
น้ำตาลปี๊บ: 2 ช้อนโต๊ะ
น้ำซุป (ถ้าไม่มีใช้น้ำเปล่า): 1/4 ถ้วย"
เนื้อหอยลายผัดน้ำพริกเผา,"เนื้อหอยลายลวกสุก: 150 กรัม
น้ำพริกเผา: 1 1/2 ช.ช
ใบโหระพา: 
กระเทียม: 4 กลีบ
ผงปรุงรสคนอร์: 
น้ำตาล: 
น้ำปลา:"
หมูสะเต๊ะ สูตรอย่างง่าย,"เนื้อหมูสันนอก: 1/2 ครึ่งโล
ผงกระหรี่: 2 + 1/2 ช้อนโต๊ะ
ผงขมิ้น: 1 ช้อนชา
น้ำตาลทรายแดง: 2 ช้อนโต๊ะ
นมข้นจืด: 200 กรัม
กะทิ: 1/2 ถ้วย
ลูกผักชีคั่ว: 1 ชช
น้ำส้มสายชู (สำหรับหมักหมู): 1 ช้อนชา
ส่วนผสมน้ำจิ้ม *: 
พริกแกงแดง+มัสหมั่น: 2 ขีด
กะทิสด: 1/2 โล
ถั่วลิสงบด: ตามใจชอบ
น้ำตาลปี๊บ: 2 ช้อนชา
ส่วนผสมอาจาด*: 
แตงกวา, หอมแดง: ตามใจชอบ
น้ำส้มสายชู: 1/2 ถ้วย
น้ำตาลทราย: 1/4 ถ้วย
เกลือ: 1/2 ช้อนชา
น้ำต้มสุก: 1/4 ถ้วย"
ยำถั่วพลูกุ้งสด,"ถั่วพลู: 150 กรัม
กุ้งสด: 10 ตัว
พริกเผา: 3 ช้อนโต๊ะ
มะนาว: 2 ลูกเล็ก
ถั่วลิสงค์บด: 2 ชต
น้ำปลา: 1/2 ช้อนโต๊ะ
น้ำตาลปี๊บ: 1 ช้อนโต๊ะ
กะทิดเข้มข้น: 5 ช้อนโต๊ะ
หอมแดง: 3 หัว"
ไข่เค็มผัดกระเพรา,"ไข่เค็ม: 2 ฟอง
หมูสับ: ครึ่งกิโลกรัม
กระเพรา: ตามชอบ
ถั่วฝักยาว: 3-4 ฝัก
น้ำปลา: ตามชอบ
น้ำตาล: ตามชอบ
น้ำมันหอย: ตามชอบ
น้ำพริกเผา: 1 ช้อนโต๊ะ
พริกจินดา: 6 เม็ด"
มาม่าต้มโคล้งปลากระป๋อง,"บะหมี่กึ่งสำเร็จรูปรสต้มโคล้ง: 1 ซอง
ปลากระป๋อง: 1 กระป๋อง
น้ำเปล่า: 3 ถ้วย
น้ำปลา: ตามชอบ
มะนาว: ตามชอบ
พริกป่น: ตามชอบ
ตะไคร้: 1 ต้น
ใบมะกรูด: 3 ใบ
ผักชีฝรั่ง: 1 ต้น"
น้ำพริกมะอึก,"มะอึก: 1ถ้วย
พริกขี้หนูสด เขียวเเดง: 10เม็ด(เพิ่มลดได้ค่ะ)
หอมแดง: 2-3หัว
กระเทียม: 3-4กลีบ
กะปิ: 1/2-1ช้อนโต๊ะ
น้ำตาลปี๊บ: 1/2-1ช้อนโต๊ะ
น้ำปลา: 1-2ช้อนชา
มะนาว: 1ผล
กุ้งแห้ง: 2ช้อนชา"
แกงเทโพหมูสามชั้น,"หมูสามชั้น: 200 กรัม
ผักบุ้ง: 500 กรัม
พริกแกงเผ็ด: 100 กรัม
มะขามเปียก: 1 กำ
น้ำตาลมะพร้าว: 1 ช้อนโต๊ะ
น้ำปลา: เหยาะๆ ลงไป
มะกรูด: 3 ลูก
ใบมะกรูด: 10 ใบ
กะทิ: 1000 มล"
ก๋วยเตี๋ยวลุยสวน,"เนื้อไก่สับ หรือหมูสับ: 300 กรัม
แครอทหั่นลูกเต๋า: 4-5 ชิ้น
เห็ดหอมหั่นลูกเต๋า: 2 ดอก
ใบเมี่ยงญวณ: 4 ใบ
ซอสหอยนางรม: 2 ช้อนชา
ซีอิ๊วขาว เห็ดหอม: 2 ช้อนชา
ผักต่างๆใช้สำหรับห่อ: ตามชอบ"
ต้มข่าน่องไก่บน,"น่องไก่บน: 500 กรัม
ตะไคร้: 10 ท่อน
ข่า: 2 แง่ง
ใบมะกรูด: 2 กิ่ง
ผักชีฝรั่ง: 6 ต้น
พริกจินดา: 10 เม็ด
พริกแห้งทอด: 10 เม็ด
น้ำพริกเผา: 2 ช้อนโต๊ะ
มะนาว: 2 ลูก
ผงปรุงรส: 2 ก้อน"
ห่อหมกปลาอินทรี,"เนื้อปลาอินทรีย์ขูด: 1 กิโลกรัม
กะทิ: 2 ถ้วย
พริกแกง: 1 ถ้วย
ไข่ไก่: 1 ฟอง
ใบโหระพาเด็ด: 2 ถ้วย
ใบมะกรูดซอย: 1/2 ถ้วย
ขมิ้น: 1 ช้อนโต๊ะ
น้ำปลา: 1 ช้อนโต๊ะ
น้ำตาล: 1/2 ช้อนโต้ะ
พริกชี้ฟ้าแดง: 1-2 เม็ด
แป้งข้าวเจ้า: 1 ช้อนโต๊ะ
ใบตองทำกระทง: 1 พับ"
ฝอยทองใบเตย,"ไข่ไก่: 20 ฟอง
ไข่เป็ด: 10ฟอง
น้ำตาล: 1Kg
ใบเตย: 20ใบ
น้ำเปล่า: 250ml"
เส้นหมี่ผัดซีอิ๊วหมูนุ่ม,"เส้นหมี่สำเร็จรูป: 180 กรัม
หมูนุ่ม: 200 กรัม
กระเทียมสับ: 1 ช้อนโต๊ะ
น้ำมันพืช: 2-3 ช้อนโต๊ะ
ซีอิ๊วดำสำหรับคลุกเส้น: 
ซีอิ๊วขาว: 3 ช้อนโต๊ะ
น้ำปลา: 1 ช้อนโต๊ะ
น้ำตาลทราย: 1 ช้อนชา
ผักคะน้า: 2 ต้น
ไข่ไก่เบอร์ 1: 3 ฟอง"
ยำหอยแครง หมูยอ ไข่แดงเค็ม เดือด,"หอยแครง: 1kg
หมูยอ 35 บาท: ครึ่งก้อน
ไข่แดงเค็ม: ตามใจชอบ
ผักชีฝรั่ง 5 บาท: 1 กำ
มะเขือเทศ: 2-3 ลูก
พริกแดง จาน5 บาท: 2 จานหรือตามใจชอบ
มะนาว: 2 ลูก
น้ำปลา: 3 ช้อนโต็ะ
น้ำตาล: 3 ช้อนโต้ะ
ผงนัว: นิดนึง
กระเทียม: 1 หยิบมือ
เกลือ: 1 หยิบมือ
น้ำปลาร้า: 3-4 ช้อนโต้ะ"
เขียวหวานไก่มะเขือยาว,"สะโพกไก่เลาะกระดูก: 1/2 กิโลกรัม
มะเขือยาว 🍆: 3 ลูก
พริกแกงเขียวหวาน (ใต้): 1 ชต
โหระพา: 1 กำ
พริกชี้ฟ้าเขียว: 3เม็ด
กะทิ หัวกะทิ 250มล: 1 กล่อง
น้ำตาลปิ้บ: 1/2 ชต
น้ำตาลทราย: 1/2 ชต
น้ำปลา: 2 1/2 ชต
พริกขี้หนูสวนสีเขียว: 10เม็ด
น้ำสะอาด: 1/2 ถ้วย"
แกงเผ็ดเป็ดย่าง,"เนื้อเป็ดย่างพร้อมหนัง: 1ถ้วย
มะเขือเทศ: 5-6ลูก
สับปะรดหั่น: 20 ชิ้น
มะเขือพวง: 1/4ถ้วย
ใบโหระพาเด็ด: 2ต้น
พริกแกง: 2-4ช้อนโต๊ะ
กะทิ: 1กล่อง
น้ำตาลปิ้บ: 2ช้อนโต๊ะ
น้ำปลา: 1/4ถ้วย"
กระดูกหมูต้มเต้าเจี้ยว,"กระดูกหมูอ่อน: 4 ขีด
ตะไคร้: 3 ต้น
หอมแดง: 6-7 หัว
น้ำมะขามเปี๊ยก: 1 ถ้วย
น้ำตาลปิ๊บ: 2 ช้อนโต๊ะ
น้ำปลาอย่างดี: 1 ช้อนโต๊ะ
ซีอิ๊วหวาน: 1/2 ช้อนชา
ซุปก้อน: 1 ก้อน
เต้าเจียวดอง: 1 ถ้วย
ใบมะกูด: 6-7 ใบ
ขิงอ่อนสไลด์: 5-6 แว่น"
ต้มจืดแรดิชหมูสับ,"หมูสับ: 150 กรัม
ลูกแรดิช: 140 กรัม
แครอท: 150กรัม
ต้นหอมหั่นท่อน: 2 ต้น
ผักชีหั่น: 1 ต้น
รากผักชี: 1 ราก
3เกลอ (รากผักชี พริกไทย กระเทียม โขลก): 1ช้อนโต๊ะ
ซีอิ๊วขาว: 2 ช้อนโต๊ะ
เกลือป่น: เล็กน้อย
น้ำเปล่า: 3 ถ้วย
กระเทียมเจียว (ไม่ใส่ก็ได้):"
ซี่โครงหมูย่างน้ำผึ้ง ใบเตยย่าง,"ซี่โครงหมู 2 เส้นยาวๆ: 
3 เกลอ: 
น้ำผึ้ง สวนจิตรดา: 
ซอสปรุงรส ฝาเขียว: 
น้ำปลา: 
ผงคนอร์ รสหมู: 
เกลือ: 
น้ำตาลแดง: 
ใบเตย:"
ต้มยำซี่โครงหมู สูตรใส่คนอร์,"ซี่โครงหมู: 1/2 กิโลกรัม
หอมแดงแกะเปลือก: 1 ถ้วย
ข่า ตะไคร้ ใบมะกรูด: 1 ชุด
เกลือ: 1/2 ช้อนโต๊ะ
น้ำปลา: 1 ช้อนโต๊ะ
คนอร์ ซุปรสหมู: 1 ก้อน
เห็ดฟางผ่าครึ่ง: 1 ถ้วย
น้ำมะนาว: 1 ถ้วย
พริกขี้หนูสดทุบ: 1 ช้อนโต๊ะ
พริกป่น: 1/2 ช้อนโต๊ะ
ต้นหอม ผักชี (โรยหน้า): 1 หยิบมือ
ผักชีฝรั่ง (โรยหน้า): 1 หยิบมือ"
ปลานิลทอดกระเทียม,"ปลานิลหั่นชิ้น: 4 ชิ้น
ซอสข้นปรุงรสคนอร์: 1 ช้อนโต๊ะ
กระเทียมสับ (ตามชอบ): 
น้ำมัน: สำหรับทอด"
แกงจืดกวางตุ้งหมูสับ,"กวางตุ้ง: 300 กรัม
แครอท: 150 กรัม
เห็ดหอมแห้งแช่น้ำ: 3ดอก
เต้าหู้ไข่: 1 หลอด
กระเทียมเจียว: 1/2 ชต
น้ำตาลทราย: 1 ชช
ซีอิ๊วขาว: 1 1/2 ชช
รากผักชี: 1ต้น
ขึ้นฉ่าย: 1 ถ้วย
คนอร์ เนเชอรัล ซุปก้อนรสหมู สูตรไม่ใสผงชูรส: 1ก้อน
น้ำเปล่า: 
หมูสับ: 150กรัม
3เกลอ(กระเทียม พริกไทย รากผักชีโขลกละเอียด) หมักหมูสับ: 1ช้อนโต๊ะ"
ส้มตำทอด,"มะละกอดิบ: 1 ลูก
แป้งโกกิ: 1 ถ้วย
น้ำเปล่า: 8 ช้อนโต๊ะ
กระเทียม: 10 กลีบ
พริกขี้หนู: 10 เม็ด
น้ำปลา: 2 1/2 ช้อนโต๊ะ
น้ำตาลปี๊บ: 1 ช้อนโต๊ะ
มะนาว: 3 ช้อนโต๊ะ
มะเขือเทศ: 2 ลูก
ถั่วฝักยาว: 3 ฝัก
กุ้งแห้ง: ตามชอบ
ถั่วลิสง: ตามชอบ"
ปังกรอบเนยหนึบมันม่วง,"เนยสด: 200 กรัม
นมผง (ใครชอบรสนมมันๆสามารถเพิ่มเติมได้ค่ะ): 50 กรัม
ไอซิ่ง: 160 กรัม
นมข้นหวาน: 40 กรัม
ผงมันม่วง: 50 กรัม
ไข่แดง: 1 ฟอง
เติมเกลือเล็กน้อย หรือไม่เติมก็ได้ค่ะ:"
สามชั้นตุ๋นยอดคะน้า,"สามชั้นหั่นเป็นชิ้นหนาๆ: 500 กรัม
ยอดคะน้า: 10ต้น
น้ำเปล่า: 5ถ้วย
ซีอี๊วขาว: 2ช้อนโต๊ะ
น้ำตาลปี๊บ: 2ช้อนโต๊ะ
ซอสปรุงรส: 2ช้อนโต๊ะ
ซีอิ๊วดำ: 2ช้อนโต๊ะ"
หมูทอดกระเทียม น้ำขลุกขลิก,"หมูสันใน: 400 กรัม
รากผักชี: 7 ราก
กระเทียม: 1 หัว
พริกไทย: 1 ช้อนโต๊ะ
ซอสหอยนางรม: 2 ช้อนโต๊ะ
ซีอิ้วขาว: 1/2 ช้อนโต๊ะ
น้ำปลา: 1/2 ช้อนโต๊ะ
น้ำมัน: 1/2 ช้อนโต๊ะ"
"น้ำชุบหยำ, น้ำพริกโจร, น้ำพริกขยำ","กะปิย่างใบตอง: 1 1/2 ช้อนโต๊ะ
เนื้อมะนาว: 1 ลูก
น้ำมะนาว: 1 ลูก
พริกซอย: 1 ช้อนโต๊ะ
หอมแดงซอย: 1 ช้อนโต๊ะ
เกลือ: 1 - 2 หยิบมือ
น้ำตาลทราย: 1 ช้อนชา
กุ้งต้มสับ: 1 ถ้วย
น้ำต้มกุ้ง: 1 - 2 ทัพพี"
เค้กข้าวเหนียวหมูทอด,"หมูสันนอก: 
กระเทียมสับ: 
พริกไทยดำบด: 
ซีอิ๊วขาว: 
ซีอิ๊วดำ(หวาน): 
น้ำตาลทราย: 
น้ำมันหอย: 
แป้งทอดกรอบ: 
น้ำมันพืช: 
แตงกวา: 
ต้นหอม: 
พริกขี้หนู: 
ข้าวเหนียวนึ่ง: "
หมูผัดพริกหมาล่า,"เนื้อหมู หั่นพอคำ: 1 ถ้วย
พริกหมาล่า: 1 ช้อนโต๊ะ
พริกแห้ง: 10 เม็ด
ขมิ้นสด: 1 แง่ง
เกลือ: 1 ช้อนชา
กระเทียมโขลก: 1 ช้อนโต๊ะ"
ต้มยำกุ้งมะพร้าวอ่อน,"พริกขี้หนู: 7 เม็ด
ตะไคร้: เล็กน้อย
ใบมะกรูด: เล็กน้อย
ข่า: เล็กน้อย
ผักชีฝรั่ง: เล็กน้อย
เห็ดนางฟ้า: 70 กรัม
เห็ดหลินขาว: 40 กรัม
เห็ดฟาง: 100 กรัม
เนื้อมะพร้าวอ่อน: 80 กรัม
น้ำมะพร้าว: 700 ml.
กุ้งแกะเปลือก: 200 กรัม
น้ำตาลทราย: 2 ช้อนชา
น้ำปลา: 6 ช้อนโต๊ะ
น้ำมะนาว: 6 ช้อนโต๊ะ
กะทิ: 100 ml.
น้ำพริกเผา: 2 ช้อนโต๊ะ
มันกุ้ง: 1 ช้อนโต๊ะ"
ต้มข่าปลาช่อนใส่หัวปลี,"ปลาช่อนหั่นชิ้น: 
หัวปลี: 
กะทิ: 
ข่าอ่อน: 
ตะไคร้: 
ใบมะกรูด: 
พริกขี้หนู: 
น้ำมะนาว: 
น้ำปลา: 
น้ำตาลทราย: "
ผัดกะหล่ำปลี(หมู​สามชั้นทอดกรอบ)​🐷,"หมู​สาม​ชั้น​: 200กรัม​
กะหล่ำปลี​: 350กรัม
มะเขือ​เทศ: 2ลูก
ซอส​หอยนางรม​: 3ช้อนโต๊ะ​
ซอส​ปรุงรส​: 2ช้อนโต๊ะ​
ผงปรุงรส​: 0.5ช้อนชา​
น้ำตาล​ทราย​: 0.5ช้อนชา​
น้ำเปล่า​: 100มล."
สาคูต้นมะพร้าวอ่อน,"น้ำมะพร้าว: 500 มิลลิลิตร
เม็ดสาคูต้น: 100 กรัม
เนื้อมะพร้าวอ่อน: ตามชอบ
น้ำตาลทรายแดง: 200 กรัม
หัวกะทิ: 300 มิลลิลิตร
เกลือ: 1/2 ช้อนชา"
ไข่พะโล้,"ไข่ไก่: 20 ฟอง
เครื่องพะโล้: 1 ชุด
น้ำตาลปิ๊บ: 1 ก้อน
ซีอิ้วขาว: 1 ทัพพี
เต้าหู้พวง: 1 พวง
ผักชี: นิดนึง
ดอกเกลือ: 1/4 ช้อนชา
น้ำ: 1 ลิตร"
ปลาราดพริกสามรส,"ปลาสด 1 ตัว: 
เกลือ 1 ช้อนชา: 
แป้งสาลีอเนกประสงค์ 1 ถ้วย: 
พริกสด: 
น้ำมะขามเปียก: 
ซอสน้ำจิ้มไก่: 
-มะนาวหั่นสี่เหลี่ยมลูกเต๋า: 
ตะไคร้หั่นแว่นบาง2 ช้อนโต๊ะ: 
ใบมะกรูดหั่นฝอย 1 ช้อนโต๊ะ: 
ผักชี: 
เกลือ:"
ผักกาดดองกระป๋องผัดหมูสับใส่ไข่ Pad Pak Gad Dong Moo Sab Sai Kai,"ผักกาดดองกระป๋อง: 350 กรัม
หมูสับหรือไก่สับ: 150 กรัม
ไข่ไก่: 3 ฟอง
กระเทียมสับ: 1 ช้อนโต๊ะ
น้ำมันสำหรับผัด: 1- 2 ช้อนโต๊ะ
น้ำมันหอย: 1 ช้อนโต๊ะ
ผงปรุงรส: 1/2 ช้อนชา
น้ำตาลทราย: 1 ช้อนชา
ต้มหอมหั่นท่อน: 2 ต้น
พริกแดงหั่นแฉลบตามชอบ (ถ้าทำให้เด็กทานไม่ต้องใส่): 5 เม็ด"
ขนมปังไส้เผือก,"แป้งขนมปัง (สำหรับทำแป้งหมัก): 100 กรัม
น้ำเปล่า: 100 มิลลิลิตร
ยีสต์แห้งชนิดผง: 8 กรัม
แป้งขนมปัง: 400 กรัม
น้ำตาลทราย: 100 กรัม
เกลือป่น: 4 กรัม
ไข่ไก่: 2 ฟอง
นมสด (อุณหภูมิห้อง): 225 กรัม
เนยละลาย: 50 กรัม
**ส่วนผสมเผือกกวน: -
เผือกดิบ: 500 กรัม
น้ำตาลทรายขาว: 1 ถ้วยตวง
เกลือ: 1/2 ช้อนชา"
✿ ขนมจีน~น้ำเงี้ยว ✿,"น้ำพริกน้ำเงี้ยวสำเร็จ (2ซองเล็ก): 160 กรัม
หมูบด: 300 กรัม
สันคอหมู: 200 กรัม
ซี่โครงหมู: 200 กรัม
ตีนไก่: 8 ขา
เลือดไก่: 2 ก้อน
มะเขือเทศราชินี: 30 ลูก
รากผักชี: 1-2 ราก
ดอกเงี้ยวแช่น้ำให้นิ่ม (ตามชอบ): 20 ดอก
คนอร์: 1 ก้อน
น้ำเปล่า: 2000 ml"
✿ ขนมจีน~น้ำเงี้ยว ✿,"น้ำพริกน้ำเงี้ยวสำเร็จ (2ซองเล็ก): 160 กรัม
หมูบด: 300 กรัม
สันคอหมู: 200 กรัม
ซี่โครงหมู: 200 กรัม
ตีนไก่: 8 ขา
เลือดไก่: 2 ก้อน
มะเขือเทศราชินี: 30 ลูก
รากผักชี: 1-2 ราก
ดอกเงี้ยวแช่น้ำให้นิ่ม (ตามชอบ): 20 ดอก
คนอร์: 1 ก้อน
น้ำเปล่า: 2000 ml"
หมูทอดกระเทียม,"หมูสันนอก หั่นชิ้น: 250 กรัม
รากผักชี กระเทียม พริกไทยโขลกละเอียด: 1/2 ช้อนโต๊ะ
ผงปรุงรส: 1 ช้อนโต๊ะ
แป้งข้าวโพด: 1 ช้อนโต๊ะ
น้ำมันพืช: สำหรับทอด
กระเทียมเจียว (โรยหน้า): ตามชอบ"
ปลาทูต้มใบมะขามอ่อน,"ปลาทูสด: 4 ตัว
ใบมะขามอ่อน: 50 กรัม
ข่า ตะไคร้ ใบมะกูด: 1 กำ
น้ำสะอาด: 1 ถ้วย
น้ำปลา: 1 ช้อนโต๊ะ
น้ำตาลทราย: 1 ช้อนชา
มะนาว: 2 ลูก"
ผัดผักเยอะ เครื่องปรุงน้อย,"เนื้อหมู: ตามต้องการ
บล็อคโคลี่: ตามต้องการ
แครอท: ตามต้องการ
ข้าวโพดอ่อน: ตามต้องการ
กะหล่ำดอก: ตามต้องการ
ซื้อิ๊วขาว: พอประมาณ
น้ำมันหอย: 1/2 ช้อนโต๊ะ"
ต้มยำไก่ผัดแห้ง,"เนื้อไก่: 200 กรัม
น้ำพริกเผา: 2 ช้อนโต๊ะ
น้ำปลา: 2 ช้อนโต๊ะ
น้ำตาล: 2 ช้อนชา
มะนาว: 1 ลูก
ข่า ตะไคร้ ใบมะกรูด พริกสด: นิดๆหน่อยๆ
น้ำต้มสุก: 50 มล"
ไก่ต้มขมิ้น,"สะโพกไก่: 700 กรัม
กระเทียม: 15 กลีบ
หอมแดง: 15 หัว
ตะไคร้: 10 ท่อน
ขมิ้น: 4 กิ่ง
มะขามเปียก: 1 ปั้น
เกลือ: 1 ช้อนชา
ผงปรุงรส: 2 ก้อน
ใบมะกรูด: 2 กิ่ง"
หน่อไม้ผัดพริกแกงหมูสับ,"หน่อไม้ต้ม ซอยบางๆ: 1 ถ้วย
น้ำพริกแกงเผ็ด: 2 ช้อนโต๊ะ
หมูสับ: 1/4 ถ้วย
ใบมะกรูดฉีก: 4-5 ใบ
พริกไทยอ่อนตัดสั้นๆ: 3-4 ฝัก
พริกชี้ฟ้าซอย: 1 เม็ด
น้ำตาลทราย: 1/2 ช้อนโต๊ะ
น้ำปลา: 1-2 ช้อนโต๊ะ"
ข้าวยําไก่แซ่บ🌶️,"อกไก่: 
เกลือ: 
พริกไทยป่น: 
แป้งชุบทอด: 
น้ำเปล่า: 
เกล็ดขนมปัง: 
น้ำมันพืช: 
หัวหอมแดง: 
ต้นหอม: 
สะระแหน่: 
น้ำปลา: 
มะนาว: 
พริกป่น: 
ข้าวคั่ว: 
ข้าวสวย: "
หมึกผัดต้นหอม,"หมึกกล้วย: 3 ตัว
ต้นหอม: 5-10ต้น
พริกเขียว/แดง: 10 ดอก
น้ำตาลทราย: 1 ชต
น้ำมันหอย: 2 ชต
ซีอิ้วขาว: 1 ชต
หอมใหญ่: 1 หัว
น้ำปลา: 1 ชต"
ข้าวผัดแหนม,"แหนม: 1 แท่ง
ข้าวสวย: 1 ถ้วย
ไข่ไก่: 1 ฟอง
ต้นหอม: 1 ต้น
น้ำตาล: 1/2 ช้อนโต๊ะ
ซีอิ้วขาว: 1 ช้อนโต๊ะ
ผงปรุงรสหมู: 1/2 ช้อนโต๊ะ
มะเขือเทศหั่นเต๋า: 1 ลูก
น้ำมัน: 2 ช้อนโต๊ะ"
แกงส้มผักบุ้งปลาน้ำดอกไม้,"ผักบุ้งไทย: 2 กำ
ปลาน้ำดอกไม้: 2 ตัว
พริกแกงส้ม: 2 ขีด
มะขามเปียก: 5 ฝัก
น้ำปลา: 5ช้อนโต้ะ
น้ำตาลปี๊บ: 3ช้อนโต้ะ
เกลือ: 2ช้อนโต้ะ
น้ำเปล่า: 4 ลิตร"
แกงเนื้อใบกระเพรา,"เนื้อวันหั่น: 4 ขีด
พริกแกง: 2 ช้อนโต๊ะ
ใบกระเพรา: 2 หยิบมื
น้ำตาล: 
น้ำปลา: 
น้ำมันพืช: 
น้ำเปล่า:"
แกงหมูสามชั้น,"หมูสามชั้น: ครึ่งกิโลกรัม
พริกแกงเผ็ด: 2 ช้อนโต๊ะ
กะทิกล่อง: 1 กล่อง
มะเขือพวง: 1 ขีด
พริกชี้ฟ้าแดง-เขียวซอย: 4 เม็ด
ใบมะกรูดหั่นหยาบ: 2 ใบ
น้ำเปล่า: 1 ถ้วย
น้ำปลา: 
น้ำตาล:"
ข้าวผัดคะน้าปลาเค็ม,"ข้าวสวยเก่า: 3 ถ้วย
ปลาอินทรีย์เค็ม: 1 ชิ้น
คะน้าต้นใหญ่: 4 ต้น
ไข่ไก่: 3 ฟอง
กระเทียม: 4 กลีบ
น้ำปลา: 3 ช้อนโต๊ะ
น้ำตาล: 1 ช้อนโต๊ะ
น้ำมัน: 5 ช้อนโต๊ะ
พริกจินดา: 10 เม็ด"
ผัดพริกหยวกปลาหมึก,"ปลาหมึกขนาดกลาง: 2 ตัว
ต้นหอม: 2 ต้น
หอมใหญ่: 1 หัว
น้ำตาลทราย: 1 ช้อนโต๊ะ
ซอสปรุงรส: 1 ช้อนโต๊ะ
ซอสหอยนางรม: 1 ช้อนโต๊ะ
น้ำมันมะกอก: 1 ช้อนโต๊ะ
พริกหยวกหั่น: 2 ผล"
แกงหอยแครงชะอม,"หอยแครงแกะ: 300กรัม
ชะอมรูด: 50กรัม
กะทิ: 250ซีซี
น้ำตาลทราย: 3ชช
น้ำปลาอย่างดี: 5ชต
พริกแกงเผ็ดละเอียด: 2ชต"
ขนมจีนน้ำพริก,"กะทิ: 750 มล
ไตปลา: 3 ชต
กุ้ง: ½ โล
พริกแกงแดง: 1 ขีด
หอมเจียว: 1 ถ้วย
กระเทียมเจียว: 1 ถ้วย
ถั่วป่น: 1 ถ้วย
ระกำ หรือมะขามเปียก: ตามชอบ
น้ำตาลปี๊บ: 2 ชต
ผักชี: ตามชอบ"
ตำยอดมะพร้าวกุ้งแช่น้ำปลา,"ยอดมะพร้าว: 1/2 กก.
กุ้งแช่น้ำปลา: 8-10 ตัว
น้ำปลาร้าต้มสุก: 2 ทัพพี
น้ำปลา: 1-2 ช้อนโต๊ะ
มะนาว: 2-3 ผล
ถั่วฝักยาว: 2 ฝัก
มะเขือเทศสีดา: 5 ผล
มะกอกสุก: 1 ผล
ผักก้านจอง: 5-6 ก้าน
พริกแห้ง/พริกชี้ฟ้าแดง: 15-20 เม็ด หรือตามชอบ
กระเทียมไทย: 10-15 กลีบ
น้ำตาลโตนด/น้ำตาลปี๊บ: 1-2 ช้อนโต็ะ
ผงชูรส (สำหรับผมไม่ใส่): แล้วแต่ชอบ"
ยำปลาไข่ทอดกรอบ,"ปลาไข่: 8 ตัว
ดอกอัญชัน: 10 ดอก
แป้งโกกิ: 1 ถ้วย
เกล็ดขนมปัง: 1 ถ้วย
ไข่ไก่: 1 ฟอง
น้ำพริกเผา: 1 ช้อนโต๊ะ
น้ำปลา,พริกไทย,น้ำตาล,ผงออริกาโน: ตามชอบ
พริกขี้หนูจินดา: 5 เม็ด
หัวหอม: 6 หัว"
ยำแตง 🥒,"แตงล้าน: 
หัวหอมแดง: 
พริกขี้หนู: 
น้ำเชื่อม: 
น้ำปลา: 
มะนาว: "
สปาเก็ตตี้ผัดต้มยำหมู,"เส้นสปาเก็ตตร่ต้มสุก: 
หมูชิ้น: 
พริกขี้หนูตำ: 
น้ำมันพริกเผา: 
นมสด: 
เห็ดฟาง: 
ผักชี: 
เครื่องต้มยำหั่นฝอย: 
มะนาว: 
พริกทอด: "
ดอกขจรผัดวุ้นเส้น,"ดอกขจร: 1 ถ้วย
ไข่ไก่: 1 ฟอง
วุ้นเส้น: 40 กรัม
มะเขือเทศราชินี: 5-6 ลูก
กระเทียม: 3 กลีบ
ซีอิ๊วขาว: 1-2 ช้อนโต๊ะ
น้ำตาล: 1-2 ช้อนชา
พริกไทย:"
ผัดพริกแกงลูกชิ้นถั่วฝักยาว,"ลูกชิ้น: 3 ขีด
ถั่วฝักยาว: 2 ขีด
ใบโหระพา: 1 กำ
พริกแกง: 1 ช้อนโต๊ะ
ซอสหอยนางรม: 2 ช้อนโต๊ะ
น้ำตาล: ปลายช้อน
น้ำมัน: 4 ช้อนโต๊ะ"
น้ำมันกระเทียมเจียว,"กระเทียม: 
น้ำมันพืช: "
มะเขือยาวผัดเต้าเจี้ยว,"มะเขือยาว: 300 กรัม
หมูสับ: 100 กรัม
ใบโหระพา: ตามชอบ
พริกขี้หนู(พริกแดงจินดา): 8 เม็ด
กระเทียมสับ: 1 ช้อนโต๊ะ
เต้าเจี้ยว: 1 ช้อนโต๊ะ
ซอสหอยนางรม: 1 ช้อนโต๊ะ
ซอสปรุงรส: 1 ช้อนชา
ซีอิ้วขาว: 1 ช้อนชา
น้ำตาลทราย: 1 ช้อนชา
ผงคนอร์อร่อยชัวร์: 1 ช้อนชา
น้ำมันสำหรับผัด: 2 ช้อนโต๊ะ
้น้ำมันสำหรับทอด: 1/4 ถ้วย"
อกไก่ผัดกระเทียมพริกไทย,"อกไก่ขนาดกลาง: 1 ชิ้น
เนยเค็ม: 1 ก้อน
กระเทียม: 8 กลีบ
น้ำตาล: 
น้ำปลา: 
พริกไทย:"
น้ำซุปโครงไก่,"โครงไก่สับ: 1 โครง
แครอท: ครึ่งหัว
หอมหัวใหญ่: 1 หัว
ซีอิ๊วขาว: 3 ช้อน
เกลือ: 1 ช้อนชา
น้ำเปล่า: 1 ลิตร
น้ำพริกไทยรากผักชีตำละเอียด: 1 ช้อนโต๊ะ"
ไข่ต้มทรงเครื่อง,"ไข่ไก่: 3ฟอง
หมูสับ: 20บาท
พริกไทย: 
น้ำปลา: 
ผงคนอร์: 
น้ำตาล: 
น้ำมันหอย:"
ฉู่ฉี่ปลาหมอ,"ปลาหมอตัวใหญ่ๆ: 2 ตัว
เครื่องแกงผัดเผ็ดภาคกลาง: 200 กรัม
เครื่องแกงพะแนงกับกระชายสับละเอียด: 100 กรัม
กระชายซอย: 50 กรัม
ใบมะกรูดซอย: 20 กรัม
กะทิคั้น: 400 กรัม
คะไคร้หั่นท่อน: 2 ต้น
ข่า: 20 กรัม
ใบมะกรูดฉีก: 15 กรัม
พริกขี้หนูสวน: 10-15 เม็ด"
ก๋วยเตี๋ยวเนื้อสับ,"เนื้อบด: 
หัวหอมใหญ่: 
มะเขือเทศ: 
ผงกะหรี่: 
น้ำซุป: 
ซีอิ๊วขาว: 
น้ำมันหอย: 
น้ำตาล: 
เส้นใหญ่: 
กระเทียม: "
ปลาทูทอด,"น้ำมัน: 
ปลาทู: 2 ตัว"
ผัดกะเพราไข่ดาวราดข้าว,"หมูสับ: 1/2 ถ้วย
กระเทียมสับ: 1 ช้อนโต๊ะ
พริกขี้หนูสับ: 1 ช้อนโต๊ะ
ใบกะเพรา: 1 กำ
ซีอิ๊วดำ: 1 ช้อนชา
ซีอิ๊วขาว: 1 ช้อนโต๊ะ
ซอสปรุงรสฝาเขียว: 1 ช้อนชา
ซอสหอยนางรม: 1 ช้อนโต๊ะ
น้ำตาล: 1 ช้อนชา"
หัวใจไก่ผัดกระเพราโบราณ,"หัวใจไก่ 1ดวงหั่น3: 20ดวง
ตับไก่1ก้อนหั่น5: 2ก้อน
ไก่สับ (เนื้ออก): 1ขีด
พริกตำกับกระเทียม: 2ชต
ใบมะกรูด: 10ใบ
พริกชี้ฟ้าแดงซอยไม่เอาเม็ด: 1เม็ด
น้ำมันหอย: 1-2ชต
น้ำตาล: 2ชช
ซอสปรุงรส: 1ชช
น้ำปลา: 2ชช
ซีอิ้วดำ: 1ชช
ใบกระเพราเด็ด: 1-2กำ"
อาหารไทย ข้าวแมว,"ปลาทูนึ่ง: 2 ตัว
ข้าว: 2 ถ้วย
ซี้อิ้วขาว: 1 ช้อนโต๊ะ
น้ำมันหอย: 1/2 ช้อนโต๊ะ
น้ำตาล: 1 ช้อนชา
พริกไทย: 1/2 ช้อนชา
กระเทียมไทย: 15 กลีบ
น้ำมัน:"
หมูสามชั้นต้มน้ำจิ้มซีฟู้ด,"หมูสามชั้น: 500 กรัม
ตะไคร้: 4 ท่อน
ข่า: 4 แว่น
กระเทียม: 7 กลีบ
พริกจินดา: 7 เม็ด
มะนาว: 2 ลูก
น้ำปลา: 2 ช้อนโต๊ะ
น้ำตาล: 1 ช้อนโต๊ะ"
ไข่ลูกสะใภ้ 🍳,"ไข่ไก่: 4 ฟอง
น้ำมันพืช: พอประมาณ
น้ำตาลปี๊บ: ตามชอบ
น้ำมะขามเปียก: ตามชอบ
น้ำปลา: ตามชอบ
พริกไทยขาว: เล็กน้อย
พริกแห้ง: 4 เม็ด
ผักชี: เล็กน้อย
แป้งชุบทอด: พอประมาณ"
ก๋วยเตี๋ยวคั่วทะเล,"เส้นใหญ่: 150 กรัม
กุ้งขาวแกะเปลือกผ่าหลัง: 3 ตัว
หมึกกรอบแช่หั่นชิ้น: 5 ชิ้น
ไข่ไก่: 1 ฟอง
ตังฉ่าย: 1 ช้อนชา
ซีอิ๊วขาว: 2 ช้อนชา
ต้นหอมซอย: 1 ถ้วย
ผักกาดหอมรองจาน: -
น้ำมันหมู: 1 ช้อนโต๊ะ
พริกไทยขาวป่น: -"
แกงจืดฟักอ่อนหมูสับ,"1. หมูสับ: 1 ถ้วยตวง
2. เห็ดหอมแห้ง: 1-2 ชิ้น
3. ฟักอ่อน: ½ ลูก
4. กุ้งแห้ง: 1 ช้อนโต๊ะ
5. น้ำเปล่า (สำหรับแช่กุ้งแห้งและเห็ดหอม): 1 ถ้วยตวง
6. ซีอิ้วขาว: 1 ช้อนโต๊ะ
7. น้ำตาล: 1 ช้อนชา
8. ผักชี: 1 ต้น
9. ผงปรุงรส (ใส่หรือไม่ใส่ก็ได้): 1 ช้อนชา"
กะเพราทูน่า 🌶️,"ทูน่าในน้ำแร่: 1 กระป๋อง
พริกขี้หนู: 7 เมล็ด
กระเทียม: 1 กลีบใหญ่
ใบกะเพรา: 1 ต้น
น้ำมันถั่วเหลือง: เล็กน้อย
น้ำตาลทราย: ตามชอบ
ซอสหอยนางรม: ตามชอบ
อร่อยชัวร์: ตามชอบ
น้ำเปล่า: เล็กน้อย"
แกงเทโพใส่หมูสามชั้น,"หมูสามชั้น (หั่นชิ้นพอคำ ไม่ต้องหนามาก): 200 กรัม
ผักบุ้งไทย (หั่นท่อนพอคำ ล้างให้สะอาด): 400 กรัม
หัวกะทิ: 1 ถ้วย
หางกะทิ: 2 1/2 ถ้วย
น้ำมะขามเปียก: 3-4 ช้อนโต๊ะ
น้ำตาลปี๊บ: 1 ช้อนโต๊ะ
น้ำปลา: 3 ช้อนโต๊ะ
มะกรูด ผ่าครึ่ง เอาเมล็ดออก): 2 ลูก
เกลือ: 1 ช้อนชา
ใบมะกรูด: 4-5 ใบ
ผงปรุงรสคนอร์ อร่อยชัวร์: 2 ช้อนชา
น้ำพริกแกงเผ็ด: 100 กรัม"
ไก่คั่วสมุนไพร,"เนื้อไก่: 800 กรัม
ใบมะกรูด: 10 ใบ
ตะไคร้: 2 ต้น
ซีอิ๊วขาว: 2/4 ช้อนโต๊ะ
น้ำตาล: 1 ช้อนชา
กระเทียมไทย: 10 กรีบ
พริกขี้หนูสวน: 10 เม็ด
พริกชี้ฟ้าซอย: 1 เม็ด
ซอสหอยนางรม: 2/4 ช้อนโต๊ะ
พริกไทยผง: 1/4 ช้อนชา"
หมูสามชั้นทอดกรอบ(กรอบมากกรอบนานกรอบอร่อย),"หมูสามชั้น: 800 กรัม
น้ำปลาอย่างดี: 3 ช้อนโต๊ะ
แป้งทอดกรอบ: 3 ช้อนโต๊ะ
น้ำเย็นจัด: 3 ช้อนโต๊ะ
น้ำตาลทราย: 1 ช้อนชา
พริกไทยป่น: 1 ช้อนชา
น้ำมันสำหรับทอดหมู:"
ปลาดอลลี่ผัดพริกเผา เมนูผัด ลดน้ำมัน,"ปลาดอลลี่: 300 กรัม
พริกเผาหยาบ: 2 ช้อนโต๊ะ พูนๆ
กระเทียม: 2-3 กลีบ
ถั่วฝักยาวหั่น: 4-5 ฝัก
พริกชีฟ้าแดง ซอยยาว: 1 เม็ดใหญ่
โหระพาเด็ด: 1 ขยุ้ม
น้ำมันหอย: 1 ช้อนโต๊ะพูนๆ
ซีอิ๊วขาวรสเห็ดหอม: 1 ช้อนโต๊ะ"
น้ำซุปหัวไชเท้ากระดูกอ่อน,"หัวไชเท้า: 1 หัว
น้ำเปล่า: 1 ลิตร
กระดูกอ่อน: 1/2 Kg.
เกลือ: 1 ช้อนโต๊ะ
ซีอิ๊วขาวเห็ดหอม: 2 ช้อนโต๊ะ
ผงปรุงรส: 1 ช้อนโต๊ะ"
หมูฝอย,"เนื้อหมูส่วนสะโพกไม่ติดมัน: 500 กรัม
น้ำตาลปีบ: 1/4 ถ้วย
ซีอิ๊วขาว: 1/4 ถ้วย
พริกไทย: 2 ช้อนชา
น้ำมันรำข้าวสำหรับทอด: 2 ถ้วย
น้ำสะอาด สำหรับต้ม1 หม้อ: 
หอมแดงซอย: 1/4 ถ้วย"
หมูเด้ง (แบบง่ายมาก),"หมูสับ: 
แป้งมัน: 
น้ำเย็น: 
น้ำตาลทราย: 
ซีอิ๊วขาว: 
น้ำเปล่า: "
แกงกล้วยน้ำว้าดิบ,"กล้วยน้ำว้าดิบ: 1 หวี
เนื้อหมูติดมันหรือคอหมู: 200 กรัม
กะทิ(หัว 1+หาง 2): 3 ถ้วย
พริกแกงเผ็ด: 2 ช้อนโต๊ะ
น้ำปลา: 1+1/2 ช้อนโต๊ะ
น้ำตาลปี๊บ: 1 ช้อนโต๊ะ
พริกชี้ฟ้าแดง: 2 เม็ด
ใบมะกรูดฉีก: 7-8 ใบ"
ขแกงงพะแนงหมู,"เนื้อหมู: 200กรัม
พริกแกงพะแนง: 1ช้อน
กะทิ: 200กรัม
น้ำตาลปี้บ: 1ชช
น้าปลา: 1ชช
มะเขือพวง: 1กำ
ใบมะกรูดหั่นฝอย: 2ใบ
ผงคนอร์: 1ช้อนชา"
ต้มข่ากระดูกหมูอ่อนใบพาย,"กระดูกหมูอ่อนส่วนใบพาย: 3ขีด
หอมหัวใหญ่: 1/2 หัว
เห็ดชิเมจิ: 150 กรัม
มะเขือเทศ: 2 ลูก
ข่า: 7-8 แว่น
ตะไคร้หั่นแฉลบ และใบมะกรูด: ตามชอบ
พริกขี้หนู: 10 เม็ด
พริกแห้งทอด: 4-5 เม็ด
ผักชีฝรั่ง: 3 ต้น
รากผักชี: 3 ราก
น้ำปลา: 5 ช้อนโต๊ะ
มะนาว: 3 ลูก"
ปลากะพงทอดขมิ้น,"เนื้อปลากะพง: 180 กรัม
ขมิ้นหั่นแว่น: 1 ช้อนโต๊ะ
กระเทียม: 5 กลีบ
พริกไทยขาวเม็ด: 10 เม็ด
น้ำปลา: 1 ช้อนโต๊ะ
รากผักชี: 1 ราก
เกลือ: 1/2ช้อนชา
น้ำมันสำหรับทอด: 
น้ำเปล่า: เล็กน้อย
แป้งทอดกรอบ: 2ช้อนโต๊ะ"
กุ้งแม่น้ำคั่วเกลือ,"1.กุ้งแม่น้ำ: 1 kg.
2.เกลือป่น: 1ช้อนชา
3.น้ำตาลทราย: 2 ช้อนชา"
ไก่ต้มน้ำปลาน้ำตาลมะพร้าว (สูตรไม่ใส่ซีอิ๊วดำ),"เนื้อไก่น่องสะโพก: 2 ชิ้น
ปีกบน: 9 ชิ้น
ซอสข้นปรุงรส รสไก่: 2 ช้อนโต๊ะ
น้ำตาลมะพร้าว: 1+1/2 ช้อนโต๊ะ
น้ำปลาอย่างดี: 10 ช้อนโต๊ะ
ตะไคร้: 3 ต้น
ใบมะกรูด: 10 ใบ
กระเทียมไทย: 2 หัว
ซอสปรุงรส: 2 ช้อนโต๊ะ
น้ำเปล่า: 4 ถ้วย
พริกไทยขาวป่น: 1 ช้อนชา
พริกแดงและผักชีสำหรับตกแต่ง: ตามชอบ
น้ำจิ้มซีฟู้ด: ตามชอบ"
ขนมจีนน้ำยาป่าปลาดุกย่าง,"ปลาดุกย่าง: 2 ตัว
กระเทียม: 5 กลีบ
หอมแดง: 5 หัว
กระชาย: 8 ราก
ตะไคร้: 2 ต้น
ใบมะกรูด​: 10 ใบ
พริกแห้ง: 7 เม็ด
ขนมจีน: 1 กิโล​กรัม
น้ำเปล่า: 6 ถ้วย
เกลือ: ปรุงรส"
บะช่อตำลึงเต้าหู้หมูสับ,"ซี่โครงหมู: 3-4 ชิ้น
รากผีกชี: 2 ราก
กระเทียม: 3 กลีบ
พริกไทยป่น: 1 ช้อนชา
น้ำเปล่า: 2/3 หม้อ
เกลือ: 1 ช้อนชา
หมูสับ: 100 กรัม
เต้าหูอ่อน: 2 ก้อน
ตำลึง: 1 กำ"
ไส้กรอกข้าว,"ข้าวหุง 2 กระป๋อง: 2 กระป๋อง
หมูสับ: 300g
หมูสามชั้น: 1 เส้น
กุนเชียง: 1 ท่อน
เห็ดหอม: 6 ดอก
กระเทียมสับ: 1 ถ้วย
รากผักชี: 3 ต้น
พริกไทย: 1ช้อน
เกลือ: 1-2 ช้อน
ไส้อ่อน: 2 ขีด"
หมูตุ๋นเห็ดหอม,"หมูเนื้อแดง: 1/2 กก.
กะกล่ำปลี: 1 หัว
เห็ดหอม: ตามชอบ
ซีอิ้วดำหวาน: 2 ทัพพี
น้ำตาลปี๊บ: 1 ชต
ผงปรุงรสเนื้อ: 2 ชต
น้ำมันหอย: 1 ทัพพี
สามเกลอ: 2 ชต
น้ำมันรำข้าว: 3 ชต
น้ำสะอาด: 2-3 ถ้วย
ผงพะโล้: 1 ชต"
ต้มยำน้ำข้นปลาซาบะ,"ปลาซาบะ(หั่นเป็นแว่นหนาๆ): 1 ตัว
ข่า.  (หั่นเป็นแว่น): 4 แว่น
ตะไคร้(ทุบพอแตก): 1 ต้น
พริกขี้หนู(บุบพอแตก): 5 เม็ด
ใบมะกรูด (ฉีก).    : 1ใบ
หอมแดง(ทุบพอแตก) : 1/2 หัว
ผักชีฝรั่ง(หั่นหยาบๆ): 1 ใบ
เห็ดนางรมหลวง(หั่นเป็นชิ้น).: 1 ดอก
นมสด: 1/4 ถ้วย
น้ำปลา.       : 1ช้อนโต๊ะ
น้ำมะนาว.: 1ช้อนโต๊ะ
น้ำพริกเผา. : 1/2ช้อนโต๊ะ
น้ำตาล: 1 ช้อนชา"
กะเพรากั้ง,"กั้ง: 1 จาน
ใบกะเพรา: 1 ถ้วย
พริก: 1 กำ
กระเทียม: 1 กำ
ซอสหอยนางรม: 2-3 เหยา
ซีอิ๊วขาว: 2-3 เหยาะ
น้ำปลา: 2-3เหยาะ
น้ำตาล ใส่ไม่ใส่ตามชอบ: ตามชอบ"
หอยลายผัดน้ำพริกเผา,"น้ำมันพืช: 1 ช้อนโต๊ะ
กระเทียมสับ: 1 ช้อนโต๊ะ
น้ำพริกเผา: 1 ช้อนโต๊ะ
ซอสหอยนางรม: 1 ช้อนโต๊ะ
ซีอิ๊วขาว: 1 ช้อนชา
น้ำปลา: 1 ช้อนชา
น้ำตาลทราย: 1/2 ช้อนชา
หอยลาย: 200 กรัม
ใบโหระพา: 1/2 ถ้วยตวง"
ผัดเปรี้ยวหวานไก่กรอบ,"สันในไก่หั่นชิ้นพอดีคำ: 2-3 เส้น
แป้งอเนกประสงค์: 1 ถ้วย
หอมใหญ่ปอก หั่นเสี้ยว: 1 ลูก
มะเขือเทศสีดาผ่าครึ่ง: 2-3 ลูก
พริกหวานหั่นพอดีคำ: 1/2 ลูก
แตงร้าน ปอกเปลือก หั่นชิ้นพอดีคำ: 1/2 ลูก
เห็ดหอมสดผ่าสี่: 2 ดอก
ต้นหอมหั่นท่อน: 3-4 ต้น
กระเทียมสับ: 1 ช้อนโต๊ะ
น้ำตาลทราย: 1 ช้อนโต๊ะ
ซอสปรุงรส: 1 ช้อนโต๊ะ
ซอสมะเขือเทศ: 1/2 ถ้วย
น้ำส้มสายชู: 1 ช้อนโต๊ะ"
กุ้งเผา,กุ้ง: 1 กิโลกรัม
ปลามงทอด,"ปลามง: 1 ชิ้น
น้ำมันปาล์ม: 1/2 ขวด
เกลือสมุทร: 1/2 ช้อนชา"
ไก่ผัดเผ็ดกะทิสด,"อกไก่: 500 กรัม
พริกแกงเผ็ด: 50 กรัม
กะทิ: 250 มล
ซอสหอยนางรม: 1 ช้อนโต๊ะ
น้ำตาลปี๊บ: 1/2 ช้อนโต๊ะ
ใบมะกรูดอ่อน: 10 ใบ"
โจ๊กทรงเครื่อง 🥚,"โจ๊กสำเร็จรูปแบบซองรสหมู: 2 ซอง
น้ำเปล่า: 1/2 ถ้วย
หมูสับ: 2 ช้อนโต๊ะ
ตับหมู: 4 ชิ้น
ต้นหอม: 1 ต้น
ผักชี: 1 ใบ
ขิง: 1 แผ่น
พริกไทย: ตามชอบ"
แกงคั่วเห็ดเผาะใส่หน่อไม้ดอง,"เห็ดเผาะสด (อ่อน/แก่ตามชอบ): 1 ลิตรเล็ก (ประมาณ 300 กรัม
หน่อไม้ดอง: 100 กรัม
ชะอมและชะพลู (ถ้ามี): ตามชอบ
หัวกะทิ: 500 มิลลิกรัม
พริกแกงเผ็ด: แล้วแต่ชอบ
เครื่องปรุงรส (น้ำปลา, น้ำตาล): ตามชอบ"
ผัดผักรวมไก่สับ,"ไก่สับ: 150 กรัม
ไข่ไก่: 2 ฟอง
บล๊อคโคลี: 50 กรัม
แครอท: 50 กรัม
ฟักทอง: 50 กรัม
ข้าวโพดอ่อน: 30 กรัม
น้ำมันหอย: 1 ช้อนชา
ซีอิ้วขาวโลว์โซเดียม: 1 ช้อนชา
น้ำมันมะกอก: 1 ช้อนโต๊ะ
น้ำซุป: 2 Oz
กระเทียมสับ: เล็กน้อย"
แกงกะทิไก่หน่อไม้ดอง,"สะโพกไก่: ครึ่งกิโลกรัม
ตีนไก่: ครึ่งกิโลกรัม
เลือดไก่: 1 ก้อน
หน่อไม้ดอง: ครึ่งกิโลกรัม
ใบโหระพา: 1 กำ
พริกแกงแดงหยาบ: 1 ขีด
กะทิ: ครึ่งกิโลกรัม
น้ำตาลมะพร้าว: 1 ช้อนโต๊ะ
น้ำปลา: 2 ช้อนโต๊ะ
พริกชี้ฟ้าแดง: 1 เม็ด"
ต้มยำน้ำข้นหมูเด้ง 🌶️,"น้ำเปล่า: 
หมูเด้ง: 
เห็ดชิเมจิ: 
ใบมะกรูด: 
ตะไคร้: 
พริกแห้ง: 
ซุปก้อน: 
เกลือ: 
มะนาว: 
พริกป่น: 
น้ำปลา: 
นมจืด: 
น้ำะริดเผ: "
ห่อหมกปลากระพง,"พริกขี้หนูสด: 12 เม็ด
ขมิ้นความยาวประมาณ 2 ข้อนิ้ว: 1 อัน
กระเทียม: 3 กลีบ
ตะไคร้: 1 ต้น
ใบมะกรูด: 2 ใบ
กะปิ: 1 ช้อนโต๊ะ
เกลือ: 1/2 ช้อนชา
ผงคนอร์รสหมู: 1/2 ช้อนชา
น้ำตาลปี๊ป: 1 ช้อนชา
หอมแดง: 1 หัว
น้ำปลา: 1 ช้อนชา
ไข่ไก่: 1 ฟอง
หัวกะทิ: 120 ml
เนื้อปลากระพงหั่นเต๋า: 150 กรัม
เนื้อปลาซาบะสับละเอียด: 150 กรัม
ใบชะพลู: 
กะหล่ำปลีซอย: 
ใบโหระพา: 
ปลาหมึก:"
บะหมี่ผัดเย็นตาโฟแห้ง,"บะหมี่: 1
ลูกชิ้นปลา: ตามชอบ
ลูกชิ้นกุ้ง: ตามชอบ
ฮื่อก๊วย: ตามชอบ
เกี๊ยวปลา: ตามชอบ
ปลาหมึกกรอบ: ตามชอบ
ผักบุ้งไทย: ตามชอบ
ซอสเย็นตาโฟ: 1
พริกแดงจินดา: 4-5 เม็ด
กระเทียม: 3-4 กลีบ
ซอสหอยนางรม: 1/2 ช้อนโต๊ะ
น้ำตาล: 1/2 ช้อนชา
ซีอิ๊วขาว: 1/2 ช้อนชา
น้ำส้มสายชู: 1 ช้อนชา
น้ำมัน: 1/2 ช้อนโต๊ะ"
ผัดพริกแกงกุ้งถั่วฝักยาว,"กุ้ง: 400 กรัม
ไข่: 2 ฟอง
ถั่วฝักยาว: 400 กรัม
พริกแกงเผ็ด: 2 ช้อนโต๊ะ
น้ำตาล: 1 ช้อนชา
น้ำมัน: 1 ช้อนโต๊ะ
ใบมะกรูด: 7 ใบ
โหระพา: 2 กิ่ง
ซอสหอยนางรม: 1 ช้อนโต๊ะ
น้ำปลา: 1 ช้อนโต๊ะ"
ยำไข่ต้ม,"ไข่ไก่ หรือไข่เป็ด: 3 ฟอง
น้ำมะนาว: 3 ช้อนโต๊ะ
น้ำปลา: 3 ช้อนโต๊ะ
น้ำตาล: 1/2 ช้อนโต๊ะ
พริกซอย: ตามชอบ
หอมแดงซอย: ตามชอบ
น้ำสะอาด:"
ต้มยำไก่,"อกไก่: 2 ชิ้น
ซี่โครงไก่: 1 ตัว
เครื่องปรุงต้มยำโลโบ้: 1 ซอง
มะเขือเทศ: 2 ลูก
หอมใหญ่: 1 ลูก
ต้นหอมผักชี: 
ข้าวโพดอ่อน: 1 ถุง
มะนาว: 
น้ำปลา: 
น้ำตาล: 
น้ำสะอาด:"
แกงเขียวหวานไก่ใส่หน่อไม้,"ไก่สับ: 1/2 ตัว
เลือดไก่: 1 ก้อน
มะเขือเปราะ: 500 กรัม
หน่อไม้: 1 หน่อ
โหระพา: 4 กิ่ง
พริกแกงเขียวหวาน: 150 กรัม
กะทิ: 1000 มิลลิลิตร
น้ำตาลปี๊บ: 1 ช้อนโต๊ะ
ผงปรุงรส: 2 ก้อน
น้ำปลา: 2 ช้อนโต๊ะ
มะเขือพวง: 50 กรัม"
ผัดกะเพราขาหมูพะโล้,"ขาหมูพะโล้ส่วนเนื้อ-หนัง: 200 กรัม
กระเทียม: 6 กลีบ
พริกขี้หนู: 8-10 เม็ด
ใบกะเพรา: 5 ต้น
น้ำมัน: 3 ช้อนโต๊ะ
น้ำปลา: 2 ช้อนโต๊ะ
ซีอิ๊วดำ (หวาน): 2 ช้อนชา"
กุ้งอบภูเขาไฟ,"1.กระเทียมสด: 10กลีบ
2.พริกไทยเม็ด: 5-10
3.รากผักชี,ขิงอ่อน: 3-4ชิ้น
4.วุ้นเส้น: 1ห้อกลาง
5.กุ้งสด: 0.5กก.
6.ขึ้นฉ่าย: 1-2ต้น
7.มันหมูหั่นชิ้นบาง: 2-3ชิ้น
8.ซอสหอยนางรม: 2ช้อนโต๊ะ
9.ซอสปรุงรส: 2ชต
10.น้ำตาลทราย: 1ช้อนชา
11.ซีอิ้วดำ: 1ช้อนชา"
บะจ่างใบบัว,"ข้าวเหนียว กลางปี -ใหม่ เนื่องจากเราใช้นึ่งไม่ได้ต้ม นะคะ ข้าวเก่าจะสุกยาก: 500 กรัม
หมูสามชั้น: 1 ถ้วย
กุ้งแห้ง: 1 ถ้วย
ถั่วลิสงดิบ: 1 ถ้วย
เห็ดหอมแห้งแช่น้ำ: 1ถ้วย
ไข่แดงเค็มดิบ (ตามชอบ): 7-14 ฟอง
แปะก๊วย: 1/2 ถ้วน
กุนเชียง: 1 ถ้วย
ผงพะโล้: 2ช้อนชา
ซีอิ๊วขาว: 1ถ้วย
น้ำตาลปีบ: 1/2ถ้วย
พริกไทย: 1/4 ถ้วย"
ข้าวผัดไก่ย่าง,"ไก่ย่างฉีก: 1/4 ตัว
ข้าวสวย: 1 ถ้วย
ไข่ไก่: 1 ฟอง
ต้นหอมซอย: 1 ต้น
ซีอิ๊วขาว: -
ซอสปรุงรส: -
น้ำตาล: -
น้ำมันพืช: 1 ช้อนโต๊ะ"
ดอกกะหล่ำผัดกุ้งเห็ดหอม,"ดอกกะหล่ำ: 1หัว
กุ้งสด: 3ตัว
เห็ดหอมแช่น้ำซอย: 3-4หัว
น้ำตาล: 3ชช
น้ำปลา: 1ชช
น้ำมันหอย: 1ชต
ซอสปรุงรส: 1ชช
พริกไทป่น: 1/2ชช
กระเทียมสับ: 1ชช"
น้ำพริกนรกแตก,"กระเทียมไทยกลีบเล็ก1: 500 กรัม
พริกจินดาแห้ง1: 100 กรัม
ผงปรุงรสหมู/ไก่ หรือเกลือป่น: ตามชอบ
น้ำตาลทราย1: ตามชอบ
กระเทียมไทยกลีบเล็ก2: 500 กรัม 2
พริกหัวเรือแห้ง2: 100 กรัม
ผงปรุงรสปาปริกาก้า: ตามชอบ
น้ำตาลทราย2: ตามชอบ
น้ำมันพืช: สำหรับเจียวกระเทียม"
ใบเหลียงผัดไข่,"ใบเหลียง: 250 g
ไข่ไก่: 2 ฟอง
น้ำตาลทราย: 
น้ำปลา: 
น้ำมันหอย: 
รสดี: 
กระเทียม: 3 กลีบ"
สะตอผัดกะปิ,"สะตอ: 50 กรัม
หมู: 100กรัม
พริกขี้หนูสวน: 10-15 เม็ด
กระเทียม: 10 กลีบ
หอมแดง: 5 หัว
กะปิน้ำพริก กะปิใต้: 1 ช้อนโต๊ะ
น้ำตาล: 1 ช้อนชา
มะนาว: 1 ชิ้น
มะกูด: 2-3 ใบ"
แกงป่าหมูป่าใบยี่หร่า,"เนื้อหมูป่า: 250 กรัม
มะเขือเปราะ: 5 ลูก
ฟักทอง: 1/2 ถ้วย
ข้าวโพดอ่อน: 1/2 ถ้วย
กระชายหั่น: 1/4 ถ้วย
พริกไทยอ่อน: 2 ช้อนโต๊ะ
พริกชี้ฟ้า: 2 เม็ด
ใบยี่หร่าหรือกะเพราควาย: 10 ใบ
ใบกะเพรา: 1/2 ถ้วย
ใบมะกรูดฉีก: 5 ใบ
น้ำปลา: 2 ช้อนโต๊ะ
น้ำตาลทราย(ตัดรส): 1/2 ช้อนชา
น้ำมันสำหรับผัด: 1 ช้อนชา
น้ำเปล่า: 2-3 ถ้วย
พริกแกงเผ็ด: 2+1/2 ช้อนโต๊ะ"
เป็ดย่างผัดพริกแกงไข่เค็ม,"เป็ดย่าง: 150 กรัม
ใบกะเพรา: 15 กรัม
กระเทียม: 1 กลีบ
พริกจินดาแดง: 1 เม็ด
กระชาย (สับ): 2 ช้อนโต๊ะ
พริกแกงเผ็ดแดง: 2 ช้อนโต๊ะ
ใบมะกรูด: 4 ใบ
มะเขือพวง: 30 กรัม
มะเขือเปราะ: 2 ผล
พริกชี้ฟ้าแดง: ½ เม็ด
น้ำสต๊อกไก่: 100 มิลลิลิตร
ซอสหอยนางรม: 1 ช้อนโต๊ะ
น้ำปลา: 1 ช้อนชา
น้ำตาลทราย: 2 ช้อนชา
ไข่เค็มสุก: 1 ฟอง
น้ำมันรำข้าว: สำหรับทอด"
✿ แกงผักกวางตุ้ง ✿,"ผักกวางตุ้ง: 3 กำ
ซี่โครงหมู: 4 ขีด
พริกแกง: 1 ช้อนโต๊ะ
คนอร์: 1 ก้อน"
ปลาส้มผัดสมุนไพร,"ปลาส้มข้าวคั่ว: 
ปลาส้มข้าวสุก: 
ตะไคร้: 
หอมแดง: 
พริกขี้หนูสวน: 
ใบมะกรูด: "
ข้าวหมูตุ๋น,"เนื้อหมูติดมัน: 1 kg
รากผักชี กระเทียม พริกไทย ตำรวมกัน: 2 ช้อนโต๊ะ
ซอสปรุงรส: 1/2 ถ้วย
เกลือ: 1 ช้อนโต๊ะ
น้ำตาลกรวด: 4-5 เม็ด
ซีอิ๊วดำหวาน: 5 ช้อนโต๊ะ
ซีอิ๊วขาว: 1/2 ถ้วย
ผักดอง: 
ผักลวก: 
น้ำมันพืช: 
น้ำสตอกหมู:"
แกงหมูตะพาบน้ำ สูตรโบราณ แบบครบเครื่อง,"ขาหมูเลาะกระดูก: 1 กิโลกรัม
ใบโหระพา: ใส่ตามชอบ
มะเขือเทศ: 3 ลูก
ใบมะกรูด: 5-6 ใบ
พริกขี้ฟ้าแดง: 2 เม็ด
พริกแกงคั่วแบบหยาบ: 100 กรัม
กะทิ: 250 มิลลิลิตร
ระกำ: ใส่ตามชอบ
มะอึก(สำคัญ): 3-4 ลูก
กะปิ: 1/2 ช้อนโต๊ะ
กุ้งแห้งตำ: 2 ช้อนโต๊ะ
น้ำมะขามเปียก: ชิมรส
ผงปรุงรส: 1/2 ช้อนโต๊ะ
เกลือ: 1/2 ช้อนโต๊ะ"
สามชั้นคั่วพริกเกลือ,"สามชั้นหั่นชิ้นไม่ต้องบางมาก: 250 กรัม
กระเทียมไทยสับ: 2 ช้อนโต๊ะ
รากผักชีสับ: 1 ช้อนโต๊ะ
พริกจินดาสับ: 1 ช้อนโต๊ะ
เกลือ: 1 ช้อนชา
ซีอิ๊วขาว: 1 ช้อนชา"
ชื่ออาหาร,url
ลูกชิ้นเต้าหู้ทอด (เจ),https://www.pim.in.th/snack/1516-tofu-ball
ข้าวเม่าหมี่,https://www.pim.in.th/snack/501-2011-08-10-18-28-31
เผือกห่อฟองเต้าหู้,https://www.pim.in.th/snack/1514-fried-taro-rolls
ยำรากบัว สไตล์จีน,https://www.pim.in.th/snack/1469-spicy-lotus-root-salad
ไก่ทอดซอสหัวหอม,https://www.pim.in.th/snack/1503-snow-onion-chicken
ลูกชิ้นชุบแป้งทอด น้ำจิ้มมะขาม,https://www.pim.in.th/snack/1453-deep-fried-meat-balls
เกี๊ยวหมูทรงเครื่องไข่แดงเค็ม,https://www.pim.in.th/snack/1495-boiled-pork-wonton
ทูน่าคอร์นสลัด,https://www.pim.in.th/snack/1448-tuna-corn-salad
น้ำปลาหวานมะม่วง (สูตรปลาป่น),https://www.pim.in.th/snack/1483-sweet-fish-sauce-with-mango
ยำแตงกวา สไตล์จีน,https://www.pim.in.th/snack/1439-chinese-cucumber-salad
สังขยามันม่วง-ฟักทอง,https://www.pim.in.th/snack/1437-sweet-potato-custard
ปอเปี๊ยะไส้กรอกรมรมควัน,https://www.pim.in.th/snack/1275-betagro-sausage-spring-roll
แซลมอนห่อใบชะพลู,https://www.pim.in.th/snack/1227-grilled-salmon-wrapped-in-wild-betel-leaf
ขนมปังหน้าหมู (แบบไม่ทอด),https://www.pim.in.th/snack/1273-no-fried-bread-with-minced-pork-spread
กุ้งกรอบสามรสสมุนไพร,https://www.pim.in.th/snack/1226-sweet-and-sour-deep-fried-dried-shrimp
ซุปมันม่วง ขนมปังกระเทียม,https://www.pim.in.th/snack/1270-purple-sweet-potato-soup
หมูโสร่ง (หมูสร่ง),https://www.pim.in.th/snack/1223-deep-fried-minced-pork-rolled-with-yellow-noodles
ซาลาเปาทรงเครื่อง,https://www.pim.in.th/snack/1264-salapao
กระทงทองแฮมสลัด,https://www.pim.in.th/snack/1253-golden-cup-with-ham-salad
สับปะรดกวน,https://www.pim.in.th/snack/1200-preserved-pineapple
เฟรนช์ฟรายส์ชีส,https://www.pim.in.th/snack/1187-cheesy-french-fries
มายองเนส สไตล์ญี่ปุ่น,https://www.pim.in.th/snack/1020-mayonnaise
ถุงทองไส้ข้าวผัดผงกะหรี่ปู,https://www.pim.in.th/snack/943-fried-golden-bags
Caramel Popcorn (คาราเมลป๊อบคอร์น),https://www.pim.in.th/snack/1011-caramel-popcorn
เกี๊ยวซ่า (เจ),https://www.pim.in.th/snack/937-vegetarian-gyoza
สลัดผลไม้โยเกิร์ต,https://www.pim.in.th/snack/867-fruit-salad-yogurt
ยำมะม่วงกับกะปิ ใส่มะพร้าวคั่ว,https://www.pim.in.th/snack/980-mango-sald-with-shrimp-paste
ชีสทอด,https://www.pim.in.th/snack/845-cheese-stick
กุ้งอบชีส,https://www.pim.in.th/snack/970-baked-river-prawn-with-cheese
เต้าฮวยกะทิฟรุ๊ตสลัด,https://www.pim.in.th/snack/835-jelly-coconut-milk-pudding-fruit-salad
ข้าวตังหน้าตั้ง,https://www.pim.in.th/snack/958-rice-crackers-with-minced-shrimp-and-pork-dip
สังขยาชาไทย,https://www.pim.in.th/snack/822-thai-tea-custard
ข้าวคลุกน้ำพริกผัดหมูสับไข่ข้น,https://www.pim.in.th/one-dish-food/1479-fried-rice-with-pork-chili-paste
โกยซีหมี่,https://www.pim.in.th/one-dish-food/1513-noodles-with-chicken-gravy
ข้าวมันเบคอน,https://www.pim.in.th/one-dish-food/1472-bacon-rice
เกี๊ยวกรอบต้มยำแห้ง,https://www.pim.in.th/one-dish-food/1502-crispy-wonton-tom-yum
ข้าวหน้าหมูทอดสไตล์ญี่ปุ่น,https://www.pim.in.th/one-dish-food/1447-katsudon
หมี่คลุกไก่ฉีกพริกเผา,https://www.pim.in.th/one-dish-food/1499-mee-kluk-prikpao
ข้าวผัดกระเทียมเนื้อย่าง,https://www.pim.in.th/one-dish-food/1438-beef-garlic-fried-rice
เกี๊ยวหมูซอสสุกี้,https://www.pim.in.th/one-dish-food/1489-pork-wonton-with-suki-sauce
ข้าวหน้าหมูสับผัดหนำเลี๊ยบ,https://www.pim.in.th/one-dish-food/1436-stir-fried-chinese-olives-with-minced-pork-on-rice
ข้าวผัดลูกเดือยธัญพืช,https://www.pim.in.th/one-dish-food/1433-whole-grain-fried-rice
ก๋วยเตี๋ยวหลอดไส้หน่อไม้,https://www.pim.in.th/one-dish-food/1486-chinese-steamed-rice-noodle-with-bamboo-shoot-rolls
เส้นใหญ่ผัดซีอิ๊วหมูหมัก,https://www.pim.in.th/one-dish-food/293-stir-fried-rice-noodles-with-soy-sauce-and-pork
ข้าวผัดกระเทียมญี่ปุ่นแบบง่ายๆ,https://www.pim.in.th/one-dish-food/1480-easy-garlic-fried-rice
กระเพาะปลาน้ำแดง,https://www.pim.in.th/one-dish-food/1432-fish-maw-soup
ขนมจีนน้ำใส,https://www.pim.in.th/one-dish-food/1431-nam-ngiao-rice-noodle
ข้าวมันไก่ย่างพริกไทยดำ,https://www.pim.in.th/one-dish-food/1397-black-pepper-grilled-chicken-rice
ซุปหน่อไม้ตีนไก่,https://www.pim.in.th/one-dish-food/1429-spicy-bamboo-shoot-salad-with-chicken-feet
(ก๋วยเตี๋ยว) บะหมี่น่องไก่ตุ๋นมะระ,https://www.pim.in.th/one-dish-food/1391-chicken-noodles
ผัดไทยถังแตก,https://www.pim.in.th/one-dish-food/1424-pad-thai-tang-tak
บะหมี่เกี๊ยวหมูแดง,https://www.pim.in.th/one-dish-food/1388-egg-noodle-soup-with-red-roasted-pork
"ข้าวหอมมะลิ, น้ำมันไก่, กระเทียม, ขิง, เกลือ, น้ำตาลทราย, ใบเตย, น้ำซุปไก่, สะโพกไก่, พริกไทย, ซีอิ๊วขาว, ซอสปรุงรส, เกลือ, ซอสหอยนางรม",https://www.pim.in.th/one-dish-food/1417-aussie-beef-noodles
บะหมี่ผัดสะตอกะปิกุ้ง,https://www.pim.in.th/one-dish-food/1415-fried-noodles-with-bitter-bean-and-shrimp-paste
ข้าวเหนียวนึ่งนุ่มข้ามคืน,https://www.pim.in.th/one-dish-food/1383-steamed-sticky-rice
ข้าวคลุกพริกเกลือทะเล,https://www.pim.in.th/one-dish-food/1413-salt-and-chilli-seasoned-rice
คีชแฮมไข่ผักโขม,https://www.pim.in.th/one-dish-food/1381-ham-and-spinach-quiche
โบโลน่าลาวาภูเขาไฟ,https://www.pim.in.th/one-dish-food/1410-cp-bologna-volcano
บะหมี่ราดหน้าปูทะเลผัดผงกะหรี่,https://www.pim.in.th/one-dish-food/1379-บะหมี่ราดหน้าปูทะเลผัดผงกะหรี่
เมี่ยงปลานิลนึ่ง กับน้ำจิ้มถั่วตัด,https://www.pim.in.th/one-dish-food/1409-miang-tilapia
ยำมาม่าทรงเครื่อง,https://www.pim.in.th/one-dish-food/1369-yum-mama
ข้าวไข่ข้นหมูทอดซอสแกงกะหรี่,https://www.pim.in.th/one-dish-food/1401-deep-fried-pork-with-curry-sauce-and-scrambled-eggs
หมี่คลุก,https://www.pim.in.th/one-dish-food/1368-rice-vermicell-with-meat-balls
ก๋วยจั๊บญวณ,https://www.pim.in.th/one-dish-food/1399-vietnamese-rice-noodle-soup-with-pork
พาสต้าไส้กรอกแฮมอบชีส,https://www.pim.in.th/one-dish-food/1364-baked-pasta-with-sausage-ham-and-cheese
ข้าวหน้าหมูซีอิ๊วสไตล์ญี่ปุ่น,https://www.pim.in.th/one-dish-food/1355-kurobuta-don
ไข่อบมันฝรั่ง กับเบคอน,https://www.pim.in.th/one-dish-food/1298-bacon-potato-and-egg-casserole
Hawaiian Pork Chops,https://www.pim.in.th/one-dish-food/1348-hawaiian-pork-chops
เมี่ยงหมูสามชั้น กับน้ำจิ้มเต้าเจี้ยว,https://www.pim.in.th/one-dish-food/1295-pork-and-rice-vermicelli-with-vegetable-wrap
สุกี้หมูกระทะกับน้ำจิ้มสูตรเด็ด,https://www.pim.in.th/one-dish-food/1343-pan-bbq
กุ้งทอดครีมสลัด,https://www.pim.in.th/one-dish-food/1281-fried-shrimp-salad
มะกะโรนีอบชีสในหม้อหุงข้าว,https://www.pim.in.th/one-dish-food/1324-macaroni-and-cheese
มาม่าหม้อไฟ,https://www.pim.in.th/one-dish-food/1280-mama-hotpot
ข้าวเหนียวหมูห่อใบตอง,https://www.pim.in.th/one-dish-food/1322-pork-sticky-rice
ข้าวอบสามชั้นเห็ดหอม,https://www.pim.in.th/one-dish-food/1279-mixed-rice-in-rice-cooker
ซุปข้าวไรซ์เบอรี่,https://www.pim.in.th/one-dish-food/1321-riceberry-soup
หมึกยัดไส้ข้าวผัดเขียวหวาน,https://www.pim.in.th/one-dish-food/1274-stuffed-squid-with-green-curry-rice
แกงกะหรี่ญี่ปุ่น ไส้กรอกชีส,https://www.pim.in.th/one-dish-food/1317-japanese-curry-rice-with-cheese-sausage
หม้อไฟปลาจาละเม็ดต้มเผือก,https://www.pim.in.th/one-dish-food/1267-fish-soup-with-taro-and-vermicell
ซูชิไส้กรอกชีส,https://www.pim.in.th/one-dish-food/1312-cheese-sausage-sushi
ข้าวหน้าเนื้อย่างกระเทียม,https://www.pim.in.th/one-dish-food/1259-garlic-beef-with-rice
สปาเกตตี้ผัดพริกกระเทียม,https://www.pim.in.th/one-dish-food/1308-garlic-and-dried-chilli-spaghetti-with-cheese-sausage
ข้าวเขียวหวานทอดไส้กรอกชีส,https://www.pim.in.th/one-dish-food/1297-fried-rice-ball-with-sausage-and-cheese
ข้าวไก่อบขิง,https://www.pim.in.th/one-dish-food/1257-baked-rice-with-chicken-and-ginger
ไก่ผัดเม็ดมะม่วง,https://www.pim.in.th/side-dish-by-chicken/1507-stir-fried-chicken-with-cashew-nuts
ไก่ย่างเสียบไม้ (ไก่แดง),https://www.pim.in.th/side-dish-by-chicken/1446-grilled-chicken-skewers
ไข่นกกระทาดองซีอิ๊ว,https://www.pim.in.th/side-dish-by-chicken/1504-quail-eggs-in-shoyu
ยำไก่แซ่บ,https://www.pim.in.th/side-dish-by-chicken/1443-yum-kai-zab
อกไก่ตุ๋นซอสกระเทียม,https://www.pim.in.th/side-dish-by-chicken/1498-braised-garlic-chickeen
น่องติดสะโพกไก่ทอดน้ำปลา,https://www.pim.in.th/side-dish-by-chicken/1440-crispy-fried-chicken-with-fish-sauce
ตีนไก่ต้มถั่วลิสง,https://www.pim.in.th/side-dish-by-chicken/1491-peanuts-chicken-feet-soup
ปีกไก่ตุ๋นโค้ก,https://www.pim.in.th/side-dish-by-chicken/1434-cocacola-chicken-wings
ปีกไก่อบผงกะหรี่,https://www.pim.in.th/side-dish-by-chicken/1490-grilled-chicken-wings-with-curry-powder
แหนมปีกไก่ทอด,https://www.pim.in.th/side-dish-by-chicken/1430-deep-fried-fermenting-chicken-wings
ไก่ทอดซอสเลมอน,https://www.pim.in.th/side-dish-by-chicken/1488-lemon-chicken
ไก่นึ่งตะไคร้มะนาว,https://www.pim.in.th/side-dish-by-chicken/1419-steamed-chicken-with-lime-and-chillies
สะโพกไก่อบพริกไทยดำ,https://www.pim.in.th/side-dish-by-chicken/1485-black-pepper-roasted-chicken
ไก่โคราชต้มขมิ้น,https://www.pim.in.th/side-dish-by-chicken/1416-korat-chicken-turmeric-soup
เครื่องในไก่หมกหม้อ,https://www.pim.in.th/side-dish-by-chicken/1470-steamed-chicken-giblets-in-pot
ปีกไก่เหล้าแดง,https://www.pim.in.th/side-dish-by-chicken/231-stir-fried-chicken-wing-in-red-sauce
ไก่ย่างพริกแห้ง กับแจ่วมะเขือเทศ,https://www.pim.in.th/side-dish-by-chicken/1460-spicy-grilled-chicken
ไข่ตุ๋นทรงเครื่องทอดกรอบ,https://www.pim.in.th/side-dish-by-chicken/1406-deep-fried-steamed-egg
ไก่กรอบเกาหลี,https://www.pim.in.th/side-dish-by-chicken/1457-honey-chicken
สะโพกไก่ซอสแดง,https://www.pim.in.th/side-dish-by-chicken/629-chicken-in-red-sauce
ไก่ทอดหาดใหญ่,https://www.pim.in.th/side-dish-by-chicken/1393-hadyai-deepfried-chicken
ยากิโทริ ไก่ย่างสไตล์ญี่ปุ่น,https://www.pim.in.th/side-dish-by-chicken/1318-summer-yakitori
ปีกไก่ย่างน้ำผึ้ง,https://www.pim.in.th/side-dish-by-chicken/1385-grilled-honey-chicken-wings
ไก่อบขิง,https://www.pim.in.th/side-dish-by-chicken/1316-baked-chicken-with-ginger
ไข่ดองซีอิ๊วสไตล์เกาหลี,https://www.pim.in.th/side-dish-by-chicken/1374-salted-korean-egg
ไก่ทอดเกาหลี,https://www.pim.in.th/side-dish-by-chicken/1309-korean-fried-chicken
ไข่ตุ๋นหม้อไฟหมูสับ,https://www.pim.in.th/side-dish-by-chicken/1370-easy-steamed-egg
ยำไข่ปิ้ง,https://www.pim.in.th/side-dish-by-chicken/1306-spicy-roasted-egg-salad
ไข่พะโล้ผัดแห้ง,https://www.pim.in.th/side-dish-by-chicken/1367-pork-and-boiled-eggs-in-sweet-brown-sauce
ไก่อบสมุนไพรพริกไทยดำ,https://www.pim.in.th/side-dish-by-chicken/1290-roasted-chicken-with-thai-herb-and-black-pepper
ไก่โคราช อบเนยพริกไทยดำ,https://www.pim.in.th/side-dish-by-chicken/1345-roasted-chicken-with-butter-and-black-pepper
พล่าไก่ฉีก,https://www.pim.in.th/side-dish-by-chicken/1339-spicy-salad-with-chicken-and-thai-herb
สะโพกไก่นึ่งเต้าหู้ยี้,https://www.pim.in.th/side-dish-by-chicken/1286-steamed-chicken-with-yellow-sufu
ทอดมันไก่,https://www.pim.in.th/side-dish-by-chicken/1337-thai-fried-chicken-cake
ไก่ย่างขิงซอสพริกกระเทียม,https://www.pim.in.th/side-dish-by-chicken/1271-ginger-roasted-chicken
ไข่ตุ๋นสุกี้ทะเลหม้อไฟ,https://www.pim.in.th/side-dish-by-chicken/1333-seafood-steamed-eggs-in-hot-pot-with-suki-sauce
ไก่กรอบราดน้ำปลา,https://www.pim.in.th/side-dish-by-chicken/924-deep-fried-chicken-with-sweet-fish-sauce
ปีกไก่ตุ๋นซีอิ๊วญี่ปุ่น,https://www.pim.in.th/side-dish-by-chicken/1329-braised-chicken-wings-with-shoyu
ไข่ครกสมุนไพร,https://www.pim.in.th/side-dish-by-chicken/1247-fried-egg-with-herb
ไก่อบขมิ้น,https://www.pim.in.th/side-dish-by-chicken/1246-roasted-thai-herb-chicken
ไก่ตุ๋นเต้าหู้ปลาเค็ม,https://www.pim.in.th/side-dish-by-chicken/1183-braised-chicken-with-chilli-salted-fish-paste
ไข่ตุ๋นหมูสับ ในหม้อชาบู,https://www.pim.in.th/side-dish-by-chicken/1245-steamed-egg-with-shabu-pot
แกงไก่ขมิ้น,https://www.pim.in.th/side-dish-by-chicken/1181-chicken-curry-with-turmeric-and-tomato
ไก่ชุบแป้งทอด (สูตรร้านข้าวแกง),https://www.pim.in.th/side-dish-by-chicken/1230-fried-chicken-breast
ไก่กรอบ ซอสเผ็ด - ซอสส้ม,https://www.pim.in.th/side-dish-by-chicken/1177-deep-fried-chicken-with-jazzii-sauce
ไก่พันตะไคร้,https://www.pim.in.th/side-dish-by-chicken/1229-chicken-lemon-grass
ต้มแซ่บไก่บ้าน,https://www.pim.in.th/side-dish-by-chicken/1172-thai-esan-spicy-chicken-soup
ไก่ต้มน้ำปลา,https://www.pim.in.th/side-dish-by-chicken/1224-boiled-chicken-with-fish-sauce
ปีกไก่ทอดยำแซ่บ,https://www.pim.in.th/side-dish-by-chicken/1165-spicy-crispy-chicken-wing-salad
เกี๊ยวไข่,https://www.pim.in.th/side-dish-by-chicken/1219-egg-wonton-with-seasoned-pork
อกไก่อบซอสกระเทียม,https://www.pim.in.th/side-dish-by-chicken/1164-roasted-chicken-with-bean-paste-and-chilli-sauce
อกไก่ย่างตะไคร้,https://www.pim.in.th/side-dish-by-chicken/1216-grilled-chicken-with-lemon-grass
ต้มยำตีนไก่ (หม้อหุงข้าว),https://www.pim.in.th/side-dish-by-chicken/1157-chicken-feet-spicy-soup2
ไก่ทอดซอสกระเทียมสไปซี่,https://www.pim.in.th/side-dish-by-chicken/1213-sweet-and-spciy-crispy-chicken
แกงไก่ใส่ฟัก แบบอิสาน,https://www.pim.in.th/side-dish-by-chicken/1154-kang-om-kai
ไก่กรอบซอสสุกี้,https://www.pim.in.th/side-dish-by-chicken/1196-deep-fried-chicken-in-suki-sauce
ไข่ยัดไส้หมูสับซอสส้ม,https://www.pim.in.th/side-dish-by-chicken/1136-jazzii-pork-stuffed-omelette
อกเป็ดอบซอสส้ม,https://www.pim.in.th/side-dish-by-chicken/1185-duck-with-orange-sauce
ขาไก่ตุ๋นเห็ดหอม,https://www.pim.in.th/side-dish-by-chicken/1118-braised-chicken-legs-with-shiitake
ซี่โครงหมูเปรี้ยวหวานผักกาดดอง,https://www.pim.in.th/side-dish-by-pork/1528-sweet-and-sour-pork-ribs-with-pickled-mustard-greens
คอหมูย่าง+น้ำจิ้มแจ่ว,https://www.pim.in.th/side-dish-by-pork/1456-grilled-pork-jowl
พริกหยวกยัดไส้หมูสับย่าง,https://www.pim.in.th/side-dish-by-pork/1525-stuffed-banana-pepper-with-pork
ลูกชิ้นหมูกระเทียมพริกไทย,https://www.pim.in.th/side-dish-by-pork/1444-fried-garlic-pork-balls
ไส้กรอกผัดซอสมะเขือเทศ,https://www.pim.in.th/side-dish-by-pork/1520-stir-fried-sausage-with-red-sauce-02
หมูย่างปลาร้า-แจ่วมะเขือเทศ,https://www.pim.in.th/side-dish-by-pork/1442-moo-plara
ไส้หมูพะโล้,https://www.pim.in.th/side-dish-by-pork/1519-five-spice-braised-pork-intestin
เบคอนพันไส้กรอกซอสน้ำตก,https://www.pim.in.th/side-dish-by-pork/1441-spicy-bacon-and-smoked-sausage-salad
ห่อหมกหมูสับ,https://www.pim.in.th/side-dish-by-pork/1518-steamed-pork-with-curry-paste
แหนมหมูสามชั้น,https://www.pim.in.th/side-dish-by-pork/382-moosom
หมูทอดสามรส (เปรี้ยวหวาน),https://www.pim.in.th/side-dish-by-pork/1506-sweet-and-sour-deep-fried-pork
หมูสามชั้นคั่วพริกน้ำปลา,https://www.pim.in.th/side-dish-by-pork/1423-pork-belly-fried-with-chilli-and-fish-sauce
หมูสับปลาเค็มทอด สูตรหมูนุ่ม,https://www.pim.in.th/side-dish-by-pork/1494-fried-salted-fish-pork-ball
ซี่โครงหมูตุ๋นมะระเต้าเจี้ยว,https://www.pim.in.th/side-dish-by-pork/1396-stewed-pork-ribs-with-chinese-bitter-gourd
คะน้าหมูกรอบ,https://www.pim.in.th/side-dish-by-pork/788-stir-fried-kale-with-crispy-pork
หมูตุ๋นสามเกลอ,https://www.pim.in.th/side-dish-by-pork/1380-stewed-pork-with-three-buddies
อ่อมซี่โครงหมู,https://www.pim.in.th/side-dish-by-pork/1475-spicy-thick-soup-with-pork-ribs-and-vegetables
ซี่โครงหมูเปรี้่ยวหวาน สไตล์จีน,https://www.pim.in.th/side-dish-by-pork/1378-chinese-sweet-and-sour-pork-ribs
หมูตุ๋นโชยุ,https://www.pim.in.th/side-dish-by-pork/1471-shoyu-pork
หมูปั้นก้อนทอดกระเทียม,https://www.pim.in.th/side-dish-by-pork/1377-garlic-minced-pork-ball
หมูทอดสอดไส้ชีส,https://www.pim.in.th/side-dish-by-pork/1375-cheese-tonkatsu
คากิตุ๋น,https://www.pim.in.th/side-dish-by-pork/1265-stewed-pig-feet
ห่อหมกหมู,https://www.pim.in.th/side-dish-by-pork/1365-hormok-moo
หมูสับนึ่งทรงเครื่อง 3 แบบ,https://www.pim.in.th/side-dish-by-pork/1263-steamed-minced-pork-with-egg-and-tofu
สตูซี่โครงหมูกับไวน์แดง,https://www.pim.in.th/side-dish-by-pork/1341-pork-spare-ribs-stew
หมูสับทอดปลาเค็ม,https://www.pim.in.th/side-dish-by-pork/1254-deep-fried-minced-pork-with-salted-fish2
เคาหยก (สามชั้นตุ๋นผักกาดแห้ง),https://www.pim.in.th/side-dish-by-pork/1340-mui-choy-kau-yok
สามชั้นทอดหม่าล่า,https://www.pim.in.th/side-dish-by-pork/1252-shao-kao-pork
ซี่โครงหมูตุ๋นกิมจิ,https://www.pim.in.th/side-dish-by-pork/1334-stewed-pork-ribs-with-kimchi
สตูว์หมู ในหม้อหุงข้าว,https://www.pim.in.th/side-dish-by-pork/1249-pork-stew-in-rice-cooker
หมูสับผัดพริกเสฉวน,https://www.pim.in.th/side-dish-by-pork/1330-fried-minced-pork-with-sichuan-sauce
ไส้กรอกพันเบคอนซอสน้ำตก (เบทาโกร),https://www.pim.in.th/side-dish-by-pork/1242-deep-fried-smoked-sausage-and-bacon-spicy-salad-thai-style-03
บาร์บีคิวซี่โครงหมูอบชีส,https://www.pim.in.th/side-dish-by-pork/1326-bbq-pork-with-cheese-in-ricecooker
ซี่โครงหมูย่างสับปะรด,https://www.pim.in.th/side-dish-by-pork/1236-grilled-pork-ribs-with-pineapple-sauce
หมูแดดเดียว แบบอิสาน,https://www.pim.in.th/side-dish-by-pork/1310-sun-dried-esan-pork
หมูทอดขมิ้น,https://www.pim.in.th/side-dish-by-pork/1235-fried-tumeric-pork
พะแนงไส้กรอก,https://www.pim.in.th/side-dish-by-pork/1304-betagro-sausage-panang
หมูสวรรค์,https://www.pim.in.th/side-dish-by-pork/1228-sweet-pork-jerky
ห่อหมกไส้กรอกชีส,https://www.pim.in.th/side-dish-by-pork/1268-cheese-sausage-hormok
สามชั้นผัดกะปิ,https://www.pim.in.th/side-dish-by-pork/1225-fried-belly-pork-with-shirmp-paste
แคบหมูผัดเม็ดมะม่วงหิมพานต์,https://www.pim.in.th/side-dish-by-pork/1221-stir-fried-crispy-skin-pork-with-cashew-nut
ซี่โครงหมูตุ๋นซอสกระเทียม,https://www.pim.in.th/side-dish-by-pork/1134-pork-ribs-braised-in-garlic-sauce
หมูย่างผัดพริกกระเทียม,https://www.pim.in.th/side-dish-by-pork/1203-fried-pork-with-garlic-and-chilli
หมูฝอย,https://www.pim.in.th/side-dish-by-pork/1121-shredded-pork
ข้าวผัดกากหมู,https://www.pim.in.th/side-dish-by-pork/1189-stir-fried-rice-with-pork-crackling
ซี่โครงหมูอบพริกไทยดำ,https://www.pim.in.th/side-dish-by-pork/1110-pork-black-pepper
หมูตุ๋นปลาอินทรีเค็ม,https://www.pim.in.th/side-dish-by-pork/1179-braised-pork-with-salted-fish
ยำหมูสับทอดปลาเค็ม,https://www.pim.in.th/side-dish-by-pork/1107-deep-fried-minced-pork-with-salted-fish
หมูมะนาว,https://www.pim.in.th/side-dish-by-pork/1106-pork-with-lime-garlic-and-chili-sauce
พริกหยวกยัดไส้หมูสับทรงเครื่อง,https://www.pim.in.th/side-dish-by-pork/1168-stuffed-bell-pepper-with-minced-pork
หมูสามชั้นคั่วซีอิ๊ว,https://www.pim.in.th/side-dish-by-pork/1161-stir-fried-pork-with-soy-sauce
ตับผัดกระเทียมพริกไทย,https://www.pim.in.th/side-dish-by-pork/1084-fried-pork-liver-with-garlic
ซี่โครงหมูตุ๋นมะพร้าวอ่อนเห็ดหอม,https://www.pim.in.th/side-dish-by-pork/1160-pork-ribs-with-young-coconut-in-red-sauce
เมี่ยงหมูย่าง,https://www.pim.in.th/side-dish-by-pork/1080-miang-moo-yang
หมูกรอบ สูตรหนังฟูกรอบ,https://www.pim.in.th/side-dish-by-pork/1141-crispy-pork-with-sweet-black-soya-sauce
วุ้นเส้นผัดแหนมไข่เค็ม,https://www.pim.in.th/side-dish-by-pork/1054-fried-vermicell-noodle-with-fermented-pork
หมูทอดสามรส,https://www.pim.in.th/side-dish-by-pork/1138-sweet-and-sour-pork
ต้มจับฉ่าย สูตรใส่เต้าเจี้ยวเห็ดหอม,https://www.pim.in.th/side-dish-by-pork/1053-chinese-vegetable-stew
เนื้อย่างเสียบไม้ เตาถ่าน,https://www.pim.in.th/side-dish-by-beef/1421-charcoal-grilled-beef
ซุปเนื้อตุ๋น,https://www.pim.in.th/side-dish-by-beef/1411-beef-soup
มัสมั่นเนื้อ,https://www.pim.in.th/side-dish-by-beef/1414-beef-massaman
ลาบเนื้อทอด,https://www.pim.in.th/side-dish-by-beef/1361-fried-larb
เห็ดผัดเนยกระเทียม,https://www.pim.in.th/vegetarian-side-dish/1408-fried-mushroom-with-garlic-and-butter
เห็ดออรินจิผัดพริกแห้ง,https://www.pim.in.th/vegetarian-side-dish/1289-fried-mushroom-with-dried-chilli-and-peanut
แกงหน่อไม้ใส่เห็ด (อิสาน),https://www.pim.in.th/vegetarian-side-dish/1356-spicy-bamboo-shoot-soup
เต้าหู้ทอดราดซอสพริกเซี่ยงไฮ้,https://www.pim.in.th/vegetarian-side-dish/1284-fried-tofu-with-guilin-chilli-sauce
เห็ดหอมคั่วซีอิ๊ว,https://www.pim.in.th/vegetarian-side-dish/1323-roasted-shitake-mushroom
เห็ดอบสมุนไพร,https://www.pim.in.th/vegetarian-side-dish/1186-roasted-mushroom-with-thai-herb
วุ้นกะทิ (มะพร้าว) ใบเตย,https://www.pim.in.th/thai-dessert/1515-pandan-coconut-milk-jelly
เต้าหู้งาดำฟรุ๊ตสลัด,https://www.pim.in.th/thai-dessert/1420-black-sesame-soy-milk-jelly-with-mix-fruit
บัวลอยแก้วฟักทอง-มันม่วง,https://www.pim.in.th/thai-dessert/1501-sweet-potato-and-pumpkin-tapioca-ball-with-coconut-milk
ขนมบ้าบิ่นหน้ากรอบ,https://www.pim.in.th/thai-dessert/1404-kanom-babin
ถั่วกวน สูตรโบราณ,https://www.pim.in.th/thai-dessert/1500-thai-mung-bean-cake
ลูกตาลในน้ำเชื่อมคาราเมล,https://www.pim.in.th/thai-dessert/1395-toddy-palm-in-caramel-syrup
ทองม้วนสดใบเตย-อัญชัน,https://www.pim.in.th/thai-dessert/1493-thai-coconut-crepes
ขนมฟักทองฟู,https://www.pim.in.th/thai-dessert/1387-steamed-pumpkin-cupcake
วอฟเฟิลขนมกล้วย,https://www.pim.in.th/thai-dessert/1474-banana-cake-waffle
ข้าวแต๋นน้ำแตงโม (โรยน้ำตาล),https://www.pim.in.th/thai-dessert/1351-sweet-rice-crispy
ข้าวต้มน้ำวุ้น,https://www.pim.in.th/thai-dessert/1473-glutinous-rice-in-syrup
หม้อแกงไข่ไก่,https://www.pim.in.th/thai-dessert/1349-egg-thai-custard
ขนมขี้หนู (ขนมทราย),https://www.pim.in.th/thai-dessert/1464-kanom-kee-noo
กะลอจี๊,https://www.pim.in.th/thai-dessert/1296-kalorjee
ข้าวเหนียวมูนกลอย,https://www.pim.in.th/thai-dessert/1462-wild-yam-coconut-flavored-sticky-rice
สาคูบัวลอยกะทิสด,https://www.pim.in.th/thai-dessert/1283-sakoo-bualoy
ขนมจากมะพร้าวอ่อน,https://www.pim.in.th/thai-dessert/1461-kanom-jak
วุ้นสังขยาใบเตย,https://www.pim.in.th/thai-dessert/1272-pendan-and-custard-jelly
ข้าวต้มจิ้ม,https://www.pim.in.th/thai-dessert/1458-khao-tom-jim
วุ้นกะทิฟักทอง มันม่วง,https://www.pim.in.th/thai-dessert/1266-pumpkin-and-sweet-potato-jelly
ขนมกล้วยจี่,https://www.pim.in.th/thai-dessert/1455-thai-banana-cake
ขนมผกากรอง,https://www.pim.in.th/thai-dessert/1256-pa-ka-krong
ขนมต้มอัญชัน,https://www.pim.in.th/thai-dessert/1454-ka-nom-tom
กล้วยน้ำว้าเชื่อม (หม้อหุงข้าว),https://www.pim.in.th/thai-dessert/1251-syrup-cultivated-banana
ขนมดอกโสน,https://www.pim.in.th/thai-dessert/129-sesbania-flower-sweet
กล้วยไข่บวดชีมะพร้าวอ่อน,https://www.pim.in.th/thai-dessert/1250-lady-finger-banana-in-coconut-milk
ข้าวเหนียวมูนอัญชันมะม่วง,https://www.pim.in.th/thai-dessert/1451-mango-coconut-flavored-sticky-rice
กล้วยทับราดน้ำกะทิมะพร้าวอ่อน,https://www.pim.in.th/thai-dessert/1244-pressed-grilled-banana-with-thick-sweet-sauce
มันเชื่อม  (มันเทศ),https://www.pim.in.th/thai-dessert/1075-sweet-potato-in-syrup
สาคูบัวลอยกะทิสด,https://www.pim.in.th/thai-dessert/1283-sakoo-bualoy
ข้าวเหนียวมูนธัญพืช,https://www.pim.in.th/thai-dessert/1067-sticky-rice-with-grains
วุ้นสังขยาใบเตย,https://www.pim.in.th/thai-dessert/1272-pendan-and-custard-jelly
ข้าวเหนียวหน้านวล,https://www.pim.in.th/thai-dessert/1064-sweet-sticky-rice-cake-with-coconut-milk
วุ้นกะทิฟักทอง มันม่วง,https://www.pim.in.th/thai-dessert/1266-pumpkin-and-sweet-potato-jelly
มันทิพย์,https://www.pim.in.th/thai-dessert/1048-grilled-sweet-potato
ขนมผกากรอง,https://www.pim.in.th/thai-dessert/1256-pa-ka-krong
บัวลอยแก้วอัญชัน,https://www.pim.in.th/thai-dessert/1026-bualoy-kaew
กล้วยน้ำว้าเชื่อม (หม้อหุงข้าว),https://www.pim.in.th/thai-dessert/1251-syrup-cultivated-banana
มันสำปะหลังปิ้งราดน้ำกะทิ,https://www.pim.in.th/thai-dessert/1022-roasted-tapioca-with-coconut-syrup
กล้วยไข่บวดชีมะพร้าวอ่อน,https://www.pim.in.th/thai-dessert/1250-lady-finger-banana-in-coconut-milk
แกงบวดมันรวมมิตร,https://www.pim.in.th/thai-dessert/1017-sweet-potato-in-coconut-milk
วุ้นน้ำส้ม-นมสด,https://www.pim.in.th/thai-dessert/1206-orange-juice-jelly
ลอดช่องสิงคโปร์,https://www.pim.in.th/thai-dessert/942-lod-chong-singapore
ขนมหม้อแกงเผือก,https://www.pim.in.th/thai-dessert/1153-taro-thai-custard
ขนมมัน,https://www.pim.in.th/thai-dessert/940-steamed-topioca-cake
พุดดิ้งมะพร้าวอ่อน,https://www.pim.in.th/thai-dessert/1137-coconut-pudding
ครองแครงน้ำกะทิ (ครองแครงแก้ว),https://www.pim.in.th/thai-dessert/923-krong-kraeng-kati
ข้าวเหนียวแก้ว 3 สี,https://www.pim.in.th/thai-dessert/1119-glossy-sticky-rice
วุ้นกะทิซาหริ่ม,https://www.pim.in.th/thai-dessert/887-sarim-in-coconut-jelly
ขนมไข่นกกระทา,https://www.pim.in.th/thai-dessert/1085-deep-fried-potato-balls
กล้วยทับราดน้ำกะทิ,https://www.pim.in.th/thai-dessert/874-roasted-banana-with-coconut-syrup
กล้วยแขก  (กล้วยทอด),https://www.pim.in.th/thai-dessert/1076-fried-banana
สาคูเปียกมะพร้าวอ่อน,https://www.pim.in.th/thai-dessert/839-tapioca-pearl-pudding
ขนมต้มขาวใบเตย,https://www.pim.in.th/thai-dessert/650-kanom-tom
ลอดช่องสิงคโปร์,https://www.pim.in.th/thai-dessert/942-lod-chong-singapore
มันสำปะหลังเชื่อม,https://www.pim.in.th/thai-dessert/644-cassova
ขนมมัน,https://www.pim.in.th/thai-dessert/940-steamed-topioca-cake
ครองแครงน้ำกะทิ (ครองแครงแก้ว),https://www.pim.in.th/thai-dessert/923-krong-kraeng-kati
วุ้นกะทิซาหริ่ม,https://www.pim.in.th/thai-dessert/887-sarim-in-coconut-jelly
ขนมเผือกมะพร้าวอ่อน,https://www.pim.in.th/thai-dessert/622-kanom-peuak
กล้วยทับราดน้ำกะทิ,https://www.pim.in.th/thai-dessert/874-roasted-banana-with-coconut-syrup
ขนมไข่ปลา ฉบับสุพรรณ,https://www.pim.in.th/thai-dessert/578-2012-07-27-11-47-05
สาคูเปียกมะพร้าวอ่อน,https://www.pim.in.th/thai-dessert/839-tapioca-pearl-pudding
อโวคาโดน้ำกะทิ,https://www.pim.in.th/thai-dessert/837-avocado-in-sweet-coconut-milk
ขนมชักหน้า (ขนมน้ำดอกไม้),https://www.pim.in.th/thai-dessert/500-2011-08-10-16-44-28
เต้าส่วน,https://www.pim.in.th/thai-dessert/829-tao-suan
ขนมถั่วแปบสีรุ้ง,https://www.pim.in.th/thai-dessert/497-2011-08-05-01-44-46
สังขยาฟักทอง,https://www.pim.in.th/thai-dessert/473-2011-06-23-15-51-27
ต้มถั่วเขียวกับลำไยแห้ง,https://www.pim.in.th/thai-dessert/785-green-bean-and-dried-longan-in-syrup
วุ้นกะทิใบเตยมะพร้าวอ่อน,https://www.pim.in.th/thai-dessert/453-2011-05-07-09-10-42
วุ้นสลับสี,https://www.pim.in.th/thai-dessert/779-jelly-cake
ขนมกล้วย และขนมฟักทอง สูตรทำขาย,https://www.pim.in.th/thai-dessert/375-kanom-kluay
สาคูน้ำนมข้าวโพด,https://www.pim.in.th/thai-dessert/734-tapioca-balls-in-corn-milk
มินิโดนัทแฟนซี,https://www.pim.in.th/international-dessert-and-bakery/1522-mini-donut
คัพเค้กทูน่าหยองน้ำพริกเผา,https://www.pim.in.th/international-dessert-and-bakery/1481-tuna-floss-cupcake
เค้กกล้วยหอมจิ๋ว,https://www.pim.in.th/international-dessert-and-bakery/1477-mini-banana-cupcake
คุ๊กกี้ข้าวโอ๊ตกล้วยน้ำว้า,https://www.pim.in.th/international-dessert-and-bakery/1508-banana-oat-cookies
มินิครัวซองต์,https://www.pim.in.th/international-dessert-and-bakery/1505-mini-croissant
Mini Matcha Brownies,https://www.pim.in.th/international-dessert-and-bakery/1459-mini-matcha-brownies
เค้กกล้วยตากอัลมอนด์,https://www.pim.in.th/international-dessert-and-bakery/1484-dried-banana-and-almond-cake
เต้าฮวยเย็นน้ำขิง,https://www.pim.in.th/international-dessert-and-bakery/1450-soy-custard-with-ginger-syrup
เค้กง่ายๆ จากไมโครเวฟ,https://www.pim.in.th/international-dessert-and-bakery/1255-easy-microwave-cake
Almond Brownies,https://www.pim.in.th/international-dessert-and-bakery/1205-almond-brownies
ทาร์ตมันม่วง,https://www.pim.in.th/international-dessert-and-bakery/1222-purple-sweet-potato-tart
Summer Honey Toast,https://www.pim.in.th/international-dessert-and-bakery/1202-summer-honey-toast
Chocolate Chip Banana Bread,https://www.pim.in.th/international-dessert-and-bakery/1220-chocolate-chip-banana-bread
Chocolate Banana Muffin,https://www.pim.in.th/international-dessert-and-bakery/1201-chocolate-banana-muffin
ปังกรอบคาราเมล,https://www.pim.in.th/international-dessert-and-bakery/1218-crunchy-caramel-crouton
Chocolate Lava,https://www.pim.in.th/international-dessert-and-bakery/1199-chocolate-lava
ชีสเค้กเผือก (แบบไม่อบ),https://www.pim.in.th/international-dessert-and-bakery/1215-nobake-taro-cheesecake
แยมสตรอเบอรี่,https://www.pim.in.th/international-dessert-and-bakery/1194-strawberry-and-cranberry-jam
พุดดิ้งชาเขียวถั่วแดง,https://www.pim.in.th/international-dessert-and-bakery/988-matcha-pudding
Fruit Cake จากหม้อหุงข้าว,https://www.pim.in.th/international-dessert-and-bakery/909-fruit-cake-by-rice-cooker
คาราเมลคอนเฟลค,https://www.pim.in.th/international-dessert-and-bakery/984-cornflake-caramel
ขนมปังกรอบหน้าเนยน้ำตาล และเนยกระเทียม,https://www.pim.in.th/international-dessert-and-bakery/896-crispy-bread-butter-sugar
Strawberry Panna Cotta,https://www.pim.in.th/international-dessert-and-bakery/979-strawberry-panna-cotta
Double Chocolate Muffin,https://www.pim.in.th/international-dessert-and-bakery/872-double-chocolate-muffin
บราวนี่ชาเขียว,https://www.pim.in.th/international-dessert-and-bakery/975-matcha-brownies
พายวุ้นมะพร้าว,https://www.pim.in.th/international-dessert-and-bakery/871-coconut-jelly-pie
Chocolate Pudding,https://www.pim.in.th/international-dessert-and-bakery/938-chocolate-pudding
น้ำลำไย กระเจี๊ยบ เก๊กฮวย ฯ,https://www.pim.in.th/beverage/1492-herbal-drinks
นมชมพูปั่น อร่อยชื่นใจ,https://www.pim.in.th/beverage/1332-thai-style-iced-sweet-milk
น้ำกระชายน้ำผึ้งมะนาว,https://www.pim.in.th/beverage/1403-lemon-fingerroot-juice
สมูทตี้ผัก-ผลไม้ 7 สีเพื่อสุขภาพ,https://www.pim.in.th/beverage/1276-fruits-and-vegetable-smoothie